name,initial,rating,totalRatings,address,distance,phone,tags,hasWhatsApp,hasEnquiry,isTrusted,isVerified,isPopular,category,subcategory,city,timestamp
Gunika Enterprises,<,4.7,10 Ratings,"Road Sakrepatna Chikmagalur, Chikmagalur",,08511090988,Water Purifier Repair & Services; AC Repair & Services,true,true,false,true,true,AC Repair & Services,,Chikkamagaluru,2025-06-02T10:24:00.906Z
Z A Cool Care,<,4.8,16 Ratings,"Market Road Shariff Street, Chikmagalur",,,Copper Ro Water Purifier Repair,true,true,false,false,true,AC Repair & Services,,Chikkamagaluru,2025-06-02T10:24:00.906Z
Cool Zone,<,4.9,64 Ratings,"Badriya Circle, Chikmagalur",,,Online Estimates; On Site Services,true,true,false,false,true,AC Repair & Services,,Chikkamagaluru,2025-06-02T10:24:00.906Z
Cool Refrigeration Services,<,4.5,17 Ratings,"Kodicamp Tarikere, Chikmagalur",,,Delivery Available; Same Day Delivery,true,true,false,false,true,AC Repair & Services,,Chikkamagaluru,2025-06-02T10:24:00.907Z
Sri Kalleshwara Radio Electronics (JioMart Digital Partner),<,3.9,79 Ratings,"Swamy Temple Street Kadur, Chikmagalur",,,AC Dealers; Electronic Goods Showrooms,true,true,false,false,false,AC Repair & Services,,Chikkamagaluru,2025-06-02T10:24:00.907Z
I M Refregeration,<,4.6,28 Ratings,"Shareef Street Shariff Street, Chikmagalur",,,Industrial Refrigerator Repair & Services; Refrigerator Repair & Services,true,true,false,false,true,AC Repair & Services,,Chikkamagaluru,2025-06-02T10:24:00.907Z
Thottimane Info-tech,<,4.5,23 Ratings,"Road Chikmagalur District Office, Chikmagalur",,,AC Repair & Services; Electronic Goods Repair & Services,true,true,false,false,true,AC Repair & Services,,Chikkamagaluru,2025-06-02T10:24:00.908Z
Unnathi Refrigeration,<,3.7,19 Ratings,"STREET Basavanahalli Chikmagalur, Chikmagalur",,,Refrigerator Repair & Services-Videocon; Refrigerator Repair & Services,true,true,false,false,false,AC Repair & Services,,Chikkamagaluru,2025-06-02T10:24:00.908Z
Spoorthi Enterprises,<,5.0,14 Ratings,"2nd Main Road Vijayapura, Chikmagalur",,,Washing Machine Repair & Services; AC Repair & Services,true,true,false,false,true,AC Repair & Services,,Chikkamagaluru,2025-06-02T10:24:00.909Z
New Refrigeration Point,<,3.8,14 Ratings,"TB Road Kadur, Chikmagalur",,,Electronic Goods Repair & Services; Refrigerator Repair & Services,true,true,false,false,false,AC Repair & Services,,Chikkamagaluru,2025-06-02T10:24:00.909Z
Shivu Electronic,+,4.4,11 Ratings,"Nehru Road Chikmagalur, Chikmagalur",,,LED TV Repair & Services; Washing Machine Repair & Services,true,true,false,false,true,AC Repair & Services,,Chikkamagaluru,2025-06-02T10:24:00.910Z
Raya Electronics,R,4.0,11 Ratings,"1st Cross Nehru Road Chikmagalur, Chikmagalur",,,Electronic Goods Repair & Services; AC Repair & Services,true,true,false,false,false,AC Repair & Services,,Chikkamagaluru,2025-06-02T10:24:00.910Z
Mj refrigeration,+,4.3,8 Ratings,"Road Jyothinagar Chikmagalur, Chikmagalur",,,Geyser Repair & Services-Spherehot; Refrigerator Repair & Services,true,true,false,false,true,AC Repair & Services,,Chikkamagaluru,2025-06-02T10:24:00.910Z
Whirlpool India Service Centre,W,3.1,10 Ratings,"Chikmagalur Ho, Chikmagalur",,,Refrigerator Repair & Services; Washing Machine Repair & Services,false,true,false,false,false,AC Repair & Services,,Chikkamagaluru,2025-06-02T10:24:00.910Z
Baba Cool Care,+,5.0,6 Ratings,"Main Road Vijayapura Main Road, Chikmagalur",,,Refrigerator Repair & Services; Washing Machine Repair & Services,true,true,false,false,true,AC Repair & Services,,Chikkamagaluru,2025-06-02T10:24:00.910Z
Tawakkul Refrigeration,+,4.8,4 Ratings,"Hirekole Road Adarsha Nagara, Chikmagalur",,,Refrigerator Repair & Services-Videocon; Refrigerator Repair & Services,true,true,false,false,true,AC Repair & Services,,Chikkamagaluru,2025-06-02T10:24:00.911Z
Tawakkul Refrigeration,+,4.8,4 Ratings,"Uppalli, Chikmagalur",,,Refrigerator Repair & Services; Washing Machine Repair & Services,true,true,false,false,true,AC Repair & Services,,Chikkamagaluru,2025-06-02T10:24:00.911Z
Nayak Refrigeration And Electronics,N,3.8,5 Ratings,"Street Mallikarjuna Street, Sringeri",,,Washing Machine Repair & Services; AC Repair & Services,true,true,false,false,false,AC Repair & Services,,Chikkamagaluru,2025-06-02T10:24:00.911Z
Sagar Refrigeration And Services,S,3.5,5 Ratings,"Gandhi Circle Tarikere, Chikmagalur",,,Refrigerator Repair & Services-Samsung; Refrigerator Repair & Services,true,true,false,false,false,AC Repair & Services,,Chikkamagaluru,2025-06-02T10:24:00.911Z
Lifease Home Services,L,4.8,3 Ratings,"Devanna Pai Layout Uppalli, Chikmagalur",,,24 Hours Open,true,true,false,false,true,AC Repair & Services,,Chikkamagaluru,2025-06-02T10:24:00.911Z
I M Refrigeration,I,4.8,3 Ratings,"Market Road-Chikmagalur City, Chikmagalur",,,Electronic Goods Showrooms; Refrigerator Repair & Services,true,true,false,false,false,AC Repair & Services,,Chikkamagaluru,2025-06-02T10:24:00.911Z
IFB,I,4.3,3 Ratings,Chikmagalur,,,Washing Machine Repair & Services-IFB; Washing Machine Repair & Services,true,true,false,false,true,AC Repair & Services,,Chikkamagaluru,2025-06-02T10:24:00.911Z
Mk Enterprises,+,2.9,4 Ratings,"Street MG Road Chikmagalur, Chikmagalur",,,AC Dealers; Refrigerator Repair & Services,true,true,false,true,false,AC Repair & Services,,Chikkamagaluru,2025-06-02T10:24:00.912Z
Freeze Fast Refrigeration,F,5.0,2 Ratings,"Malandur Road Chikmangalur, Chikmagalur",,,Refrigerator Repair & Services; Washing Machine Repair & Services,true,true,false,false,true,AC Repair & Services,,Chikkamagaluru,2025-06-02T10:24:00.912Z
Cool Tech,C,3.3,3 Ratings,"Mallandur Road, Chikmagalur",,,AC Repair & Services; Refrigerator Repair & Services,true,true,false,false,false,AC Repair & Services,,Chikkamagaluru,2025-06-02T10:24:00.912Z
Sree Durga Refrigerator,+,5.0,1 Ratings,"No #74 Vijayapuram Chikmagalur, Chikmagalur",,,Refrigerator Repair & Services; Washing Machine Repair & Services,true,true,false,false,true,AC Repair & Services,,Chikkamagaluru,2025-06-02T10:24:00.912Z
Lido Electronics,L,5.0,1 Ratings,"Barline Road Ig Road, Chikmagalur",,,Electronic Goods Repair & Services; TV Repair & Services,true,true,false,false,false,AC Repair & Services,,Chikkamagaluru,2025-06-02T10:24:00.912Z
Shiva ac repair,S,4.0,1 Ratings,"Sakaleshpur Road Arehalli Hassan, Hassan",,,AC Repair & Services,true,true,false,false,false,AC Repair & Services,,Chikkamagaluru,2025-06-02T10:24:00.912Z
J K Refrigeration &air Conditioning Service Centre,J,4.7,3 Ratings,"Main Raod Sakleshpur, Sakleshpur",,,Refrigerator Repair & Services-Godrej; Washing Machine Repair & Services,true,true,false,false,true,AC Repair & Services,,Chikkamagaluru,2025-06-02T10:24:00.912Z
Green Home Appliances And Electronics,+,3.8,2 Ratings,"Kote Beedhi Banavara, Hassan",,,Electronic Goods Repair & Services; Electronic Goods Showrooms,true,true,false,false,false,AC Repair & Services,,Chikkamagaluru,2025-06-02T10:24:00.912Z
Sri Chamundeshwari Enterprises,+,4.3,3 Ratings,"Badavane Hassan City, Hassan",,,Water Purifier Dealers; Washing Machine Repair & Services,true,true,false,false,true,AC Repair & Services,,Chikkamagaluru,2025-06-02T10:24:00.912Z
Hassan Service 24x7,H,5.0,32 Ratings,"Station Road Hosaline Road, Hassan",,,Home Appliance Repair & Services; Washing Machine Repair & Services,true,true,false,false,true,AC Repair & Services,,Chikkamagaluru,2025-06-02T10:24:00.912Z
Malnad Aircon Systems,+,4.6,9 Ratings,"Mutt Road Kr Puram Hassan, Hassan",,,Industrial Refrigerator Repair & Services; Washing Machine Repair & Services,true,true,false,false,true,AC Repair & Services,,Chikkamagaluru,2025-06-02T10:24:00.913Z
Star Refrigeration,S,4.0,6 Ratings,"hospital 1st cross Hassan HO, Hassan",,,Washing Machine Repair & Services; Refrigerator Repair & Services,true,true,false,false,false,AC Repair & Services,,Chikkamagaluru,2025-06-02T10:24:00.913Z
Cool Life Refrigerators,C,3.8,5 Ratings,"Sahyadri Circle Aralepet, Hassan",,,Electronic Goods Showrooms; Refrigerator Repair & Services,true,true,false,false,false,AC Repair & Services,,Chikkamagaluru,2025-06-02T10:24:00.913Z
Rcs Tv Service Center,R,4.4,5 Ratings,"206 Harasekeri Taluku Bendekere, Hassan",,,Washing Machine Repair & Services; Refrigerator Repair & Services,true,true,false,false,true,AC Repair & Services,,Chikkamagaluru,2025-06-02T10:24:00.913Z
A M Service Center,+,4.1,6 Ratings,"Main Road Hemavathinagar, Hassan",,,Washing Machine Repair & Services; Refrigerator Repair & Services,true,true,false,false,true,AC Repair & Services,,Chikkamagaluru,2025-06-02T10:24:00.913Z
N N MART,+,3.7,10 Ratings,"Salgame Road Hassan City, Hassan",,,Washing Machine Repair & Services; AC Repair & Services,true,true,false,false,false,AC Repair & Services,,Chikkamagaluru,2025-06-02T10:24:00.913Z
Siddiq Electrical Stall,+,3.0,1 Ratings,"Main Road Pension Mohalla, Hassan",,,AC Repair & Services; AC Repair & Services-LG,true,true,false,false,false,AC Repair & Services,,Chikkamagaluru,2025-06-02T10:24:00.913Z
Golden Cool Refrigeration,+,4.8,2 Ratings,"Hosaline Hosaline Road, Hassan",,,Washing Machine Repair & Services; Refrigerator Repair & Services,true,true,false,false,true,AC Repair & Services,,Chikkamagaluru,2025-06-02T10:24:00.913Z
IFB Service Center,I,4.0,1 Ratings,"Tanneeruhalla Belur Road, Hassan",,,Washing Machine Repair & Services-IFB; Washing Machine Repair & Services,true,true,false,false,false,AC Repair & Services,,Chikkamagaluru,2025-06-02T10:24:00.913Z
Sri Bhyrava Electronics-Electricals And Geysers Sales And Service,S,4.0,2 Ratings,"Salagame Road PWD Colony, Hassan",,,Electronic Goods Repair & Services; TV Repair & Services,false,true,false,false,false,AC Repair & Services,,Chikkamagaluru,2025-06-02T10:24:00.913Z
Cool Well Refrigeration,+,4.2,85 Ratings,"R. C. Road Harshamahal Road, Hassan",,,Electronic Goods Showrooms; Washing Machine Repair & Services,true,true,false,true,true,AC Repair & Services,,Chikkamagaluru,2025-06-02T10:24:00.914Z
SRI Vishwakarma Refrigeration and Infotech,+,5.0,1 Ratings,"Ring Road Vidyanagar Hassan, Hassan",,,Washing Machine Repair & Services-IFB; Washing Machine Repair & Services,true,true,false,false,true,AC Repair & Services,,Chikkamagaluru,2025-06-02T10:24:00.914Z
Cold Waves,+,4.3,3 Ratings,"Shop Road NORTHERN EXTENSION, Hassan",,,Refrigerator Repair & Services; AC Repair & Services,true,true,false,false,true,AC Repair & Services,,Chikkamagaluru,2025-06-02T10:24:00.914Z
National Refrigeration,N,4.5,1 Ratings,"Arlepete Main Road, Hassan",,,Deep Freezer Repair & Services; Washing Machine Repair & Services,true,true,false,false,false,AC Repair & Services,,Chikkamagaluru,2025-06-02T10:24:00.914Z
Skanda Poly Service,+,4.8,2 Ratings,"M N K Building Salagame Road, Hassan",,,Washing Machine Repair & Services; Refrigerator Repair & Services,true,true,false,false,false,AC Repair & Services,,Chikkamagaluru,2025-06-02T10:24:00.914Z
Al- Anas Refrigeration,+,5.0,1 Ratings,"Vallabai Road Hassan HO, Hassan",,,Washing Machine Repair & Services; Refrigerator Repair & Services,true,true,false,false,true,AC Repair & Services,,Chikkamagaluru,2025-06-02T10:24:00.914Z
Channambika Enterprises,+,4.2,42 Ratings,"Hassan HO, Hassan",,,Electronic Goods Showrooms; AC Repair & Services,true,true,false,false,false,AC Repair & Services,,Chikkamagaluru,2025-06-02T10:24:00.914Z
Kerala Prasidda Astrologer,<,4.9,65 Ratings,"I G Road Ig Road, Chikmagalur",,08460404469,,true,false,false,false,true,Astrologers,,Chikkamagaluru,2025-06-02T10:25:22.987Z
Shree Durgadevi Jyothishyalaya Karnataka Famous Astrologer,<,4.8,9 Ratings,"Hanumanthappa Circle, Chikmagalur",,08511449396,,true,false,false,false,true,Astrologers,,Chikkamagaluru,2025-06-02T10:25:22.987Z
Kerala Maha Mantrika Astrologer,<,4.9,62 Ratings,"Near Soundarya Residency Ig Road, Chikmagalur",,,,true,false,false,false,true,Astrologers,,Chikkamagaluru,2025-06-02T10:25:22.987Z
Kerala Sri Prasidda Jyothishyaru,<,4.8,44 Ratings,"2nd Floor Kasaragod City, Kasaragod",,09035885420,,true,false,false,false,true,Astrologers,,Chikkamagaluru,2025-06-02T10:25:22.987Z
Kerala No1 Vashikaran Specialist Shri Bhagavati Jyothishyaru,<,4.9,319 Ratings,"Salagame Road Aralepet, Hassan",,08487048815,,true,false,false,false,true,Astrologers,,Chikkamagaluru,2025-06-02T10:25:22.987Z
Astro Award Winner Vashikarana Specialist Kerala Shree Prasidda Astrologer,<,4.9,35 Ratings,"11th Cross Road Vidyaranyapuram, Mysore",,08511749124,,true,false,false,false,true,Astrologers,,Chikkamagaluru,2025-06-02T10:25:22.987Z
No 1 Vashikaran Specialist India,<,4.9,137 Ratings,"Bus Bus Stand Road Hassan, Hassan",,07048604341,,true,false,false,false,true,Astrologers,,Chikkamagaluru,2025-06-02T10:25:22.987Z
Kerala Mahamanthrika Astrology,<,5.0,48 Ratings,"Bus Bus Stand Road Hassan, Hassan",,09035242176,,true,false,false,false,true,Astrologers,,Chikkamagaluru,2025-06-02T10:25:22.987Z
National Gold Medalist Vashikarn Specialist Kerala Mantrika Astrologer,<,5.0,"1,534 Ratings","Bejai, Mangalore",,08511493001,,true,false,false,true,true,Astrologers,,Chikkamagaluru,2025-06-02T10:25:22.987Z
National ASTRO RATNA Award Winner - Kerala Sri Panchagayathri Famous Astrologers,<,5.0,"1,905 Ratings","Bunder Bhavanthi Street, Mangalore",,,,true,false,false,true,true,Astrologers,,Chikkamagaluru,2025-06-02T10:25:22.987Z
Kerala Prasidha Jyothishyalaya (Kateelu Shri Durgadevi Aaradakaru),+,4.8,50 Ratings,"Kateel DK Kateelu, Kateel",,08511323974,,true,false,false,true,true,Astrologers,,Chikkamagaluru,2025-06-02T10:25:22.987Z
Sri Kerala Bhagavathi Jyothisharu,S,3.5,2 Ratings,"Kundapura, Udupi",,08904235592,,true,false,false,false,false,Astrologers,,Chikkamagaluru,2025-06-02T10:25:22.987Z
Kerala and Kollegala Sri Mantrika Astrologer,+,5.0,241 Ratings,"Falnir, Mangalore",,08511718424,,true,false,false,false,true,Astrologers,,Chikkamagaluru,2025-06-02T10:25:22.988Z
Famous Vashikarana Specialist Kerala Mahakal,+,5.0,3 Ratings,"Kodialbail, Mangalore",,09054893840,,true,false,false,false,true,Astrologers,,Chikkamagaluru,2025-06-02T10:25:22.988Z
Rajusheshadri Pandit,+,4.9,14 Ratings,"Railway Road Srirangapatna, Srirangapatna",,09054827763,,true,false,false,false,true,Astrologers,,Chikkamagaluru,2025-06-02T10:25:22.988Z
Kerala Famous Astrologer No.1 Specialist VASUDEV (Tantric),+,5.0,133 Ratings,"K M Marg Bus Stand Road, Udupi",,08401368094,,true,false,false,true,true,Astrologers,,Chikkamagaluru,2025-06-02T10:25:22.988Z
Pandith Sri Gowdru Manjunatha Swamy Astrologer,+,4.5,27 Ratings,"Hondda Rood Holalkere Road, Chitradurga",,,,true,false,false,false,true,Astrologers,,Chikkamagaluru,2025-06-02T10:25:22.988Z
Sri Kalikamba Jyothishyalaya Kerala Manthrika Jyothisaru,+,2.6,11 Ratings,"Madhugar Beedi Arsikere, Hassan",,,,true,false,false,false,false,Astrologers,,Chikkamagaluru,2025-06-02T10:25:22.988Z
Soman Panicker Astrologer,S,3.7,3 Ratings,"Kozhikode Road Angadipuram, Malappuram",,08460407048,,true,false,false,false,true,Astrologers,,Chikkamagaluru,2025-06-02T10:25:22.988Z
Gokarna Puja Punyaasharma,+,4.9,553 Ratings,"Uttara Kannada Gokarna, Gokarna",,07043982200,,true,false,false,true,true,Astrologers,,Chikkamagaluru,2025-06-02T10:25:22.988Z
Haya Greevar Astro,+,3.5,2 Ratings,"Mg Road Kamaraj Colony, Hosur",,08105244402,,true,false,false,false,false,Astrologers,,Chikkamagaluru,2025-06-02T10:25:22.988Z
Kavini Astrology,+,4.7,112 Ratings,"to Atthani Road Sathyamangalam, Erode",,,,true,false,false,true,true,Astrologers,,Chikkamagaluru,2025-06-02T10:25:22.988Z
Parasuraman Astrologer and Vastu Consultant,+,4.3,37 Ratings,"Sahs College Hosimin Nagar, Coimbatore",,08105405763,,true,false,false,false,true,Astrologers,,Chikkamagaluru,2025-06-02T10:25:22.988Z
Kollegala Jyothishalya and Parihara Kendra,K,5.0,2 Ratings,"Basthipura Kollegala, Chamarajanagar",,07041695609,,true,false,false,false,true,Astrologers,,Chikkamagaluru,2025-06-02T10:25:22.988Z
Indian Famous Astro Center,I,4.7,72 Ratings,"Club Road Club Road, Hubli",,08401228945,,true,false,false,false,true,Astrologers,,Chikkamagaluru,2025-06-02T10:25:22.988Z
Kollegala Pandith Modi Yallappa Guruji,+,5.0,17 Ratings,"Kollegal, Chamarajanagar",,06366960242,,true,false,false,false,true,Astrologers,,Chikkamagaluru,2025-06-02T10:25:22.988Z
Om Sri Kollegala Famous Astrologer,+,4.5,93 Ratings,"Road Double Road Chamarajanagar, Chamarajanagar",,08401407674,,true,false,false,true,true,Astrologers,,Chikkamagaluru,2025-06-02T10:25:22.988Z
Kollegala Mantrikaru.,+,4.8,43 Ratings,"Devangapete Beedi Kollegala, Chamarajanagar",,08460304154,,true,false,false,false,true,Astrologers,,Chikkamagaluru,2025-06-02T10:25:22.988Z
Vedic Welness Trust,V,4.0,3 Ratings,"Basaveshwara Nagar, Bangalore",,,,true,false,false,false,false,Astrologers,,Chikkamagaluru,2025-06-02T10:25:22.988Z
SRI Lakshminarashimha ASTRO Centre,+,4.3,9 Ratings,"2nd Cross Rt Nagar, Bangalore",,,,true,false,false,false,true,Astrologers,,Chikkamagaluru,2025-06-02T10:25:22.988Z
Brahmagnanam Dharumasalai,B,4.8,6 Ratings,"Nager Bus Rajiv Gandhi Nagar, Srirangam",,08511003612,,true,true,false,false,true,Astrologers,,Chikkamagaluru,2025-06-02T10:25:22.988Z
Aeakkott Mana Jyothishalayam,+,4.8,471 Ratings,"Kairali Junction Guruvayur, Thrissur",,09725161834,,true,false,false,false,true,Astrologers,,Chikkamagaluru,2025-06-02T10:25:22.988Z
Kaalabairavar Jothida Alayam,+,4.8,21 Ratings,"Nagar Rasipuram East, Rasipuram",,09724667570,,true,false,false,false,true,Astrologers,,Chikkamagaluru,2025-06-02T10:25:22.988Z
Aeakkott Mana Jyothishalayam,+,4.8,471 Ratings,"Kairali Junction Guruvayur, Thrissur",,,,true,false,false,false,true,Astrologers,,Chikkamagaluru,2025-06-02T10:25:22.988Z
Kerala Meenkulathi Bhagavathi Amman Astrology,K,5.0,3 Ratings,"Amman Street Tirthamalai, Dharmapuri",,07041932844,,true,false,false,false,true,Astrologers,,Chikkamagaluru,2025-06-02T10:25:22.988Z
Hindu Pandit Ji,+,4.8,73 Ratings,"Kaisare Lane  Vadle Bhatt Panjim, Goa",,09845429711,,true,false,false,false,true,Astrologers,,Chikkamagaluru,2025-06-02T10:25:22.988Z
Rudra Nadi Astrology,+,4.9,128 Ratings,"District Court Road Old Town, Kurnool",,09725012725,,true,false,false,false,true,Astrologers,,Chikkamagaluru,2025-06-02T10:25:22.988Z
Suresh Rao Iyer Ragavendra Parikara Center,+,4.2,15 Ratings,"West Agraharam Kodumudi, Erode",,,,true,false,false,false,true,Astrologers,,Chikkamagaluru,2025-06-02T10:25:22.989Z
Pvk Astrological Solutions,P,4.5,14 Ratings,"Gautham Nagar Dilsukh Nagar, Hyderabad",,07405055459,,true,false,false,false,true,Astrologers,,Chikkamagaluru,2025-06-02T10:25:22.989Z
Sivasamy Sivanadi Astrology Center,+,3.4,246 Ratings,"Miladi Street Vaithiswarankoil, Mayiladuthurai",,,,true,false,false,false,false,Astrologers,,Chikkamagaluru,2025-06-02T10:25:22.989Z
Aadi Shakti Jyothiyalayam,A,3.5,2 Ratings,"Pedagavegi Mandalam RR Peta, Eluru",,08128209371,,true,false,false,false,false,Astrologers,,Chikkamagaluru,2025-06-02T10:25:22.989Z
Kaal Bhairav Jyotish,K,3.5,2 Ratings,"Sojat City Goregaon West, Mumbai",,09724254997,,true,false,false,false,false,Astrologers,,Chikkamagaluru,2025-06-02T10:25:22.989Z
ANDHRA COMPUTERS,+,4.7,152 Ratings,"Sastry Street Governerpet, Vijayawada",,09725625004,,true,false,false,false,true,Astrologers,,Chikkamagaluru,2025-06-02T10:25:22.989Z
Sri Lalitha Devi Astrologer,+,5.0,4 Ratings,"Subhash Nagar, Nizamabad",,07041531264,,true,false,false,false,true,Astrologers,,Chikkamagaluru,2025-06-02T10:25:22.989Z
Navgrah Puja,+,5.0,469 Ratings,"Off Linking Road Andheri West, Mumbai",,,,true,false,false,false,true,Astrologers,,Chikkamagaluru,2025-06-02T10:25:22.989Z
Harsha Jalgavkar,H,4.1,120 Ratings,"Chakala Andheri East, Mumbai",,,,true,false,false,false,true,Astrologers,,Chikkamagaluru,2025-06-02T10:25:22.989Z
Shashi Tarot Card Reading,S,3.8,18 Ratings,"Kharadi, Pune",,,,true,false,false,false,false,Astrologers,,Chikkamagaluru,2025-06-02T10:25:22.989Z
Rajrashewari Shree Mahalsa Mohiniraj Jyotish Karyalaya Chandratre Guruji,R,3.5,2 Ratings,"Panchavati, Nashik",,09054538937,,true,false,false,false,false,Astrologers,,Chikkamagaluru,2025-06-02T10:25:22.989Z
Nirankarandco.in,+,4.9,43 Ratings,Bilimora,,09724284482,,true,false,false,false,true,Astrologers,,Chikkamagaluru,2025-06-02T10:25:22.989Z
Ayur Body Massage and Spa,<,4.5,28 Ratings,"Adimastan Building Tarikere, Chikmagalur",,08197609964,Home Services Offered; Thai Massage; Aroma Massage,true,true,false,true,true,Body Massage Centres,,Chikkamagaluru,2025-06-02T10:26:37.234Z
SereneSpa Aadrika,<,4.0,55 Ratings,"Theatre Road Chikmagalur HO, Chikmagalur",,,Foot Reflexology Massage Services; Body Massage Centres,true,true,false,false,true,Body Massage Centres,,Chikkamagaluru,2025-06-02T10:26:37.234Z
Ayushmaan Ayurvedic,<,3.6,51 Ratings,"Ig Road, Chikmagalur",,,Body Massage Centres; Massage Centres For Men,true,true,false,false,false,Body Massage Centres,,Chikkamagaluru,2025-06-02T10:26:37.234Z
Agasthya Spa,<,3.7,30 Ratings,"Bypass Road Chokkanna Street, Chikmagalur",,,Herbal Body Massage Centres For Men; Body Massage Centres,false,true,false,false,false,Body Massage Centres,,Chikkamagaluru,2025-06-02T10:26:37.234Z
Phinix Mens Ac Parlour,<,3.4,13 Ratings,"Road Birur Chikmagalur, Chikmagalur",,,Home Services Offered,true,true,false,false,false,Body Massage Centres,,Chikkamagaluru,2025-06-02T10:26:37.234Z
Sinfinity Unisex Salon,<,4.6,7 Ratings,"1st Floor Rathnagiri Road, Chikmagalur",,,Home Services Offered,false,true,false,false,true,Body Massage Centres,,Chikkamagaluru,2025-06-02T10:26:37.234Z
Agasthya Spa (Siri Nature Roost Resort),<,4.0,4 Ratings,"State Highway 57 Allampura, Chikmagalur",,,Body Massage Centres,true,true,false,false,false,Body Massage Centres,,Chikkamagaluru,2025-06-02T10:26:37.234Z
Durgashree Beauty Parlor,<,5.0,3 Ratings,"MG Road Chikmagalur, Chikmagalur",,,Home Services Offered,false,true,false,false,true,Body Massage Centres,,Chikkamagaluru,2025-06-02T10:26:37.235Z
Guna Beauty Parlor,<,4.0,2 Ratings,"Vijayapuram Chikmagalur, Chikmagalur",,,,true,true,false,false,false,Body Massage Centres,,Chikkamagaluru,2025-06-02T10:26:37.235Z
Relax centre,<,4.8,64 Ratings,"Bm Road Sakleshpura, Sakleshpur",,,Body Massage Centres,true,true,false,false,true,Body Massage Centres,,Chikkamagaluru,2025-06-02T10:26:37.235Z
Naturals Salon,+,4.7,"1,652 Ratings","Mg Road Vidhya Nagar, Hassan",,,,true,true,false,false,true,Body Massage Centres,,Chikkamagaluru,2025-06-02T10:26:37.235Z
Blush and Curls,B,3.7,3 Ratings,"MG Road Vidya Nagar Hassan, Hassan",,,,true,true,false,false,false,Body Massage Centres,,Chikkamagaluru,2025-06-02T10:26:37.235Z
Lotus Spa & Beauty Center,+,3.9,48 Ratings,"Race Course Road Pwd Colony, Hassan",,,Home Services Offered; Thai Massage,true,true,false,false,false,Body Massage Centres,,Chikkamagaluru,2025-06-02T10:26:37.235Z
Shamys Lounge,+,4.2,797 Ratings,"Shankarmutt Road Kr Puram Hassan, Hassan",,,Home Services Offered; Skin Treatment,true,true,false,false,true,Body Massage Centres,,Chikkamagaluru,2025-06-02T10:26:37.235Z
Shamys Lounge Unisex Spa And Salon,+,4.3,743 Ratings,"Mutt Road Kr Puram Hassan, Hassan",,,,true,true,false,false,true,Body Massage Centres,,Chikkamagaluru,2025-06-02T10:26:37.235Z
Soni Ladies Beauty Parlour and Fancy Center,S,4.6,5 Ratings,"Arsikere, Hassan",,,Home Services Offered,true,true,false,false,true,Body Massage Centres,,Chikkamagaluru,2025-06-02T10:26:37.235Z
Dr Fish Foot Pedicure,D,4.7,15 Ratings,"Ujire Dharmastala Road Ujire, Dakshina Kannada",,,Body Massage Centres; Beauty Spas,true,true,false,false,true,Body Massage Centres,,Chikkamagaluru,2025-06-02T10:26:37.235Z
Empire Salon And Spa,+,4.2,210 Ratings,"Bh Road Bhadravathi, Bhadravathi-Karnataka",,,Hair Spa; Thai Massage,true,true,false,false,true,Body Massage Centres,,Chikkamagaluru,2025-06-02T10:26:37.235Z
The Royal Beauty Parlour Family Salon and Spa,+,3.1,21 Ratings,"Chirag Bulding Bh Road Shimoga, Shimoga",,08511951549,Home Services Offered; Thai Massage,true,true,false,false,false,Body Massage Centres,,Chikkamagaluru,2025-06-02T10:26:37.235Z
Alpha Beauty And Spa,+,4.7,"3,543 Ratings","Circle Vinoba Nagar Shimoga, Shimoga",,,Home Services Offered; Thai Massage,true,true,false,false,true,Body Massage Centres,,Chikkamagaluru,2025-06-02T10:26:37.236Z
Malnad Thai Spa & Therapy,+,4.0,92 Ratings,"Karnatak Sangha Bh Road Shimoga, Shimoga",,07487862109,Hair Spa; Thai Massage,true,true,false,false,true,Body Massage Centres,,Chikkamagaluru,2025-06-02T10:26:37.236Z
Angel Wings Spa And Saloon And Academy,+,3.9,121 Ratings,"Police Station Road Durgigudi, Shimoga",,08105072648,Thai Massage,true,true,false,true,false,Body Massage Centres,,Chikkamagaluru,2025-06-02T10:26:37.236Z
Vishwa Hearbel Ayurvedic Home Massage Center,V,3.6,16 Ratings,"3rd Cross Vinoba Nagar, Shimoga",,,Home Services Offered; Aroma Massage,true,true,false,false,false,Body Massage Centres,,Chikkamagaluru,2025-06-02T10:26:37.236Z
Raaga Wellness Skin Laser Beauty & Spa,+,3.9,24 Ratings,"Main Road Bh Road Shimoga, Shimoga",,07041643542,Thai Massage; Aroma Massage,true,true,false,true,false,Body Massage Centres,,Chikkamagaluru,2025-06-02T10:26:37.236Z
Invouge Saloon And Spa,+,4.5,255 Ratings,"Textile Nehru Road Shimoga, Shimoga",,08401138042,Home Services Offered; Hair Spa; Thai Massage,true,true,false,true,true,Body Massage Centres,,Chikkamagaluru,2025-06-02T10:26:37.236Z
Santosh Saloon,+,3.5,2 Ratings,"Nagar First Main Bapuji Nagar, Shimoga",,,Home Services Offered,true,true,false,false,false,Body Massage Centres,,Chikkamagaluru,2025-06-02T10:26:37.236Z
Olympic Unisex Salon,+,4.1,457 Ratings,"Nehru Road Nehru Road Shimoga, Shimoga",,,Home Services Offered; Thai Massage; Aroma Massage,true,true,false,false,true,Body Massage Centres,,Chikkamagaluru,2025-06-02T10:26:37.236Z
U R Lucky Star Unisex Saloon,+,3.5,16 Ratings,"Shankar Mutt Road Shimoga, Shimoga",,09980151990,Thai Massage,true,true,false,false,false,Body Massage Centres,,Chikkamagaluru,2025-06-02T10:26:37.236Z
Alankar Family Saloon And Spa,+,3.4,54 Ratings,"Jaideva Complex Durgigudi, Shimoga",,08128836770,,true,true,false,false,false,Body Massage Centres,,Chikkamagaluru,2025-06-02T10:26:37.237Z
Laa Luxe Balispa,+,3.6,25 Ratings,"Durgigudi Durgigudi, Shimoga",,,,true,true,false,false,false,Body Massage Centres,,Chikkamagaluru,2025-06-02T10:26:37.237Z
Lakme Salon,+,4.5,"1,877 Ratings","Kuvempu Road, Shimoga",,,,true,true,false,true,true,Body Massage Centres,,Chikkamagaluru,2025-06-02T10:26:37.237Z
Thai Center,+,4.1,53 Ratings,"Jayanar Road Jayanagar Shimoga, Shimoga",,08128765917,Thai Massage,true,true,false,true,true,Body Massage Centres,,Chikkamagaluru,2025-06-02T10:26:37.237Z
U Shine Unisex Salon and,+,4.2,18 Ratings,"Gandhi Nagar, Shimoga",,,Hair Spa,true,true,false,false,true,Body Massage Centres,,Chikkamagaluru,2025-06-02T10:26:37.237Z
U Shine Unisex Salon and Spa,+,3.8,28 Ratings,"1st Cross Gandhi Nagar, Shimoga",,,Thai Massage,true,true,false,false,false,Body Massage Centres,,Chikkamagaluru,2025-06-02T10:26:37.237Z
Natural Unisex Salon,+,4.2,186 Ratings,"Main Road Savalanga Road, Shimoga",,08123762547,Thai Massage,true,true,false,false,true,Body Massage Centres,,Chikkamagaluru,2025-06-02T10:26:37.237Z
Princess Unisex Salon,+,3.8,90 Ratings,"Blood Bank Road Savalanga Road, Shimoga",,,,true,true,false,false,false,Body Massage Centres,,Chikkamagaluru,2025-06-02T10:26:37.237Z
Toni And Boy Salon And Spa,+,4.1,154 Ratings,"Rajendra Nagar Rajendra Nagar, Shimoga",,,Salons; Body Massage Centres,true,true,false,false,true,Body Massage Centres,,Chikkamagaluru,2025-06-02T10:26:37.237Z
GOLDEN BEAUTY FAMILY SALOON,+,3.8,34 Ratings,"Jail Road Jail Road Shimoga, Shimoga",,,Thai Massage; Aroma Massage,true,true,false,false,false,Body Massage Centres,,Chikkamagaluru,2025-06-02T10:26:37.237Z
Star Wings,+,4.0,34 Ratings,"100feet Road Vinoba Nagar, Shimoga",,07487979460,Thai Massage,true,true,false,true,true,Body Massage Centres,,Chikkamagaluru,2025-06-02T10:26:37.237Z
Golden Touch Salon & Beauty Nest,+,4.3,104 Ratings,"Badavane Gopala Extension, Shimoga",,,Thai Massage,true,true,false,false,true,Body Massage Centres,,Chikkamagaluru,2025-06-02T10:26:37.238Z
Vibhas Unisex Professional Salon,+,4.1,5 Ratings,"Feet Road Gopala Gowda Extension, Shimoga",,,Hair Spa; Skin Treatment,true,true,false,false,true,Body Massage Centres,,Chikkamagaluru,2025-06-02T10:26:37.238Z
Aroma International Skin Laser Beauty Salon And Spa,+,4.0,82 Ratings,"100ft Road Vinoba Nagar, Shimoga",,09725069733,Thai Massage,true,true,false,true,true,Body Massage Centres,,Chikkamagaluru,2025-06-02T10:26:37.238Z
Lotus Lens Unisex Saloon,+,4.0,69 Ratings,"Lbs Nagar Savalanga Road, Shimoga",,08128771810,Thai Massage,true,true,false,true,true,Body Massage Centres,,Chikkamagaluru,2025-06-02T10:26:37.238Z
LK Family Salon,+,4.7,626 Ratings,"Police Chowki Vinoba Nagar, Shimoga",,09054656850,Home Services Offered; Skin Treatment,true,true,false,true,true,Body Massage Centres,,Chikkamagaluru,2025-06-02T10:26:37.238Z
The Urban Unisex Salon,T,4.3,26 Ratings,"Police Chowki Vinoba Nagar, Shimoga",,,Home Services Offered; Hair Spa; Thai Massage,true,true,false,false,true,Body Massage Centres,,Chikkamagaluru,2025-06-02T10:26:37.238Z
Mansi Ladies Beauty Parlour,+,4.1,22 Ratings,"Tiptur, Tumkur",,,Home Services Offered,true,true,false,false,true,Body Massage Centres,,Chikkamagaluru,2025-06-02T10:26:37.238Z
Appu Mens Parlour,+,4.0,49 Ratings,"Channarayapatna, Hassan",,,Home Services Offered; Thai Massage,true,true,false,false,false,Body Massage Centres,,Chikkamagaluru,2025-06-02T10:26:37.238Z
The Glam Studio,+,4.9,"1,489 Ratings","Darbe Puttur, Puttur",,,Home Services Offered; Thai Massage; Aroma Massage,true,true,false,false,true,Body Massage Centres,,Chikkamagaluru,2025-06-02T10:26:37.238Z
Spoorthi Herbal Beauty Parlour,S,4.0,7 Ratings,"Main Road Puttur Main Road, Puttur",,,Home Services Offered; Hair Spa,true,true,false,false,false,Body Massage Centres,,Chikkamagaluru,2025-06-02T10:26:37.238Z
Makeover By Kavya,<,4.9,20 Ratings,"Jyosthi Nagaara Chikmagalur Fort, Chikmagalur",,09036230920,Home Services Offered; Waxing; Facial,true,true,false,false,true,Beauty Spa,Popular Beauty Parlours,Chikkamagaluru,2025-06-02T10:28:15.103Z
Beauty Zone Beauty Parlourr,<,5.0,11 Ratings,"K M Road Hanumanthappa Circle, Chikmagalur",,07383080723,Home Services Offered; Waxing; Facial,true,true,false,true,true,Beauty Spa,Popular Beauty Parlours,Chikkamagaluru,2025-06-02T10:28:15.104Z
Ayur Body Massage and Spa,<,4.5,28 Ratings,"Adimastan Building Tarikere, Chikmagalur",,08197609964,Home Services Offered; Waxing; Bridal Makeup,true,true,false,true,true,Beauty Spa,Popular Beauty Parlours,Chikkamagaluru,2025-06-02T10:28:15.104Z
New Soundarya Herbal Ladies Beauty Parlour,<,4.3,16 Ratings,"M G Road MG Road Chikmagalur, Chikmagalur",,08460410534,Home Services Offered; Waxing; Facial,true,true,false,false,true,Beauty Spa,Popular Beauty Parlours,Chikkamagaluru,2025-06-02T10:28:15.104Z
Bhoomika Beauty Parlour,<,3.5,2 Ratings,"Basaveshwara Badavane Ajjampura, Chikmagalur",,08123038188,Home Services Offered; Facial; Bridal Makeup,true,true,false,false,false,Beauty Spa,Popular Beauty Parlours,Chikkamagaluru,2025-06-02T10:28:15.104Z
Makeover By Priya,<,5.0,7 Ratings,"Chikmagalur Zp, Chikmagalur",,,Bridal Makeup,true,true,false,false,true,Beauty Spa,Popular Beauty Parlours,Chikkamagaluru,2025-06-02T10:28:15.104Z
Elba'S Herbal Beauty Care,<,4.8,69 Ratings,"MG Road Chikmagalur, Chikmagalur",,,Salons; Beauty Parlours,true,true,false,false,true,Beauty Spa,Popular Beauty Parlours,Chikkamagaluru,2025-06-02T10:28:15.104Z
Lakume Salon,<,4.4,366 Ratings,"Harji Road Rathnagiri Road, Chikmagalur",,,Home Services Offered; Nail Art; Waxing,true,true,false,false,true,Beauty Spa,Popular Beauty Parlours,Chikkamagaluru,2025-06-02T10:28:15.104Z
Ok Saloon,<,4.8,"1,726 Ratings","Hunkle Circle Naidu Street, Chikmagalur",,,Salons; Beauty Parlours,true,true,false,false,true,Beauty Spa,Popular Beauty Parlours,Chikkamagaluru,2025-06-02T10:28:15.104Z
Look Book Unisex Saloon,<,4.7,"1,736 Ratings","RG Road Rg Road, Chikmagalur",,,Facial; Bridal Makeup,true,true,false,true,true,Beauty Spa,Popular Beauty Parlours,Chikkamagaluru,2025-06-02T10:28:15.104Z
Dreams Salon,+,4.2,44 Ratings,"Ig Road Ig Road, Chikmagalur",,,Home Services Offered,true,true,false,false,true,Beauty Spa,Popular Beauty Parlours,Chikkamagaluru,2025-06-02T10:28:15.104Z
LAKUME SALON,+,4.4,366 Ratings,"Cafe Agape First Floor Rg Road, Chikmagalur",,,Home Services Offered; Waxing; Facial,true,true,false,false,true,Beauty Spa,Popular Beauty Parlours,Chikkamagaluru,2025-06-02T10:28:15.104Z
Glamor Tech,+,4.3,57 Ratings,"Gandhi Road Indira Gandhi Road, Chikmagalur",,,Men Beauty Parlours; Beauty Spas,true,true,false,false,true,Beauty Spa,Popular Beauty Parlours,Chikkamagaluru,2025-06-02T10:28:15.104Z
Look Book Professional Unisex Salon,+,4.9,508 Ratings,"Cross Road Beekanahalli Rural, Chikmagalur",,,Facial; Bridal Makeup,true,true,false,false,true,Beauty Spa,Popular Beauty Parlours,Chikkamagaluru,2025-06-02T10:28:15.104Z
Green Trends Unisex Hair & Style Salon,+,4.8,256 Ratings,"Km Road Jayanagara, Chikmagalur",,,Waxing; Facial,true,true,false,false,true,Beauty Spa,Popular Beauty Parlours,Chikkamagaluru,2025-06-02T10:28:15.104Z
Lk Family Salon,+,4.9,756 Ratings,"IG Raod joythinagar, Chikmagalur",,,Home Services Offered; Waxing; Facial,true,true,false,false,true,Beauty Spa,Popular Beauty Parlours,Chikkamagaluru,2025-06-02T10:28:15.104Z
GLAM LOOKS PROFESSIONAL UNISEX SALON,+,4.7,136 Ratings,"Rg Road Vijayapura Main Road, Chikmagalur",,,Facial; Bridal Makeup,true,true,false,false,true,Beauty Spa,Popular Beauty Parlours,Chikkamagaluru,2025-06-02T10:28:15.104Z
Sinchana Ladies Herbal Beauty Salon,+,4.7,9 Ratings,"Tippu Nagar, Chikmagalur",,,Waxing; Facial; Bridal Makeup,true,true,false,false,true,Beauty Spa,Popular Beauty Parlours,Chikkamagaluru,2025-06-02T10:28:15.104Z
Gloamour Care Family Salon,+,4.8,153 Ratings,"T B Road Kadur, Chikmagalur",,,Facial; Bridal Makeup,true,true,false,false,true,Beauty Spa,Popular Beauty Parlours,Chikkamagaluru,2025-06-02T10:28:15.104Z
Beauty Queen,B,4.0,57 Ratings,"Lakshmishanagara, Chikmagalur",,,Beauty Parlours,false,true,false,false,true,Beauty Spa,Popular Beauty Parlours,Chikkamagaluru,2025-06-02T10:28:15.104Z
B Brown Loreal Unisex Salon,+,4.5,291 Ratings,"R G Road Adarsha Nagara, Chikmagalur",,,Waxing; Facial; Bridal Makeup,true,true,false,false,true,Beauty Spa,Popular Beauty Parlours,Chikkamagaluru,2025-06-02T10:28:15.104Z
Kanasu Beauty Parlour,K,4.6,18 Ratings,"Bulb Factory Road Vijayapura, Chikmagalur",,,Waxing; Facial; Bridal Makeup,false,true,false,false,true,Beauty Spa,Popular Beauty Parlours,Chikkamagaluru,2025-06-02T10:28:15.104Z
T Glam Proffessional Unisex Saloon,+,4.4,57 Ratings,"Basaweshwara Hospital Kadur, Chikmagalur",,,Bridal Makeup,true,true,false,false,true,Beauty Spa,Popular Beauty Parlours,Chikkamagaluru,2025-06-02T10:28:15.104Z
Makeover By Meghana Gowda,+,4.9,32 Ratings,"1st Floor Mg Road Chikmagalur, Chikmagalur",,,Home Services Offered; Bridal Makeup,true,true,false,false,true,Beauty Spa,Popular Beauty Parlours,Chikkamagaluru,2025-06-02T10:28:15.105Z
Nabha'S Makeover & Beauty Purler,N,4.9,26 Ratings,"Tarikere, Chikmagalur",,,Beauty Parlours,false,true,false,false,true,Beauty Spa,Popular Beauty Parlours,Chikkamagaluru,2025-06-02T10:28:15.105Z
Empire unisex family saloon,+,4.4,53 Ratings,"BH Road Tarikere, Chikmagalur",,,Waxing; Facial; Bridal Makeup,true,true,false,false,true,Beauty Spa,Popular Beauty Parlours,Chikkamagaluru,2025-06-02T10:28:15.105Z
Shaharika Ladies Harbal Beauty Parlour,S,4.8,15 Ratings,"Belt Road Lakshmishanagara, Chikmagalur",,,Beauty Parlours,false,true,false,false,false,Beauty Spa,Popular Beauty Parlours,Chikkamagaluru,2025-06-02T10:28:15.105Z
B Brown Loreal Unisex Salon,+,4.5,291 Ratings,"Rg Road Ig Road, Chikmagalur",,,Facial,true,true,false,false,true,Beauty Spa,Popular Beauty Parlours,Chikkamagaluru,2025-06-02T10:28:15.105Z
Beauty Speaks,+,4.8,281 Ratings,"M G Road Vijayapura Main Road, Chikmagalur",,,Home Services Offered; Waxing; Facial,true,true,false,false,true,Beauty Spa,Popular Beauty Parlours,Chikkamagaluru,2025-06-02T10:28:15.105Z
Friends Hair Style,F,4.8,21 Ratings,"Ajjampura Road Birur Chikmagalur, Chikmagalur",,,Facial; Bridal Makeup,true,true,false,false,true,Beauty Spa,Popular Beauty Parlours,Chikkamagaluru,2025-06-02T10:28:15.105Z
Santhosh Hair Dresses,S,5.0,2 Ratings,"Narasimharajapura Chikmagalur, Chikmagalur",,,Salons; Beauty Parlours,true,true,false,false,true,Beauty Spa,Popular Beauty Parlours,Chikkamagaluru,2025-06-02T10:28:15.105Z
Style N Smile,+,4.3,26 Ratings,"M G Road MG Road Chikmagalur, Chikmagalur",,,Home Services Offered; Waxing; Facial,true,true,false,false,true,Beauty Spa,Popular Beauty Parlours,Chikkamagaluru,2025-06-02T10:28:15.105Z
Hd Makeover Studio and Academy,+,5.0,44 Ratings,"I. G Road Adarsha Nagara, Chikmagalur",,,Home Services Offered; Waxing; Bridal Makeup,true,true,false,false,true,Beauty Spa,Popular Beauty Parlours,Chikkamagaluru,2025-06-02T10:28:15.105Z
Unique Men's Hari Salon,U,4.0,1 Ratings,"Main Road Vijayapura Main Road, Chikmagalur",,,Beauty Parlours,true,true,false,false,false,Beauty Spa,Popular Beauty Parlours,Chikkamagaluru,2025-06-02T10:28:15.105Z
Beauty zoon & makeup studio,B,4.0,2 Ratings,"Bus Stand Road Kadur, Chikmagalur",,,Beauty Parlours; Women Beauty Parlours,true,true,false,false,false,Beauty Spa,Popular Beauty Parlours,Chikkamagaluru,2025-06-02T10:28:15.105Z
Navya Artistry,N,4.8,27 Ratings,"Vijayapura, Chikmagalur",,,Beauty Parlours,true,true,false,false,false,Beauty Spa,Popular Beauty Parlours,Chikkamagaluru,2025-06-02T10:28:15.105Z
Manju Newlook Mens Parlour,M,3.0,1 Ratings,"Road Belur Road Chikmagalur, Chikmagalur",,,Salons; Beauty Parlours,true,true,false,false,false,Beauty Spa,Popular Beauty Parlours,Chikkamagaluru,2025-06-02T10:28:15.105Z
Makeover By Pooja,+,5.0,4 Ratings,"Chikmagalur District Office, Chikmagalur",,,Home Services Offered; Facial; Bridal Makeup,true,true,false,false,true,Beauty Spa,Popular Beauty Parlours,Chikkamagaluru,2025-06-02T10:28:15.105Z
Phinix Mens Ac Parlour,P,3.4,13 Ratings,"Road Birur Chikmagalur, Chikmagalur",,,Home Services Offered; Waxing; Bridal Makeup,true,true,false,false,false,Beauty Spa,Popular Beauty Parlours,Chikkamagaluru,2025-06-02T10:28:15.105Z
Mausam Men Beauty Parlour,+,3.5,1 Ratings,"M G ROAD Mg Road Chikmagalur, Chikmagalur",,,Salons; Beauty Parlours,true,true,false,false,false,Beauty Spa,Popular Beauty Parlours,Chikkamagaluru,2025-06-02T10:28:15.105Z
Tarun Beauty Parlour,+,3.8,6 Ratings,"Mg Road Tarikere, Chikmagalur",,,Facial; Bridal Makeup,true,true,false,false,false,Beauty Spa,Popular Beauty Parlours,Chikkamagaluru,2025-06-02T10:28:15.105Z
Olympia Beauty,+,4.7,12 Ratings,"Th Road Ajjampura, Chikmagalur",,,Beauty Parlours,true,true,false,false,true,Beauty Spa,Popular Beauty Parlours,Chikkamagaluru,2025-06-02T10:28:15.105Z
Jk11 Unisex Salon,+,4.8,52 Ratings,"Jm Road Mudigere, Chikmagalur",,,Home Services Offered; Waxing; Facial,true,true,false,false,true,Beauty Spa,Popular Beauty Parlours,Chikkamagaluru,2025-06-02T10:28:15.105Z
Glamup Unisex Family Salon,G,3.3,6 Ratings,"Mg Road Tarikere, Chikmagalur",,,Beauty Parlours,false,true,false,false,false,Beauty Spa,Popular Beauty Parlours,Chikkamagaluru,2025-06-02T10:28:15.105Z
Anis Herbal Beauty Parlour,+,4.8,18 Ratings,"Vijayapura, Chikmagalur",,,Beauty Parlours,false,true,false,false,false,Beauty Spa,Popular Beauty Parlours,Chikkamagaluru,2025-06-02T10:28:15.105Z
Rootz Saloon,+,4.6,18 Ratings,"Basavanahalli Chikmagalur, Chikmagalur",,,Men Beauty Parlours; Salons,true,true,false,false,true,Beauty Spa,Popular Beauty Parlours,Chikkamagaluru,2025-06-02T10:28:15.105Z
Elba'S Herbal Beauty Care,E,4.9,31 Ratings,"Sakrepatna Sakarayapattana, Chikmagalur",,,Beauty Parlours,false,true,false,false,false,Beauty Spa,Popular Beauty Parlours,Chikkamagaluru,2025-06-02T10:28:15.105Z
Sandra Beauty Parlour,+,3.5,4 Ratings,"N R PURA ROAD Balehonnur, Chikmagalur",,,Waxing; Facial; Bridal Makeup,true,true,false,false,false,Beauty Spa,Popular Beauty Parlours,Chikkamagaluru,2025-06-02T10:28:15.105Z
Petals Beauty Parlour,P,4.0,2 Ratings,"Rg Road, Chikmagalur",,,Waxing; Facial,true,true,false,false,false,Beauty Spa,Popular Beauty Parlours,Chikkamagaluru,2025-06-02T10:28:15.105Z
M PLAY HAIR AND BEAUTY STUDIO,<,4.9,21 Ratings,"Road Basavanahalli Chikmagalur, Chikmagalur",,,Salons; Beauty Parlours,true,false,false,false,true,Beauty Spa,Popular Beauty Clinics,Chikkamagaluru,2025-06-02T10:29:10.465Z
Unity Tours and Travel,<,4.7,390 Ratings,"I G Road Ayyappa Nagar, Chikmagalur",,08128097417,Vintage Car; Airport Taxi; Corporate,true,true,false,false,true,Affordable Prices : Car Rental Services,,Chikkamagaluru,2025-06-02T10:30:34.838Z
Malnad Travels,<,4.7,429 Ratings,"IG Road Ig Road, Chikmagalur",,08128765186,Self Driven,true,true,false,false,true,Affordable Prices : Car Rental Services,,Chikkamagaluru,2025-06-02T10:30:34.839Z
Pooja Tours and Travels,<,4.8,308 Ratings,"Birur Birur Chikmagalur, Chikmagalur",,07411853140,Vintage Car; Corporate; Chauffeur Driven,true,true,false,true,true,Affordable Prices : Car Rental Services,,Chikkamagaluru,2025-06-02T10:30:34.839Z
Travel Com,<,4.7,152 Ratings,"M G Road MG Road Chikmagalur, Chikmagalur",,08460477147,Family discount; Discounts For Kids,true,true,false,true,true,Affordable Prices : Car Rental Services,,Chikkamagaluru,2025-06-02T10:30:34.839Z
True Choice Tours and Travels,<,4.9,273 Ratings,"K M Road Adarsha Nagara, Chikmagalur",,09724912182,Car Rental; Travel Agents,true,true,false,true,true,Affordable Prices : Car Rental Services,,Chikkamagaluru,2025-06-02T10:30:34.839Z
Z Point Tours & Travels,<,4.5,255 Ratings,"Tarikere Road Adarsha Nagara, Chikmagalur",,09725106859,Self Driven,true,true,false,false,true,Affordable Prices : Car Rental Services,,Chikkamagaluru,2025-06-02T10:30:34.839Z
Pruthvi Tours and Travels,<,4.6,241 Ratings,"Private Bus Stand Road Ig Road, Chikmagalur",,09725629261,Bike On Rent; Car Rental,true,true,false,false,true,Affordable Prices : Car Rental Services,,Chikkamagaluru,2025-06-02T10:30:34.840Z
Taps Cabs,<,3.5,2 Ratings,"Taps Cabs Chikkanallur, Chikmagalur",,08867814692,Car Rental; Car Rental For Outstation,true,true,false,false,false,Affordable Prices : Car Rental Services,,Chikkamagaluru,2025-06-02T10:30:34.840Z
Jolly Holidays,<,5.0,4 Ratings,"Railway Station Road Birur Rural, Chikmagalur",,08460493003,Car Rental; Tempo Travellers On Rent,true,true,false,false,true,Affordable Prices : Car Rental Services,,Chikkamagaluru,2025-06-02T10:30:34.840Z
M S Tours and Travels,<,5.0,151 Ratings,"Highway 206 Birur Chikmagalur, Chikmagalur",,08490819144,,true,true,false,true,true,Affordable Prices : Car Rental Services,,Chikkamagaluru,2025-06-02T10:30:34.840Z
Prathiksha Travels,+,4.9,200 Ratings,"Maravanji Circle Kadur, Chikmagalur",,09724667352,,true,true,false,true,true,Affordable Prices : Car Rental Services,,Chikkamagaluru,2025-06-02T10:30:34.840Z
Omkar Ventures,O,3.5,2 Ratings,"Chikkolale Road Chikkolale, Chikmagalur",,08460451179,Car Rental; Home Stay Booking,true,true,false,false,false,Affordable Prices : Car Rental Services,,Chikkamagaluru,2025-06-02T10:30:34.840Z
Malnad Tours and Travels,+,5.0,10 Ratings,"Bharathi Street Sringeri Rural, Sringeri",,09972358005,Car Rental,true,true,false,true,true,Affordable Prices : Car Rental Services,,Chikkamagaluru,2025-06-02T10:30:34.840Z
Siri Eco Tourism,+,5.0,9 Ratings,"Bank Chikmagalur District Office, Chikmagalur",,09606423809,Car Rental; Home Stay Booking,true,true,false,false,true,Affordable Prices : Car Rental Services,,Chikkamagaluru,2025-06-02T10:30:34.841Z
Sun Travels,S,4.9,6 Ratings,"Janatha Colony Chikmagalur Fort, Chikmagalur",,08105079989,Car Rental; Car Rental For Outstation,true,true,false,true,true,Affordable Prices : Car Rental Services,,Chikkamagaluru,2025-06-02T10:30:34.841Z
Divya Darshan Package Tours and Travels,+,5.0,17 Ratings,"Birur Chikmagalur, Chikmagalur",,07405439374,Car Rental; Tempo Travellers On Rent,true,true,false,false,true,Affordable Prices : Car Rental Services,,Chikkamagaluru,2025-06-02T10:30:34.841Z
Travel Chikmagalur,+,4.7,"1,402 Ratings","Ig Road Indira Gandhi Road, Chikmagalur",,07041660232,Car Rental; Travel Agents,true,true,false,false,true,Affordable Prices : Car Rental Services,,Chikkamagaluru,2025-06-02T10:30:34.841Z
Pooja Tours and Travels,+,4.7,359 Ratings,"Rajajinagar Birur Chikmagalur, Chikmagalur",,08401915189,,true,true,false,true,true,Affordable Prices : Car Rental Services,,Chikkamagaluru,2025-06-02T10:30:34.841Z
Heaven Tours And Travels Chikmagaluru,+,5.0,58 Ratings,"Chikmagaluru Doddkurbralli, Chikmagalur",,09606410945,Airport Taxi,true,true,false,false,true,Affordable Prices : Car Rental Services,,Chikkamagaluru,2025-06-02T10:30:34.841Z
Sps Holidays and Cabs,+,4.6,14 Ratings,"2nd 5th Phase Chikmagalur Zp, Chikmagalur",,08460521596,Car Rental; Travel Agents,true,true,false,true,true,Affordable Prices : Car Rental Services,,Chikkamagaluru,2025-06-02T10:30:34.841Z
Dreamzz Travels,+,4.7,80 Ratings,"KM Road Ig Road, Chikmagalur",,07411836089,Family discount; Discounts For Kids,true,true,false,false,true,Affordable Prices : Car Rental Services,,Chikkamagaluru,2025-06-02T10:30:34.841Z
Dreams Tours and Travels,+,4.8,137 Ratings,"Vijaypura Adarsha Nagara, Chikmagalur",,09054124824,Self Driven; Corporate,true,true,false,false,true,Affordable Prices : Car Rental Services,,Chikkamagaluru,2025-06-02T10:30:34.841Z
poorvika travles,p,5.0,22 Ratings,"Chikmagalur District Office, Chikmagalur",,08460222374,,true,true,false,false,true,Affordable Prices : Car Rental Services,,Chikkamagaluru,2025-06-02T10:30:34.841Z
Jai Maruthi Tours and Travels,+,3.8,16 Ratings,"Sharief Galli Chikmagalur Ho, Chikmagalur",,08460418920,Car Rental; Car Rental For Outstation,true,true,false,false,false,Affordable Prices : Car Rental Services,,Chikkamagaluru,2025-06-02T10:30:34.841Z
Indian Holidays,I,4.7,7 Ratings,"6th Cross Chikmagalur HO, Chikmagalur",,09054836022,Self Driven,true,true,false,true,true,Affordable Prices : Car Rental Services,,Chikkamagaluru,2025-06-02T10:30:34.842Z
SARVESHWARA TOURS & TEAVELS,+,5.0,25 Ratings,"Sanidhi Layout Mudigere, Chikmagalur",,09054448379,,true,true,false,false,true,Affordable Prices : Car Rental Services,,Chikkamagaluru,2025-06-02T10:30:34.842Z
Friends Forever (Ff) Tours and Travels,+,4.8,165 Ratings,"Hills Main Road Adarsha Nagara, Chikmagalur",,08460259607,,true,true,false,false,true,Affordable Prices : Car Rental Services,,Chikkamagaluru,2025-06-02T10:30:34.842Z
S M Tours And Travels Chikmagalur,+,4.9,98 Ratings,"Main Road Sadarahalli, Chikmagalur",,09980807486,,true,true,false,false,true,Affordable Prices : Car Rental Services,,Chikkamagaluru,2025-06-02T10:30:34.842Z
Svt Travels,+,3.6,7 Ratings,"Birur Chikmagalur, Chikmagalur",,,Car Rental; Travel Agents,true,true,false,false,false,Affordable Prices : Car Rental Services,,Chikkamagaluru,2025-06-02T10:30:34.842Z
Super Hero Travels,+,5.0,9 Ratings,"Chikmanglore Zp Chikmagalur Zp, Chikmagalur",,08105024571,Corporate,true,true,false,false,true,Affordable Prices : Car Rental Services,,Chikkamagaluru,2025-06-02T10:30:34.842Z
Lakshmi Tours And Travels,+,5.0,2 Ratings,"Road Main Road Aldur Chikmagalur, Chikmagalur",,08511959166,Car Rental; Travel Agents,true,true,false,false,true,Affordable Prices : Car Rental Services,,Chikkamagaluru,2025-06-02T10:30:34.842Z
Arasu (Urs) Tours and Travels,+,4.6,12 Ratings,"Mallandur Road Uppalli, Chikmagalur",,06366552155,Vintage Car; Corporate,true,true,false,false,true,Affordable Prices : Car Rental Services,,Chikkamagaluru,2025-06-02T10:30:34.842Z
Chikmagalur I K Tours Travels Packages,+,4.9,534 Ratings,"Road Chikmagalur District Office, Chikmagalur",,09845458870,Car Rental; Travel Agents,true,true,false,true,true,Affordable Prices : Car Rental Services,,Chikkamagaluru,2025-06-02T10:30:34.842Z
LAKSHMI TRAVELS,+,3.5,2 Ratings,"Main Road Devanur Chikmagalur, Chikmagalur",,07383765969,Corporate,true,true,false,false,false,Affordable Prices : Car Rental Services,,Chikkamagaluru,2025-06-02T10:30:34.842Z
Sagar Tours And Travels,+,4.9,232 Ratings,"Opposite Birur Chikmagalur, Chikmagalur",,08460467823,Car Rental; Travel Agents,true,true,false,true,true,Affordable Prices : Car Rental Services,,Chikkamagaluru,2025-06-02T10:30:34.842Z
Sri Chamundeshwari Tours & Travels,+,5.0,9 Ratings,"Km Road KALASA Kalasa, Chikmagalur",,08488064846,Car Rental; Travel Agents,true,true,false,false,true,Affordable Prices : Car Rental Services,,Chikkamagaluru,2025-06-02T10:30:34.843Z
Gajaraja Tours And Travels,G,5.0,1 Ratings,"Chikmagalur District Office, Chikmagalur",,09980757996,Car Rental; Tempo Travellers On Rent,true,true,false,false,true,Affordable Prices : Car Rental Services,,Chikkamagaluru,2025-06-02T10:30:34.843Z
M K Tours & Travels,+,5.0,123 Ratings,"Road Vijayapuram Chikmagalur, Chikmagalur",,07405277584,,true,true,false,false,true,Affordable Prices : Car Rental Services,,Chikkamagaluru,2025-06-02T10:30:34.843Z
Arun Holidays,+,4.4,21 Ratings,"Housing Board A Rangapura, Chikmagalur",,,Car Rental; Taxi Services,true,true,false,false,true,Affordable Prices : Car Rental Services,,Chikkamagaluru,2025-06-02T10:30:34.843Z
Make Memories Tours & Travels,+,4.9,84 Ratings,"G Road Chikmagalur City, Chikmagalur",,07411579114,Vintage Car; Chauffeur Driven,true,true,false,true,true,Affordable Prices : Car Rental Services,,Chikkamagaluru,2025-06-02T10:30:34.843Z
Royal Travels,+,4.9,24 Ratings,"Chikmagalur District Office, Chikmagalur",,08971504479,Car Rental; Travel Agents,true,true,false,false,true,Affordable Prices : Car Rental Services,,Chikkamagaluru,2025-06-02T10:30:34.843Z
Lakshmi Travels and Tansports,+,3.5,2 Ratings,"Shubas Street Sringeri Rural, Sringeri",,09980888378,Car Rental; Travel Agents,true,true,false,false,false,Affordable Prices : Car Rental Services,,Chikkamagaluru,2025-06-02T10:30:34.843Z
Sri Dharmashastha Tours & Travels,+,4.6,11 Ratings,"Chikmagalur HO, Chikmagalur",,08904961257,Car Rental; Travel Agents,true,true,false,true,true,Affordable Prices : Car Rental Services,,Chikkamagaluru,2025-06-02T10:30:34.843Z
Mr chikkamalurian tour's and travel,M,5.0,15 Ratings,"I G  Road Ig Road, Chikmagalur",,09845469115,Car Rental; Travel Agents,true,true,false,false,false,Affordable Prices : Car Rental Services,,Chikkamagaluru,2025-06-02T10:30:34.843Z
Sneha Jeevi Tours And Travels,+,4.9,7 Ratings,"Belenahalli Tarikere, Chikmagalur",,09054893531,Car Rental; Tempo Travellers On Rent,true,true,false,false,true,Affordable Prices : Car Rental Services,,Chikkamagaluru,2025-06-02T10:30:34.843Z
Partha Sarathi Travels,+,5.0,4 Ratings,"Rajaji Nagar Birur Rural, Chikmagalur",,07383695952,Self Driven; Airport Taxi; Corporate,true,true,false,false,true,Affordable Prices : Car Rental Services,,Chikkamagaluru,2025-06-02T10:30:34.843Z
Sri Veerbadreshwara Tours And Travel,+,4.5,25 Ratings,"Kote Belur Road Chikmagalur, Chikmagalur",,09035083717,,true,true,false,true,true,Affordable Prices : Car Rental Services,,Chikkamagaluru,2025-06-02T10:30:34.844Z
K G Tours And Travels,+,5.0,12 Ratings,"Railway Station Road Birur Rural, Chikmagalur",,08460541852,Car Rental; Tempo Travellers On Rent,true,true,false,true,true,Affordable Prices : Car Rental Services,,Chikkamagaluru,2025-06-02T10:30:34.844Z
Sulthan Tours And Travels,+,5.0,2 Ratings,"Anjuman Street Ig Road, Chikmagalur",,08971254055,Car Rental; Car Rental For Self Driven,true,true,false,false,true,Affordable Prices : Car Rental Services,,Chikkamagaluru,2025-06-02T10:30:34.844Z
S S Caters And Events,<,4.8,3 Ratings,"THIRTHAHALLI TQ Chikmagalur Zp, Chikmagalur",,07383210455,Veg Caterers; Caterers,true,true,false,true,true,Caterers,Popular Caterers,Chikkamagaluru,2025-06-02T10:32:19.761Z
Chandu Events & Photography,<,5.0,6 Ratings,"Chowlahiriyur, Chikmagalur",,08460549091,,true,true,false,false,true,Caterers,Popular Caterers,Chikkamagaluru,2025-06-02T10:32:19.761Z
Indian Ice Cream Industries and Parlour,<,4.4,616 Ratings,"Layout Sai Madhuvan Layout, Chikmagalur",,,,false,false,false,true,true,Caterers,Popular Caterers,Chikkamagaluru,2025-06-02T10:32:19.761Z
Bandimane Nati Style Hotel,<,5.0,3 Ratings,"Belur Road Adarsha Nagara, Chikmagalur",,07383154851,,true,true,false,true,true,Caterers,Popular Caterers,Chikkamagaluru,2025-06-02T10:32:19.761Z
Devaramane Events and Industries,<,5.0,1 Ratings,"Jannapura Village Road Mudigere, Chikmagalur",,07795663409,Videography,true,true,false,false,true,Caterers,Popular Caterers,Chikkamagaluru,2025-06-02T10:32:19.761Z
Pranama Decorators,<,5.0,1 Ratings,"Road Market Road Chikmagalur, Chikmagalur",,09054398478,Party Decorators; Birthday Party Decorators,true,true,false,false,true,Caterers,Popular Caterers,Chikkamagaluru,2025-06-02T10:32:19.761Z
H Group & Arbin Caterers,<,5.0,2 Ratings,"2nd Stage Banashankari Road, Tumkur",,,Caterers; Veg Caterers,true,true,false,false,true,Caterers,Popular Caterers,Chikkamagaluru,2025-06-02T10:32:19.761Z
Majisa Rnm Sweets and Caterers,<,5.0,2 Ratings,"2nd Cross Road Robertsonpet, Kolar",,09972933072,Caterers For Office; Caterers,true,true,false,false,true,Caterers,Popular Caterers,Chikkamagaluru,2025-06-02T10:32:19.761Z
Sree Durga Parameshwari Catering Service,<,4.5,15 Ratings,"Main Road Hanumantha Nagar, Bangalore",,,Home Delivery,true,true,false,false,true,Caterers,Popular Caterers,Chikkamagaluru,2025-06-02T10:32:19.761Z
Masters Event Management,<,4.5,85 Ratings,"Ward No 8 Town Hall Sqaure, Chickballapur",,,Event Organisers; Caterers,true,true,false,false,true,Caterers,Popular Caterers,Chikkamagaluru,2025-06-02T10:32:19.761Z
Sri Karpagarani Kerala Chenda Melam And A To Z Wedding Planners,+,3.8,110 Ratings,"Sabapathy Street Sangliandapuram, Trichy",,,Caterers; Chenda Melam Players,true,true,false,false,true,Caterers,Popular Caterers,Chikkamagaluru,2025-06-02T10:32:19.761Z
Sri Gulab Caterers & Events,+,4.8,43 Ratings,"Androon Quilla, Raichur",,,,true,true,false,false,true,Caterers,Popular Caterers,Chikkamagaluru,2025-06-02T10:32:19.761Z
Sri Maa Asapura Caterers,+,4.8,18 Ratings,"Gunj Road M G Road Raichur, Raichur",,,Home Delivery,true,true,false,false,true,Caterers,Popular Caterers,Chikkamagaluru,2025-06-02T10:32:19.761Z
Sr Events,+,4.4,18 Ratings,"Puduru Palakollu, West Godavari",,08460403938,Event Organisers; Caterers,true,true,false,false,true,Caterers,Popular Caterers,Chikkamagaluru,2025-06-02T10:32:19.761Z
Enzoey.com,+,4.5,133 Ratings,Mumbai,,08488949380,,true,true,false,true,true,Caterers,Popular Caterers,Chikkamagaluru,2025-06-02T10:32:19.761Z
Abhinandan Events Pvt. Ltd.,+,4.4,389 Ratings,"Mudhliyar Nagar Rukhmini Nagar, Amravati",,,Book Appointment,true,true,false,true,true,Caterers,Popular Caterers,Chikkamagaluru,2025-06-02T10:32:19.762Z
Ebk Event Management Pvt Ltd,+,4.6,53 Ratings,"Extension 2 Nangloi Extension, Delhi",,08511787702,,true,true,false,true,true,Caterers,Popular Caterers,Chikkamagaluru,2025-06-02T10:32:19.762Z
Lassi Shop,+,3.9,"1,257 Ratings","Ig Main Road Ig Road, Chikmagalur",,,,false,false,false,false,false,Caterers,Popular Caterers,Chikkamagaluru,2025-06-02T10:32:19.762Z
Namma Biriyani Mane,+,4.1,584 Ratings,"Ig Road, Chikmagalur",,,,false,false,false,false,true,Caterers,Popular Caterers,Chikkamagaluru,2025-06-02T10:32:19.762Z
Udupi Hotel,+,4.0,397 Ratings,"Gavanahalli Gavanahalli, Chikmagalur",,,Caterers; Veg Caterers,true,true,false,false,true,Caterers,Popular Caterers,Chikkamagaluru,2025-06-02T10:32:19.762Z
Sri Krishna Grand,+,3.8,203 Ratings,"Galihalli Cross Tarikere, Chikmagalur",,,,true,true,false,false,false,Caterers,Popular Caterers,Chikkamagaluru,2025-06-02T10:32:19.762Z
Sri Jenukal Hotel,S,4.6,6 Ratings,Chikmagalur,,,Caterers,true,true,false,false,false,Caterers,Popular Caterers,Chikkamagaluru,2025-06-02T10:32:19.762Z
Vasu Mess,+,4.0,575 Ratings,"Basavanahalli Chikmagalur, Chikmagalur",,,,true,true,false,false,false,Caterers,Popular Caterers,Chikkamagaluru,2025-06-02T10:32:19.762Z
Basaveshwara Mess,+,4.4,84 Ratings,"Km Road Km Road, Chikmagalur",,,,true,true,false,false,true,Caterers,Popular Caterers,Chikkamagaluru,2025-06-02T10:32:19.762Z
Tushar Bhat,T,4.6,38 Ratings,"Uluvalli Shankara Pura, Sringeri",,,Caterers; Caterers For Wedding,true,true,false,false,false,Caterers,Popular Caterers,Chikkamagaluru,2025-06-02T10:32:19.762Z
Hotel Sri Ganesh Prasad,+,3.6,225 Ratings,"Km Road Mudigere, Chikmagalur",,,,true,true,false,false,false,Caterers,Popular Caterers,Chikkamagaluru,2025-06-02T10:32:19.762Z
Rizwan Caterers,+,4.9,66 Ratings,"MG Road Chikmagalur, Chikmagalur",,,Caterers; Caterers For Wedding,true,true,false,false,true,Caterers,Popular Caterers,Chikkamagaluru,2025-06-02T10:32:19.762Z
Greens Family Restaurant & Caterers,+,3.5,523 Ratings,"R G Road Vijayapuram Chikmagalur, Chikmagalur",,,,true,true,false,false,false,Caterers,Popular Caterers,Chikkamagaluru,2025-06-02T10:32:19.762Z
Sri Mookambika Veg Catering Services Mudigere,+,4.9,57 Ratings,"KM Road Mudigere, Chikmagalur",,,Caterers; Veg Caterers,true,true,false,false,true,Caterers,Popular Caterers,Chikkamagaluru,2025-06-02T10:32:19.762Z
Keerthana Mobiles,K,4.0,2 Ratings,"Hoskote, Chikmagalur",,,Caterers; Mobile Catering Services,true,true,false,false,false,Caterers,Popular Caterers,Chikkamagaluru,2025-06-02T10:32:19.762Z
The Big Bite,+,4.3,83 Ratings,"N H 206 Kadur, Chikmagalur",,,,true,false,false,false,true,Caterers,Popular Caterers,Chikkamagaluru,2025-06-02T10:32:19.762Z
RK Galaxy Catering Service,+,5.0,1 Ratings,"Aza Maszid Chikmagalur City, Chikmagalur",,,Caterers; Veg Caterers,true,true,false,false,true,Caterers,Popular Caterers,Chikkamagaluru,2025-06-02T10:32:19.762Z
Hallimane HOTEL Makonahally,H,3.9,24 Ratings,"Nandipura, Chikmagalur",,,Caterers; Veg Caterers,true,true,false,false,false,Caterers,Popular Caterers,Chikkamagaluru,2025-06-02T10:32:19.762Z
Krishna Restaurant And Milk Bar,K,4.0,3 Ratings,"Market Road Chikmagalur, Chikmagalur",,,,true,true,false,false,false,Caterers,Popular Caterers,Chikkamagaluru,2025-06-02T10:32:19.762Z
Anam Catterers,+,4.0,4 Ratings,"Aldur Chikmagalur, Chikmagalur",,,Caterers; Caterers For Wedding,true,true,false,false,false,Caterers,Popular Caterers,Chikkamagaluru,2025-06-02T10:32:19.763Z
New Vaibhav Hotel,+,4.0,97 Ratings,"Mulayanagiri Road Ramanahalli, Chikmagalur",,,,true,true,false,false,true,Caterers,Popular Caterers,Chikkamagaluru,2025-06-02T10:32:19.763Z
N N Caterers,+,5.0,3 Ratings,"Ramanahalli, Chikmagalur",,,Caterers; Caterers For Wedding,false,true,false,false,false,Caterers,Popular Caterers,Chikkamagaluru,2025-06-02T10:32:19.763Z
Royal Cafe,+,4.5,47 Ratings,"Balehonnur Road Balehonnur, Chikmagalur",,,,true,true,false,false,true,Caterers,Popular Caterers,Chikkamagaluru,2025-06-02T10:32:19.763Z
Inspira Foods,+,4.9,15 Ratings,"Kalyan Nagar Vokkaligara, Chikmagalur",,,Home Delivery,true,true,false,false,true,Caterers,Popular Caterers,Chikkamagaluru,2025-06-02T10:32:19.763Z
Govindaraj Shamiyana and Catering,G,3.5,2 Ratings,"Bandimatta Balehonnur Balehonnur, Chikmagalur",,,Caterers,true,true,false,false,false,Caterers,Popular Caterers,Chikkamagaluru,2025-06-02T10:32:19.763Z
Bharadwaj Foods,+,5.0,8 Ratings,"Narasimharajapura Chikmagalur, Chikmagalur",,,Caterers; Veg Caterers,true,true,false,false,false,Caterers,Popular Caterers,Chikkamagaluru,2025-06-02T10:32:19.763Z
Mast banarasi paan,+,5.0,33 Ratings,"2nd Cross Ig Road, Chikmagalur",,,,true,true,false,false,true,Caterers,Popular Caterers,Chikkamagaluru,2025-06-02T10:32:19.763Z
New Vaibhava Hotel,N,3.5,2 Ratings,"Rathnagiri Road, Chikmagalur",,,,true,true,false,false,false,Caterers,Popular Caterers,Chikkamagaluru,2025-06-02T10:32:19.763Z
Sri Basaveshwara Catering,S,4.7,34 Ratings,"Lakkavalli Chikmagalur, Chikmagalur",,,Caterers,false,true,false,false,false,Caterers,Popular Caterers,Chikkamagaluru,2025-06-02T10:32:19.763Z
R R Catering,R,5.0,1 Ratings,"Kalasa, Chikmagalur",,,Caterers,true,true,false,false,false,Caterers,Popular Caterers,Chikkamagaluru,2025-06-02T10:32:19.763Z
BKS Veg Hotel,B,4.1,39 Ratings,"BH Road Belenahalli Tarikere, Chikmagalur",,,,true,true,false,false,true,Caterers,Popular Caterers,Chikkamagaluru,2025-06-02T10:32:19.763Z
Hanumantu Donne Biriyane,H,3.7,19 Ratings,"office Hanumanthappa Circle, Chikmagalur",,,,true,false,false,false,false,Caterers,Popular Caterers,Chikkamagaluru,2025-06-02T10:32:19.763Z
Taj Caterers,+,4.2,23 Ratings,"1st Cross Shariff Street, Chikmagalur",,,Home Delivery,true,true,false,false,true,Caterers,Popular Caterers,Chikkamagaluru,2025-06-02T10:32:19.763Z
Sri Raghavendra Hotel And Catering Service,+,4.5,3 Ratings,"KM Road 1st Cross Km Road, Chikmagalur",,,,true,true,false,false,true,Caterers,Popular Caterers,Chikkamagaluru,2025-06-02T10:32:19.763Z
S S Caters And Events,<,4.8,3 Ratings,"THIRTHAHALLI TQ Chikmagalur Zp, Chikmagalur",,07383210455,Veg Caterers; Caterers,true,true,false,true,true,Caterers,Popular Caterers For Birthday Parties,Chikkamagaluru,2025-06-02T10:33:27.669Z
Vaibhav S Kangokar & Co,<,4.6,5 Ratings,"Sri Vijayalakshmi, Chikmagalur",,,CA,true,true,false,false,true,Experienced Chartered Accountants and CA Firms,,Chikkamagaluru,2025-06-02T10:34:36.488Z
Jabiulla B S & Associates,<,5.0,2 Ratings,"U B Road Kadur, Chikmagalur",,,CA,true,true,false,false,false,Experienced Chartered Accountants and CA Firms,,Chikkamagaluru,2025-06-02T10:34:36.488Z
Kndc and Associates LLP,<,4.7,37 Ratings,"GHS Road Hampankatta, Mangalore",,,Licence; GST Return; TDS Return,true,true,false,true,true,Experienced Chartered Accountants and CA Firms,,Chikkamagaluru,2025-06-02T10:34:36.489Z
Mohit Mahajan & Co.,<,3.9,38 Ratings,"Koppikar Road Koppikar Road, Hubli",,,GST Return; TDS Return; Income Tax Return,true,true,false,false,false,Experienced Chartered Accountants and CA Firms,,Chikkamagaluru,2025-06-02T10:34:36.489Z
Yogita S And Company,<,4.7,34 Ratings,"Thane Bhiwandi Road Kasheli, Bhiwandi",,07795682280,Accounting; GST Return; TDS Return,true,true,false,false,true,Experienced Chartered Accountants and CA Firms,,Chikkamagaluru,2025-06-02T10:34:36.489Z
Yatesh Renuke & Company,<,4.6,22 Ratings,"Erandwane Kothrud, Pune",,08460426416,GST Return; TDS Return; Income Tax Return,true,true,false,true,true,Experienced Chartered Accountants and CA Firms,,Chikkamagaluru,2025-06-02T10:34:36.489Z
Mithlesh Pardhi & Co,<,4.3,361 Ratings,"Jaitala Road Jaitala Road, Nagpur",,08511513986,GST Return; TDS Return; Income Tax Return,true,true,false,true,true,Experienced Chartered Accountants and CA Firms,,Chikkamagaluru,2025-06-02T10:34:36.489Z
B R A H M & Associates,<,4.2,46 Ratings,"Jamnagar HO, Jamnagar",,,Accounting; GST Return; NRI ITR Filing,true,true,false,false,true,Experienced Chartered Accountants and CA Firms,,Chikkamagaluru,2025-06-02T10:34:36.489Z
TKSA SERVICES PVT LTD,<,3.5,2 Ratings,"Government Place East Esplanade, Kolkata",,08904955304,Licence; GST Return; NRI ITR Filing,true,true,false,false,true,Experienced Chartered Accountants and CA Firms,,Chikkamagaluru,2025-06-02T10:34:36.490Z
Arpit Gupta & Co,<,4.1,156 Ratings,"Westend Marg Saket, Delhi",,,,true,true,false,false,true,Experienced Chartered Accountants and CA Firms,,Chikkamagaluru,2025-06-02T10:34:36.490Z
K K K D & CO,+,4.7,45 Ratings,"101 BP BLOCK Pitampura, Delhi",,09731820288,Accounting; GST Return; TDS Return,true,true,false,true,true,Experienced Chartered Accountants and CA Firms,,Chikkamagaluru,2025-06-02T10:34:36.490Z
V V S V & CO,+,4.2,13 Ratings,"Pandav Nagar Block A, Delhi",,09035176479,GST Return; TDS Return; Income Tax Return,true,true,false,false,true,Experienced Chartered Accountants and CA Firms,,Chikkamagaluru,2025-06-02T10:34:36.490Z
Equiltax Private Limited,E,,,"Thapar Nagar, Meerut",,08105037165,Business Advisory Services; Name Change; IPO,true,true,false,false,false,Experienced Chartered Accountants and CA Firms,,Chikkamagaluru,2025-06-02T10:34:36.490Z
Dwarka & Co,D,4.1,97 Ratings,"Barabazar Garikhana, Shillong",,09054867046,GST Return; TDS Return; Income Tax Return,true,true,false,false,true,Experienced Chartered Accountants and CA Firms,,Chikkamagaluru,2025-06-02T10:34:36.490Z
Preetham Jain,P,4.0,2 Ratings,"Km Road Kalasa, Chikmagalur",,,CA,true,true,false,false,false,Experienced Chartered Accountants and CA Firms,,Chikkamagaluru,2025-06-02T10:34:36.491Z
Sumukha Associates,S,4.5,1 Ratings,"Nehru Road Nehru Road, Chikmagalur",,,GST Return; TDS Return; Income Tax Return,true,true,false,false,false,Experienced Chartered Accountants and CA Firms,,Chikkamagaluru,2025-06-02T10:34:36.491Z
Joseph V G,J,4.0,1 Ratings,"Kelagur Mathias Towers Ig Road, Chikmagalur",,,CA,true,true,false,false,false,Experienced Chartered Accountants and CA Firms,,Chikkamagaluru,2025-06-02T10:34:36.491Z
Nagaraj & Co,N,3.5,3 Ratings,"Ayurvedic College Thanniruhalla, Hassan",,,Auditors; CA,true,true,false,false,false,Experienced Chartered Accountants and CA Firms,,Chikkamagaluru,2025-06-02T10:34:36.491Z
S K Sathyanarayan And Company,S,5.0,1 Ratings,"R Race Course Road Hassan, Hassan",,,GST Return; TDS Return; Income Tax Return,true,true,false,false,false,Experienced Chartered Accountants and CA Firms,,Chikkamagaluru,2025-06-02T10:34:36.491Z
Jaheer Ahamad,+,3.8,20 Ratings,"College Road Avk College Road, Hassan",,08460408660,GST Return; TDS Return; Income Tax Return,true,true,false,true,false,Experienced Chartered Accountants and CA Firms,,Chikkamagaluru,2025-06-02T10:34:36.491Z
Chandru M K,C,5.0,1 Ratings,"Aralikatte Circle Salagame Road, Hassan",,,CA,true,true,false,false,false,Experienced Chartered Accountants and CA Firms,,Chikkamagaluru,2025-06-02T10:34:36.491Z
Chandru Mk & Co,C,5.0,1 Ratings,"Park Road Salagame Road, Hassan",,,CA; Accounting Services,true,true,false,false,false,Experienced Chartered Accountants and CA Firms,,Chikkamagaluru,2025-06-02T10:34:36.491Z
C K Padmanabha & Co,C,4.5,2 Ratings,"Northern Extension Salagame Road, Hassan",,,CA,false,true,false,false,false,Experienced Chartered Accountants and CA Firms,,Chikkamagaluru,2025-06-02T10:34:36.491Z
M Balakrishna Achar,M,4.5,2 Ratings,"No.1389 Harshamahal Road, Hassan",,,CA,false,true,false,false,false,Experienced Chartered Accountants and CA Firms,,Chikkamagaluru,2025-06-02T10:34:36.491Z
Harish Gowda & Co,H,5.0,1 Ratings,"R C Road, Hassan",,,CA,true,true,false,false,false,Experienced Chartered Accountants and CA Firms,,Chikkamagaluru,2025-06-02T10:34:36.491Z
B N Ramesh & Co,B,5.0,4 Ratings,"Shankar Mutt Rd Kr Puram Hassan, Hassan",,,CA,false,true,false,true,true,Experienced Chartered Accountants and CA Firms,,Chikkamagaluru,2025-06-02T10:34:36.492Z
B N Ramesh,B,4.7,4 Ratings,"SJP Road, Hassan",,,CA,true,true,false,true,false,Experienced Chartered Accountants and CA Firms,,Chikkamagaluru,2025-06-02T10:34:36.492Z
Hassan Dist Lorry Owners Association (R),H,5.0,2 Ratings,"Bm Rd Hassan Ho, Hassan",,,Associations Of Builders; Architects,false,true,false,false,true,Experienced Chartered Accountants and CA Firms,,Chikkamagaluru,2025-06-02T10:34:36.492Z
Dharma Prasad G And Company,D,4.5,7 Ratings,"Road Rangappa Circle Bhadravathi, Bhadravathi-Karnataka",,,CA,true,true,false,false,false,Experienced Chartered Accountants and CA Firms,,Chikkamagaluru,2025-06-02T10:34:36.492Z
Ramaswamy S. B,R,3.5,2 Ratings,"Smv Road Tilak Nagar, Bhadravathi-Karnataka",,,CA; Accountants,true,true,false,false,false,Experienced Chartered Accountants and CA Firms,,Chikkamagaluru,2025-06-02T10:34:36.492Z
N S Nagendra Udupa And Company,N,2.8,2 Ratings,"B H Road Bhadravathi, Bhadravathi-Karnataka",,,CA,true,true,false,false,false,Experienced Chartered Accountants and CA Firms,,Chikkamagaluru,2025-06-02T10:34:36.492Z
Gayathri Rao and Associates Chartered Accountants,G,4.6,23 Ratings,"Kaniyur Beltangady, Belthangady",,,CA; Accountants,true,true,false,false,false,Experienced Chartered Accountants and CA Firms,,Chikkamagaluru,2025-06-02T10:34:36.493Z
Madhu Associates,M,5.0,1 Ratings,"Hosahalli, Shimoga",,,CA,true,true,false,false,false,Experienced Chartered Accountants and CA Firms,,Chikkamagaluru,2025-06-02T10:34:36.493Z
Nagar And Navada- Ca,N,4.6,5 Ratings,"Thirthahalli Thirthahalli, Shimoga",,,CA,false,true,false,false,false,Experienced Chartered Accountants and CA Firms,,Chikkamagaluru,2025-06-02T10:34:36.493Z
Madhukar Hegde & Co,M,5.0,1 Ratings,"Hosa Badavane Shimoga Ho, Shimoga",,,CA,true,true,false,false,false,Experienced Chartered Accountants and CA Firms,,Chikkamagaluru,2025-06-02T10:34:36.493Z
N Ramachandra,N,4.8,2 Ratings,"Nehru Road Shimoga, Shimoga",,,CA,false,true,false,false,false,Experienced Chartered Accountants and CA Firms,,Chikkamagaluru,2025-06-02T10:34:36.493Z
Ramachandra Murthy,R,5.0,2 Ratings,"Durgigudi, Shimoga",,,CA,true,true,false,false,false,Experienced Chartered Accountants and CA Firms,,Chikkamagaluru,2025-06-02T10:34:36.493Z
A Ashok Auditors,A,3.5,2 Ratings,"2nd Cross Durgigudi, Shimoga",,,GST Return; TDS Return; Income Tax Return,true,true,false,false,false,Experienced Chartered Accountants and CA Firms,,Chikkamagaluru,2025-06-02T10:34:36.493Z
A A Engineers,A,5.0,2 Ratings,"1st Cross Sharadadevi Nagar, Shimoga",,,CA,true,true,false,false,false,Experienced Chartered Accountants and CA Firms,,Chikkamagaluru,2025-06-02T10:34:36.493Z
Praveen J S,P,4.3,10 Ratings,"Main Road Tilaknagar, Shimoga",,,GST Return; TDS Return; Income Tax Return,true,true,false,false,true,Experienced Chartered Accountants and CA Firms,,Chikkamagaluru,2025-06-02T10:34:36.493Z
Srinidhi K P,S,5.0,2 Ratings,"Kuvempu Road Kuvempu Road, Shimoga",,,Accounting; GST Return; TDS Return,true,true,false,false,false,Experienced Chartered Accountants and CA Firms,,Chikkamagaluru,2025-06-02T10:34:36.493Z
Narendra K V,N,4.1,4 Ratings,"Park Extension Durgigudi, Shimoga",,,Corporate Companies; CA,true,true,false,false,false,Experienced Chartered Accountants and CA Firms,,Chikkamagaluru,2025-06-02T10:34:36.493Z
Ajit Kumar Associates,A,5.0,1 Ratings,"Park Extension Kuvempu Road, Shimoga",,,CA; Auditors,false,true,false,false,true,Experienced Chartered Accountants and CA Firms,,Chikkamagaluru,2025-06-02T10:34:36.493Z
A Narasimha Murthy and Company,+,4.8,21 Ratings,"Pratham Kuvempu Road, Shimoga",,,CA,true,true,false,false,true,Experienced Chartered Accountants and CA Firms,,Chikkamagaluru,2025-06-02T10:34:36.494Z
Rao & Emmar,R,5.0,6 Ratings,"1st Main Hosamane, Shimoga",,,GST Return; TDS Return; Income Tax Return,true,true,false,false,false,Experienced Chartered Accountants and CA Firms,,Chikkamagaluru,2025-06-02T10:34:36.494Z
Vasanth Kumar Associates,V,4.0,5 Ratings,"VEGETABLE Vinoba Nagar Shimoga, Shimoga",,,GST Return; NRI ITR Filing; TDS Return,true,true,false,false,false,Experienced Chartered Accountants and CA Firms,,Chikkamagaluru,2025-06-02T10:34:36.494Z
Vishwakeerthi P S,V,5.0,1 Ratings,"CH 40 (253) Jayanagar Shimoga, Shimoga",,,CA,true,true,false,false,false,Experienced Chartered Accountants and CA Firms,,Chikkamagaluru,2025-06-02T10:34:36.494Z
Prasad N L,P,4.4,17 Ratings,"Cross  Gandhinagar Shimoga Ho, Shimoga",,,Corporate Companies; CA,true,true,false,false,true,Experienced Chartered Accountants and CA Firms,,Chikkamagaluru,2025-06-02T10:34:36.494Z
Santhosh Kumar R,S,4.3,3 Ratings,"Church Road Hosamane, Shimoga",,,CA,true,true,false,false,false,Experienced Chartered Accountants and CA Firms,,Chikkamagaluru,2025-06-02T10:34:36.494Z
Compu -TECH Computers,<,4.5,12 Ratings,"Theater Road MG Road Chikmagalur, Chikmagalur",,,Computer Software Training Institutes; Computer Training Institutes,true,true,false,true,true,Computer Training Institutes,,Chikkamagaluru,2025-06-02T10:35:48.250Z
Computech Computers,<,4.5,12 Ratings,"M G Road Chikmagalur HO, Chikmagalur",,08460295619,Computer Training Institutes; Tally Training Institutes,true,true,false,true,true,Computer Training Institutes,,Chikkamagaluru,2025-06-02T10:35:48.250Z
Indian Institute Of Computer Science,<,4.6,251 Ratings,"Vidyanagar Hubli, Hubli",,,Institutes For Distance Education MBA; Computer Training Institutes,true,true,false,false,true,Computer Training Institutes,,Chikkamagaluru,2025-06-02T10:35:48.250Z
Emergio Games,<,4.9,150 Ratings,"Airport Road Infopark Kochi, Ernakulam",,08460448972,Computer Training Institutes; Mobile Game Development Training Institutes,true,true,false,false,true,Computer Training Institutes,,Chikkamagaluru,2025-06-02T10:35:48.251Z
Kj's Trinity Colleges,<,4.0,"1,375 Ratings","Kondhwa Saswad Road Yewalewadi, Pune",,,,true,true,false,false,true,Computer Training Institutes,,Chikkamagaluru,2025-06-02T10:35:48.251Z
Sir Padampat Singhania University,<,4.3,571 Ratings,"Udaipur Udaipur Surajpole, Udaipur-rajasthan",,,,true,true,false,false,true,Computer Training Institutes,,Chikkamagaluru,2025-06-02T10:35:48.251Z
Visvesvaraya Foundation,<,4.2,"1,002 Ratings","Main Road Udaipur Surajpole, Udaipur-Rajasthan",,,Computer Engineering Colleges; Schools,true,true,false,false,true,Computer Training Institutes,,Chikkamagaluru,2025-06-02T10:35:48.251Z
Shri Krishna University,<,4.1,"1,308 Ratings","Sagar Road Chhatrasal Chowk, Chhatarpur",,,,true,true,false,false,true,Computer Training Institutes,,Chikkamagaluru,2025-06-02T10:35:48.251Z
Aks University (Satna M.p),<,4.0,"1,853 Ratings","Panna Road Sherganj, Satna",,,Colleges; ITI Institutes,true,true,false,false,true,Computer Training Institutes,,Chikkamagaluru,2025-06-02T10:35:48.251Z
Maa Bhagwati Institute,<,4.0,909 Ratings,"Ratanada, Jodhpur",,,Computer Hardware Training Institutes; Colleges,true,true,false,false,true,Computer Training Institutes,,Chikkamagaluru,2025-06-02T10:35:48.251Z
Pkr Institute and Recruitment Services,+,4.9,132 Ratings,"Urban Estate Karnal Sector 6, Karnal",,09980200858,Institutes; Computer Training Institutes,true,true,false,true,true,Computer Training Institutes,,Chikkamagaluru,2025-06-02T10:35:48.252Z
Haridwar University,+,4.5,"2,884 Ratings","Bajuheri, Roorkee",,,,true,true,false,false,true,Computer Training Institutes,,Chikkamagaluru,2025-06-02T10:35:48.252Z
Dynamic Institute Of Information Technology (r),+,4.9,137 Ratings,"Basaveshwara Circle Kadur, Chikmagalur",,,Computer Training Institutes; Tally Training Institutes,true,true,false,false,true,Computer Training Institutes,,Chikkamagaluru,2025-06-02T10:35:48.252Z
Skill Easy Academy,+,5.0,51 Ratings,"Barlane Road Barlane Road, Chikmagalur",,,Computer Training Institutes; Language Classes For English Conversation,true,true,false,false,true,Computer Training Institutes,,Chikkamagaluru,2025-06-02T10:35:48.252Z
Alpha Computer Center,+,4.0,26 Ratings,"2nd Cross Tarikere, Chikmagalur",,,Tutorials; Computer Training Institutes,true,true,false,false,false,Computer Training Institutes,,Chikkamagaluru,2025-06-02T10:35:48.252Z
Sri S R Y Computer,+,5.0,19 Ratings,"Kalgundi Church Road Kadur, Chikmagalur",,,Computer Training Institutes; Tally Training Institutes,true,true,false,false,true,Computer Training Institutes,,Chikkamagaluru,2025-06-02T10:35:48.252Z
MICE,M,4.5,18 Ratings,"Kadur, Chikmagalur",,,Computer Training Institutes; Tally Training Institutes,true,true,false,false,true,Computer Training Institutes,,Chikkamagaluru,2025-06-02T10:35:48.252Z
Nice Computers,+,3.7,20 Ratings,"Barlane Road Pension Mohalla, Chikmagalur",,,Computer Training Institutes; DTP Training Institutes,true,true,false,false,false,Computer Training Institutes,,Chikkamagaluru,2025-06-02T10:35:48.252Z
Srushti Computers Css,S,4.8,14 Ratings,"Main Road Kalasa, Chikmagalur",,,Computer Training Institutes; Educational Institutions,true,true,false,false,false,Computer Training Institutes,,Chikkamagaluru,2025-06-02T10:35:48.252Z
Dreams Cyber Center Birur,D,4.3,13 Ratings,"Shop No 27 Birur, Chikmagalur",,,Computer Training Institutes For Basic; Computer Training Institutes,true,true,false,false,true,Computer Training Institutes,,Chikkamagaluru,2025-06-02T10:35:48.252Z
Mice Computer Education Center,M,4.5,10 Ratings,"Narasimharajapura Chikmagalur, Chikmagalur",,,Computer Training Institutes; Tally Training Institutes,true,true,false,false,true,Computer Training Institutes,,Chikkamagaluru,2025-06-02T10:35:48.252Z
Tally Institute And Training Center ITTC,T,3.2,12 Ratings,"Road Jyothinagar Chikmagalur, Chikmagalur",,,Computer Training Institutes; Online Tutorials,true,true,false,false,false,Computer Training Institutes,,Chikkamagaluru,2025-06-02T10:35:48.252Z
National Institute Of Computer Education,N,5.0,7 Ratings,"B H Road Kadur, Chikmagalur",,,Tally Training Institutes; Computer Training Institutes,true,true,false,false,true,Computer Training Institutes,,Chikkamagaluru,2025-06-02T10:35:48.253Z
Skill Easy Academy,S,5.0,6 Ratings,"Road Sakrepatna Chikmagalur, Chikmagalur",,,Institutes; Computer Training Institutes,true,true,false,false,true,Computer Training Institutes,,Chikkamagaluru,2025-06-02T10:35:48.253Z
NICE National Institute Of Computer Education,N,5.0,6 Ratings,"UB Road Kadur Kadur, Chikmagalur",,,IT Training Institutes; Computer Training Institutes,true,true,false,false,true,Computer Training Institutes,,Chikkamagaluru,2025-06-02T10:35:48.253Z
Sri Vijaya Institutes Of Commerce,+,3.6,8 Ratings,"M G ROAD Mg Road Chikmagalur, Chikmagalur",,,Computer Hardware Training Institutes; Computer Training Institutes,true,true,false,false,false,Computer Training Institutes,,Chikkamagaluru,2025-06-02T10:35:48.253Z
Microtech Computer Education Centre,+,4.6,5 Ratings,"Station Road Chikmagalur City, Chikmagalur",,,Schools; Computer Training Institutes,true,true,false,false,true,Computer Training Institutes,,Chikkamagaluru,2025-06-02T10:35:48.253Z
Karunya Academy,+,5.0,4 Ratings,"Mg Road Mg Road Chikmagalur, Chikmagalur",,,Computer Training Institutes; Institutes,false,true,false,false,true,Computer Training Institutes,,Chikkamagaluru,2025-06-02T10:35:48.253Z
ELITE P U college,+,4.9,4 Ratings,"Vikas Nagara Km Road, Chikmagalur",,,Colleges; Science Colleges,true,true,false,false,true,Computer Training Institutes,,Chikkamagaluru,2025-06-02T10:35:48.253Z
IIHT,+,3.9,4 Ratings,"2nd Cross Belur Road Chikmagalur, Chikmagalur",,,Advanced Java Training Institutes; Computer Training Institutes,true,true,false,false,false,Computer Training Institutes,,Chikkamagaluru,2025-06-02T10:35:48.253Z
Sai Angels Scholol,S,4.7,3 Ratings,"Km Road Sirgapura, Chikmagalur",,,Computer Training Institutes; Computer Hardware Training Institutes,false,true,false,false,false,Computer Training Institutes,,Chikkamagaluru,2025-06-02T10:35:48.253Z
S J Computer Coaching Centre,S,3.2,4 Ratings,"Chickmagaluru Uppalli, Chikmagalur",,,Computer Training Institutes,true,true,false,false,false,Computer Training Institutes,,Chikkamagaluru,2025-06-02T10:35:48.254Z
Manipal Institute Of Computer Education,M,4.0,3 Ratings,"Bharathi St Sringeri, Sringeri",,,Computer Training Institutes; MS Excel Training Institutes,true,true,false,false,false,Computer Training Institutes,,Chikkamagaluru,2025-06-02T10:35:48.254Z
Sri Bhyaveshwara Computer Education,+,3.8,3 Ratings,"Jawal Kalasapura Chikmagalur, Chikmagalur",,,Accounting Training Institutes; Computer Training Institutes,true,true,false,false,false,Computer Training Institutes,,Chikkamagaluru,2025-06-02T10:35:48.254Z
Sdm Computers,+,5.0,2 Ratings,"Mg Road Chikmagalur, Chikmagalur",,,Computer Training Institutes; Computer Dealers,true,true,false,false,false,Computer Training Institutes,,Chikkamagaluru,2025-06-02T10:35:48.254Z
Venus Computer Center,V,5.0,2 Ratings,"Marg Road Shivani, Chikmagalur",,,Computer Training Institutes,true,true,false,false,false,Computer Training Institutes,,Chikkamagaluru,2025-06-02T10:35:48.254Z
BALC Computer Institution,B,5.0,2 Ratings,"Mallandur Road, Chikmagalur",,,2D Animation Training Institutes; Computer Training Institutes,false,true,false,false,true,Computer Training Institutes,,Chikkamagaluru,2025-06-02T10:35:48.254Z
Sri Mobiles,+,5.0,2 Ratings,"N H 206 Birur Chikmagalur, Chikmagalur",,,Hardware Networking Training Institutes; Computer Training Institutes,true,true,false,false,true,Computer Training Institutes,,Chikkamagaluru,2025-06-02T10:35:48.254Z
Shiva Infotech I T Computer Training Academy,+,5.0,2 Ratings,"BIRUR TOWN, Chikmagalur",,,Computer Training Institutes; Computer Training Institutes For Can,true,true,false,false,false,Computer Training Institutes,,Chikkamagaluru,2025-06-02T10:35:48.254Z
Shiva Infotech I T Computer Training Academy,+,5.0,2 Ratings,"New  Ajjampura Road Birur Rural, Chikmagalur",,,Computer Training Institutes; Tally Training Institutes,true,true,false,false,false,Computer Training Institutes,,Chikkamagaluru,2025-06-02T10:35:48.254Z
Malnad It Computer Education Center,M,4.7,2 Ratings,"Bs Road Tarikere, Chikmagalur",,,Computer Training Institutes; MS Excel Training Institutes,true,true,false,false,false,Computer Training Institutes,,Chikkamagaluru,2025-06-02T10:35:48.254Z
Bayspro Instute Of Interior And Art Designing,B,4.5,2 Ratings,"Arasu Complex Km Road, Chikmagalur",,,Accounting Training Institutes; Computer Training Institutes,true,true,false,false,true,Computer Training Institutes,,Chikkamagaluru,2025-06-02T10:35:48.254Z
Bright Institute Of Information Sciences,+,4.5,2 Ratings,"Barlane Road Mallandur Road, Chikmagalur",,,Computer Training Institutes; Cyber Cafes,true,true,false,false,false,Computer Training Institutes,,Chikkamagaluru,2025-06-02T10:35:48.254Z
Shivu I.T Infotech,S,4.5,2 Ratings,"Station Road Birur Chikmagalur, Chikmagalur",,,Computer Training Institutes; Educational Board Game Dealers,false,true,false,false,false,Computer Training Institutes,,Chikkamagaluru,2025-06-02T10:35:48.254Z
Keonics Yuva.com Sumukh Infotech,K,4.0,2 Ratings,"Basaveshwara Street Tarikere, Chikmagalur",,,Computer Training Institutes; Computer Software Training Institutes,true,true,false,false,false,Computer Training Institutes,,Chikkamagaluru,2025-06-02T10:35:48.254Z
Shravani Computer Education Center,S,4.0,2 Ratings,"Pete Road Ajjampura, Chikmagalur",,,Computer Training Institutes; Tally Training Institutes,true,true,false,false,false,Computer Training Institutes,,Chikkamagaluru,2025-06-02T10:35:48.254Z
Mice Computers,M,4.0,2 Ratings,"Tarikere, Chikmagalur",,,Computer Training Institutes,true,true,false,false,false,Computer Training Institutes,,Chikkamagaluru,2025-06-02T10:35:48.254Z
SBH Infotech,S,4.0,2 Ratings,"Kadur, Chikmagalur",,,Computer Training Institutes,true,true,false,false,false,Computer Training Institutes,,Chikkamagaluru,2025-06-02T10:35:48.255Z
Sri sai academy,S,5.0,1 Ratings,"Mg  Road MG Road Chikmagalur, Chikmagalur",,,Tutorials For Sslc English; Tutorials,true,true,false,false,true,Computer Training Institutes,,Chikkamagaluru,2025-06-02T10:35:48.255Z
Dtdc Courier Service,<,4.3,104 Ratings,"K M ROAD Km Road, Chikmagalur",,,Door to Door,true,true,false,true,true,Courier Services,,Chikkamagaluru,2025-06-02T10:37:00.241Z
Gati Transportation Service,<,5.0,2 Ratings,"60 Feet Road Mallandur Road, Chikmagalur",,,Courier Services; Transporters,true,true,false,false,true,Courier Services,,Chikkamagaluru,2025-06-02T10:37:00.241Z
Shree Renukha Devi Transport,<,3.8,17 Ratings,"Extension Ring Road, Hassan",,08792261100,Commercial Courier; Corporate Courier; Ecommerce Courier,true,true,false,false,false,Courier Services,,Chikkamagaluru,2025-06-02T10:37:00.241Z
Sri Ganapathy Transport and Traveling Agency,<,4.5,19 Ratings,"Palayam Kalappa Naicken Palayam, Coimbatore",,08123376960,Courier Services; Transporters,true,true,false,true,true,Courier Services,,Chikkamagaluru,2025-06-02T10:37:00.242Z
Fastmove Courier,<,4.7,3 Ratings,"Kurudusonnenahalli, Bangalore",,08105091177,Corporate Courier; Ecommerce Courier; Cargo Service,true,true,false,false,true,Courier Services,,Chikkamagaluru,2025-06-02T10:37:00.242Z
Apeksha Logistics Pvt Ltd,<,4.5,1 Ratings,"Main Road Singahalli, Bangalore",,07041967715,Cargo Service; Domestic Courier; Urgent Shipment Delivery,true,true,false,false,true,Courier Services,,Chikkamagaluru,2025-06-02T10:37:00.242Z
Sky Land Xpress Cargo,<,4.0,44 Ratings,"KPN Colony Union Mill Road, Tirupur",,,,true,true,false,true,false,Courier Services,,Chikkamagaluru,2025-06-02T10:37:00.243Z
Alleppey Parcel Service L L P,<,4.0,74 Ratings,"Vazhichery Ward Court Road, Alappuzha",,,Commercial Courier; Corporate Courier; Ecommerce Courier,true,true,false,true,true,Courier Services,,Chikkamagaluru,2025-06-02T10:37:00.243Z
Urbx Worldwide,<,4.7,74 Ratings,"Cochin Special Economic Zone, Ernakulam",,08401097476,International Courier; Cargo Service; Domestic Courier,true,true,false,false,true,Courier Services,,Chikkamagaluru,2025-06-02T10:37:00.244Z
Xpress INDIA,<,4.2,399 Ratings,"Street Industrial Colony Trichy, Trichy",,07383608407,Cargo Service; Trucks On Rent; Bulk Courier,true,true,false,false,true,Courier Services,,Chikkamagaluru,2025-06-02T10:37:00.244Z
Fastmove Courier & Cargo Services,F,5.0,2 Ratings,"MD Farm Road Kanajiguda, Hyderabad",,08733880985,Corporate Courier; Bulk Courier; Speed Post,true,true,false,false,true,Courier Services,,Chikkamagaluru,2025-06-02T10:37:00.244Z
Aastik Maharaj Trader,+,5.0,1 Ratings,"Kukatpally Kukatpally, Hyderabad",,07411644350,,true,true,false,false,false,Courier Services,,Chikkamagaluru,2025-06-02T10:37:00.244Z
Speedman Express,+,3.9,81 Ratings,"Chira Bazar-Kalbadevi, Mumbai",,08128897011,Ecommerce Courier; Domestic Courier; Bulk Courier,true,true,false,true,false,Courier Services,,Chikkamagaluru,2025-06-02T10:37:00.245Z
South Indian Transport Company,+,3.7,13 Ratings,"Mankoli Road Bhiwandi City, Bhiwandi",,07041943753,Door to Door,true,true,false,false,false,Courier Services,,Chikkamagaluru,2025-06-02T10:37:00.245Z
Vrltransport Services,+,3.6,10 Ratings,"Masjid Bunder, Mumbai",,09980763661,Electronic,true,true,false,false,true,Courier Services,,Chikkamagaluru,2025-06-02T10:37:00.245Z
Shubhaam Logistics Services,S,5.0,1 Ratings,"Swadeshi Mill Road Sion, Mumbai",,09606413539,Cargo Service,true,true,false,true,true,Courier Services,,Chikkamagaluru,2025-06-02T10:37:00.245Z
Fastmove Courier & Cargo Services,+,4.2,9 Ratings,"Sainaka Andheri East, Mumbai",,08123380727,Commercial Courier; Cargo Service; Corporate Courier,true,true,false,false,true,Courier Services,,Chikkamagaluru,2025-06-02T10:37:00.246Z
Fastmove Courier & Cargo Services,F,3.5,2 Ratings,"Transport Nagar-Nigdi, Pune",,07041651674,Ecommerce Courier; Bulk Courier; Cargo Service,true,true,false,false,false,Courier Services,,Chikkamagaluru,2025-06-02T10:37:00.246Z
Jpg Logistics,J,4.5,8 Ratings,"SOUTH BAGHSEWANIYA Amrai Parisar, Bhopal",,08460300399,Cargo Service; Domestic Courier,true,true,false,false,true,Courier Services,,Chikkamagaluru,2025-06-02T10:37:00.246Z
Associated Logistics Corporation Of INDIA,+,4.1,185 Ratings,"Sector - C Sonagiri Indrapuri, Bhopal",,08460280113,Bulk Courier; Domestic Courier; Corporate Courier,true,true,false,true,true,Courier Services,,Chikkamagaluru,2025-06-02T10:37:00.246Z
Mirai Logistics India Private Limited,+,3.5,279 Ratings,"Kesarwani College Garha Phatak, Jabalpur",,08511256279,International Courier; All India; Cargo Service,true,true,false,false,true,Courier Services,,Chikkamagaluru,2025-06-02T10:37:00.246Z
Bajrang Roadlines,+,4.5,12 Ratings,"Etaura Rewa Super Bazar, Rewa",,08401896025,Door to Door,true,true,false,false,true,Courier Services,,Chikkamagaluru,2025-06-02T10:37:00.247Z
Engineers Parcel,+,4.2,21 Ratings,"I2H Building IIT ISM Hirapur, Dhanbad",,08971740245,Courier Services; Packers And Movers,true,true,false,false,true,Courier Services,,Chikkamagaluru,2025-06-02T10:37:00.247Z
India Door to Door Cargo Services,I,3.1,10 Ratings,"SSB Camp Rangamati, Ranchi",,08460507650,Cargo Service; Domestic Courier; Air Courier,true,true,false,false,false,Courier Services,,Chikkamagaluru,2025-06-02T10:37:00.247Z
Fastmove Courier & Cargo Services,+,4.2,51 Ratings,"Road No. 5K Kishoreganj Chowk, Ranchi",,08197493875,Door to Door,true,true,false,false,true,Courier Services,,Chikkamagaluru,2025-06-02T10:37:00.247Z
Door to Door All India Service,+,5.0,4 Ratings,"Bhumi Link Road Link Road, Mathura",,08460406701,Domestic Courier; Air Courier,true,true,false,false,false,Courier Services,,Chikkamagaluru,2025-06-02T10:37:00.247Z
Om Sai Angdiya,O,4.3,20 Ratings,"Hana Ansari Road Darya Ganj, Delhi",,07383240726,,true,true,false,true,true,Courier Services,,Chikkamagaluru,2025-06-02T10:37:00.247Z
Digital Cargo,D,4.1,16 Ratings,"5 Kaushik Enclave Burari, Delhi",,08792663371,Bulk Courier; Commercial Courier; Corporate Courier,true,true,false,false,false,Courier Services,,Chikkamagaluru,2025-06-02T10:37:00.247Z
Transxpress World Wide,T,3.6,14 Ratings,"Janakpuri B Block, Delhi",,08511712179,Cargo Service,true,true,false,false,false,Courier Services,,Chikkamagaluru,2025-06-02T10:37:00.247Z
Pooja Logistic,+,4.0,8 Ratings,"Kiran Garden-uttam Nagar, Delhi",,07411590145,Commercial Courier; Domestic Courier; Corporate Courier,true,true,false,false,false,Courier Services,,Chikkamagaluru,2025-06-02T10:37:00.247Z
Paan India Door 2 Door Cargo Service,+,4.0,115 Ratings,"Gali No-9 Uttam Nagar, Delhi",,09845437538,International Courier; Cargo Service; Domestic Courier,true,true,false,true,true,Courier Services,,Chikkamagaluru,2025-06-02T10:37:00.248Z
Prime Transport Solution,P,4.1,11 Ratings,"Chandan Hola Chatarpur Noida, Noida",,08460506360,24X7 Customer Care; Door to Door,true,true,false,false,true,Courier Services,,Chikkamagaluru,2025-06-02T10:37:00.248Z
Mahadev Courier Cargo Services,M,4.7,3 Ratings,"Behind Metro Kashmere Gate, Delhi",,08050623191,Cargo Service; Domestic Courier; Bulk Courier,true,true,false,false,true,Courier Services,,Chikkamagaluru,2025-06-02T10:37:00.248Z
Priority Premium Courier Services,+,5.0,4 Ratings,"GALI RAJA KEDARNATH Chawri Bazar, Delhi",,08401398590,,true,true,false,false,true,Courier Services,,Chikkamagaluru,2025-06-02T10:37:00.248Z
Dr Courier Express Pvt. Ltd.,+,3.5,20 Ratings,"Main Vasant Kunj Road Mahipalpur, Delhi",,08460567203,Government Verified; Door to Door,true,true,false,false,false,Courier Services,,Chikkamagaluru,2025-06-02T10:37:00.248Z
Swiftline Cargo & Express Logistics Pvt. Ltd,S,5.0,16 Ratings,"Uttam Nagar Rewari Bypass Road, Rewari",,08511338696,Government Verified; 24X7 Customer Care; Door to Door,true,true,false,false,true,Courier Services,,Chikkamagaluru,2025-06-02T10:37:00.248Z
Fastmove Logistics,+,4.3,33 Ratings,"Baguipara Baguiati, Kolkata",,07405327680,Door to Door,true,true,false,false,true,Courier Services,,Chikkamagaluru,2025-06-02T10:37:00.248Z
Omshiv Express Courier Cargo,O,3.5,14 Ratings,"Office A1 Khengrapatti, Kolkata",,07041477183,24X7 Customer Care; Door to Door,true,true,false,false,false,Courier Services,,Chikkamagaluru,2025-06-02T10:37:00.248Z
Fastmove Courier & Cargo Services,+,4.0,51 Ratings,"NH 30 Adarsh Colony Road, Patna",,09980741983,Commercial Courier; Corporate Courier; Ecommerce Courier,true,true,false,false,true,Courier Services,,Chikkamagaluru,2025-06-02T10:37:00.248Z
Express India Logistic,E,4.5,13 Ratings,"Khajuri Khas, Delhi",,08460270918,,true,true,false,false,true,Courier Services,,Chikkamagaluru,2025-06-02T10:37:00.249Z
Gati Cargo Packer and Mover,+,4.8,4 Ratings,"Najafgarh, Delhi",,09008921591,Domestic Courier; Air Cargo; Air Courier,true,true,false,false,true,Courier Services,,Chikkamagaluru,2025-06-02T10:37:00.249Z
Shakti Transport Company,S,4.3,9 Ratings,"Gorakhpur Road Deoria Sadar, Deoria",,08460434045,All India; Within City,true,true,false,false,true,Courier Services,,Chikkamagaluru,2025-06-02T10:37:00.249Z
DHL Express Courier,D,4.8,178 Ratings,"Gt Road Anand Avenue, Amritsar",,06366535081,Door to Door,true,true,false,false,true,Courier Services,,Chikkamagaluru,2025-06-02T10:37:00.249Z
Door 2 Door Cargo Service,+,4.0,69 Ratings,"Poonch Road Akhnoor, Jammu",,09035020896,Door to Door,true,true,false,false,true,Courier Services,,Chikkamagaluru,2025-06-02T10:37:00.249Z
Deekins Travel Solutions Pvt Ltd,D,4.0,11 Ratings,"Jammu and Kashmir Horzey, Leh Ladakh",,09606165447,Cargo Service; Domestic Courier; Bulk Courier,true,true,false,false,false,Courier Services,,Chikkamagaluru,2025-06-02T10:37:00.249Z
The Professional Couriers,+,3.7,391 Ratings,"Mg Road Chikmagalur, Chikmagalur",,,International Courier; Domestic Courier; Corporate Courier,true,true,false,false,false,Courier Services,,Chikkamagaluru,2025-06-02T10:37:00.249Z
VRL Logistics Ltd,+,3.7,348 Ratings,"Jayanagar Road Km Road, Chikmagalur",,,Cargo Service; Domestic Courier; International Courier,true,true,false,false,false,Courier Services,,Chikkamagaluru,2025-06-02T10:37:00.249Z
Cauvery Travels,C,4.3,162 Ratings,"Mathais Tower Indira Gandhi Road, Chikmagalur",,,Domestic Courier; Bulk Courier; Corporate Courier,true,true,false,false,true,Courier Services,,Chikkamagaluru,2025-06-02T10:37:00.250Z
The Professional Couriers,+,4.3,135 Ratings,"M G Road Mudigere, Chikmagalur",,,International Courier; Domestic Courier; Corporate Courier,true,true,false,false,true,Courier Services,,Chikkamagaluru,2025-06-02T10:37:00.250Z
Computer Kingdom,<,4.2,187 Ratings,"I G Road Chikmagalur Ho, Chikmagalur",,08401715607,Assembled Computer Dealers; Computer Repair & Services,true,true,false,false,true,Laptop Repair & Services,,Chikkamagaluru,2025-06-02T10:38:13.726Z
Computer Care,<,5.0,3 Ratings,"Road Jyothinagar Chikmagalur, Chikmagalur",,09980122977,Computer Repair; Computer Accessory Repair; Computer AMC,true,true,false,false,true,Laptop Repair & Services,,Chikkamagaluru,2025-06-02T10:38:13.726Z
HP Technologies,<,4.0,1 Ratings,"Lakshmish Nagar Kadur, Chikmagalur",,,Computer Repair & Services; Laptop Repair & Services,true,true,false,false,false,Laptop Repair & Services,,Chikkamagaluru,2025-06-02T10:38:13.726Z
Srikamala Computers,<,4.8,40 Ratings,"Harihara Street Sringeri, Sringeri",,,Laptop Repair & Services-HP; Computer Repair & Services,true,true,false,false,true,Laptop Repair & Services,,Chikkamagaluru,2025-06-02T10:38:13.726Z
Rd Tech Fix,<,4.9,33 Ratings,"Nehru Road Chikmagalur City, Chikmagalur",,,Laptop Repair & Services; Mobile Phone Repair & Services,true,true,false,false,true,Laptop Repair & Services,,Chikkamagaluru,2025-06-02T10:38:13.727Z
Smiley Technologies,<,4.3,23 Ratings,"Vijayapuram Chikmagalur, Chikmagalur",,,Computer Repair & Services; Laptop Repair & Services,true,true,false,true,true,Laptop Repair & Services,,Chikkamagaluru,2025-06-02T10:38:13.727Z
SRS Computer World,<,4.5,21 Ratings,"NH 206 Kadur, Chikmagalur",,,Computer Dealers; Computer Repair & Services,true,true,false,false,true,Laptop Repair & Services,,Chikkamagaluru,2025-06-02T10:38:13.727Z
Online Shoppe,<,3.6,20 Ratings,"Kudremukha Main Road Kalasa, Chikmagalur",,,Company Authorised Dealer,true,true,false,false,false,Laptop Repair & Services,,Chikkamagaluru,2025-06-02T10:38:13.727Z
Sri Lakshmi Computers,<,3.8,18 Ratings,"B H Road Tarikere, Chikmagalur",,,Computer Dealers; Computer Repair & Services,true,true,false,false,false,Laptop Repair & Services,,Chikkamagaluru,2025-06-02T10:38:13.727Z
Global It Solutions,<,4.5,15 Ratings,"Jm Road Mudigere, Chikmagalur",,,CCTV Dealers; Computer Repair & Services,true,true,false,false,true,Laptop Repair & Services,,Chikkamagaluru,2025-06-02T10:38:13.727Z
Raza Services,+,4.8,14 Ratings,"Mudigere, Chikmagalur",,,Company Authorised Dealer,true,true,false,false,true,Laptop Repair & Services,,Chikkamagaluru,2025-06-02T10:38:13.727Z
S L N Technologies,S,4.3,11 Ratings,"Naidu Street, Chikmagalur",,,Computer Repair & Services; Laptop Repair & Services,true,true,false,true,false,Laptop Repair & Services,,Chikkamagaluru,2025-06-02T10:38:13.727Z
E-Zone Systems,+,4.3,7 Ratings,"Kiran Building Rathnagiri Road, Chikmagalur",,,Internet Service Providers; CCTV Installation Services,false,true,false,false,true,Laptop Repair & Services,,Chikkamagaluru,2025-06-02T10:38:13.727Z
B P M Computer,B,3.5,3 Ratings,"TB Road Kadur, Chikmagalur",,,Laptop Repair & Services; Computer Dealers,true,true,false,false,false,Laptop Repair & Services,,Chikkamagaluru,2025-06-02T10:38:13.727Z
A P Computers,+,5.0,2 Ratings,"Kadur Kadur, Chikmagalur",,,Computer Dealers; Laptop Repair & Services,true,true,false,false,true,Laptop Repair & Services,,Chikkamagaluru,2025-06-02T10:38:13.727Z
Wisdom Electronics & Computers,+,4.0,2 Ratings,"Balehonnur Balehonnur, Chikmagalur",,,Laptop Repair & Services; Data Recovery Services,true,true,false,false,false,Laptop Repair & Services,,Chikkamagaluru,2025-06-02T10:38:13.727Z
Sri Vaari Enterprises,S,3.0,2 Ratings,"Road Jyothinagar Chikmagalur, Chikmagalur",,,Computer Dealers; Computer Repair & Services,true,true,false,false,false,Laptop Repair & Services,,Chikkamagaluru,2025-06-02T10:38:13.727Z
Durga Technologies,+,4.5,1 Ratings,"Chikmagalur Ho, Chikmagalur",,,Laptop Chip Level Repair & Services; CCTV Dealers,true,true,false,false,true,Laptop Repair & Services,,Chikkamagaluru,2025-06-02T10:38:13.727Z
Vikasni Info Systems,V,4.5,1 Ratings,"MG Road Chikmagalur, Chikmagalur",,,Computer Repair & Services; CCTV Dealers,true,true,false,false,false,Laptop Repair & Services,,Chikkamagaluru,2025-06-02T10:38:13.727Z
Sri Sai Computers,S,3.0,1 Ratings,"Main Road Sakrepatna Chikmagalur, Chikmagalur",,,Computer Repair & Services; Laptop Repair & Services,true,true,false,false,false,Laptop Repair & Services,,Chikkamagaluru,2025-06-02T10:38:13.727Z
Panchami Mobile (JioMart Digital Partner),P,3.0,1 Ratings,"Main Road Belur, Belur",,,Computer Repair & Services; Laptop Repair & Services,true,true,false,false,false,Laptop Repair & Services,,Chikkamagaluru,2025-06-02T10:38:13.727Z
Malnad Info Systems,+,4.9,9 Ratings,"Road Sakleshpur Market Road, Sakleshpur",,,Computer Dealers; Computer Repair & Services,true,true,false,false,false,Laptop Repair & Services,,Chikkamagaluru,2025-06-02T10:38:13.727Z
Spensa Integrated Enterprise Resource,+,4.4,4 Ratings,"Road Sakleshpur Market Road, Sakleshpur",,,CCTV Installation Services-Hikvision; CCTV Dealers,true,true,false,false,true,Laptop Repair & Services,,Chikkamagaluru,2025-06-02T10:38:13.727Z
Lakshmi Computers,L,4.5,4 Ratings,"S P Road Sakleshpur Market Road, Sakleshpur",,,Computer Repair & Services; Laptop Repair & Services,true,true,false,false,true,Laptop Repair & Services,,Chikkamagaluru,2025-06-02T10:38:13.727Z
Active Technocare,A,2.5,6 Ratings,Hassan,,,Computer Repair & Services; Laptop Repair & Services,false,true,false,false,false,Laptop Repair & Services,,Chikkamagaluru,2025-06-02T10:38:13.727Z
Hasanaamba Computer Service Cc Tv Instaltion Service,+,4.8,10 Ratings,"Bus Stand Opposite Road Bm Road, Hassan",,09725282521,CCTV Dealers-Hikvision; CCTV Dealers,true,true,false,false,true,Laptop Repair & Services,,Chikkamagaluru,2025-06-02T10:38:13.727Z
Adishwar Computers,+,3.8,3 Ratings,"Vidhyuth Nagar Salagame Road, Hassan",,,Computer Repair & Services; Laptop Repair & Services,true,true,false,false,false,Laptop Repair & Services,,Chikkamagaluru,2025-06-02T10:38:13.727Z
Hsp Computers,+,4.6,136 Ratings,"Salagame Road, Hassan",,,Computer Repair & Services-Dell; Computer Repair & Services,true,true,false,false,true,Laptop Repair & Services,,Chikkamagaluru,2025-06-02T10:38:13.727Z
CK Infotech & Home Care,+,5.0,2 Ratings,"Salagame Road, Hassan",,,CCTV Dealers; CCTV Installation Services,true,true,false,false,true,Laptop Repair & Services,,Chikkamagaluru,2025-06-02T10:38:13.728Z
SVP IT Care,+,3.9,8 Ratings,"B H Road Hassan HO, Hassan",,,Computer Printer Dealers-EPSON; Computer Repair & Services,true,true,false,false,false,Laptop Repair & Services,,Chikkamagaluru,2025-06-02T10:38:13.728Z
R J Enterprises,+,4.4,30 Ratings,"R C Ro Hassan Ho, Hassan",,08734089585,Computer Dealers; Computer Repair & Services,true,true,false,true,true,Laptop Repair & Services,,Chikkamagaluru,2025-06-02T10:38:13.728Z
Hassan It Solutions,+,4.7,21 Ratings,"Belur Road Thanniruhalla, Hassan",,,CCTV Dealers; Computer Repair & Services,true,true,false,false,true,Laptop Repair & Services,,Chikkamagaluru,2025-06-02T10:38:13.728Z
HP Service Center,H,4.1,11 Ratings,"Rangoli Halla Salagame Road, Hassan",,,Computer Repair & Services-HP; Computer Repair & Services,false,true,false,false,true,Laptop Repair & Services,,Chikkamagaluru,2025-06-02T10:38:13.728Z
V Computers & Smis,+,4.7,3 Ratings,"Salagame Road Salagame Road, Hassan",,,Wifi Internet,true,true,false,true,true,Laptop Repair & Services,,Chikkamagaluru,2025-06-02T10:38:13.728Z
Cn Computers,+,4.6,16 Ratings,"Adlimane Road Hemavathinagar, Hassan",,,CCTV Dealers; Computer Repair & Services,true,true,false,false,true,Laptop Repair & Services,,Chikkamagaluru,2025-06-02T10:38:13.728Z
S S COMPUTERS,+,4.7,572 Ratings,"Basadi Road Doddabasti Road, Hassan",,,Laptop Dealers-HP; Electronic Goods Showrooms,true,true,false,false,true,Laptop Repair & Services,,Chikkamagaluru,2025-06-02T10:38:13.728Z
Hp World,H,4.7,277 Ratings,"Aralikatte Circle Salagame Road, Hassan",,,Laptop Dealers; Computer Repair & Services,true,true,false,false,true,Laptop Repair & Services,,Chikkamagaluru,2025-06-02T10:38:13.728Z
M M Computers,+,4.8,13 Ratings,"Hosline Road Pension Mohalla, Hassan",,,Computer Repair & Services; Laptop Repair & Services,true,true,false,false,true,Laptop Repair & Services,,Chikkamagaluru,2025-06-02T10:38:13.728Z
Ark Compo Tech,+,5.0,4 Ratings,"Saraswathipuram Salagame Road, Hassan",,,CCTV Repair & Services; CCTV Dealers,true,true,false,true,false,Laptop Repair & Services,,Chikkamagaluru,2025-06-02T10:38:13.728Z
Malnad Info System,+,4.0,213 Ratings,"Salagame Road, Hassan",,08460433495,Computer Dealers; CCTV Dealers,true,true,false,false,true,Laptop Repair & Services,,Chikkamagaluru,2025-06-02T10:38:13.728Z
J P Computers,+,4.5,14 Ratings,"Harali Katte Hassan City Market, Hassan",,,Company Authorised Dealer,true,true,false,false,true,Laptop Repair & Services,,Chikkamagaluru,2025-06-02T10:38:13.728Z
Visual Group,+,4.5,1 Ratings,"Salagame Road, Hassan",,,Computer Repair & Services; Laptop Repair & Services,true,true,false,false,false,Laptop Repair & Services,,Chikkamagaluru,2025-06-02T10:38:13.728Z
Pc Technology,+,4.7,19 Ratings,"Hassan City, Hassan",,,Computer Dealers; Computer Repair & Services,true,true,false,false,false,Laptop Repair & Services,,Chikkamagaluru,2025-06-02T10:38:13.728Z
Maha Electronics Pvt Ltd,M,5.0,2 Ratings,"Northern Extn Salagame Road, Hassan",,,Computer Printer Repair & Services-HP; Laptop Repair & Services,true,true,false,false,false,Laptop Repair & Services,,Chikkamagaluru,2025-06-02T10:38:13.728Z
A M Computers,+,5.0,1 Ratings,"Hosline Road Hassan Ho, Hassan",,,CCTV Dealers; CCTV Installation Services,true,true,false,false,true,Laptop Repair & Services,,Chikkamagaluru,2025-06-02T10:38:13.728Z
S S Infotech,S,5.0,3 Ratings,"Sahyadri Circle Salagame Road, Hassan",,,Computer Repair & Services; Laptop Repair & Services,true,true,false,false,false,Laptop Repair & Services,,Chikkamagaluru,2025-06-02T10:38:13.728Z
Sri Vinayaka Computers,+,4.0,1 Ratings,"Aralikatte Road Salagame Road, Hassan",,,Computer Hardware Repair & Services; Computer Repair & Services,true,true,false,false,false,Laptop Repair & Services,,Chikkamagaluru,2025-06-02T10:38:13.728Z
BINARY ONE. Hassan.,+,4.6,27 Ratings,"Park Road Maharaj Park Road, Hassan",,,Computer Dealers; Computer Repair & Services,true,true,false,false,false,Laptop Repair & Services,,Chikkamagaluru,2025-06-02T10:38:13.728Z
Tvs Electronics Pvt Ltd,+,3.0,88 Ratings,"Salagame Road, Hassan",,,Computer Repair & Services; Laptop Repair & Services,true,true,false,false,false,Laptop Repair & Services,,Chikkamagaluru,2025-06-02T10:38:13.728Z
Downforce Autoworks,<,4.2,46 Ratings,"Nagara Jyothi Nagar Chikmagalur, Chikmagalur",,08460446208,Company Authorised Dealer,true,true,false,true,true,Car Repair & Services,,Chikkamagaluru,2025-06-02T10:39:16.814Z
18 Car Care,<,5.0,37 Ratings,"Home Road Chikmagalur Fort, Chikmagalur",,07383040626,Car Repair & Services; Garages,true,true,false,false,true,Car Repair & Services,,Chikkamagaluru,2025-06-02T10:39:16.815Z
Swarna Motors,<,4.8,21 Ratings,"N R Pura Road Balehonnur, Chikmagalur",,08460551227,Towing Services,true,true,false,true,true,Car Repair & Services,,Chikkamagaluru,2025-06-02T10:39:16.815Z
Sri Deviramma Automotive,<,5.0,16 Ratings,"Road Belur Road Chikmagalur, Chikmagalur",,08511656325,Four Wheeler Repair & Services; Car Repair & Services,true,true,false,false,true,Car Repair & Services,,Chikkamagaluru,2025-06-02T10:39:16.815Z
Fairoz Towing Service & Car Works,<,3.9,42 Ratings,"Bangalore Shimoga Road Kadur, Chikmagalur",,07383069030,Towing Services,true,true,false,true,false,Car Repair & Services,,Chikkamagaluru,2025-06-02T10:39:16.816Z
Infinity Body Shop,<,5.0,12 Ratings,"Uppalli 3rd Cross Mallandur Road, Chikmagalur",,08460548225,DoorStep Service,true,true,false,true,true,Car Repair & Services,,Chikkamagaluru,2025-06-02T10:39:16.816Z
Jagadish Auto Works,<,4.8,6 Ratings,"Oppo Abc Coffe Km Road, Chikmagalur",,,Car Repair & Services; Garages,true,true,false,false,true,Car Repair & Services,,Chikkamagaluru,2025-06-02T10:39:16.816Z
Drive Green Engine Carbon Clean,<,5.0,11 Ratings,"Kollapurdamma Chikmagalur Fort, Chikmagalur",,09606404435,Delivery Available,true,true,false,false,true,Car Repair & Services,,Chikkamagaluru,2025-06-02T10:39:16.816Z
Friends Autoworks,<,4.5,4 Ratings,"Mudigere Road Aldur Chikmagalur, Chikmagalur",,,Car Repair & Services; Car Painting Services,true,true,false,false,true,Car Repair & Services,,Chikkamagaluru,2025-06-02T10:39:16.817Z
Rizwan Car Garage and Towing Service,<,5.0,1 Ratings,"BH Road Kadur, Chikmagalur",,,,true,true,false,false,true,Car Repair & Services,,Chikkamagaluru,2025-06-02T10:39:16.817Z
Durga Automotive,+,4.3,56 Ratings,"Indavara Village Uppalli, Chikmagalur",,,Company Authorised Dealer,true,true,false,true,true,Car Repair & Services,,Chikkamagaluru,2025-06-02T10:39:16.818Z
Aleem Pasha M G H Motors,+,4.8,20 Ratings,"Room 3rd Left Mallandur Road, Chikmagalur",,,Body Shop; Oil Change; 24 Hours Towing Services,true,true,false,false,true,Car Repair & Services,,Chikkamagaluru,2025-06-02T10:39:16.818Z
INDIAN CAR REPAIRS AND SERVICES,+,4.8,11 Ratings,"60 Feet Road Mallandur Road, Chikmagalur",,,DoorStep Service; Breakdown Support Over Phone,true,true,false,false,true,Car Repair & Services,,Chikkamagaluru,2025-06-02T10:39:16.818Z
Rr Car Care,+,5.0,1 Ratings,"K M Road Adarsha Nagara, Chikmagalur",,,Car Repair & Services; Car Painting Services,true,true,false,false,true,Car Repair & Services,,Chikkamagaluru,2025-06-02T10:39:16.818Z
Calibar Motors,+,4.8,5 Ratings,"Km Road Adarsha Nagara, Chikmagalur",,,Towing Services; Breakdown Support Over Phone; On-site Repair,true,true,false,false,true,Car Repair & Services,,Chikkamagaluru,2025-06-02T10:39:16.818Z
Maruti Service Centre,+,4.4,9 Ratings,"BH Road Tarikere, Chikmagalur",,,Company Authorised Dealer; On-site Repair,true,true,false,false,true,Car Repair & Services,,Chikkamagaluru,2025-06-02T10:39:16.818Z
Motomasters,+,5.0,9 Ratings,"Uppalli, Chikmagalur",,,Car Repair & Services; Car Painting Services,true,true,false,false,true,Car Repair & Services,,Chikkamagaluru,2025-06-02T10:39:16.819Z
Rahul Hyundai,+,4.7,877 Ratings,"Vijayapura, Chikmagalur",,,Car Repair & Services; Car Dealers,true,true,false,false,true,Car Repair & Services,,Chikkamagaluru,2025-06-02T10:39:16.819Z
Rahul Hyundai Service,R,4.8,525 Ratings,"Mallandur Road Indavara, Chikmagalur",,,On Site Services; Oil Change,true,true,false,false,true,Car Repair & Services,,Chikkamagaluru,2025-06-02T10:39:16.819Z
Karnataka Agencies,K,4.6,514 Ratings,"Clinic Belur Road Chikmagalur, Chikmagalur",,,Car Repair & Services; Car Dealers-Mahindra,true,true,false,false,true,Car Repair & Services,,Chikkamagaluru,2025-06-02T10:39:16.819Z
Nadeem Car Repair And Service,+,4.6,212 Ratings,"Salam Masjid Road Mallandur Road, Chikmagalur",,,DoorStep Service; Fuel Delivery; 24x7 Customer Support,true,true,false,false,true,Car Repair & Services,,Chikkamagaluru,2025-06-02T10:39:16.819Z
Karnataka Agencies,+,4.0,237 Ratings,"Km Road, Chikmagalur",,,Company Authorised Dealer,true,true,false,false,true,Car Repair & Services,,Chikkamagaluru,2025-06-02T10:39:16.819Z
Shruti Motors,+,4.0,192 Ratings,"KM Road Adarsha Nagara, Chikmagalur",,,Company Authorised Dealer; Loan Facility; Test Ride Offered,true,true,false,false,true,Car Repair & Services,,Chikkamagaluru,2025-06-02T10:39:16.820Z
Karnataka Agencies,+,4.3,108 Ratings,"1st Mile Stone Kadur, Chikmagalur",,,Company Authorised Dealer; Shop In Store,true,true,false,false,true,Car Repair & Services,,Chikkamagaluru,2025-06-02T10:39:16.820Z
Aamanthrana Motors,+,4.2,89 Ratings,"Km Road, Chikmagalur",,,Car Repair & Services; Tyre Puncture Repair,true,true,false,false,true,Car Repair & Services,,Chikkamagaluru,2025-06-02T10:39:16.820Z
Shreyas Automotive,+,4.3,71 Ratings,"Rampura, Chikmagalur",,,Car Dealers; Car Repair & Services,true,true,false,false,true,Car Repair & Services,,Chikkamagaluru,2025-06-02T10:39:16.820Z
Formula Motors,+,4.6,62 Ratings,"I G Road Chikmagalur HO, Chikmagalur",,,Car Repair & Services; Garages,true,true,false,false,true,Car Repair & Services,,Chikkamagaluru,2025-06-02T10:39:16.820Z
Shubashree Motors,+,4.4,60 Ratings,"Agumbe Road Sringeri, Sringeri",,,Car Repair & Services; Garages,true,true,false,true,true,Car Repair & Services,,Chikkamagaluru,2025-06-02T10:39:16.821Z
City Auto Works,+,4.7,53 Ratings,"Malandur Road Chikmagalur HO, Chikmagalur",,,Automobile Electrical Works; Car Repair & Services,true,true,false,false,true,Car Repair & Services,,Chikkamagaluru,2025-06-02T10:39:16.821Z
Cartune Center ( Chandru Garage),C,4.7,23 Ratings,"Vijayapura Vijayapura, Chikmagalur",,,Car Repair & Services; Tyre Puncture Repair,false,true,false,false,false,Car Repair & Services,,Chikkamagaluru,2025-06-02T10:39:16.821Z
Maruthi Shakthi Motors,+,4.4,23 Ratings,"B H Road Kadur, Chikmagalur",,,Company Authorised Dealer,true,true,false,false,true,Car Repair & Services,,Chikkamagaluru,2025-06-02T10:39:16.821Z
Maruti Suzuki Service Point (Safa Marwa),+,4.8,20 Ratings,"KM Road Kalasa Kalasa, Chikmagalur",,,Car Repair & Services-Maruti Suzuki; Car Repair & Services,true,true,false,false,false,Car Repair & Services,,Chikkamagaluru,2025-06-02T10:39:16.821Z
General Car Care,G,4.0,22 Ratings,"B H Main Road Bh Kaimara, Chikmagalur",,,Car Repair & Services; Tyre Puncture Repair,true,true,false,false,false,Car Repair & Services,,Chikkamagaluru,2025-06-02T10:39:16.821Z
Amanthrana Motors,A,4.6,18 Ratings,"Km Road, Chikmagalur",,,Car Repair & Services; Garages,true,true,false,false,false,Car Repair & Services,,Chikkamagaluru,2025-06-02T10:39:16.821Z
Sri Deviramma Automotive,+,5.0,16 Ratings,"Road Chikmagalur Bus Stand, Chikmagalur",,,Car Repair & Services; Garages,true,true,false,false,true,Car Repair & Services,,Chikkamagaluru,2025-06-02T10:39:16.822Z
Zen Motors,+,5.0,15 Ratings,"Uppalli Main Road Mallandur Road, Chikmagalur",,,Car Repair & Services; Garages,true,true,false,false,false,Car Repair & Services,,Chikkamagaluru,2025-06-02T10:39:16.822Z
Raju Auto Works,R,4.6,16 Ratings,"Mallandur Road Mallandur Road, Chikmagalur",,,Car Repair & Services; Automobile Repair & Services,true,true,false,false,false,Car Repair & Services,,Chikkamagaluru,2025-06-02T10:39:16.822Z
Mujeeb Maruti Service Centre,M,3.8,19 Ratings,"Baragenahalli, Chikmagalur",,,Car Repair & Services; Garages,false,true,false,false,false,Car Repair & Services,,Chikkamagaluru,2025-06-02T10:39:16.822Z
Jagadish Auto Works,+,4.7,15 Ratings,"Jayanagara Jayanagara, Chikmagalur",,,DoorStep Service,false,true,false,false,false,Car Repair & Services,,Chikkamagaluru,2025-06-02T10:39:16.822Z
Sri Annapoorna Motors,+,4.2,16 Ratings,"Sringeri Road Balehonnur, Chikmagalur",,,Car Repair & Services; Car Washing Services,true,true,false,false,false,Car Repair & Services,,Chikkamagaluru,2025-06-02T10:39:16.823Z
Badriya Car Service Point,B,3.4,19 Ratings,"Ganganamakki Mudigere, Chikmagalur",,,Car Repair & Services; Garages,true,true,false,false,false,Car Repair & Services,,Chikkamagaluru,2025-06-02T10:39:16.823Z
I&I Motors Workshop,+,4.0,16 Ratings,"Balehonnurmelpal Road Balehonnur, Chikmagalur",,,Car Repair & Services; Tyre Puncture Repair,true,true,false,false,false,Car Repair & Services,,Chikkamagaluru,2025-06-02T10:39:16.823Z
Bangalore Bike Service,+,4.0,16 Ratings,"BH Road Tarikere, Chikmagalur",,,On-site Repair,true,true,false,false,false,Car Repair & Services,,Chikkamagaluru,2025-06-02T10:39:16.823Z
Car Automotive,+,4.9,11 Ratings,"Kalyan Nagar Kurubarahalli, Chikmagalur",,,Car Repair & Services; Tyre Puncture Repair,true,true,false,false,false,Car Repair & Services,,Chikkamagaluru,2025-06-02T10:39:16.823Z
Shruthi Auto Works,+,4.0,13 Ratings,"K M Road Km Road, Chikmagalur",,,Car Repair & Services; Car Painting Services,true,true,false,false,false,Car Repair & Services,,Chikkamagaluru,2025-06-02T10:39:16.824Z
Bajaj Service Center,B,3.2,16 Ratings,"Kadur Belagur Road Kadur, Chikmagalur",,,Car Repair & Services; Motorcycle Repair & Services,true,true,false,false,false,Car Repair & Services,,Chikkamagaluru,2025-06-02T10:39:16.824Z
Al Badriya Motors,A,4.6,11 Ratings,"Kalasa, Chikmagalur",,,Car Repair & Services-Nissan; Car Repair & Services,true,true,false,false,true,Car Repair & Services,,Chikkamagaluru,2025-06-02T10:39:16.824Z
Sda Crane Services,+,4.4,11 Ratings,"No.829 Adarsha Nagara, Chikmagalur",,,Car Repair & Services; Crane Service Providers,false,true,false,false,false,Car Repair & Services,,Chikkamagaluru,2025-06-02T10:39:16.824Z
Warriors Bullet Service Center,W,4.7,9 Ratings,"K M Road Kadur, Chikmagalur",,,Company Authorised Dealer; Shop In Store; Same Day Delivery,true,true,false,false,false,Car Repair & Services,,Chikkamagaluru,2025-06-02T10:39:16.824Z
Ashraya Hospital,<,4.5,"2,306 Ratings","Ashraya Hospital Naidu Street, Chikmagalur",,,,true,true,false,false,true,Best Dermatologists,,Chikkamagaluru - Book Appointment Online,2025-06-02T10:40:28.868Z
Lakume Salon,<,4.4,366 Ratings,"Harji Road Rathnagiri Road, Chikmagalur",,,,true,true,false,false,true,Best Dermatologists,,Chikkamagaluru - Book Appointment Online,2025-06-02T10:40:28.868Z
Lifeline Clinic and Research Institute,<,4.2,419 Ratings,"Station Road Station Road, Jalgaon",,,,true,true,false,true,true,Best Dermatologists,,Chikkamagaluru - Book Appointment Online,2025-06-02T10:40:28.868Z
Dr. Gillians Clinic,<,4.7,268 Ratings,"Mallandur Road, Chikmagalur",,,,true,true,false,false,true,Best Dermatologists,,Chikkamagaluru - Book Appointment Online,2025-06-02T10:40:28.868Z
Chetana Hospital,<,4.0,168 Ratings,"NH 206 Kadur, Chikmagalur",,,,true,true,false,false,true,Best Dermatologists,,Chikkamagaluru - Book Appointment Online,2025-06-02T10:40:28.868Z
Skinsurg Skin & General Surgery Clinic (Dr. Pratheeksha S),<,4.9,72 Ratings,"Km Road Km Road, Chikmagalur",,,,true,false,false,false,true,Best Dermatologists,,Chikkamagaluru - Book Appointment Online,2025-06-02T10:40:28.868Z
Dr. Gillian Roga,<,4.8,41 Ratings,"Chickmagaluru Mallandur Road, Chikmagalur",,,,true,true,false,false,true,Best Dermatologists,,Chikkamagaluru - Book Appointment Online,2025-06-02T10:40:28.868Z
Dr. Swamys Clinic,<,3.5,47 Ratings,"Gurunatha Circle Chikmagalur Ho, Chikmagalur",,,,true,true,false,false,false,Best Dermatologists,,Chikkamagaluru - Book Appointment Online,2025-06-02T10:40:28.868Z
Dr. Ranjitha ML (Chethana Hospital),<,4.9,14 Ratings,"BH Road Kadur, Chikmagalur",,,,false,true,false,false,true,Best Dermatologists,,Chikkamagaluru - Book Appointment Online,2025-06-02T10:40:28.868Z
Seetha Clinic,<,4.3,15 Ratings,"Mallandur Road, Chikmagalur",,,,true,true,false,false,true,Best Dermatologists,,Chikkamagaluru - Book Appointment Online,2025-06-02T10:40:28.868Z
Dr. Kannaiah B (Akarsh Skin Clinic),D,4.3,14 Ratings,"Naidu Street, Chikmagalur",,,,true,true,false,false,true,Best Dermatologists,,Chikkamagaluru - Book Appointment Online,2025-06-02T10:40:28.868Z
Dr Gillians Advanced Skin Hair Laser Cosmetology Clinic,+,4.6,12 Ratings,"Main Road Mallandur Road, Chikmagalur",,,,true,true,false,false,true,Best Dermatologists,,Chikkamagaluru - Book Appointment Online,2025-06-02T10:40:28.868Z
Dr.Venkatesh N.D.,D,3.1,4 Ratings,"Belavadi Chikmagalur, Chikmagalur",,,,true,true,false,false,false,Best Dermatologists,,Chikkamagaluru - Book Appointment Online,2025-06-02T10:40:28.868Z
Sai Link Networking,S,4.0,3 Ratings,"College Road Belgaum, Chikmagalur",,,,false,true,false,false,false,Best Dermatologists,,Chikkamagaluru - Book Appointment Online,2025-06-02T10:40:28.868Z
Akarsh Skin Clinic,A,4.5,2 Ratings,"Naidu Street Road Naidu Street, Chikmagalur",,,,true,true,false,false,true,Best Dermatologists,,Chikkamagaluru - Book Appointment Online,2025-06-02T10:40:28.868Z
Dr. G N Karthik,D,5.0,2 Ratings,"Near Vijayapuram Chikmagalur, Bangalore",,,,true,true,false,false,true,Best Dermatologists,,Chikkamagaluru - Book Appointment Online,2025-06-02T10:40:28.868Z
Dr. Kumar B R Dhruva,D,4.8,2 Ratings,"Sakaleshpura Donigal, Sakleshpur",,,Aesthetic Dermatology Consultation,true,true,false,false,true,Best Dermatologists,,Chikkamagaluru - Book Appointment Online,2025-06-02T10:40:28.869Z
Dr. Chandra Shekara A G (Chandra Shekara A G),D,3.9,66 Ratings,"Mutt Road Kr Puram Hassan, Hassan",,,Aesthetic Dermatology Consultation,true,true,false,false,false,Best Dermatologists,,Chikkamagaluru - Book Appointment Online,2025-06-02T10:40:28.869Z
Dr. Vinay K N (vinay K N),D,3.6,4 Ratings,"Road Kr Puram Hassan, Hassan",,,Aesthetic Dermatology Consultation,true,true,false,false,false,Best Dermatologists,,Chikkamagaluru - Book Appointment Online,2025-06-02T10:40:28.869Z
Dr. Suresh M R (suresh M R),D,3.3,3 Ratings,"Ravindra Nagar Hassan, Hassan",,,Aesthetic Dermatology Consultation,true,true,false,false,false,Best Dermatologists,,Chikkamagaluru - Book Appointment Online,2025-06-02T10:40:28.869Z
Dr Priyanka Gowda,+,4.8,23 Ratings,"Shankarmutt Road Kr Puram Hassan, Hassan",,07487975446,,true,true,false,true,true,Best Dermatologists,,Chikkamagaluru - Book Appointment Online,2025-06-02T10:40:28.869Z
Nlbc Clinics,+,4.8,29 Ratings,"Aralepete Road Aralepet, Hassan",,,,false,true,false,false,true,Best Dermatologists,,Chikkamagaluru - Book Appointment Online,2025-06-02T10:40:28.869Z
Dr Nayak Vasudev M,D,4.1,19 Ratings,"K R Puram Ravindra Nagar Hassan, Hassan",,,,false,true,false,false,true,Best Dermatologists,,Chikkamagaluru - Book Appointment Online,2025-06-02T10:40:28.869Z
Sahyaadri Multispeciality Hospital,+,4.1,195 Ratings,"RC Road rangoli halla, Hassan",,07383181968,,true,true,false,false,true,Best Dermatologists,,Chikkamagaluru - Book Appointment Online,2025-06-02T10:40:28.869Z
Sparsha Skin Hair and Cosmetology Clinic,+,4.8,596 Ratings,"Kalabhavana Road Salagame Road, Hassan",,,,true,true,false,true,true,Best Dermatologists,,Chikkamagaluru - Book Appointment Online,2025-06-02T10:40:28.869Z
Dr Roopesh Gowda - The Skin Clinic Hassan - Dr Sukruthi Raj,+,4.8,533 Ratings,"Harshamahal Rd. Harshamahal Road, Hassan",,08904958870,Skin Tag; Stretch Marks; Keloid And Scar,true,true,false,true,true,Best Dermatologists,,Chikkamagaluru - Book Appointment Online,2025-06-02T10:40:28.869Z
Aldur Skin & Cosmetic Clinic,A,4.3,3 Ratings,"Rangoli Halla Rangoli Halla, Hassan",,,,false,true,false,false,true,Best Dermatologists,,Chikkamagaluru - Book Appointment Online,2025-06-02T10:40:28.869Z
Dakshyaini Dental and Cosmetic Clinic,+,4.6,14 Ratings,"Koppalu Main Vidya Nagar Hassan, Hassan",,08904894686,,true,true,false,true,true,Best Dermatologists,,Chikkamagaluru - Book Appointment Online,2025-06-02T10:40:28.869Z
Beauty Redefined,+,4.3,43 Ratings,"11th Cross Kr Puram Hassan, Hassan",,08490028375,Pigmentation; Skin Tag; Stretch Marks,true,true,false,false,true,Best Dermatologists,,Chikkamagaluru - Book Appointment Online,2025-06-02T10:40:28.869Z
Dr. Ashok B Skin Specialist (Healthcare Clinics),D,4.9,5 Ratings,"K R Sampige Road Hassan, Hassan",,,,false,true,false,false,true,Best Dermatologists,,Chikkamagaluru - Book Appointment Online,2025-06-02T10:40:28.869Z
kim centre,k,4.3,2 Ratings,"Road Kr Puram Hassan, Hassan",,,,true,true,false,false,true,Best Dermatologists,,Chikkamagaluru - Book Appointment Online,2025-06-02T10:40:28.869Z
Sri Chamarajendra Hospital,+,3.8,115 Ratings,"Race Course Road Hassan, Hassan",,,,true,true,false,false,false,Best Dermatologists,,Chikkamagaluru - Book Appointment Online,2025-06-02T10:40:28.869Z
Twacha Skin & Aesthetic Clinic Laboratory,+,4.0,37 Ratings,"Sampige Road Krishnaraja Pura, Hassan",,09054506052,,true,true,false,false,false,Best Dermatologists,,Chikkamagaluru - Book Appointment Online,2025-06-02T10:40:28.869Z
Dr. Vivekananda Ittigi,D,4.1,25 Ratings,"Sampige Road Sampige Road Hassan, Hassan",,,,true,true,false,false,true,Best Dermatologists,,Chikkamagaluru - Book Appointment Online,2025-06-02T10:40:28.869Z
Dr.Chaithra B M,D,4.0,2 Ratings,"Sampige Road Krishnaraja Pura, Hassan",,,,false,true,false,false,false,Best Dermatologists,,Chikkamagaluru - Book Appointment Online,2025-06-02T10:40:28.869Z
Kaanti Skin and Cosmetic Clinic,K,4.6,18 Ratings,"Shankarmutt Road Kr Puram Hassan, Hassan",,09972833692,,true,true,false,true,true,Best Dermatologists,,Chikkamagaluru - Book Appointment Online,2025-06-02T10:40:28.869Z
Apollo Bgs Hospitals,+,4.2,44 Ratings,"Road Kuvempu Nagar, Hassan",,,,true,false,false,false,true,Best Dermatologists,,Chikkamagaluru - Book Appointment Online,2025-06-02T10:40:28.869Z
Janapriya Hospital,+,4.1,321 Ratings,"Math Road Kr Puram Hassan, Hassan",,07383059057,,true,false,false,true,true,Best Dermatologists,,Chikkamagaluru - Book Appointment Online,2025-06-02T10:40:28.869Z
Rk Skin Care Clinic,R,4.3,6 Ratings,"Road Ravindra Nagar Hassan, Hassan",,,,true,true,false,false,true,Best Dermatologists,,Chikkamagaluru - Book Appointment Online,2025-06-02T10:40:28.869Z
Geetha Skin and Ent Clinic,G,3.8,10 Ratings,"Mutt Road Kr Puram Hassan, Hassan",,,,true,true,false,false,false,Best Dermatologists,,Chikkamagaluru - Book Appointment Online,2025-06-02T10:40:28.869Z
Mangala Hospital,+,3.9,763 Ratings,"K R Puram Sampige Road Hassan, Hassan",,,,true,true,false,false,false,Best Dermatologists,,Chikkamagaluru - Book Appointment Online,2025-06-02T10:40:28.869Z
Dr. Gillian Roga (Mangala Hospital),D,4.5,2 Ratings,"K R Puram Sampige Road Hassan, Hassan",,,,true,true,false,false,true,Best Dermatologists,,Chikkamagaluru - Book Appointment Online,2025-06-02T10:40:28.870Z
Geetha Skin And Ent Clinic,G,4.5,1 Ratings,"Mutt Road Kr Puram Hassan, Hassan",,,,true,true,false,false,true,Best Dermatologists,,Chikkamagaluru - Book Appointment Online,2025-06-02T10:40:28.870Z
Royals Clinic,+,5.0,18 Ratings,"Mysore Hassan Road Bm Road, Hassan",,,,true,true,false,false,true,Best Dermatologists,,Chikkamagaluru - Book Appointment Online,2025-06-02T10:40:28.870Z
Ghanishka Skin Care,G,4.2,5 Ratings,"Sampige Road Bm Road, Hassan",,,,true,true,false,false,true,Best Dermatologists,,Chikkamagaluru - Book Appointment Online,2025-06-02T10:40:28.870Z
Shakthi Mens Parlour,+,5.0,1 Ratings,"Pass Road Channapatna Extension, Hassan",,,,true,true,false,false,true,Best Dermatologists,,Chikkamagaluru - Book Appointment Online,2025-06-02T10:40:28.870Z
Cure And Care Skin Clinic,C,5.0,225 Ratings,"New Bridge Road Bhadravathi, Bhadravathi-Karnataka",,,,true,true,false,false,true,Best Dermatologists,,Chikkamagaluru - Book Appointment Online,2025-06-02T10:40:28.870Z
Dr. Pethkar Kashinath,D,3.0,2 Ratings,"Jewel Rock Road, Bhadravathi-Karnataka",,,,true,true,false,false,false,Best Dermatologists,,Chikkamagaluru - Book Appointment Online,2025-06-02T10:40:28.870Z
Dr. Pethkar Kashinath (Petkar Skin Care Center),D,3.0,2 Ratings,"Jewel Rock Road, Bhadravathi-Karnataka",,,,true,true,false,false,false,Best Dermatologists,,Chikkamagaluru - Book Appointment Online,2025-06-02T10:40:28.870Z
New Dental Clinic,<,5.0,69 Ratings,"Naidu Street Togarihankal Circle, Chikmagalur",,07405601304,,true,true,false,true,true,Best Dentists,,Chikkamagaluru - Book Appointment Online,2025-06-02T10:41:41.815Z
Sri Sai Dental Clinic,<,4.7,30 Ratings,"Mathias Tower Anegere, Chikmagalur",,,,true,true,false,false,true,Best Dentists,,Chikkamagaluru - Book Appointment Online,2025-06-02T10:41:41.816Z
Sri Navajothi Dental Clinic,<,5.0,2 Ratings,"K M Road Kadur, Chikmagalur",,,,true,true,false,false,true,Best Dentists,,Chikkamagaluru - Book Appointment Online,2025-06-02T10:41:41.816Z
Nandi Dental Clinic,<,4.9,30 Ratings,"M G ROAD Mudigere, Chikmagalur",,,,true,true,false,true,true,Best Dentists,,Chikkamagaluru - Book Appointment Online,2025-06-02T10:41:41.817Z
Nethravathi Dental Clinic,<,3.0,2 Ratings,"Road Belur Road Chikmagalur, Chikmagalur",,08147282127,,true,true,false,false,false,Best Dentists,,Chikkamagaluru - Book Appointment Online,2025-06-02T10:41:41.819Z
Smile Dental Care,<,4.8,50 Ratings,"Main Road Chikmagalur HO, Chikmagalur",,,,true,false,false,false,true,Best Dentists,,Chikkamagaluru - Book Appointment Online,2025-06-02T10:41:41.819Z
Sushmitha Dandur Dental Clinic,<,5.0,3 Ratings,"Mehetha Textorium Birur Rural, Chikmagalur",,,,true,true,false,false,true,Best Dentists,,Chikkamagaluru - Book Appointment Online,2025-06-02T10:41:41.819Z
Dr.pulikesh Dental Clinic ( Vijaya Dental),<,4.9,4 Ratings,"I.g Road Chikmagalur HO, Chikmagalur",,,,true,true,false,false,true,Best Dentists,,Chikkamagaluru - Book Appointment Online,2025-06-02T10:41:41.820Z
Sri Navajyothi Dental Clinic,<,4.9,15 Ratings,"Km Road Kadur, Chikmagalur",,,,true,false,false,false,true,Best Dentists,,Chikkamagaluru - Book Appointment Online,2025-06-02T10:41:41.820Z
Ashraya Hospital,<,4.5,"2,306 Ratings","Ashraya Hospital Naidu Street, Chikmagalur",,,,true,true,false,false,true,Best Dentists,,Chikkamagaluru - Book Appointment Online,2025-06-02T10:41:41.820Z
MARUTHI dental clinic,+,4.9,91 Ratings,"Near Panduranga Temple Kadur, Chikmagalur",,,,true,true,false,false,true,Best Dentists,,Chikkamagaluru - Book Appointment Online,2025-06-02T10:41:41.821Z
Basaveshwara Dental Studio,+,4.9,78 Ratings,"Indira Gandhi Road Joythinagar, Chikmagalur",,,,true,false,false,false,true,Best Dentists,,Chikkamagaluru - Book Appointment Online,2025-06-02T10:41:41.821Z
Dr. Harieesha K B,D,4.9,62 Ratings,"Office Road Lakshmishanagara, Chikmagalur",,,,false,true,false,false,true,Best Dentists,,Chikkamagaluru - Book Appointment Online,2025-06-02T10:41:41.821Z
Apollo Bgs Hospitals,A,4.1,58 Ratings,"Road Chikmagalur Ho, Chikmagalur",,,,true,true,false,false,true,Best Dentists,,Chikkamagaluru - Book Appointment Online,2025-06-02T10:41:41.822Z
Endo Smiles Dental Care,E,4.7,49 Ratings,"Joythinagar, Chikmagalur",,,,true,true,false,false,true,Best Dentists,,Chikkamagaluru - Book Appointment Online,2025-06-02T10:41:41.822Z
Apoorva Dental Clinic,A,3.8,51 Ratings,"T B Road Kadur, Chikmagalur",,,,true,true,false,false,false,Best Dentists,,Chikkamagaluru - Book Appointment Online,2025-06-02T10:41:41.822Z
Dr. Khader Dental Specialty Clinic,D,4.1,35 Ratings,"Natanagiri Road Chikmagalur City, Chikmagalur",,,,true,true,false,false,true,Best Dentists,,Chikkamagaluru - Book Appointment Online,2025-06-02T10:41:41.822Z
Malnad Dental Care(Dr Sanman'sSpeciality Dental Care Unit),+,4.3,33 Ratings,"Entrance Hanumanthappa Circle, Chikmagalur",,,,true,false,false,false,true,Best Dentists,,Chikkamagaluru - Book Appointment Online,2025-06-02T10:41:41.823Z
sri sai dental clinic,+,4.8,29 Ratings,"Kelagur Ig Road, Chikmagalur",,,,true,true,false,false,true,Best Dentists,,Chikkamagaluru - Book Appointment Online,2025-06-02T10:41:41.823Z
Sri Sai Dental Clinic,+,4.8,29 Ratings,"Chikmagalur HO, Chikmagalur",,,,true,true,false,false,true,Best Dentists,,Chikkamagaluru - Book Appointment Online,2025-06-02T10:41:41.823Z
Vidya Dental Care,+,4.5,29 Ratings,"Road Chikmagalur District Office, Chikmagalur",,,,true,true,false,false,true,Best Dentists,,Chikkamagaluru - Book Appointment Online,2025-06-02T10:41:41.823Z
Swarna Sai Hi Tech Dentistry,+,4.7,27 Ratings,"Mg Road Chikmagalur, Chikmagalur",,,,true,true,false,false,true,Best Dentists,,Chikkamagaluru - Book Appointment Online,2025-06-02T10:41:41.823Z
Elite Dental Care,+,4.7,25 Ratings,"Chikkamagaluru Vijayapura, Chikmagalur",,,,true,false,false,false,true,Best Dentists,,Chikkamagaluru - Book Appointment Online,2025-06-02T10:41:41.824Z
Sumukha Dental Care,+,4.8,19 Ratings,"Aldur Aldur Chikmagalur, Chikmagalur",,,,true,false,false,false,true,Best Dentists,,Chikkamagaluru - Book Appointment Online,2025-06-02T10:41:41.824Z
MEGHANA DENTAL CLINIC,M,5.0,18 Ratings,"KM Road Km Road, Chikmagalur",,,,true,true,false,false,true,Best Dentists,,Chikkamagaluru - Book Appointment Online,2025-06-02T10:41:41.824Z
Meghana dental clinic,+,5.0,18 Ratings,"K M Road Km Road, Chikmagalur",,,,true,true,false,false,true,Best Dentists,,Chikkamagaluru - Book Appointment Online,2025-06-02T10:41:41.824Z
Samrudhi Dental Clinic,+,5.0,10 Ratings,"T M C Road Kadur, Chikmagalur",,,,true,true,false,false,true,Best Dentists,,Chikkamagaluru - Book Appointment Online,2025-06-02T10:41:41.824Z
Renuka Dantha Clinic,R,4.0,10 Ratings,"T M Road Halepete, Chikmagalur",,,,true,true,false,false,false,Best Dentists,,Chikkamagaluru - Book Appointment Online,2025-06-02T10:41:41.824Z
Kaantha Dental Clinic,+,4.3,9 Ratings,"Narasimharajapura Chikmagalur, Chikmagalur",,,,true,true,false,false,true,Best Dentists,,Chikkamagaluru - Book Appointment Online,2025-06-02T10:41:41.824Z
Dr. Khader B M a,D,4.1,9 Ratings,"Road Mg Road Chikmagalur, Chikmagalur",,,,true,true,false,false,false,Best Dentists,,Chikkamagaluru - Book Appointment Online,2025-06-02T10:41:41.824Z
Qadars Dental Care,Q,4.5,7 Ratings,"Rathnagiri Road, Chikmagalur",,,,true,true,false,false,false,Best Dentists,,Chikkamagaluru - Book Appointment Online,2025-06-02T10:41:41.824Z
Al Shifa Dental Care,A,5.0,6 Ratings,"N R Pura Road Balehonnur, Chikmagalur",,,,true,true,false,false,false,Best Dentists,,Chikkamagaluru - Book Appointment Online,2025-06-02T10:41:41.825Z
Suraksha Dental Care,S,2.9,9 Ratings,"Naidu Street Naidu Street, Chikmagalur",,,,true,true,false,false,false,Best Dentists,,Chikkamagaluru - Book Appointment Online,2025-06-02T10:41:41.825Z
Murali Dental Clinic,M,4.2,6 Ratings,"Km Road Mudigere, Chikmagalur",,,,false,true,false,false,false,Best Dentists,,Chikkamagaluru - Book Appointment Online,2025-06-02T10:41:41.825Z
Siddi Vinayaka Dental Clinic,S,4.6,5 Ratings,"Kurbkeri Circle Bharathi St, Sringeri",,,,false,true,false,false,false,Best Dentists,,Chikkamagaluru - Book Appointment Online,2025-06-02T10:41:41.825Z
Royal Dental Clinic,R,4.6,5 Ratings,"Mallandur Road Vijayapura, Chikmagalur",,,,false,true,false,false,false,Best Dentists,,Chikkamagaluru - Book Appointment Online,2025-06-02T10:41:41.825Z
Sri Venkateshwara dental clinic,S,2.8,6 Ratings,"BH Road Tarikere, Chikmagalur",,,Laser Dentistry; Ceramic Crowns and Bridges Fixing,true,true,false,false,false,Best Dentists,,Chikkamagaluru - Book Appointment Online,2025-06-02T10:41:41.825Z
Ckm Dental Clinic,C,3.0,5 Ratings,"Main Road Vijayapura, Chikmagalur",,,,false,true,false,false,false,Best Dentists,,Chikkamagaluru - Book Appointment Online,2025-06-02T10:41:41.825Z
Dr. Abdur Khadar Bm,D,3.7,3 Ratings,"Chikmagalur District Office, Chikmagalur",,,,false,true,false,false,false,Best Dentists,,Chikkamagaluru - Book Appointment Online,2025-06-02T10:41:41.825Z
Apoorva Dental Health Care,A,2.6,5 Ratings,"U B Road Kadur, Chikmagalur",,,,true,true,false,false,false,Best Dentists,,Chikkamagaluru - Book Appointment Online,2025-06-02T10:41:41.825Z
Dr. Bharat M j,D,2.8,4 Ratings,"Naidu Street, Chikmagalur",,,,true,true,false,false,false,Best Dentists,,Chikkamagaluru - Book Appointment Online,2025-06-02T10:41:41.825Z
Renuka Dental Clinic,R,5.0,2 Ratings,"Narasimharajapura Chikmagalur, Chikmagalur",,,,true,true,false,false,false,Best Dentists,,Chikkamagaluru - Book Appointment Online,2025-06-02T10:41:41.825Z
Dr. Dinesh (Apoorva Dental Clinic),D,5.0,2 Ratings,"T B Road Kadur, Chikmagalur",,,,true,true,false,false,false,Best Dentists,,Chikkamagaluru - Book Appointment Online,2025-06-02T10:41:41.825Z
Samruddhi Dental Care,S,5.0,2 Ratings,"BM Sri Road Km Road, Chikmagalur",,,,true,true,false,false,true,Best Dentists,,Chikkamagaluru - Book Appointment Online,2025-06-02T10:41:41.825Z
Theja Dental Clinic,T,3.0,3 Ratings,"Rural Police Station Road, Chikmagalur",,,,true,true,false,false,false,Best Dentists,,Chikkamagaluru - Book Appointment Online,2025-06-02T10:41:41.826Z
Gc Dental Clinic,G,4.0,2 Ratings,"Indira Nagar A.Rangapura, Chikmagalur",,,,false,true,false,false,false,Best Dentists,,Chikkamagaluru - Book Appointment Online,2025-06-02T10:41:41.826Z
Apoorva Dental Health Care,A,4.0,2 Ratings,"Birur Birur Rural, Chikmagalur",,,,false,true,false,false,false,Best Dentists,,Chikkamagaluru - Book Appointment Online,2025-06-02T10:41:41.826Z
Nitte Satellite Center,N,4.0,2 Ratings,"Sanklapura, Sringeri",,,,false,true,false,false,false,Best Dentists,,Chikkamagaluru - Book Appointment Online,2025-06-02T10:41:41.826Z
Bennq Dental Care,B,4.0,2 Ratings,Chikmagalur,,,,true,true,false,false,false,Best Dentists,,Chikkamagaluru - Book Appointment Online,2025-06-02T10:41:41.826Z
Jyothi Industries,<,4.7,5 Ratings,"Barline Road Adarsha Nagara, Chikmagalur",,,Electricians; Motor Rewinding Services,true,true,false,false,true,Electricians,,Chikkamagaluru,2025-06-02T10:42:54.135Z
ZS Traders,<,3.8,6 Ratings,"Market Road Chikmagalur, Chikmagalur",,,24 Hours Open,true,true,false,false,true,Electricians,,Chikkamagaluru,2025-06-02T10:42:54.136Z
Ss Electricals,<,5.0,36 Ratings,"2nd Cross Kalidasa Nagar, Chikmagalur",,,Electricians,true,true,false,false,true,Electricians,,Chikkamagaluru,2025-06-02T10:42:54.136Z
brahmashree constructions,<,5.0,5 Ratings,"Mudigere Mudigere, Chikmagalur",,,Civil Contractors; Electricians,true,true,false,false,true,Electricians,,Chikkamagaluru,2025-06-02T10:42:54.136Z
Shree Annapoorneshwari Electricals And Motor Rewinding Works,<,4.0,6 Ratings,"Road Market Road Chikmagalur, Chikmagalur",,,Electricians; Electric Motor Rewinding Services,true,true,false,false,false,Electricians,,Chikkamagaluru,2025-06-02T10:42:54.136Z
Shivajothi Electricals,<,4.4,5 Ratings,"Road Vijayapuram Chikmagalur, Chikmagalur",,,Electricians; Electricians For Residence,true,true,false,false,true,Electricians,,Chikkamagaluru,2025-06-02T10:42:54.136Z
Vishwas Auto Electricals,<,3.9,4 Ratings,"60 Feet Road Mallandur Road, Chikmagalur",,,Electricians; Battery Dealers,true,true,false,false,false,Electricians,,Chikkamagaluru,2025-06-02T10:42:54.137Z
Lifease Home Services,<,4.8,3 Ratings,"Devanna Pai Layout Uppalli, Chikmagalur",,,24 Hours Open,true,true,false,false,true,Electricians,,Chikkamagaluru,2025-06-02T10:42:54.137Z
Dadapeer Electrician,<,4.7,3 Ratings,"Holgata Post Kadur, Chikmagalur",,,Electricians; Electrical Contractors,true,true,false,false,true,Electricians,,Chikkamagaluru,2025-06-02T10:42:54.137Z
Sharan Electricals,<,4.8,2 Ratings,"Balehonnur, Chikmagalur",,,Electricians; Electricians For Residence,true,true,false,false,true,Electricians,,Chikkamagaluru,2025-06-02T10:42:54.137Z
A R Enterprises,+,4.5,2 Ratings,"Kaluve Vijayapuram Chikmagalur, Chikmagalur",,,Government Approved Civil Contractors; Electricians,true,true,false,false,true,Electricians,,Chikkamagaluru,2025-06-02T10:42:54.137Z
Lakshmi Electricals,L,4.0,2 Ratings,"Shivamogga Main Road Kadur, Chikmagalur",,,Electricians; Electrical Contractors,true,true,false,false,false,Electricians,,Chikkamagaluru,2025-06-02T10:42:54.137Z
A1 core cutters,A,5.0,1 Ratings,"Head Post Office Road Kadur, Chikmagalur",,,Electricians; Construction Contractors,true,true,false,false,true,Electricians,,Chikkamagaluru,2025-06-02T10:42:54.137Z
Srinidhi Electricals,S,5.0,1 Ratings,"Maravanji Road Kadur, Chikmagalur",,,Electricians; Electricians For Residence,true,true,false,false,true,Electricians,,Chikkamagaluru,2025-06-02T10:42:54.137Z
Jagadeesh BR,J,5.0,1 Ratings,"ashok nagar Birur Chikmagalur, Chikmagalur",,,Electricians,true,true,false,false,true,Electricians,,Chikkamagaluru,2025-06-02T10:42:54.137Z
Global electrical,G,5.0,1 Ratings,"Belur Road Adarsha Nagara, Chikmagalur",,,24 Hours Open,true,true,false,false,true,Electricians,,Chikkamagaluru,2025-06-02T10:42:54.137Z
Jyothi Electrical Services,+,5.0,1 Ratings,"Mallandur Road, Chikmagalur",,,Electricians; Construction Contractors,true,true,false,false,true,Electricians,,Chikkamagaluru,2025-06-02T10:42:54.137Z
Afiya Electrical,A,5.0,1 Ratings,"kalasa post Kalasa, Chikmagalur",,,Industrial Electrical Contractors; Electricians,true,true,false,false,false,Electricians,,Chikkamagaluru,2025-06-02T10:42:54.137Z
P Eshwarappa,P,5.0,1 Ratings,Chikmagalur,,,Electricians,true,true,false,false,false,Electricians,,Chikkamagaluru,2025-06-02T10:42:54.137Z
Class One Electricals Contractor,C,5.0,1 Ratings,"Chikmagalur HO, Chikmagalur",,,Electricians; Electrical Contractors,true,true,false,false,false,Electricians,,Chikkamagaluru,2025-06-02T10:42:54.137Z
Punith Electrical work,P,5.0,1 Ratings,"Birur Chikmagalur, Chikmagalur",,,Electricians; Electricians For Residence,true,true,false,false,false,Electricians,,Chikkamagaluru,2025-06-02T10:42:54.138Z
St. Anthony electronics,+,4.0,1 Ratings,"Nehru Road Chikmagalur, Chikmagalur",,,Electricians; Generators On Rent,true,true,false,false,false,Electricians,,Chikkamagaluru,2025-06-02T10:42:54.138Z
Mathaji Electrical Works,M,3.5,1 Ratings,"Tq Ckm Dst Balehonnur, Chikmagalur",,,Electricians; Electricians For Residence,true,true,false,false,false,Electricians,,Chikkamagaluru,2025-06-02T10:42:54.138Z
Marulasiddeswara Electrical Works,+,3.0,1 Ratings,"Bypass, Chikmagalur",,,Electricians For Commercial; Electricians,true,true,false,false,false,Electricians,,Chikkamagaluru,2025-06-02T10:42:54.138Z
R N Groups,+,3.5,2 Ratings,"Near Ksrtc Bus Stand Belur, Belur",,09731948676,Electricians; Plumbers,true,true,false,false,false,Electricians,,Chikkamagaluru,2025-06-02T10:42:54.138Z
Nikhil Electrical,+,5.0,2 Ratings,"Belur, Belur",,,CCTV Dealers; Electricians,true,true,false,false,true,Electricians,,Chikkamagaluru,2025-06-02T10:42:54.138Z
Classic Auto Electrical Works,+,4.8,14 Ratings,"Ashoka Road, Sakleshpur",,,Electricians,true,true,false,false,true,Electricians,,Chikkamagaluru,2025-06-02T10:42:54.138Z
Sri S R S Electrical,+,4.3,3 Ratings,"Main Road Sakleshpur, Sakleshpur",,,Electricians; Electrical Contractors,true,true,false,false,false,Electricians,,Chikkamagaluru,2025-06-02T10:42:54.138Z
Electrician Venkatesh,E,4.0,2 Ratings,Hassan,,,Electricians,false,true,false,false,false,Electricians,,Chikkamagaluru,2025-06-02T10:42:54.138Z
Be cool events and tents,B,4.0,2 Ratings,"Tejur, Hassan",,,24 Hours Open,true,true,false,false,false,Electricians,,Chikkamagaluru,2025-06-02T10:42:54.138Z
SP Technology,+,5.0,1 Ratings,"Hassan Channapatna Extension, Hassan",,,,true,true,false,false,true,Electricians,,Chikkamagaluru,2025-06-02T10:42:54.138Z
Dark Light Electrical,+,4.0,5 Ratings,"Main - 6th Cross Hemavathinagar, Hassan",,08734067791,Electricians; Electrical Shops,true,true,false,false,false,Electricians,,Chikkamagaluru,2025-06-02T10:42:54.139Z
Yash Electrician,+,3.5,3 Ratings,"Salagame Road Hemavathinagar, Hassan",,,LCD TV Repair & Services; Electricians,true,true,false,false,true,Electricians,,Chikkamagaluru,2025-06-02T10:42:54.139Z
S R Power Expert Electrician And Lightings,+,4.5,13 Ratings,"80 Feet Road Pension Mohalla, Hassan",,,Electricians,true,true,false,false,false,Electricians,,Chikkamagaluru,2025-06-02T10:42:54.139Z
Royal Electrician,+,4.8,38 Ratings,"Adlimane Road Santhi Nagar, Hassan",,,Electricians; Electrical Installation Services,true,true,false,false,true,Electricians,,Chikkamagaluru,2025-06-02T10:42:54.139Z
Sw Construction,+,3.7,3 Ratings,"Hilayi Nagara Pension Mohalla, Hassan",,,24 Hours Open,true,true,false,false,false,Electricians,,Chikkamagaluru,2025-06-02T10:42:54.139Z
Deepak Electronics,D,4.5,2 Ratings,"Nagar Hassan Bm Road, Hassan",,,Electricians,false,true,false,false,false,Electricians,,Chikkamagaluru,2025-06-02T10:42:54.139Z
G M Electricals,G,5.0,1 Ratings,"Temple Race Course Road Hassan, Hassan",,,Electricians; Electricians For Residence,true,true,false,false,false,Electricians,,Chikkamagaluru,2025-06-02T10:42:54.139Z
Shivu Events And Home Needs,+,3.8,2 Ratings,"Aralepet, Hassan",,,Car Decoration; 24 Hours Open,true,true,false,false,false,Electricians,,Chikkamagaluru,2025-06-02T10:42:54.139Z
Bhyrava Gas Geyser &Electricals Electronics,+,2.8,2 Ratings,"Aralikatte Road Salagame Road, Hassan",,,Electricians; Water Purifier Repair & Services,true,true,false,false,false,Electricians,,Chikkamagaluru,2025-06-02T10:42:54.139Z
Sri Ranganatha Electricals and hardware,+,5.0,1 Ratings,"Belur Road Thanniruhalla, Hassan",,,Electrical Goods Dealers; Electricians,true,true,false,false,true,Electricians,,Chikkamagaluru,2025-06-02T10:42:54.139Z
Sri Virabadreshwara Electricals,S,3.5,2 Ratings,"Aralikatte Road Salagame Road, Hassan",,08460494448,Electricians; Birthday Party Decorators,true,true,false,false,false,Electricians,,Chikkamagaluru,2025-06-02T10:42:54.139Z
Sairam Enterprises,S,5.0,1 Ratings,"Hosalen Road Hosaline Road, Hassan",,,24 Hours Open,true,true,false,false,false,Electricians,,Chikkamagaluru,2025-06-02T10:42:54.140Z
Isha Electrical and Hardwares,+,4.9,25 Ratings,"Ring Road Vidya Nagar Hassan, Hassan",,,24 Hours Open,true,true,false,false,true,Electricians,,Chikkamagaluru,2025-06-02T10:42:54.140Z
Hms Electrical,H,3.9,7 Ratings,"Vallabai Road HASSAN CITY, Hassan",,,,true,true,false,false,false,Electricians,,Chikkamagaluru,2025-06-02T10:42:54.140Z
BEST Electricals,+,5.0,1 Ratings,"Old Post Office Road Bm Road, Hassan",,,24 Hours Open,true,true,false,false,true,Electricians,,Chikkamagaluru,2025-06-02T10:42:54.140Z
Nageshwar Electricals,+,5.0,1 Ratings,"Temple Street Hassan HO, Hassan",,,Electricians; Electrical Shops,true,true,false,false,false,Electricians,,Chikkamagaluru,2025-06-02T10:42:54.140Z
Al Ameer Home Services,+,4.3,22 Ratings,"Bm Road, Hassan",,,LPG Gas Pipe Line Installation Services; Electricians,true,true,false,false,true,Electricians,,Chikkamagaluru,2025-06-02T10:42:54.140Z
Hafeez Electricals,+,5.0,1 Ratings,"80 Feet Road Hassan Ho, Hassan",,,Electricians; Electrical Contractors,true,true,false,false,false,Electricians,,Chikkamagaluru,2025-06-02T10:42:54.140Z
Navilugari Event Organisers,<,4.9,26 Ratings,"Sringeri Road Chikmagalur Fort, Chikmagalur",,08867823061,Birthday Party Decorators; Event Organisers,true,true,false,false,true,Event Organizer,Popular Event Organisers,Chikkamagaluru,2025-06-02T10:44:39.964Z
S S Caters And Events,<,4.8,3 Ratings,"THIRTHAHALLI TQ Chikmagalur Zp, Chikmagalur",,07383210455,Veg Caterers; Caterers,true,true,false,true,true,Event Organizer,Popular Event Organisers,Chikkamagaluru,2025-06-02T10:44:39.964Z
Sadashiva Decorators,<,4.1,5 Ratings,"Bhavan Road Adarsha Nagara, Chikmagalur",,08460549985,Car Decoration; Event Decoration,true,true,false,false,true,Event Organizer,Popular Event Organisers,Chikkamagaluru,2025-06-02T10:44:39.964Z
K.B.N Eventorganisers Tarikere,<,5.0,9 Ratings,"Mg.Road Tarikere Tarikere, Chikmagalur",,09035091721,Birthday Party Organisers; Event Organisers For Wedding,true,true,false,true,true,Event Organizer,Popular Event Organisers,Chikkamagaluru,2025-06-02T10:44:39.965Z
Chandu Events & Photography,<,5.0,6 Ratings,"Chowlahiriyur, Chikmagalur",,08460549091,,true,true,false,false,true,Event Organizer,Popular Event Organisers,Chikkamagaluru,2025-06-02T10:44:39.965Z
Classic Event Management,<,4.9,11 Ratings,"M S Complex Rathnagiri Road, Chikmagalur",,,Camp Organisers; Banquet Halls,true,true,false,false,true,Event Organizer,Popular Event Organisers,Chikkamagaluru,2025-06-02T10:44:39.965Z
Pranama Decorators,<,5.0,1 Ratings,"Road Market Road Chikmagalur, Chikmagalur",,09054398478,Party Decorators; Birthday Party Decorators,true,true,false,false,true,Event Organizer,Popular Event Organisers,Chikkamagaluru,2025-06-02T10:44:39.965Z
Malnad Events,<,4.7,19 Ratings,"Main Road Aldur Chikmagalur, Chikmagalur",,07411849895,Wedding Decorators; Decorators,true,true,false,false,true,Event Organizer,Popular Event Organisers,Chikkamagaluru,2025-06-02T10:44:39.966Z
Devaramane Events and Industries,<,5.0,1 Ratings,"Jannapura Village Road Mudigere, Chikmagalur",,07795663409,Videography,true,true,false,false,true,Event Organizer,Popular Event Organisers,Chikkamagaluru,2025-06-02T10:44:39.966Z
Chinmayi Decorators,<,3.5,2 Ratings,"Kempnalli Chikmagalur Fort, Chikmagalur",,08460517997,Birthday Party Decorators; Decorators,true,true,false,false,false,Event Organizer,Popular Event Organisers,Chikkamagaluru,2025-06-02T10:44:39.966Z
Nuclear Events,+,4.9,17 Ratings,"Subrub Vidyaranyapuram, Mysore",,08460255672,On Site Services; In Store Collect; Same Day Delivery,true,true,false,false,true,Event Organizer,Popular Event Organisers,Chikkamagaluru,2025-06-02T10:44:39.967Z
Sangeeth Musics (Paid),+,4.5,45 Ratings,"Horpet Circle SS Puram, Tumkur",,,Bands; Orchestra Bands,true,true,false,false,true,Event Organizer,Popular Event Organisers,Chikkamagaluru,2025-06-02T10:44:39.967Z
Media House,+,4.7,150 Ratings,"Bejai Kapikad Road Bejai, Mangalore",,,Flex,true,true,false,true,true,Event Organizer,Popular Event Organisers,Chikkamagaluru,2025-06-02T10:44:39.967Z
Shri Sai Events and Orchestra,+,5.0,1 Ratings,"Near Sarvodaya Hotel Keshawapur, Hubli",,08147330577,Orchestra Bands; Event Organisers,true,true,false,false,false,Event Organizer,Popular Event Organisers,Chikkamagaluru,2025-06-02T10:44:39.967Z
Vibhava Creations,+,4.5,345 Ratings,"Cross Rajajinagar Srirampuram, Bangalore",,09035152635,Videography,true,true,false,false,true,Event Organizer,Popular Event Organisers,Chikkamagaluru,2025-06-02T10:44:39.967Z
Sree Durga Parameshwari Catering Service,+,4.5,15 Ratings,"Main Road Hanumantha Nagar, Bangalore",,,Home Delivery,true,true,false,false,true,Event Organizer,Popular Event Organisers,Chikkamagaluru,2025-06-02T10:44:39.967Z
Masters Event Management,+,4.5,85 Ratings,"Ward No 8 Town Hall Sqaure, Chickballapur",,,Event Organisers; Caterers,true,true,false,false,true,Event Organizer,Popular Event Organisers,Chikkamagaluru,2025-06-02T10:44:39.967Z
Music Mantra Band,+,3.8,6 Ratings,"Vasco Da Gama, Goa",,09972223490,Event Organisers; Bands,true,true,false,false,false,Event Organizer,Popular Event Organisers,Chikkamagaluru,2025-06-02T10:44:39.968Z
Sri Karpagarani Kerala Chenda Melam And A To Z Wedding Planners,+,3.8,110 Ratings,"Sabapathy Street Sangliandapuram, Trichy",,,Caterers; Chenda Melam Players,true,true,false,false,true,Event Organizer,Popular Event Organisers,Chikkamagaluru,2025-06-02T10:44:39.968Z
Picnic Point - An Agri Tourism Center,+,4.5,"1,389 Ratings","Solapur Pune - Highway Mohol, Solapur",,,,true,true,false,false,true,Event Organizer,Popular Event Organisers,Chikkamagaluru,2025-06-02T10:44:39.968Z
Sri Vijayalakshmi Fireworks and Rakhi Centre,S,4.2,34 Ratings,"Ponnala Ambedkarnagar, Siddipet",,08488940459,Fire Cracker Dealers-Standard; Fire Cracker Dealers,true,true,false,false,true,Event Organizer,Popular Event Organisers,Chikkamagaluru,2025-06-02T10:44:39.968Z
AK Casting Production,+,4.2,97 Ratings,"Lodha Mahada Mira Road East, Thane",,08511749628,Individual Performer; Group Peformer; ATM,true,true,false,false,true,Event Organizer,Popular Event Organisers,Chikkamagaluru,2025-06-02T10:44:39.968Z
Tefla's Experiences,+,3.5,2 Ratings,"Veera Desai Road Andheri West, Mumbai",,08128743075,Event Organisers; Event Organisers For Corporate,true,true,false,false,false,Event Organizer,Popular Event Organisers,Chikkamagaluru,2025-06-02T10:44:39.968Z
First Choice Bartender Event Management,F,4.0,1 Ratings,"Apollo Bunder, Mumbai",,08050991738,Bartender Services; Cocktail Party Organisers,true,true,false,false,false,Event Organizer,Popular Event Organisers,Chikkamagaluru,2025-06-02T10:44:39.968Z
Sr Events,+,4.4,18 Ratings,"Puduru Palakollu, West Godavari",,08460403938,Event Organisers; Caterers,true,true,false,false,true,Event Organizer,Popular Event Organisers,Chikkamagaluru,2025-06-02T10:44:39.968Z
Enzoey.com,+,4.5,133 Ratings,Mumbai,,08488949380,,true,true,false,true,true,Event Organizer,Popular Event Organisers,Chikkamagaluru,2025-06-02T10:44:39.968Z
Abhinandan Events Pvt. Ltd.,+,4.4,389 Ratings,"Mudhliyar Nagar Rukhmini Nagar, Amravati",,,Book Appointment,true,true,false,true,true,Event Organizer,Popular Event Organisers,Chikkamagaluru,2025-06-02T10:44:39.968Z
Fusion Beat Event,+,4.0,104 Ratings,"Kamthee Road Kamptee Road, Nagpur",,08734935362,Event Organisers For Sports; Event Organisers,true,true,false,false,true,Event Organizer,Popular Event Organisers,Chikkamagaluru,2025-06-02T10:44:39.969Z
All In One Event,+,4.5,27 Ratings,"South Tukoganj, Indore",,08401427254,Sound Systems; Lighting; DJ,true,true,false,false,true,Event Organizer,Popular Event Organisers,Chikkamagaluru,2025-06-02T10:44:39.969Z
Expo Event Services Pvt Ltd,+,3.5,2 Ratings,"Parvati Nagar Road Parvati Nagar, Nagpur",,08460433161,Event Organisers; Event Management Companies,true,true,false,false,false,Event Organizer,Popular Event Organisers,Chikkamagaluru,2025-06-02T10:44:39.969Z
Miqqi Events,+,4.1,71 Ratings,"Sankar Marg Sahkar Marg, Jaipur",,,Event Organisers For Dance Parties; Advertising Agencies,true,true,false,true,true,Event Organizer,Popular Event Organisers,Chikkamagaluru,2025-06-02T10:44:39.969Z
Estilo Entertainment,+,4.4,216 Ratings,"Rithala Rohini Sector 5, Delhi",,08105246948,,true,true,false,true,true,Event Organizer,Popular Event Organisers,Chikkamagaluru,2025-06-02T10:44:39.969Z
SRS Green Plant Decor,+,4.6,183 Ratings,"Mandir Marg Gurgaon Sector 26, Gurgaon",,08147094262,Artificial Turf Dealers; Event Organisers,true,true,false,true,true,Event Organizer,Popular Event Organisers,Chikkamagaluru,2025-06-02T10:44:39.969Z
Design Innovation,+,4.2,13 Ratings,"Kirari Suleman Nagar Aman Vihar, Delhi",,09035209267,Event Organisers; Exhibition Stall Designers,true,true,false,true,true,Event Organizer,Popular Event Organisers,Chikkamagaluru,2025-06-02T10:44:39.969Z
Satan's Paradise House Of Media,S,4.5,6 Ratings,"13a /10 W.e.a Karol Bagh, Delhi",,09972837765,Event Organisers; Event Management Companies,true,true,false,false,true,Event Organizer,Popular Event Organisers,Chikkamagaluru,2025-06-02T10:44:39.969Z
Ebk Event Management Pvt Ltd,+,4.6,53 Ratings,"Extension 2 Nangloi Extension, Delhi",,08511787702,,true,true,false,true,true,Event Organizer,Popular Event Organisers,Chikkamagaluru,2025-06-02T10:44:39.970Z
A One Malwai Gidha,+,4.8,22 Ratings,"Moga Moga Road, Moga",,,Wedding Bands; Dhol Players,true,true,false,false,true,Event Organizer,Popular Event Organisers,Chikkamagaluru,2025-06-02T10:44:39.970Z
Rocky Event Decor's,+,5.0,4 Ratings,"Basaveswara Street Tarikere, Chikmagalur",,,Flower Decorators For Basket; Birthday Party Decorators,true,true,false,false,true,Event Organizer,Popular Event Organisers,Chikkamagaluru,2025-06-02T10:44:39.970Z
Katikhan Home Stay,+,4.4,481 Ratings,"Kanive Road Kalasa, Chikmagalur",,,Home Stay; Home Stay Booking,true,true,false,true,true,Event Organizer,Popular Event Organisers,Chikkamagaluru,2025-06-02T10:44:39.970Z
Jp Events,+,5.0,2 Ratings,"Belur Road Chikmagalur, Chikmagalur",,,Videography,true,true,false,false,true,Event Organizer,Popular Event Organisers,Chikkamagaluru,2025-06-02T10:44:39.970Z
Nimishamba Digital Studio,+,4.2,3 Ratings,"Basavanahalli Chikmagalur, Chikmagalur",,,Mandap Decorators; Photographers,true,true,false,false,true,Event Organizer,Popular Event Organisers,Chikkamagaluru,2025-06-02T10:44:39.970Z
Shaiva Photography,+,4.9,434 Ratings,"Nallur Gate Chikmagalur Fort, Chikmagalur",,,Videography,true,true,false,false,true,Event Organizer,Popular Event Organisers,Chikkamagaluru,2025-06-02T10:44:39.970Z
Eventz Architect,+,5.0,1 Ratings,"Chikkanallur, Chikmagalur",,,Birthday Party Decorators; Event Organisers For Wedding,true,true,false,false,true,Event Organizer,Popular Event Organisers,Chikkamagaluru,2025-06-02T10:44:39.970Z
Bharath Events,+,5.0,139 Ratings,"Chikmagalur Fort, Chikmagalur",,,Event Organisers,true,true,false,false,true,Event Organizer,Popular Event Organisers,Chikkamagaluru,2025-06-02T10:44:39.970Z
Bennis Events,+,4.9,117 Ratings,"Vijayapuram Chikmagalur, Chikmagalur",,,Event Organisers; Wedding Planners,true,true,false,false,true,Event Organizer,Popular Event Organisers,Chikkamagaluru,2025-06-02T10:44:39.970Z
Tripa Events,+,4.8,91 Ratings,"Mg Road Lakshmishanagara, Chikmagalur",,,Event Organisers,false,true,false,false,true,Event Organizer,Popular Event Organisers,Chikkamagaluru,2025-06-02T10:44:39.971Z
Amor Decor,+,4.8,77 Ratings,"4th Cross Road Pension Mohalla, Chikmagalur",,,Event Organisers; Birthday Party Organisers,true,true,false,false,true,Event Organizer,Popular Event Organisers,Chikkamagaluru,2025-06-02T10:44:39.971Z
Ms Events and Rentals,+,4.6,76 Ratings,"Halli Road Chikmagalur Ho, Chikmagalur",,,Banquet Hall Decoration,true,true,false,false,true,Event Organizer,Popular Event Organisers,Chikkamagaluru,2025-06-02T10:44:39.971Z
Dmello Electricals And Sounds,+,4.8,64 Ratings,"Sringeri Road Balehonnur, Chikmagalur",,,Event Organisers,true,true,false,false,true,Event Organizer,Popular Event Organisers,Chikkamagaluru,2025-06-02T10:44:39.971Z
Classic Event Management,<,4.9,11 Ratings,"M S Complex Rathnagiri Road, Chikmagalur",,,Camp Organisers; Banquet Halls,true,false,false,false,true,Event Organizer,Popular Corporate Party Organisers,Chikkamagaluru,2025-06-02T10:45:59.793Z
Hks Real Estate,<,5.0,4 Ratings,"K M Road Chikmagalur Fort, Chikmagalur",,09054778409,Real Estate Agents; Estate Agents For Residential Rental,true,true,false,true,true,Trusted Estate Agents,,"Chikkamagaluru for Property Buying, Selling & Rentals",2025-06-02T10:47:09.764Z
Shambhavi Real Estate,<,4.2,8 Ratings,"I.g Road MG Road Chikmagalur, Chikmagalur",,,Estate Agents For Bungalow; Real Estate Agents,true,true,false,false,true,Trusted Estate Agents,,"Chikkamagaluru for Property Buying, Selling & Rentals",2025-06-02T10:47:09.765Z
Akshaya Bhoomi Real Estate,<,4.8,24 Ratings,"Neem Street MG Road Chikmagalur, Chikmagalur",,08904961404,,true,true,false,false,true,Trusted Estate Agents,,"Chikkamagaluru for Property Buying, Selling & Rentals",2025-06-02T10:47:09.765Z
Vismitha Fin Service,<,4.2,6 Ratings,"Bypass Road Chikmagalur City, Chikmagalur",,08296414592,Personal Loans; Real Estate Agents,true,true,false,false,true,Trusted Estate Agents,,"Chikkamagaluru for Property Buying, Selling & Rentals",2025-06-02T10:47:09.765Z
Shravya Construction and Real Estate,<,5.0,2 Ratings,"Layout Chikmagalur Zp, Chikmagalur",,08123645906,Residential,true,true,false,false,true,Trusted Estate Agents,,"Chikkamagaluru for Property Buying, Selling & Rentals",2025-06-02T10:47:09.766Z
Chikmagaluru Real Estate,<,3.8,5 Ratings,"Avathi Complex Mallandur Road, Chikmagalur",,09606288785,Real Estate Agents; Estate Agents For Residential Rental,true,true,false,false,false,Trusted Estate Agents,,"Chikkamagaluru for Property Buying, Selling & Rentals",2025-06-02T10:47:09.766Z
G.D REALTORS & PROPERTIES,<,4.5,7 Ratings,"Hallenalli Vidya Nagar, Chikmagalur",,08123992521,,true,true,false,true,true,Trusted Estate Agents,,"Chikkamagaluru for Property Buying, Selling & Rentals",2025-06-02T10:47:09.767Z
Coffee Land Chikmangalur,<,5.0,1 Ratings,"AJ Complex Mudigere, Chikmagalur",,08511826883,Estate Agents For Plot; Real Estate Agents,true,true,false,false,true,Trusted Estate Agents,,"Chikkamagaluru for Property Buying, Selling & Rentals",2025-06-02T10:47:09.767Z
Gandadhagudi Real Estate,<,4.0,1 Ratings,"Lingdahalli Main Road Tarikere, Chikmagalur",,09980371959,Real Estate Agents; Estate Agents For Land,true,true,false,false,false,Trusted Estate Agents,,"Chikkamagaluru for Property Buying, Selling & Rentals",2025-06-02T10:47:09.768Z
Cknp Real Estate and Construction,<,3.0,2 Ratings,"Shankarpura 4th Cross Belt Road, Chikmagalur",,09606198039,Real Estate Agents; Estate Agents For Residential Rental,true,true,false,false,false,Trusted Estate Agents,,"Chikkamagaluru for Property Buying, Selling & Rentals",2025-06-02T10:47:09.768Z
Aayansh Real Estate,A,4.8,6 Ratings,"Mudigere Talluku Bettagere, Chikmagalur",,07411669661,,true,true,false,false,true,Trusted Estate Agents,,"Chikkamagaluru for Property Buying, Selling & Rentals",2025-06-02T10:47:09.768Z
Beeralingesh Wara Real Estate,B,4.3,12 Ratings,"Undedasarahalli Chikmagalur Ho, Chikmagalur",,08460564690,Estate Agents For Commercial Rental; Real Estate Agents,true,true,false,true,true,Trusted Estate Agents,,"Chikkamagaluru for Property Buying, Selling & Rentals",2025-06-02T10:47:09.769Z
Lakshmi Autolinks And Real Estates,+,4.6,12 Ratings,"Ig Road, Chikmagalur",,,Online Appointments,true,true,false,false,true,Trusted Estate Agents,,"Chikkamagaluru for Property Buying, Selling & Rentals",2025-06-02T10:47:09.769Z
Chikamagalur Constructions,+,5.0,1 Ratings,"Joythi Nagar Adarsha Nagara, Chikmagalur",,,Real Estate Agents; Estate Agents For Residential Rental,true,true,false,false,true,Trusted Estate Agents,,"Chikkamagaluru for Property Buying, Selling & Rentals",2025-06-02T10:47:09.769Z
Coffee Land Real Estate,+,4.6,10 Ratings,"MG Road Mudigere, Chikmagalur",,,,true,true,false,false,true,Trusted Estate Agents,,"Chikkamagaluru for Property Buying, Selling & Rentals",2025-06-02T10:47:09.769Z
Sri Sakuni Ranga Real Esate,S,4.0,1 Ratings,"Board Jyothi Nagar Chikmagalur, Chikmagalur",,,Estate Agents For Heavy Deposit; Real Estate Agents,true,true,false,false,false,Trusted Estate Agents,,"Chikkamagaluru for Property Buying, Selling & Rentals",2025-06-02T10:47:09.770Z
Chikamagalur Coffee Real Estate,+,4.3,6 Ratings,"Street MG Road Chikmagalur, Chikmagalur",,,Real Estate Agents; Estate Agents For Residential Rental,true,true,false,false,true,Trusted Estate Agents,,"Chikkamagaluru for Property Buying, Selling & Rentals",2025-06-02T10:47:09.770Z
Sri Balaji Construction & Valuation Company,+,4.4,6 Ratings,"TB Road. Kadur, Chikmagalur",,,Civil Contractors; Real Estate Agents,true,true,false,false,true,Trusted Estate Agents,,"Chikkamagaluru for Property Buying, Selling & Rentals",2025-06-02T10:47:09.770Z
Green Realtors (Dhyan),+,4.4,341 Ratings,"Mallandur Road, Chikmagalur",,,Estate Agents For Residence; Real Estate Agents,true,true,false,false,true,Trusted Estate Agents,,"Chikkamagaluru for Property Buying, Selling & Rentals",2025-06-02T10:47:09.770Z
Naveen Real Estates,+,4.9,79 Ratings,"Indira Gandhi Road Ig Road, Chikmagalur",,,Estate Agents For Commercial Rental; Real Estate Agents,true,true,false,false,true,Trusted Estate Agents,,"Chikkamagaluru for Property Buying, Selling & Rentals",2025-06-02T10:47:09.771Z
Someshwara Estate,S,4.9,41 Ratings,"Huigere, Chikmagalur",,,Real Estate Agents; Estate Agents For Residence,false,true,false,false,true,Trusted Estate Agents,,"Chikkamagaluru for Property Buying, Selling & Rentals",2025-06-02T10:47:09.771Z
Honeyvale Estate,+,4.4,39 Ratings,"Javali Post Mudigere, Chikmagalur",,,Real Estate Agents; Estate Agents For Residence,true,true,false,false,true,Trusted Estate Agents,,"Chikkamagaluru for Property Buying, Selling & Rentals",2025-06-02T10:47:09.771Z
Silver Mist - Somavahini Estate,S,4.3,39 Ratings,"Chickmagaluru Sirvase, Chikmagalur",,,Real Estate Agents; Estate Agents For Residence,true,true,false,false,true,Trusted Estate Agents,,"Chikkamagaluru for Property Buying, Selling & Rentals",2025-06-02T10:47:09.771Z
Karadykan Estate,K,4.4,32 Ratings,"S Bidare Chikmagalur, Chikmagalur",,,Real Estate Agents; Estate Agents For Residence,true,true,false,false,true,Trusted Estate Agents,,"Chikkamagaluru for Property Buying, Selling & Rentals",2025-06-02T10:47:09.771Z
Kanchan home stay,+,4.4,31 Ratings,"Moodkere Taluku Anajooru, Chikmagalur",,,Real Estate Agents; Estate Agents For Residence,true,true,false,false,true,Trusted Estate Agents,,"Chikkamagaluru for Property Buying, Selling & Rentals",2025-06-02T10:47:09.771Z
Suggi Coffee Estate,S,4.0,24 Ratings,"Nh 234 Sakleshpura Road Mudigere, Chikmagalur",,,Real Estate Agents; Estate Agents For Residence,true,true,false,false,false,Trusted Estate Agents,,"Chikkamagaluru for Property Buying, Selling & Rentals",2025-06-02T10:47:09.771Z
Raghavendra Hegde,R,3.8,25 Ratings,"Bharathi Street Honnavalli, Sringeri",,,Real Estate Agents; Estate Agents For Land,true,true,false,false,false,Trusted Estate Agents,,"Chikkamagaluru for Property Buying, Selling & Rentals",2025-06-02T10:47:09.771Z
Paradise Homes,P,4.2,22 Ratings,"Nellur Road Maruthinagar, Chikmagalur",,,Real Estate Agents; Estate Agents For Residential Rental,true,true,false,false,true,Trusted Estate Agents,,"Chikkamagaluru for Property Buying, Selling & Rentals",2025-06-02T10:47:09.771Z
Shree Chaithanya Estate,S,4.8,19 Ratings,"G Hosahalli, Chikmagalur",,,Real Estate Agents; Estate Agents For Residence,true,true,false,false,true,Trusted Estate Agents,,"Chikkamagaluru for Property Buying, Selling & Rentals",2025-06-02T10:47:09.771Z
Handpost Estate,H,4.0,17 Ratings,"Km Road Mudigere, Chikmagalur",,,Real Estate Agents; Estate Agents For Residential Rental,true,true,false,false,false,Trusted Estate Agents,,"Chikkamagaluru for Property Buying, Selling & Rentals",2025-06-02T10:47:09.771Z
Sri Jenkal Timbers And Real Estate,+,4.4,15 Ratings,"Theatre Road Chikmagalur Ho, Chikmagalur",,,Real Estate Agents; Estate Agents For Residential Rental,true,true,false,false,true,Trusted Estate Agents,,"Chikkamagaluru for Property Buying, Selling & Rentals",2025-06-02T10:47:09.772Z
Suraksha Realtors,+,5.0,13 Ratings,"Chikmagalur HO, Chikmagalur",,,Real Estate Agents,true,true,false,false,false,Trusted Estate Agents,,"Chikkamagaluru for Property Buying, Selling & Rentals",2025-06-02T10:47:09.772Z
Lakshmi Auto Links And Real Estate,+,4.6,12 Ratings,"I G Road Chikmagalur Ho, Chikmagalur",,,Real Estate Agents; Estate Agents For Residential Rental,true,true,false,false,true,Trusted Estate Agents,,"Chikkamagaluru for Property Buying, Selling & Rentals",2025-06-02T10:47:09.772Z
LAKSHMI AUTO LINKS AND REAL ESTATE,+,4.6,12 Ratings,Chikmagalur,,,Real Estate Agents; Estate Agents For Residence,true,true,false,false,false,Trusted Estate Agents,,"Chikkamagaluru for Property Buying, Selling & Rentals",2025-06-02T10:47:09.772Z
Gantis Estate,+,4.5,12 Ratings,"Kanachuru Kanchuru, Chikmagalur",,,Real Estate Agents; Estate Agents For Residence,true,true,false,false,true,Trusted Estate Agents,,"Chikkamagaluru for Property Buying, Selling & Rentals",2025-06-02T10:47:09.772Z
Kanyakumari Layout Sringeri,K,4.1,12 Ratings,"Vykuntapura Menase, Sringeri",,,Real Estate Agents; Estate Agents For Land,true,true,false,false,true,Trusted Estate Agents,,"Chikkamagaluru for Property Buying, Selling & Rentals",2025-06-02T10:47:09.772Z
Belagola Estate,B,4.5,10 Ratings,"Mutthodi Chikkamagaluru Road, Chikmagalur",,,Real Estate Agents; Estate Agents For Residence,true,true,false,false,false,Trusted Estate Agents,,"Chikkamagaluru for Property Buying, Selling & Rentals",2025-06-02T10:47:09.772Z
Sanjeevini Estate,S,3.9,10 Ratings,"Estate Road Joldal Chikmagalur, Chikmagalur",,,Real Estate Agents; Estate Agents For Residence,true,true,false,false,false,Trusted Estate Agents,,"Chikkamagaluru for Property Buying, Selling & Rentals",2025-06-02T10:47:09.772Z
S R Real Estate & Tours & Travel,S,4.7,8 Ratings,"Joythinagar, Chikmagalur",,,Real Estate Agents; Estate Agents For Residence,true,true,false,false,false,Trusted Estate Agents,,"Chikkamagaluru for Property Buying, Selling & Rentals",2025-06-02T10:47:09.772Z
Shambhavi Real Estate,+,4.2,8 Ratings,"121 A Block Chikmagalur HO, Chikmagalur",,,Real Estate Agents; Estate Agents For Residence,true,true,false,false,false,Trusted Estate Agents,,"Chikkamagaluru for Property Buying, Selling & Rentals",2025-06-02T10:47:09.772Z
Vigneshwara Coffee Estate,V,4.7,7 Ratings,"Kundur, Chikmagalur",,,Real Estate Agents; Estate Agents For Residence,true,true,false,false,false,Trusted Estate Agents,,"Chikkamagaluru for Property Buying, Selling & Rentals",2025-06-02T10:47:09.772Z
S K Enterprises,+,4.9,6 Ratings,"2nd Cross Adarsha Nagara, Chikmagalur",,,Estate Agents For Farm House; Real Estate Agents,true,true,false,false,true,Trusted Estate Agents,,"Chikkamagaluru for Property Buying, Selling & Rentals",2025-06-02T10:47:09.773Z
Basaveshwara Estate,B,4.6,6 Ratings,"Road Menasinamalledevarahalli, Chikmagalur",,,Real Estate Agents; Estate Agents For Residence,false,true,false,false,false,Trusted Estate Agents,,"Chikkamagaluru for Property Buying, Selling & Rentals",2025-06-02T10:47:09.773Z
Chikamagalur Coffee Real Estate,+,4.3,6 Ratings,Chikmagalur,,,Real Estate Agents; Estate Agents For Residence,true,true,false,false,false,Trusted Estate Agents,,"Chikkamagaluru for Property Buying, Selling & Rentals",2025-06-02T10:47:09.773Z
Rathnagiri Estate,R,4.1,6 Ratings,"Horatti Devrunda Road, Chikmagalur",,,Real Estate Agents; Estate Agents For Residence,true,true,false,false,false,Trusted Estate Agents,,"Chikkamagaluru for Property Buying, Selling & Rentals",2025-06-02T10:47:09.773Z
Hindustan Real Estate,H,4.6,5 Ratings,"Road Market Road Chikmagalur, Chikmagalur",,,Real Estate Agents; Estate Agents For Residential Rental,true,true,false,false,true,Trusted Estate Agents,,"Chikkamagaluru for Property Buying, Selling & Rentals",2025-06-02T10:47:09.773Z
Kaskemane Estate,K,4.6,5 Ratings,"Devadana, Chikmagalur",,,Real Estate Agents; Estate Agents For Residence,true,true,false,false,false,Trusted Estate Agents,,"Chikkamagaluru for Property Buying, Selling & Rentals",2025-06-02T10:47:09.773Z
Ousana Estates,O,4.6,5 Ratings,"Ousana, Chikmagalur",,,Real Estate Agents; Estate Agents For Residence,false,true,false,false,false,Trusted Estate Agents,,"Chikkamagaluru for Property Buying, Selling & Rentals",2025-06-02T10:47:09.773Z
Gokula Estate,G,4.6,5 Ratings,Chikmagalur,,,Real Estate Agents,false,true,false,false,false,Trusted Estate Agents,,"Chikkamagaluru for Property Buying, Selling & Rentals",2025-06-02T10:47:09.773Z
Ymc Aluminium Fabrication,<,4.8,2 Ratings,"KEB Road Chikmagalur HO, Chikmagalur",,08792058998,Aluminium Fabricators; ACP Fabricators,true,false,false,false,true,Fabricators,,Chikkamagaluru,2025-06-02T10:48:15.277Z
HN Groups . HN Homes Interiors Artfull,<,4.9,9 Ratings,"Azeez Lane Chikmagalur HO, Chikmagalur",,08401430731,Building,true,false,false,true,true,Fabricators,,Chikkamagaluru,2025-06-02T10:48:15.277Z
Sknb Total Ventures,<,4.2,5 Ratings,"Circle Jyothinagar Chikmagalur, Chikmagalur",,08147368390,Industrial; Quick Visit; Aluminium False Ceiling,true,false,false,true,true,Fabricators,,Chikkamagaluru,2025-06-02T10:48:15.277Z
A Ajmeer Engineering Works,<,4.5,6 Ratings,"Nagar Nehru Road Chikmagalur, Chikmagalur",,,Door Fabricators; Fabricators,true,false,false,false,true,Fabricators,,Chikkamagaluru,2025-06-02T10:48:15.277Z
Yv Traders,<,4.8,2 Ratings,"Hassan City, Hassan",,08401652546,Brick Dealers; Construction Contractors,true,false,false,false,true,Fabricators,,Chikkamagaluru,2025-06-02T10:48:15.277Z
Asian Fabrication Works,<,5.0,1 Ratings,"Main Road Nittuvalli Davangere, Davangere",,09980827175,Building; Industrial,true,false,false,true,true,Fabricators,,Chikkamagaluru,2025-06-02T10:48:15.277Z
Blue Sky Aluminium Fabrication,<,5.0,2 Ratings,"Bolpugudde Kavoor, Mangalore",,08511745109,Fabricators; Aluminium Fabricators,true,false,false,false,true,Fabricators,,Chikkamagaluru,2025-06-02T10:48:15.277Z
A R Aluminum Fabricators,<,4.6,20 Ratings,"Pb Road Davangere, Davangere",,08971220979,Upvc Door,true,false,false,true,true,Fabricators,,Chikkamagaluru,2025-06-02T10:48:15.277Z
Laxmi Commercial Arts,<,4.2,22 Ratings,"Besant Complex Kodialbail, Mangalore",,,Computerised Rubber Stamp Manufacturers; Fabricators,true,false,false,false,true,Fabricators,,Chikkamagaluru,2025-06-02T10:48:15.277Z
Tanmay Glass and Plywood,<,5.0,1 Ratings,"Road RMC Link Road Davangere, Davangere",,08401083667,Upvc Door; Plywood Door Dealers,true,false,false,false,true,Fabricators,,Chikkamagaluru,2025-06-02T10:48:15.277Z
Asian Upvc Windows And Doors,+,4.9,44 Ratings,"2nd Cross Karur Industrial Area, Davangere",,08123165029,Upvc Door,true,false,false,true,true,Fabricators,,Chikkamagaluru,2025-06-02T10:48:15.277Z
Sri Venkateshwara Industries,+,3.5,7 Ratings,"Tilaknagar, Mysore",,,Industrial,true,false,false,false,false,Fabricators,,Chikkamagaluru,2025-06-02T10:48:15.277Z
N B Enterprises,+,4.0,9 Ratings,"Vinobhanagara Extn Davangere, Davangere",,,Industrial,true,false,false,true,false,Fabricators,,Chikkamagaluru,2025-06-02T10:48:15.277Z
Shanthi Engineering Works,+,4.9,26 Ratings,"Ring Road Bm Road, Hassan",,09054646774,Industrial,true,false,false,true,true,Fabricators,,Chikkamagaluru,2025-06-02T10:48:15.277Z
Trade Mart,T,4.2,28 Ratings,"Lower Carstreet Road Car Street, Mangalore",,08511771034,PVC Door Dealers; Aluminium Sliding Door Dealers; Company Authorised Dealer,true,false,false,true,true,Fabricators,,Chikkamagaluru,2025-06-02T10:48:15.277Z
Maganahalli Wooden & Steel Furniture Works,+,4.2,10 Ratings,"Near Gandhi Circle Davangere Ho, Davangere",,,Computer Furniture Dealers; Furniture Dealers,true,false,false,true,true,Fabricators,,Chikkamagaluru,2025-06-02T10:48:15.277Z
Padmashali Aluminium Fabricators,+,4.7,10 Ratings,"Sagri Kunjibettu, Udupi",,,Door Fabricators; Interior Designers,true,false,false,true,true,Fabricators,,Chikkamagaluru,2025-06-02T10:48:15.278Z
Angel & Ana's Aluminium,+,4.6,12 Ratings,"Industrial Area Baikampady, Mangalore",,,Interior Designers For Apartment; Interior Designers,true,false,false,false,true,Fabricators,,Chikkamagaluru,2025-06-02T10:48:15.278Z
Slv Enterprises,S,4.0,3 Ratings,"Main Road Doddakallasandra, Bangalore",,07041944282,Fabricators; MS Fabricators,true,false,false,false,false,Fabricators,,Chikkamagaluru,2025-06-02T10:48:15.278Z
Varaha Industries,+,4.3,3 Ratings,"Venkateswara Nagar Sunkadakatte, Bangalore",,08904589791,Powder Coating Services; Fabricators,true,false,false,false,false,Fabricators,,Chikkamagaluru,2025-06-02T10:48:15.278Z
Trancivilia Constructions Private Limited,+,4.6,14 Ratings,"Feet Ring Banashankari 3rd Stage, Bangalore",,09980942009,Industrial,true,false,false,true,true,Fabricators,,Chikkamagaluru,2025-06-02T10:48:15.278Z
H L Power Tech Laser Cutting,+,5.0,1 Ratings,"Village Hosur Industrial Complex, Hosur",,07383244439,Fabricators; Engineering Companies,true,false,false,false,false,Fabricators,,Chikkamagaluru,2025-06-02T10:48:15.278Z
Esskay Engineering Works,+,4.5,6 Ratings,"Road Bilekahalli, Bangalore",,08460226048,Industrial; On Site Services,true,false,false,false,true,Fabricators,,Chikkamagaluru,2025-06-02T10:48:15.278Z
Mv Aluminium Trading Company,+,4.6,72 Ratings,"Timber Yard Layout Mysore Road, Bangalore",,09980778466,Aluminium Sliding Door Dealers,true,false,false,true,true,Fabricators,,Chikkamagaluru,2025-06-02T10:48:15.278Z
SREE FOOD MACHINERY,+,4.5,64 Ratings,"Silver Jubilee Park Road, Bangalore",,09035031038,Shop In Store,true,false,false,true,true,Fabricators,,Chikkamagaluru,2025-06-02T10:48:15.278Z
Jk Fab Tech,+,3.8,6 Ratings,"Basaveshwar Nagar Shankar Nagar, Bangalore",,07041343063,MS Fabricators; Fabricators,true,false,false,false,false,Fabricators,,Chikkamagaluru,2025-06-02T10:48:15.278Z
Jcmarvel Engineering and Trading LLP,+,4.6,34 Ratings,"Mukkidipeta, Hindupur",,07022232696,Industrial; Delivery Available; On Site Services,true,false,false,false,true,Fabricators,,Chikkamagaluru,2025-06-02T10:48:15.278Z
MONSOOR All India Manpower Supplier,M,3.9,14 Ratings,"Nagar Bus Stop 18/2 Sundarapuram, Coimbatore",,08460487908,Fabricators; Building Contractors,true,false,false,false,true,Fabricators,,Chikkamagaluru,2025-06-02T10:48:15.278Z
Diamond Steel Industries,+,2.3,3 Ratings,"Nurani Masjid Flat Gokul Road, Hubli",,08490868641,Labour Contractors For Factory; Labour Contractors,true,false,false,false,false,Fabricators,,Chikkamagaluru,2025-06-02T10:48:15.278Z
Srimaan Engineering Works,+,4.1,7 Ratings,"Outer Ring Road Mookandapalli, Hosur",,08511494947,Industrial Trolley Manufacturers; Fabricators,true,false,false,false,true,Fabricators,,Chikkamagaluru,2025-06-02T10:48:15.278Z
Kavitha Steel Railing and Fabrication,+,4.8,19 Ratings,"Nagar 80 Feet Road Kamalanagar, Anantapur",,09740181091,Steel Fabricators; Glass Dealers,true,false,false,true,true,Fabricators,,Chikkamagaluru,2025-06-02T10:48:15.278Z
Acetech,+,4.7,25 Ratings,"Kannamapalayam Sulur, Coimbatore",,08460396011,Industrial,true,false,false,false,true,Fabricators,,Chikkamagaluru,2025-06-02T10:48:15.278Z
A A Maimoon Enterprises,+,4.2,183 Ratings,"Bamboo Bazaar City Market, Bangalore",,07411578753,Fabricators; Aluminium Fabricators,true,false,false,true,true,Fabricators,,Chikkamagaluru,2025-06-02T10:48:15.278Z
Taurus Conveyor Company,+,4.2,17 Ratings,"Sidco Phase 6 Sipcot, Hosur",,,Industrial; Company Authorised Dealer,true,false,false,true,true,Fabricators,,Chikkamagaluru,2025-06-02T10:48:15.278Z
Q-Max Anticorrosion Systems,+,4.1,23 Ratings,"Sipcot - 1 Sipcot, Hosur",,,Fabricators; PVC Pipe Dealers,true,false,false,true,false,Fabricators,,Chikkamagaluru,2025-06-02T10:48:15.278Z
Chinitic Industries,+,5.0,2 Ratings,"Idikarai Main Road Idigarai, Coimbatore",,08460308699,Building; Industrial,true,false,false,true,true,Fabricators,,Chikkamagaluru,2025-06-02T10:48:15.278Z
Madani Engineering Works,+,4.6,4 Ratings,"Petrol Pump Navanagar Hubli, Hubli",,08460549952,Industrial,true,false,false,false,true,Fabricators,,Chikkamagaluru,2025-06-02T10:48:15.278Z
Advance Tec,A,4.2,35 Ratings,"Avinashi Road Avinashi Road, Coimbatore",,,Industrial,true,false,false,true,true,Fabricators,,Chikkamagaluru,2025-06-02T10:48:15.278Z
U And R Engineering Pvt Ltd,U,4.0,64 Ratings,"Tamarai Nagar Sihs Colony, Coimbatore",,,Industrial,true,false,false,true,true,Fabricators,,Chikkamagaluru,2025-06-02T10:48:15.278Z
Neelavati Enterprises,+,4.4,27 Ratings,"Urdu School Bhairidevarkoppa, Hubli",,09054896966,Furniture Dealers; Fabricators,true,false,false,true,true,Fabricators,,Chikkamagaluru,2025-06-02T10:48:15.279Z
Ssi Furniture,+,3.5,20 Ratings,"Doddanna Industrial Estate-Hegganahalli, Bangalore",,,Furniture Manufacturers; Interior Designers,true,false,false,true,false,Fabricators,,Chikkamagaluru,2025-06-02T10:48:15.279Z
Sarva Systems and Services,+,4.5,31 Ratings,"Floor Pantarpalya Mysore Road, Bangalore",,09845233316,Building,true,false,false,true,true,Fabricators,,Chikkamagaluru,2025-06-02T10:48:15.279Z
Royal Steels,+,4.4,10 Ratings,"First Bus Stop Anand Nagar, Hubli",,,Door Fabricators; Furniture Dealers,true,false,false,true,true,Fabricators,,Chikkamagaluru,2025-06-02T10:48:15.279Z
Nesco Metals,+,3.9,34 Ratings,"Industrial Estate Gokul Road, Hubli",,,Industrial,true,false,false,true,false,Fabricators,,Chikkamagaluru,2025-06-02T10:48:15.279Z
Hsf Steels 2,+,4.5,13 Ratings,"Old Hubli Karwar Road, Hubli",,,Industrial,true,false,false,true,true,Fabricators,,Chikkamagaluru,2025-06-02T10:48:15.279Z
RIBCO,+,4.0,177 Ratings,"National Highway 66 Jali, Karwar",,,Steel Door Dealers; Designer,true,false,false,true,true,Fabricators,,Chikkamagaluru,2025-06-02T10:48:15.279Z
SS STEEL HOUSE,S,5.0,2 Ratings,"Palani Main Road Udumanpatti, Udumalpet",,07041212857,Building; Industrial,true,false,false,false,false,Fabricators,,Chikkamagaluru,2025-06-02T10:48:15.279Z
Sibi Engineering,+,4.3,13 Ratings,"Maruthur Road Vadakaraiatur, Namakkal",,08867834067,,true,false,false,true,true,Fabricators,,Chikkamagaluru,2025-06-02T10:48:15.279Z
Sri Karpaga Vinayagar Engineering,+,4.7,36 Ratings,"Main Road Palapatti Salem, Salem",,08401668355,,true,false,false,false,true,Fabricators,,Chikkamagaluru,2025-06-02T10:48:15.279Z
Khandya Meubles,<,4.7,468 Ratings,"Mallandur Road, Chikmagalur",,,Bedroom Furniture Dealers; Furniture Dealers,true,false,false,false,true,Furniture Repair & Services,,Chikkamagaluru,2025-06-02T10:49:19.416Z
Irfan Bedding And Sofa Center,<,3.6,19 Ratings,"Baragenahalli, Chikmagalur",,,Furniture Repair & Services,true,false,false,false,false,Furniture Repair & Services,,Chikkamagaluru,2025-06-02T10:49:19.416Z
Ravi Wood Works,<,4.0,2 Ratings,"Alur, Hassan",,,Carpenters; Furniture Repair & Services,true,false,false,false,false,Furniture Repair & Services,,Chikkamagaluru,2025-06-02T10:49:19.416Z
National Enterprises,<,4.9,15 Ratings,"Police Station Pension Mohalla, Hassan",,,Sofa Set Repair & Services; Furniture Dealers,true,false,false,false,true,Furniture Repair & Services,,Chikkamagaluru,2025-06-02T10:49:19.416Z
Siddarth Enterprises,<,4.0,4 Ratings,"Main Road Hoysalanagar Main Road, Hassan",,,Sofa Set Repair & Services; Furniture Repair & Services,true,false,false,false,false,Furniture Repair & Services,,Chikkamagaluru,2025-06-02T10:49:19.416Z
Indian Oak Furniture,<,4.9,56 Ratings,"B M Main Road Bm Road, Hassan",,,Furniture Dealers; Interior Designers,true,false,false,false,true,Furniture Repair & Services,,Chikkamagaluru,2025-06-02T10:49:19.416Z
City Furniture Hassan And Kings Furnishing,<,4.0,75 Ratings,"Bm Road, Hassan",,07383484375,Antique Furniture Dealers; Furniture Dealers,true,false,false,true,true,Furniture Repair & Services,,Chikkamagaluru,2025-06-02T10:49:19.417Z
Reefa Sofa Works,<,4.4,7 Ratings,"Nagar Police Calony Hassan HO, Hassan",,09980233895,Sofa Set Repair & Services; Bed Dealers,true,false,false,false,true,Furniture Repair & Services,,Chikkamagaluru,2025-06-02T10:49:19.417Z
Riyaz Furniture Works,<,5.0,1 Ratings,"3rd Main Wadi E Huda, Shimoga",,,Carpenters; Furniture Repair & Services,true,false,false,false,true,Furniture Repair & Services,,Chikkamagaluru,2025-06-02T10:49:19.417Z
Bombay Furniture,<,4.6,26 Ratings,"100 Feet Road Gajanur Shimoga, Shimoga",,,Designer Furniture Dealers; Furniture Dealers,true,false,false,true,true,Furniture Repair & Services,,Chikkamagaluru,2025-06-02T10:49:19.417Z
Bombay Furniture,+,4.6,26 Ratings,"Ilyaz Nagar Main Road Mandli, Shimoga",,,Furniture Dealers; Furniture Manufacturers,true,false,false,false,true,Furniture Repair & Services,,Chikkamagaluru,2025-06-02T10:49:19.418Z
Suresh Wooden Works,+,5.0,2 Ratings,"1st Cross Rml Nagar, Shimoga",,,Office Furniture Repair & Services; Carpenters,true,false,false,false,true,Furniture Repair & Services,,Chikkamagaluru,2025-06-02T10:49:19.418Z
Comfort Cushion Works,C,2.5,2 Ratings,"Ot Road Kr Puram Shimoga, Shimoga",,,Sofa Set Repair & Services; Furniture Repair & Services,true,false,false,false,false,Furniture Repair & Services,,Chikkamagaluru,2025-06-02T10:49:19.418Z
National Furnitures,+,4.2,14 Ratings,"M Vishveshwaraiah Road Durgigudi, Shimoga",,,Beauty Parlour Furniture Dealers; Furniture Dealers,true,false,false,false,true,Furniture Repair & Services,,Chikkamagaluru,2025-06-02T10:49:19.418Z
Home sofa Interior works,+,5.0,1 Ratings,"Road RML Achutha Rao Layout, Shimoga",,,Sofa Repair & Services At Door Step; Furniture Dealers,true,false,false,false,true,Furniture Repair & Services,,Chikkamagaluru,2025-06-02T10:49:19.418Z
New Karnataka Bed Centre,+,4.5,2 Ratings,"Main Road Gopala Extension, Shimoga",,,Bed Dealers; Furniture Repair & Services,true,false,false,false,true,Furniture Repair & Services,,Chikkamagaluru,2025-06-02T10:49:19.419Z
I-Tech Furnitures,I,5.0,1 Ratings,"100 Feet Road Tilaknagar Shimoga, Shimoga",,,Steel Furniture Repair & Services; Furniture Repair & Services,false,false,false,false,true,Furniture Repair & Services,,Chikkamagaluru,2025-06-02T10:49:19.419Z
H K G N Furniture & Wood Works,+,3.3,3 Ratings,"Kuvempunagar Baragur, Hassan",,,Wooden Furniture Dealers; Furniture Dealers,true,false,false,false,false,Furniture Repair & Services,,Chikkamagaluru,2025-06-02T10:49:19.419Z
Pradeep Furniture,P,4.0,1 Ratings,"Janwada Road Shah Gunj Bidar, Bidar",,,Carpenters; Office Chair Repair & Services,true,false,false,false,false,Furniture Repair & Services,,Chikkamagaluru,2025-06-02T10:49:19.419Z
Sri Devi Furniture Srinivas Devadiga,+,4.7,4 Ratings,"Udupi Karkala Road Banglegudde, Karkala",,,Same Day Delivery,true,false,false,false,true,Furniture Repair & Services,,Chikkamagaluru,2025-06-02T10:49:19.419Z
Mangalore Furniture,M,3.0,1 Ratings,"Shri Ram Pete Main Road, Puttur",,,Furniture Repair & Services,true,false,false,false,false,Furniture Repair & Services,,Chikkamagaluru,2025-06-02T10:49:19.419Z
Star Cushion Works,S,4.3,3 Ratings,"Moodbidri, Moodbidri",,,Furniture Repair & Services,true,false,false,false,false,Furniture Repair & Services,,Chikkamagaluru,2025-06-02T10:49:19.419Z
National Furniture,N,4.0,1 Ratings,"Samruddi Apartment Moodbidri, Moodbidri",,,Furniture Dealers; Bed Dealers,true,false,false,false,false,Furniture Repair & Services,,Chikkamagaluru,2025-06-02T10:49:19.419Z
Hms Sawmill,+,4.3,3 Ratings,"Huliyar, Tumkur",,,Furniture Repair & Services,true,false,false,false,false,Furniture Repair & Services,,Chikkamagaluru,2025-06-02T10:49:19.419Z
Star Future Dreams Group,+,4.7,7 Ratings,"Main Road Bc Road, Mangalore",,,Second Hand Furniture Dealers; Sofa Dealers,true,false,false,false,true,Furniture Repair & Services,,Chikkamagaluru,2025-06-02T10:49:19.420Z
New Modern Furniture Shops,N,4.8,27 Ratings,"Road Suntikoppa Madikeri, Coorg",,,Furniture Dealers; Wooden Furniture Dealers,true,false,false,false,true,Furniture Repair & Services,,Chikkamagaluru,2025-06-02T10:49:19.420Z
Sarala Wood Industries,+,4.9,95 Ratings,"Nandalike Post Karkala, Karkala",,08401715637,Wooden Door,true,false,false,true,true,Furniture Repair & Services,,Chikkamagaluru,2025-06-02T10:49:19.420Z
Badsha Bedding & Furniture Shop,+,4.5,2 Ratings,"College Road Madikeri, Coorg",,,Children Furniture Dealers; Furniture Dealers,true,false,false,false,true,Furniture Repair & Services,,Chikkamagaluru,2025-06-02T10:49:19.420Z
Zigma Sofa Works,Z,5.0,1 Ratings,"Manjushree Complex Kaikamba, Mangalore",,,Furniture Repair & Services,true,false,false,false,false,Furniture Repair & Services,,Chikkamagaluru,2025-06-02T10:49:19.420Z
S R Furn,+,4.0,1 Ratings,"Main Road Madikeri, Coorg",,,Furniture Dealers; Bed Dealers,true,false,false,false,false,Furniture Repair & Services,,Chikkamagaluru,2025-06-02T10:49:19.420Z
Guruvayurappan Furniture Works,G,2.8,4 Ratings,"Benagal Benagal, Mysore",,,Furniture Repair & Services,true,false,false,false,false,Furniture Repair & Services,,Chikkamagaluru,2025-06-02T10:49:19.420Z
Usha Watch Works,U,4.3,3 Ratings,"Farangipete, Dakshina Kannada",,,Furniture Repair & Services,true,false,false,false,false,Furniture Repair & Services,,Chikkamagaluru,2025-06-02T10:49:19.420Z
Manha Bed Center,M,4.0,2 Ratings,"Manjeshwar Manjeshwar, Kasaragod",,,Carpenters; Furniture Repair & Services,false,false,false,false,false,Furniture Repair & Services,,Chikkamagaluru,2025-06-02T10:49:19.421Z
New Neermarga Rego Furniture And Cushion Works,N,4.6,5 Ratings,"Neermarga Junction Neermarga, Mangalore",,,Antique Furniture Dealers; Furniture Dealers,true,false,false,false,true,Furniture Repair & Services,,Chikkamagaluru,2025-06-02T10:49:19.421Z
Fairfield Engineering Works,F,4.0,1 Ratings,"Alevoor Road Manipal, Manipal",,,Furniture Repair & Services; Chair Repair & Services,false,false,false,false,false,Furniture Repair & Services,,Chikkamagaluru,2025-06-02T10:49:19.421Z
I.R old timbers,+,5.0,5 Ratings,"Thoukur Cross Road Kinnigoli, Mangalore",,,Furniture Repair & Services; Furniture Wholesalers,true,false,false,false,false,Furniture Repair & Services,,Chikkamagaluru,2025-06-02T10:49:19.421Z
Royal Cushion Works,+,4.9,5 Ratings,"4th Main Road Surathkal, Mangalore",,08904615093,Decorative,true,false,false,true,true,Furniture Repair & Services,,Chikkamagaluru,2025-06-02T10:49:19.421Z
Sleep High,+,5.0,11 Ratings,"Solapur Highway Bikkernakatta, Mangalore",,,Bed Dealers; Furniture Dealers,true,false,false,false,true,Furniture Repair & Services,,Chikkamagaluru,2025-06-02T10:49:19.421Z
A to Z cushion work,A,5.0,1 Ratings,"Vaikuntha College Kunjibettu, Udupi",,,Furniture Repair & Services,true,false,false,false,false,Furniture Repair & Services,,Chikkamagaluru,2025-06-02T10:49:19.421Z
M.r Cushion Work,+,3.8,5 Ratings,"NH 66 Nanthoor, Mangalore",,,Sofa Set Repair & Services; Sofa Dealers,true,false,false,false,false,Furniture Repair & Services,,Chikkamagaluru,2025-06-02T10:49:19.422Z
Sofa Magic,+,5.0,2 Ratings,"Kulur - Kavoor Road Kavoor, Mangalore",,,Designer; Decorative,true,false,false,false,true,Furniture Repair & Services,,Chikkamagaluru,2025-06-02T10:49:19.422Z
H M Cushion Works,+,4.5,1 Ratings,"Chikpadi Chitpadi, Udupi",,,Sofa Set Repair & Services; Furniture Repair & Services,true,false,false,false,true,Furniture Repair & Services,,Chikkamagaluru,2025-06-02T10:49:19.422Z
Pumpwell Furniture Centre,+,5.0,2 Ratings,"Pumpwell Circle Pumpwell, Mangalore",,,Furniture Dealers; Sofa Dealers,true,false,false,false,true,Furniture Repair & Services,,Chikkamagaluru,2025-06-02T10:49:19.423Z
V K Furniture and Electronics,+,4.1,485 Ratings,"YEYYADI Yeyyadi, Mangalore",,,Solar; Solar Panel Repair; Same Day Delivery,true,false,false,true,true,Furniture Repair & Services,,Chikkamagaluru,2025-06-02T10:49:19.423Z
Durga Furniture,+,4.0,8 Ratings,"NH 66 Kannur, Mangalore",,,Garden Furniture Dealers; Carpenters,true,false,false,true,false,Furniture Repair & Services,,Chikkamagaluru,2025-06-02T10:49:19.423Z
Sharma Interior Carpenter Work,S,4.5,4 Ratings,"Derlakatte, Mangalore",,,Carpenters; Furniture Repair & Services,false,false,false,false,true,Furniture Repair & Services,,Chikkamagaluru,2025-06-02T10:49:19.423Z
M A Interior,+,4.4,9 Ratings,"Surathkal, Mangalore",,08511495783,Designer; Decorative; Same Day Delivery,true,false,false,true,true,Furniture Repair & Services,,Chikkamagaluru,2025-06-02T10:49:19.423Z
Silova Curtains,+,5.0,2 Ratings,"Mission Compond Udupi HO, Udupi",,,Sofa Repair & Services; Bed Dealers,true,false,false,false,true,Furniture Repair & Services,,Chikkamagaluru,2025-06-02T10:49:19.423Z
Ms Sales And Service,+,4.0,13 Ratings,"Bus Stand Road, Udupi",,,Home Appliance Dealers; AC Repair & Services,true,false,false,false,false,Furniture Repair & Services,,Chikkamagaluru,2025-06-02T10:49:19.423Z
Surya Hospital,<,4.8,51 Ratings,"NH206 Kadur, Chikmagalur",,07411948950,,true,true,false,false,true,Best Hospitals,,Chikkamagaluru,2025-06-02T10:50:22.607Z
Aura Care Hospital & Diabetic Clinic,<,5.0,24 Ratings,"Tarikere, Chikmagalur",,09035782140,,true,true,false,false,true,Best Hospitals,,Chikkamagaluru,2025-06-02T10:50:22.607Z
Ashraya Multispeciality and Super Speciality Hospital,<,4.6,"2,180 Ratings","Naidu Street Chikmagalur Fort, Chikmagalur",,08511843148,,true,true,false,false,true,Best Hospitals,,Chikkamagaluru,2025-06-02T10:50:22.607Z
Bethel Medical Mission Hospital & Hosmat Hospital Education Group,<,4.1,158 Ratings,"Preety Nagar Laggere, Bangalore",,07048209067,,true,true,false,false,true,Best Hospitals,,Chikkamagaluru,2025-06-02T10:50:22.608Z
Shri Tulasigirish Diabetes Hospital & Diabetes Research Foundation,<,4.2,34 Ratings,"Mahaveer Road Bagalkot, Bagalkot",,,,true,true,false,false,true,Best Hospitals,,Chikkamagaluru,2025-06-02T10:50:22.608Z
Global Health Tourism,<,4.6,38 Ratings,"Lane No 5 Vishwakarma Nagar, Nagpur",,09980635869,,true,true,false,false,true,Best Hospitals,,Chikkamagaluru,2025-06-02T10:50:22.608Z
Pragati Medcity and Stem Cell Centre,<,4.8,30 Ratings,"Ajay Singh Marg Rohit Nagar, Bhopal",,09035344697,,true,false,false,true,true,Best Hospitals,,Chikkamagaluru,2025-06-02T10:50:22.608Z
Nephron Kidney Kare Clinic,<,3.9,119 Ratings,"Bariatu Road Bariatu, Ranchi",,,,true,false,false,false,false,Best Hospitals,,Chikkamagaluru,2025-06-02T10:50:22.608Z
Nangal Cancer Hospital & Research Institute,<,4.7,633 Ratings,"College Road Bikaner Agra Road, Bikaner",,,,true,true,false,true,true,Best Hospitals,,Chikkamagaluru,2025-06-02T10:50:22.609Z
Sparsha Naturopathy Hospital,<,4.7,41 Ratings,"Basavanahalli Chikmagalur, Chikmagalur",,,,true,true,false,false,true,Best Hospitals,,Chikkamagaluru,2025-06-02T10:50:22.609Z
Ashraya Hospital,+,4.5,"2,306 Ratings","Ashraya Hospital Naidu Street, Chikmagalur",,,,true,true,false,false,true,Best Hospitals,,Chikkamagaluru,2025-06-02T10:50:22.609Z
Raj Bruhat Hospital,+,4.9,"2,035 Ratings","Giri Nagar Tarikere, Chikmagalur",,,,false,false,false,false,true,Best Hospitals,,Chikkamagaluru,2025-06-02T10:50:22.609Z
Annapoorna Hospital,+,4.7,475 Ratings,"No.184 Km Road, Chikmagalur",,,,false,true,false,false,true,Best Hospitals,,Chikkamagaluru,2025-06-02T10:50:22.609Z
KRS Multi Specialty Hospital,+,4.0,253 Ratings,"SH-57 Basavanahalli Chikmagalur, Chikmagalur",,,,true,true,false,false,true,Best Hospitals,,Chikkamagaluru,2025-06-02T10:50:22.609Z
Holy Cross Hospital,+,3.7,264 Ratings,"M  Road Jyothinagar Chikmagalur, Chikmagalur",,,,true,true,false,false,false,Best Hospitals,,Chikkamagaluru,2025-06-02T10:50:22.609Z
Chetana Hospital,+,4.0,168 Ratings,"NH 206 Kadur, Chikmagalur",,,,true,true,false,false,true,Best Hospitals,,Chikkamagaluru,2025-06-02T10:50:22.609Z
Anuradha Hospital,A,3.6,134 Ratings,"Anuradha Hospital Belt Road, Chikmagalur",,,,true,true,false,false,false,Best Hospitals,,Chikkamagaluru,2025-06-02T10:50:22.609Z
Basaveshwara Hospital,+,3.4,127 Ratings,"Up Road Kadur Kadur, Chikmagalur",,,,false,true,false,false,false,Best Hospitals,,Chikkamagaluru,2025-06-02T10:50:22.609Z
Sanjeevini Health Care,+,4.4,77 Ratings,"B H Road Tarikere, Chikmagalur",,,,false,true,false,false,true,Best Hospitals,,Chikkamagaluru,2025-06-02T10:50:22.609Z
Malnad Hospitals,M,3.6,93 Ratings,"Togrehankal Circle Chikmangalur, Chikmagalur",,,,true,true,false,false,false,Best Hospitals,,Chikkamagaluru,2025-06-02T10:50:22.610Z
Malnad Hospital,M,3.6,93 Ratings,"Togarihankal Circle, Chikmagalur",,,,true,true,false,false,false,Best Hospitals,,Chikkamagaluru,2025-06-02T10:50:22.610Z
Sri Abhinava Vidyatirtha Multi Speciality Hospital,+,4.6,60 Ratings,"Agalagandi Chikmagalur, Sringeri",,,,true,true,false,false,true,Best Hospitals,,Chikkamagaluru,2025-06-02T10:50:22.610Z
Sanjeevini Speciality Centre,S,3.8,70 Ratings,"Belur Road Chikmagalur, Chikmagalur",,,,true,false,false,false,false,Best Hospitals,,Chikkamagaluru,2025-06-02T10:50:22.610Z
Swasthya Ayurveda Hospital,+,4.9,53 Ratings,"Hosamane Extension Hosamane Road, Chikmagalur",,,,true,true,false,false,true,Best Hospitals,,Chikkamagaluru,2025-06-02T10:50:22.610Z
sri sai ram hospital,+,4.4,57 Ratings,"Tarikere, Chikmagalur",,,,true,true,false,false,true,Best Hospitals,,Chikkamagaluru,2025-06-02T10:50:22.610Z
Swasthya Ayurveda Medical Shop,+,4.8,49 Ratings,"Belur Road Chikmagalur, Chikmagalur",,,Hospitals; Ayurvedic Medicine Shops,true,true,false,false,true,Best Hospitals,,Chikkamagaluru,2025-06-02T10:50:22.610Z
Mallegowda District Hospital,M,3.5,67 Ratings,"Nagar Belur Road Chikmagalur, Chikmagalur",,,,true,false,false,false,false,Best Hospitals,,Chikkamagaluru,2025-06-02T10:50:22.610Z
Sai Krishna Hospital Banakal,+,4.7,48 Ratings,"Road Bankal Chikmagalur, Chikmagalur",,,,true,true,false,false,false,Best Hospitals,,Chikkamagaluru,2025-06-02T10:50:22.610Z
Savi Hospital,+,3.4,63 Ratings,"Layout Park Road Ig Road, Chikmagalur",,,,false,false,false,false,false,Best Hospitals,,Chikkamagaluru,2025-06-02T10:50:22.610Z
Basaveshwara Hospital,+,4.2,46 Ratings,"NH 206 Tarikere, Chikmagalur",,,,true,true,false,false,true,Best Hospitals,,Chikkamagaluru,2025-06-02T10:50:22.610Z
Balaji Nursing Home,B,4.0,47 Ratings,"T B Road Kadur, Chikmagalur",,,,false,true,false,false,false,Best Hospitals,,Chikkamagaluru,2025-06-02T10:50:22.610Z
Vasuda Hospital,V,3.6,43 Ratings,"Bengaluru Honnavar Road Tarikere, Chikmagalur",,,,true,true,false,false,false,Best Hospitals,,Chikkamagaluru,2025-06-02T10:50:22.610Z
Lakshmi Hospital,L,3.8,40 Ratings,"Doddapete Kadur, Chikmagalur",,,,false,true,false,false,false,Best Hospitals,,Chikkamagaluru,2025-06-02T10:50:22.610Z
Sharada Dhanvanthari Charitable Hospital,S,3.9,38 Ratings,"Nh13 Sringeri, Sringeri",,,,true,true,false,false,false,Best Hospitals,,Chikkamagaluru,2025-06-02T10:50:22.611Z
Government General Hospital,+,3.7,39 Ratings,"BH Road Kadur, Chikmagalur",,,,false,true,false,false,false,Best Hospitals,,Chikkamagaluru,2025-06-02T10:50:22.611Z
Vaatsalya Hospital,V,3.2,42 Ratings,"R G Road Vijayapuram Chikmagalur, Chikmagalur",,,,true,true,false,false,false,Best Hospitals,,Chikkamagaluru,2025-06-02T10:50:22.611Z
Government Hospital,G,3.1,41 Ratings,"BH Road Tarikere, Chikmagalur",,,,false,true,false,false,false,Best Hospitals,,Chikkamagaluru,2025-06-02T10:50:22.611Z
Swarna Sai Hi Tech Dentistry,+,4.7,27 Ratings,"Mg Road Chikmagalur, Chikmagalur",,,,true,true,false,false,true,Best Hospitals,,Chikkamagaluru,2025-06-02T10:50:22.611Z
Mgm Hospital,M,3.3,37 Ratings,"Sh 64 Karadagodu, Chikmagalur",,,,true,true,false,false,false,Best Hospitals,,Chikkamagaluru,2025-06-02T10:50:22.611Z
Reticorn Eye Hospital,R,3.9,31 Ratings,"Mallandur Road, Chikmagalur",,,,true,true,false,false,false,Best Hospitals,,Chikkamagaluru,2025-06-02T10:50:22.611Z
Darshan Netralaya,D,4.0,30 Ratings,"Convent MG Road Chikmagalur, Chikmagalur",,,,false,true,false,false,false,Best Hospitals,,Chikkamagaluru,2025-06-02T10:50:22.611Z
Sdr Ayurveda Chikitsalaya,+,5.0,24 Ratings,"Malleshwaram Kadur, Chikmagalur",,,,true,false,false,false,true,Best Hospitals,,Chikkamagaluru,2025-06-02T10:50:22.611Z
Aralaguppe Mallegowda District Government Hospital,A,3.7,28 Ratings,"Chikmagalur District Office, Chikmagalur",,,,true,true,false,false,false,Best Hospitals,,Chikkamagaluru,2025-06-02T10:50:22.611Z
Madhu Orthopedics And Trauma Center,+,4.7,22 Ratings,"U B Road Kadur, Chikmagalur",,,,true,true,false,false,true,Best Hospitals,,Chikkamagaluru,2025-06-02T10:50:22.611Z
Annapoorna Hospital,A,3.3,29 Ratings,"Maruthinagar, Chikmagalur",,,,true,true,false,false,false,Best Hospitals,,Chikkamagaluru,2025-06-02T10:50:22.611Z
Taluk General Hospital,T,4.4,20 Ratings,"Narasimharajapura Chikmagalur, Chikmagalur",,,,false,true,false,false,true,Best Hospitals,,Chikkamagaluru,2025-06-02T10:50:22.611Z
Vishwamanava Hospital,V,4.2,20 Ratings,"Bh Rd Birur Chikmagalur, Chikmagalur",,,,true,true,false,false,true,Best Hospitals,,Chikkamagaluru,2025-06-02T10:50:22.611Z
Mallegowda Main Hospital,M,4.2,19 Ratings,"Belur Road Chikmagalur, Chikmagalur",,,,false,true,false,false,false,Best Hospitals,,Chikkamagaluru,2025-06-02T10:50:22.611Z
Ashirwad Hospital,A,4.1,19 Ratings,"Rathnagiri Road, Chikmagalur",,,,false,true,false,false,true,Best Hospitals,,Chikkamagaluru,2025-06-02T10:50:22.611Z
Narasimha Bhatt N,<,3.5,6 Ratings,"3rd Stage Chikmagalur Ho, Chikmagalur",,,Cooks,true,false,false,false,true,House keeping Services,Culinary Experts at Your Service: Cooks on Rent,Chikkamagaluru,2025-06-02T10:51:58.184Z
M S Shamiyana,<,5.0,2 Ratings,"Ring Road Hassan HO, Hassan",,,Caterers; Decorators,true,false,false,false,true,House keeping Services,Culinary Experts at Your Service: Cooks on Rent,Chikkamagaluru,2025-06-02T10:51:58.184Z
Shahi Caterers,<,4.8,3 Ratings,"HH Road Bhadravathi Old Town, Bhadravathi-Karnataka",,08460521037,Caterers For Non Veg Biryani; Caterers,true,false,false,false,true,House keeping Services,Culinary Experts at Your Service: Cooks on Rent,Chikkamagaluru,2025-06-02T10:51:58.185Z
Thilka Chicken Centre,<,2.5,2 Ratings,"Kunduru Channarayapatna, Hassan",,,Caterers; Veg Caterers,true,false,false,false,false,House keeping Services,Culinary Experts at Your Service: Cooks on Rent,Chikkamagaluru,2025-06-02T10:51:58.185Z
Shree Annapoorna Caterers,<,5.0,2 Ratings,"Swami Temple Road Hosudi, Shimoga",,,Home Delivery,true,false,false,false,true,House keeping Services,Culinary Experts at Your Service: Cooks on Rent,Chikkamagaluru,2025-06-02T10:51:58.185Z
Ammath Caterers,<,4.3,7 Ratings,"Old Barline Road Savarkarnagar, Shimoga",,,Caterers; Cooks,true,false,false,false,true,House keeping Services,Culinary Experts at Your Service: Cooks on Rent,Chikkamagaluru,2025-06-02T10:51:58.185Z
Banashri Catering,<,3.0,4 Ratings,"BH road 3rd cross Nidige, Shimoga",,,Caterers; Flower Decorators,true,false,false,false,false,House keeping Services,Culinary Experts at Your Service: Cooks on Rent,Chikkamagaluru,2025-06-02T10:51:58.185Z
R R K New Galaxy Shamiyana,<,4.0,2 Ratings,"2nd Cross Shimoga Ho, Shimoga",,,Shamiana Contractors; Event Organisers,true,false,false,false,false,House keeping Services,Culinary Experts at Your Service: Cooks on Rent,Chikkamagaluru,2025-06-02T10:51:58.186Z
Shankara Krupa,<,4.1,81 Ratings,"Opp Shankar Mutt Road Shimoga, Shimoga",,,Banquet Halls; Kalyana Mandapams,true,false,false,false,true,House keeping Services,Culinary Experts at Your Service: Cooks on Rent,Chikkamagaluru,2025-06-02T10:51:58.186Z
Karavali Lunch Home,<,3.9,527 Ratings,"4th Cross Durgigudi, Shimoga",,,,true,false,false,false,true,House keeping Services,Culinary Experts at Your Service: Cooks on Rent,Chikkamagaluru,2025-06-02T10:51:58.186Z
Sri Amba Bhavani Mess,S,4.3,47 Ratings,"K H B Gopala Gopala Extension, Shimoga",,,,true,false,false,false,true,House keeping Services,Culinary Experts at Your Service: Cooks on Rent,Chikkamagaluru,2025-06-02T10:51:58.187Z
Navyashree Catering Services,+,3.8,10 Ratings,"100 Feet Road Durgigudi, Shimoga",,,,true,false,false,false,false,House keeping Services,Culinary Experts at Your Service: Cooks on Rent,Chikkamagaluru,2025-06-02T10:51:58.187Z
Sri Lakshmi Venkateswara Shamiyana,+,3.5,1 Ratings,"Channarayapatna, Hassan",,,Games On Rent; Caterers,true,false,false,false,false,House keeping Services,Culinary Experts at Your Service: Cooks on Rent,Chikkamagaluru,2025-06-02T10:51:58.187Z
Sai Caterers & Event Management,+,3.8,92 Ratings,"Jail Road Karangalpady, Mangalore",,,Home Delivery,true,false,false,false,false,House keeping Services,Culinary Experts at Your Service: Cooks on Rent,Chikkamagaluru,2025-06-02T10:51:58.188Z
Catering Chef,+,3.6,7 Ratings,"Bejai, Mangalore",,,Cooks; Non Veg Food Cooks,true,false,false,false,false,House keeping Services,Culinary Experts at Your Service: Cooks on Rent,Chikkamagaluru,2025-06-02T10:51:58.188Z
Mallikarjuna D,M,3.3,3 Ratings,"1st Cross Nittuvalli Davangere, Davangere",,,Caterers; Cooks,true,false,false,false,false,House keeping Services,Culinary Experts at Your Service: Cooks on Rent,Chikkamagaluru,2025-06-02T10:51:58.188Z
Rajanna Catering Service,R,4.0,1 Ratings,"Nittuvalli Davangere, Davangere",,,Caterers; Cooks,true,false,false,false,false,House keeping Services,Culinary Experts at Your Service: Cooks on Rent,Chikkamagaluru,2025-06-02T10:51:58.188Z
S Mruthunjaya,S,4.3,6 Ratings,"Mahila Samaj Road Davangere, Davangere",,,Cooks; North Indian Food Cooks,true,false,false,false,true,House keeping Services,Culinary Experts at Your Service: Cooks on Rent,Chikkamagaluru,2025-06-02T10:51:58.189Z
Prem Bahadur Cook,P,2.8,5 Ratings,"Tank Road Vijaynagar 2nd Stage, Mysore",,,Non Veg Food Cooks; Cooks,true,false,false,false,false,House keeping Services,Culinary Experts at Your Service: Cooks on Rent,Chikkamagaluru,2025-06-02T10:51:58.189Z
Haneef Shariff,+,3.0,2 Ratings,"1st Stage Rajivnagar, Mysore",,,Cooks; Caterers,true,false,false,false,false,House keeping Services,Culinary Experts at Your Service: Cooks on Rent,Chikkamagaluru,2025-06-02T10:51:58.189Z
Ravikumar S,R,4.3,3 Ratings,"Subbaiah Road Chamaraja Mohalla, Mysore",,,Cooks,true,false,false,false,true,House keeping Services,Culinary Experts at Your Service: Cooks on Rent,Chikkamagaluru,2025-06-02T10:51:58.189Z
Svr Caterers,S,4.4,5 Ratings,"2nd Stage Kuvempunagar, Mysore",,,Caterers; Veg Caterers,true,false,false,false,true,House keeping Services,Culinary Experts at Your Service: Cooks on Rent,Chikkamagaluru,2025-06-02T10:51:58.189Z
Sr Biriyani Palace,S,4.3,3 Ratings,"Krishnamurthy Puram, Mysore",,,Cooks; Non Veg Food Cooks,true,false,false,false,true,House keeping Services,Culinary Experts at Your Service: Cooks on Rent,Chikkamagaluru,2025-06-02T10:51:58.189Z
Sri Kheteshwar Caterers,S,4.7,3 Ratings,"Rishab Jewellers Ashoka Road, Mysore",,,Caterers; Veg Caterers,true,false,false,false,true,House keeping Services,Culinary Experts at Your Service: Cooks on Rent,Chikkamagaluru,2025-06-02T10:51:58.190Z
Bm Catering,B,4.3,3 Ratings,"Ramanuja Road Agrahara, Mysore",,,Caterers; Veg Caterers,true,false,false,false,true,House keeping Services,Culinary Experts at Your Service: Cooks on Rent,Chikkamagaluru,2025-06-02T10:51:58.190Z
Gopi Caterers and Cooking Contractor,G,5.0,2 Ratings,"1st Cross Halahalli, Mandya",,,Home Delivery,true,false,false,false,true,House keeping Services,Culinary Experts at Your Service: Cooks on Rent,Chikkamagaluru,2025-06-02T10:51:58.190Z
Srinivas Caters,S,4.0,1 Ratings,"Main Road Chikbanavara, Bangalore",,,Cooks; Caterers,true,false,false,false,false,House keeping Services,Culinary Experts at Your Service: Cooks on Rent,Chikkamagaluru,2025-06-02T10:51:58.190Z
Adithya Consultancy Services,A,3.4,7 Ratings,"Uttarahalli Main Road Kengeri, Bangalore",,,Housemaid,true,false,false,false,false,House keeping Services,Culinary Experts at Your Service: Cooks on Rent,Chikkamagaluru,2025-06-02T10:51:58.190Z
Discovery Recruitment Services,+,4.4,15 Ratings,"Sidedahalli, Bangalore",,08460298630,Cooks; Placement Services For Cook (For Employers),true,false,false,false,true,House keeping Services,Culinary Experts at Your Service: Cooks on Rent,Chikkamagaluru,2025-06-02T10:51:58.192Z
Sri Dhaneshwari Tent House,S,5.0,1 Ratings,"Ullal Upanagara Post Ullalu, Bangalore",,,Cooks; Caterers,false,false,false,false,true,House keeping Services,Culinary Experts at Your Service: Cooks on Rent,Chikkamagaluru,2025-06-02T10:51:58.192Z
Sharath Tent House,+,5.0,1 Ratings,"Main Road Hessargatta Main Road, Bangalore",,,Tents On Rent; Cooks,true,false,false,false,true,House keeping Services,Culinary Experts at Your Service: Cooks on Rent,Chikkamagaluru,2025-06-02T10:51:58.193Z
Sharath Tent House,+,5.0,1 Ratings,"5th Cross Hessargatta Main Road, Bangalore",,,Tents On Rent; Cooks,true,false,false,false,true,House keeping Services,Culinary Experts at Your Service: Cooks on Rent,Chikkamagaluru,2025-06-02T10:51:58.193Z
A N M Catering Serives,A,3.2,3 Ratings,"Coconut Hessargatta Main Road, Bangalore",,,Cooks; Caterers,true,false,false,false,false,House keeping Services,Culinary Experts at Your Service: Cooks on Rent,Chikkamagaluru,2025-06-02T10:51:58.193Z
Angika Hospitality Pvt Ltd,A,3.0,1 Ratings,"Geleyara Balaga Layout-Chikkabanavara, Bangalore",,,Cooks; Laundry Services,true,false,false,true,false,House keeping Services,Culinary Experts at Your Service: Cooks on Rent,Chikkamagaluru,2025-06-02T10:51:58.194Z
SRI DURGHA EVENTS & CATERING,S,4.6,5 Ratings,"Main Road Bagalagunte, Bangalore",,09606112559,Home Delivery,true,false,false,false,true,House keeping Services,Culinary Experts at Your Service: Cooks on Rent,Chikkamagaluru,2025-06-02T10:51:58.194Z
Ravi Caterers,R,5.0,1 Ratings,"Temple Road Bagalagunte, Bangalore",,,Cooks; Caterers,true,false,false,false,true,House keeping Services,Culinary Experts at Your Service: Cooks on Rent,Chikkamagaluru,2025-06-02T10:51:58.194Z
New Benaka Tent House,+,4.8,3 Ratings,"Main Road Kengeri Satelite Town, Bangalore",,,Tents On Rent; Cooks,true,false,false,false,true,House keeping Services,Culinary Experts at Your Service: Cooks on Rent,Chikkamagaluru,2025-06-02T10:51:58.195Z
Vinayaka Tent House,+,3.8,10 Ratings,"Main Road T Dasarahalli, Bangalore",,,Cooks; Tent House,true,false,false,false,false,House keeping Services,Culinary Experts at Your Service: Cooks on Rent,Chikkamagaluru,2025-06-02T10:51:58.195Z
G S Enterprises,G,2.5,2 Ratings,"Or Vidyangr Rd Nagasandra, Bangalore",,,Cooks; Baby Sitting At Home,true,false,false,false,false,House keeping Services,Culinary Experts at Your Service: Cooks on Rent,Chikkamagaluru,2025-06-02T10:51:58.196Z
Sri Anjanadhri Tent House,+,3.9,6 Ratings,"80feet Road Nagarbhavi, Bangalore",,,Cooks; Tent House,true,false,false,false,false,House keeping Services,Culinary Experts at Your Service: Cooks on Rent,Chikkamagaluru,2025-06-02T10:51:58.196Z
Harshitha Catering Services,+,4.8,35 Ratings,"Vigneshwara Nagara Sunkadakatte, Bangalore",,,Home Delivery,true,false,false,false,true,House keeping Services,Culinary Experts at Your Service: Cooks on Rent,Chikkamagaluru,2025-06-02T10:51:58.196Z
Sri Manjunatha Tent House,+,4.0,1 Ratings,"Main Road Kengeri Satelite Town, Bangalore",,,Cooks; Tent House,true,false,false,false,false,House keeping Services,Culinary Experts at Your Service: Cooks on Rent,Chikkamagaluru,2025-06-02T10:51:58.196Z
Annaporneshwari Suppliers,A,5.0,1 Ratings,"Thyagaraja Nagar Doddaballapur, Bangalore",,,Home Delivery,true,false,false,false,true,House keeping Services,Culinary Experts at Your Service: Cooks on Rent,Chikkamagaluru,2025-06-02T10:51:58.196Z
Chennappa,C,5.0,1 Ratings,"Ramasandra Kengeri, Bangalore",,,Cooks,true,false,false,false,true,House keeping Services,Culinary Experts at Your Service: Cooks on Rent,Chikkamagaluru,2025-06-02T10:51:58.197Z
H R Services,H,4.0,1 Ratings,"office Kengeri Satelite Town, Bangalore",,,Cooks,true,false,false,false,false,House keeping Services,Culinary Experts at Your Service: Cooks on Rent,Chikkamagaluru,2025-06-02T10:51:58.197Z
Sri Lakshmi Convention Hall,+,3.8,71 Ratings,"Jnana Jyothi Nagar-jnana Bharathi, Bangalore",,,Convention Halls; Cooks,true,false,false,false,false,House keeping Services,Culinary Experts at Your Service: Cooks on Rent,Chikkamagaluru,2025-06-02T10:51:58.197Z
Sbr Care Services,S,4.0,40 Ratings,"Gowda Layout T Dasarahalli, Bangalore",,09980035477,,true,false,false,true,false,House keeping Services,Culinary Experts at Your Service: Cooks on Rent,Chikkamagaluru,2025-06-02T10:51:58.197Z
GE Enterprises,G,5.0,1 Ratings,"SMR LAYOUT Abbigere, Bangalore",,,Cooks; Caterers,false,false,false,false,true,House keeping Services,Culinary Experts at Your Service: Cooks on Rent,Chikkamagaluru,2025-06-02T10:51:58.197Z
Jaya Srinivasa Tent House,+,3.7,3 Ratings,"Terige Bhavana Road Nagarbhavi, Bangalore",,,Tent House; Cooks,true,false,false,false,false,House keeping Services,Culinary Experts at Your Service: Cooks on Rent,Chikkamagaluru,2025-06-02T10:51:58.197Z
Jeevan Electricals,<,4.8,13 Ratings,"B.Kanbur Balehonnur, Chikmagalur",,,Placement Services For Maids (For Employers),true,false,false,false,true,House keeping Services,Popular Placement Services For Maids For Employers,Chikkamagaluru,2025-06-02T10:52:53.540Z
Sdm Art Center,<,4.5,7 Ratings,"Mangalore - Dharmastala Hwy, Dakshina Kannada",,,Drama Classes; Hobby Classes,true,false,false,false,true,Hobby Classes,,Chikkamagaluru,2025-06-02T10:54:02.875Z
Drishya School Of Arts,<,4.8,10 Ratings,"No.12137 Vidyaratna Nagar, Manipal",,,Hobby Classes; Art Schools,true,false,false,false,true,Hobby Classes,,Chikkamagaluru,2025-06-02T10:54:02.875Z
Indica Surf School,<,4.7,959 Ratings,"Kolachikambla Road Mulki East, Mangalore",,,Surfing Classes; Hobby Classes,true,false,false,false,true,Hobby Classes,,Chikkamagaluru,2025-06-02T10:54:02.875Z
Tagore Painting & Craft Classes,<,5.0,3 Ratings,"Kottara Kottara Chowki, Mangalore",,,Painting Classes; Arts & Crafts Classes,true,false,false,false,true,Hobby Classes,,Chikkamagaluru,2025-06-02T10:54:02.875Z
Mangalore Surf Club,<,4.8,321 Ratings,"Boloor, Mangalore",,,Surfing Classes; Hobby Classes,true,false,false,false,true,Hobby Classes,,Chikkamagaluru,2025-06-02T10:54:02.875Z
Ninasam Neelakanteshwara Natya Sangha,<,4.5,430 Ratings,"Heggodu, Shimoga",,,Drama Classes; Hobby Classes,true,false,false,false,true,Hobby Classes,,Chikkamagaluru,2025-06-02T10:54:02.875Z
Brillient Brain Abacus,<,4.0,1 Ratings,"1stcross Ktj Nagar Davangere Ho, Davangere",,,Abacus Classes; Hobby Classes,true,false,false,false,false,Hobby Classes,,Chikkamagaluru,2025-06-02T10:54:02.875Z
Rajinis Hobby Classes,<,5.0,16 Ratings,"10 Th Main Gokulam 3rd Stage, Mysore",,,Soft Toy Making Classes; Tailoring Classes,true,false,false,false,true,Hobby Classes,,Chikkamagaluru,2025-06-02T10:54:02.875Z
Clay Canvas Mysuru,<,4.9,31 Ratings,"Gokulam 3rd Stage Gokulam, Mysore",,,Drawing Classes; Handwriting Classes,true,false,false,false,true,Hobby Classes,,Chikkamagaluru,2025-06-02T10:54:02.875Z
Soni's Daycare & Richa's Art Club,<,4.8,44 Ratings,"2nd Cross Gokulam, Mysore",,,Dance Classes; Language Classes For English Conversation,true,false,false,false,true,Hobby Classes,,Chikkamagaluru,2025-06-02T10:54:02.876Z
Chinmaya Vidyalaya,C,4.1,58 Ratings,"4th Cross Jayalakshmipuram, Mysore",,,Hobby Classes,false,false,false,false,true,Hobby Classes,,Chikkamagaluru,2025-06-02T10:54:02.876Z
Curio City,C,5.0,3 Ratings,"Vv Mohalla, Mysore",,,Hobby Classes; Hobby Classes For Children,true,false,false,false,true,Hobby Classes,,Chikkamagaluru,2025-06-02T10:54:02.876Z
The Hobby Place,+,4.6,458 Ratings,"Vivekananda Road Yadavagiri, Mysore",,,Fabric Painting Classes; Music Classes,true,false,false,false,true,Hobby Classes,,Chikkamagaluru,2025-06-02T10:54:02.876Z
Eats N Treats Cooking Classes,E,4.5,14 Ratings,"Hospital Road Kuvempunagar, Mysore",,,Cookery Classes For Cake; Cookery Classes,true,false,false,false,true,Hobby Classes,,Chikkamagaluru,2025-06-02T10:54:02.876Z
Curiocity - School Of Creative Art and Design,+,4.6,39 Ratings,"7th Cross Narasimharaja Mohalla, Mysore",,,Art Schools; Mehendi Artists,true,false,false,false,true,Hobby Classes,,Chikkamagaluru,2025-06-02T10:54:02.876Z
Ananya Creations,A,5.0,1 Ratings,"Annasandrapalya Ganesh Nagar, Mysore",,,Hobby Classes,true,false,false,false,true,Hobby Classes,,Chikkamagaluru,2025-06-02T10:54:02.876Z
Champaka Academy,+,4.8,123 Ratings,"E & F Block Ramakrishnanagar, Mysore",,,Dance Classes; Pre Schools,true,false,false,false,true,Hobby Classes,,Chikkamagaluru,2025-06-02T10:54:02.876Z
Kalakuteera Mysore,+,4.1,35 Ratings,"6th Cross Kr Mohalla, Mysore",,,Arts & Crafts Classes For Children; Summer Camps,true,false,false,false,true,Hobby Classes,,Chikkamagaluru,2025-06-02T10:54:02.876Z
All For Kids,+,4.5,3 Ratings,"Banavadi, Bangalore",,,Hobby Classes,true,false,false,false,true,Hobby Classes,,Chikkamagaluru,2025-06-02T10:54:02.876Z
Little Millennium,+,4.7,425 Ratings,"Channanayakanapalya Nagasandra, Bangalore",,,Business Owned By Women,true,false,false,false,true,Hobby Classes,,Chikkamagaluru,2025-06-02T10:54:02.876Z
Eurokids Rukmininagar,+,4.8,253 Ratings,"Rukmini Nagar Nagasandra, Bangalore",,09054863284,Day Care Centres; Pre Schools,true,false,false,true,true,Hobby Classes,,Chikkamagaluru,2025-06-02T10:54:02.876Z
Lakshmi Tailoring Classes And Ladies Tailors,+,3.3,6 Ratings,"Magadi Main Road Sunkadakatte, Bangalore",,,Tailoring Classes; Hobby Classes,true,false,false,false,false,Hobby Classes,,Chikkamagaluru,2025-06-02T10:54:02.876Z
National School Of Drama Bengaluru Centre,+,4.3,164 Ratings,"Kajana Mallathahalli, Bangalore",,,Drama Classes; Acting Classes,false,false,false,true,true,Hobby Classes,,Chikkamagaluru,2025-06-02T10:54:02.876Z
Creative Art Classes,+,4.2,14 Ratings,"2nd Stage Nagarbhavi, Bangalore",,,Fabric Painting Classes; Tutorials,true,false,false,false,true,Hobby Classes,,Chikkamagaluru,2025-06-02T10:54:02.876Z
Ninaadrang,+,5.0,8 Ratings,"Main Road Rajarajeshwari Nagar, Bangalore",,,Dance Classes; Music Classes,true,false,false,false,true,Hobby Classes,,Chikkamagaluru,2025-06-02T10:54:02.876Z
Divya's Art Room,D,5.0,1 Ratings,"Layout Rajarajeshwari Nagar, Bangalore",,,Arts & Crafts Classes; Hobby Classes,false,false,false,false,true,Hobby Classes,,Chikkamagaluru,2025-06-02T10:54:02.876Z
Music Kids,M,3.2,6 Ratings,"9th Block Nagarbhavi 2nd Stage, Bangalore",,,Music Classes; Music Classes For Guitar,true,false,false,false,false,Hobby Classes,,Chikkamagaluru,2025-06-02T10:54:02.876Z
Little Daffodils,+,4.6,18 Ratings,"3rd Stage Rajarajeshwari Nagar, Bangalore",,,Schools; Day Care Centres,true,false,false,false,true,Hobby Classes,,Chikkamagaluru,2025-06-02T10:54:02.876Z
SRS Abacus,S,5.0,1 Ratings,"Lay Out Vijayanagar Attiguppe, Bangalore",,,Summer Camps; Abacus Classes,true,false,false,false,true,Hobby Classes,,Chikkamagaluru,2025-06-02T10:54:02.876Z
Uniq Fine Arts,U,5.0,1 Ratings,"3 Phase Yeshwanthpur, Bangalore",,,Charcoal Sketching Classes; Hobby Classes,true,false,false,false,true,Hobby Classes,,Chikkamagaluru,2025-06-02T10:54:02.876Z
Honey Herbal Beauty Parlour,H,4.3,4 Ratings,"9th K Main Road Vijayanagar, Bangalore",,,Beauty Parlours; Women Beauty Parlours,true,false,false,false,false,Hobby Classes,,Chikkamagaluru,2025-06-02T10:54:02.876Z
Preeti Art Classes,+,3.0,3 Ratings,"Dollars Colony New Bel Road, Bangalore",,,Hobby Classes; Pottery Classes,true,false,false,false,false,Hobby Classes,,Chikkamagaluru,2025-06-02T10:54:02.876Z
Natya Taranga Nrithyalaya,N,4.0,2 Ratings,"Rpc Layout Vijayanagar, Bangalore",,,Dance Classes; Dance Classes For Bharatnatyam,true,false,false,false,false,Hobby Classes,,Chikkamagaluru,2025-06-02T10:54:02.876Z
Pinwheel Montessori School And Activity Centre,P,4.8,4 Ratings,"BEML Layout Rajarajeshwari Nagar, Bangalore",,,Nursery Schools; Schools,true,false,false,false,true,Hobby Classes,,Chikkamagaluru,2025-06-02T10:54:02.876Z
Young Innovators Educational Services Pvt Ltd,+,4.9,93 Ratings,"21st Main Vijayanagar, Bangalore",,,Hobby Classes For Children; Hobby Classes,true,false,false,true,true,Hobby Classes,,Chikkamagaluru,2025-06-02T10:54:02.876Z
The Structural School Of Fine Arts,+,4.5,103 Ratings,"17th Cross Vijayanagar, Bangalore",,,Music Classes; Tutorials,true,false,false,false,true,Hobby Classes,,Chikkamagaluru,2025-06-02T10:54:02.877Z
Bangalore Peoples Tree,B,3.0,1 Ratings,"2a Crs Basaveshwara Nagar, Bangalore",,,Kindergartens; Schools,false,false,false,false,false,Hobby Classes,,Chikkamagaluru,2025-06-02T10:54:02.877Z
Parisara Montessori House Of Children,+,4.7,37 Ratings,"Cross Mahalakshmipuram Layout, Bangalore",,,Playgroups; Schools,true,false,false,false,true,Hobby Classes,,Chikkamagaluru,2025-06-02T10:54:02.877Z
Happy Landings India,+,4.5,60 Ratings,"Layout Vidyaranyapura  Block 6, Bangalore",,,Toy Dealers; Stationery Shops,true,false,false,true,true,Hobby Classes,,Chikkamagaluru,2025-06-02T10:54:02.877Z
Padmini Raghuram,P,4.0,3 Ratings,"17th Cross Mathikere, Bangalore",,,Hobby Classes; Arts & Crafts Classes,true,false,false,false,false,Hobby Classes,,Chikkamagaluru,2025-06-02T10:54:02.877Z
Towering Heights Kindergarten,T,3.7,16 Ratings,"2nd Stage Vijayanagar, Bangalore",,,Hobby Classes; Nursery Schools,true,false,false,false,false,Hobby Classes,,Chikkamagaluru,2025-06-02T10:54:02.877Z
Handwriting A One.com,+,4.8,357 Ratings,Bangalore,,09972952858,Summer Camps; Handwriting Classes,true,false,false,false,true,Hobby Classes,,Chikkamagaluru,2025-06-02T10:54:02.877Z
Vruddhi Center For Learning,+,3.9,28 Ratings,"5th Block Vidyaranyapura, Bangalore",,,Dance Classes At Home; Dance Classes,true,false,false,false,false,Hobby Classes,,Chikkamagaluru,2025-06-02T10:54:02.877Z
Raghavendra P Revankar,R,3.0,1 Ratings,"Rajajinagar 1st Block, Bangalore",,,Hobby Classes,true,false,false,false,false,Hobby Classes,,Chikkamagaluru,2025-06-02T10:54:02.877Z
Hobby Ideas,H,3.2,4 Ratings,"Mathikere, Bangalore",,,Hobby Classes; Arts & Crafts Classes,true,false,false,false,false,Hobby Classes,,Chikkamagaluru,2025-06-02T10:54:02.877Z
Dream Strokes,D,4.0,1 Ratings,"Manjunath Nagar Rajajinagar, Bangalore",,,Painting Classes; Institutes,true,false,false,false,false,Hobby Classes,,Chikkamagaluru,2025-06-02T10:54:02.877Z
Swetha Geetha Tailoring Class,S,3.9,4 Ratings,"Kothnoor Post. Konanakunte, Bangalore",,,Arts & Crafts Classes; Tailoring Classes,true,false,false,false,false,Hobby Classes,,Chikkamagaluru,2025-06-02T10:54:02.877Z
Little Woods School,+,4.8,66 Ratings,"No 451 Uttarahalli, Bangalore",,,Montessori Schools; Schools,true,false,false,false,true,Hobby Classes,,Chikkamagaluru,2025-06-02T10:54:02.877Z
Sri Rajarajeshwari Computer Embroidery,S,3.0,1 Ratings,"Dr Raj Kumar Rasthe Rajajinagar, Bangalore",,,Embroidery Job Works; Hobby Classes,false,false,false,false,false,Hobby Classes,,Chikkamagaluru,2025-06-02T10:54:02.877Z
C R Civil Construction,<,4.9,100 Ratings,"Mallandur Road Adarsha Nagara, Chikmagalur",,08050455075,Residential; Building,true,true,false,true,true,Interior Designers,Expert Architect Consultants,Chikkamagaluru,2025-06-02T10:55:52.353Z
Sujgal Ventures,<,4.8,9 Ratings,"Rathnagiri Road Rathnagiri Road, Chikmagalur",,,Building,true,true,false,false,true,Interior Designers,Expert Architect Consultants,Chikkamagaluru,2025-06-02T10:55:52.353Z
S R Construction,<,5.0,1 Ratings,"Chikmagalur District Office, Chikmagalur",,08401978815,Industrial; Building,true,true,false,false,true,Interior Designers,Expert Architect Consultants,Chikkamagaluru,2025-06-02T10:55:52.353Z
Udugiri Construction,<,5.0,1 Ratings,"Dharmalingham Road Tarikere, Chikmagalur",,08511495273,Building,true,true,false,false,true,Interior Designers,Expert Architect Consultants,Chikkamagaluru,2025-06-02T10:55:52.354Z
Perfection Builders and Developers,<,4.8,16 Ratings,"MG Road Cross Chikmagalur HO, Chikmagalur",,,Residential; Industrial,true,true,false,true,true,Interior Designers,Expert Architect Consultants,Chikkamagaluru,2025-06-02T10:55:52.354Z
HN Groups . HN Homes Interiors Artfull,<,4.9,9 Ratings,"Azeez Lane Chikmagalur HO, Chikmagalur",,08401430731,Building,true,true,false,true,true,Interior Designers,Expert Architect Consultants,Chikkamagaluru,2025-06-02T10:55:52.354Z
NakshaBhoomi Builders and Developers,<,4.8,18 Ratings,"Board Jyothi Nagar Chikmagalur, Chikmagalur",,,Builders; Civil Contractors,true,true,false,false,true,Interior Designers,Expert Architect Consultants,Chikkamagaluru,2025-06-02T10:55:52.355Z
Advaith Design Studio,<,3.5,2 Ratings,"Main 2nd Cross Ramakrishnanagar, Mysore",,09724677932,Building,true,true,false,false,false,Interior Designers,Expert Architect Consultants,Chikkamagaluru,2025-06-02T10:55:52.355Z
Maqsood Traders and Contractors,<,3.9,15 Ratings,"Old State Bank Road Udupi Courts, Udupi",,08401894224,Residential; Building,true,true,false,true,false,Interior Designers,Expert Architect Consultants,Chikkamagaluru,2025-06-02T10:55:52.356Z
Acha Homes Pvt Ltd,<,4.4,73 Ratings,"Periya Road Junction Pallikere, Kasaragod",,,Architects; Interior Designers,true,true,false,false,true,Interior Designers,Expert Architect Consultants,Chikkamagaluru,2025-06-02T10:55:52.356Z
Shree ShivaNandi Constructions & Interiors,+,5.0,8 Ratings,"Bhadavane Davalagiri Badavane, Chitradurga",,07043941132,Building,true,true,false,false,true,Interior Designers,Expert Architect Consultants,Chikkamagaluru,2025-06-02T10:55:52.357Z
Vijay Infra Projects,V,5.0,1 Ratings,"Hassan City Market, Hassan",,09035256945,Residential; Building,true,true,false,false,true,Interior Designers,Expert Architect Consultants,Chikkamagaluru,2025-06-02T10:55:52.358Z
DELTA ARCHITECTS,+,4.8,77 Ratings,"80 Feet Hunsinkere Main Road, Hassan",,08460214152,Industrial; Residential,true,true,false,true,true,Interior Designers,Expert Architect Consultants,Chikkamagaluru,2025-06-02T10:55:52.358Z
Concept Interior Architects,+,4.6,19 Ratings,"2nd Cross Csi Layout, Tumkur",,,Architects; Civil Contractors,true,true,false,false,true,Interior Designers,Expert Architect Consultants,Chikkamagaluru,2025-06-02T10:55:52.358Z
K Concepts,+,3.7,3 Ratings,"City Market Hassan City Market, Hassan",,09725531062,,true,false,false,false,false,Interior Designers,Expert Architect Consultants,Chikkamagaluru,2025-06-02T10:55:52.358Z
Usk Constructions,+,3.9,55 Ratings,"Banashankari Badavane Biet, Davangere",,,Residential; Building,true,true,false,true,false,Interior Designers,Expert Architect Consultants,Chikkamagaluru,2025-06-02T10:55:52.359Z
Krupa Builders & Infra Develpers PVT LTD,+,4.7,109 Ratings,"Nagar Sharavathi Nagar, Shimoga",,,Industrial; Residential,true,true,false,false,true,Interior Designers,Expert Architect Consultants,Chikkamagaluru,2025-06-02T10:55:52.359Z
Design Ethics,+,4.9,159 Ratings,"BM Road Kushalnagar, Coorg",,,Industrial; Building; Online Appointments,true,true,false,true,true,Interior Designers,Expert Architect Consultants,Chikkamagaluru,2025-06-02T10:55:52.359Z
Planning Point ( Mangalore ),+,4.7,30 Ratings,"Gurunagara Konchady, Mangalore",,,Industrial; Building,true,true,false,true,true,Interior Designers,Expert Architect Consultants,Chikkamagaluru,2025-06-02T10:55:52.359Z
Sri Guru Raghavendra Architect and Designs,S,4.0,3 Ratings,"Binny Layout Vijayanagar, Bangalore",,08511420672,Building,true,true,false,true,false,Interior Designers,Expert Architect Consultants,Chikkamagaluru,2025-06-02T10:55:52.360Z
Checkmate Cubes,C,4.8,8 Ratings,"7th Cross Malleswaram, Bangalore",,08460529491,Civil Engineering Consultants; Architects,true,true,false,false,true,Interior Designers,Expert Architect Consultants,Chikkamagaluru,2025-06-02T10:55:52.360Z
Chinitic Industries,+,5.0,2 Ratings,"Idikarai Main Road Idigarai, Coimbatore",,08460308699,Building; Industrial,true,true,false,true,true,Interior Designers,Expert Architect Consultants,Chikkamagaluru,2025-06-02T10:55:52.360Z
Brick& Stone Architects& Interiors,+,4.8,29 Ratings,"Kk Junction Ponnani Ponnani, Malappuram",,09054648562,Building; Industrial,true,true,false,false,true,Interior Designers,Expert Architect Consultants,Chikkamagaluru,2025-06-02T10:55:52.360Z
Enif Designs,+,4.5,65 Ratings,"Bluecross Chambers Infantry Road, Bangalore",,08511266914,Architects; Civil Contractors,true,true,false,true,true,Interior Designers,Expert Architect Consultants,Chikkamagaluru,2025-06-02T10:55:52.360Z
Pragnya Design Studio,+,4.3,31 Ratings,"Pb Road Vidyanagar, Hubli",,,Industrial; Building,true,true,false,false,true,Interior Designers,Expert Architect Consultants,Chikkamagaluru,2025-06-02T10:55:52.360Z
Aieem Architects,A,3.8,5 Ratings,"Park Road Vidyanagar Hubli, Hubli",,,Architects For Bungalow; Interior Designers,true,true,false,false,false,Interior Designers,Expert Architect Consultants,Chikkamagaluru,2025-06-02T10:55:52.360Z
Srhin Industry Private Limited,+,4.7,23 Ratings,"Nanthavanapatty Ns Nagar, Dindigul",,08460474960,Residential; Building,true,true,false,false,true,Interior Designers,Expert Architect Consultants,Chikkamagaluru,2025-06-02T10:55:52.361Z
Take Shape Interiors & Design Studio,+,4.5,28 Ratings,"Amman Nagar Sivathapuram, Salem",,07383601908,False Ceiling Contractors; Interior Designers,true,true,false,false,true,Interior Designers,Expert Architect Consultants,Chikkamagaluru,2025-06-02T10:55:52.361Z
Arch Hub,+,4.9,8 Ratings,"Nava Nagar, Bagalkot",,08488859472,Building,true,true,false,false,true,Interior Designers,Expert Architect Consultants,Chikkamagaluru,2025-06-02T10:55:52.361Z
Jagtap Miniature,+,5.0,3 Ratings,"Navghar Road Vasai East, Palghar",,09606214480,Architectural Model Makers; Architects,true,true,false,false,true,Interior Designers,Expert Architect Consultants,Chikkamagaluru,2025-06-02T10:55:52.361Z
Vastukala Associates,+,4.0,2 Ratings,"Anjur Road Mankoli, Bhiwandi",,09980884003,Industrial; Building,true,true,false,false,false,Interior Designers,Expert Architect Consultants,Chikkamagaluru,2025-06-02T10:55:52.361Z
Gauritra Arts,+,4.2,6 Ratings,"Naupada-thane West, Thane",,09724676546,Building,true,true,false,false,true,Interior Designers,Expert Architect Consultants,Chikkamagaluru,2025-06-02T10:55:52.361Z
Maurya Shejav Architects,M,3.1,7 Ratings,"Sector 19 KAMOTHE SECTOR 19, Navi Mumbai",,07048117368,,true,true,false,false,false,Interior Designers,Expert Architect Consultants,Chikkamagaluru,2025-06-02T10:55:52.361Z
Pentagram Design Studio,+,4.9,30 Ratings,"Warje, Pune",,09972242495,Industrial; Building,true,true,false,true,true,Interior Designers,Expert Architect Consultants,Chikkamagaluru,2025-06-02T10:55:52.362Z
Shree Decors,+,4.3,62 Ratings,"Gymkhana Road Dombivli East, Thane",,08511493514,Upvc Door; Bathroom Door Dealers; Apartment,true,true,false,true,true,Interior Designers,Expert Architect Consultants,Chikkamagaluru,2025-06-02T10:55:52.362Z
A Cube B Structural & Project Management Consultants,+,2.6,5 Ratings,"Gangapur Road, Nashik",,09606240458,Building,true,true,false,false,false,Interior Designers,Expert Architect Consultants,Chikkamagaluru,2025-06-02T10:55:52.362Z
Vishvakarama Consultancy Services Pvt. Ltd.,+,4.3,44 Ratings,"Harni Road, Vadodara",,07411589776,Industrial; Car Valuation,true,true,false,true,true,Interior Designers,Expert Architect Consultants,Chikkamagaluru,2025-06-02T10:55:52.362Z
Pramukh Test House & Consultancy Services LLP,+,4.7,124 Ratings,"Puna Patiya, Surat",,08401772159,Industrial Land Surveyors; Building,true,true,false,true,true,Interior Designers,Expert Architect Consultants,Chikkamagaluru,2025-06-02T10:55:52.362Z
Khare Desiging and Development,+,5.0,9 Ratings,"Omaxe City 1, Indore",,07048447411,Building,true,true,false,false,true,Interior Designers,Expert Architect Consultants,Chikkamagaluru,2025-06-02T10:55:52.363Z
Tec Materials Testing Lab,+,4.6,121 Ratings,"Chakkargadh Road Chakkargadh, Amreli",,,Industrial; Building,true,true,false,true,true,Interior Designers,Expert Architect Consultants,Chikkamagaluru,2025-06-02T10:55:52.363Z
Design Module Architect,+,5.0,15 Ratings,"Opp. Ice Factory Juhapura, Ahmedabad",,09606171075,Building,true,true,false,false,true,Interior Designers,Expert Architect Consultants,Chikkamagaluru,2025-06-02T10:55:52.363Z
Zns Design & Interior Studio,+,4.8,15 Ratings,"Shopping Centre Aerodrome Circle, Kota-Rajasthan",,08488092760,Building,true,true,false,false,true,Interior Designers,Expert Architect Consultants,Chikkamagaluru,2025-06-02T10:55:52.363Z
Hindustan Projects,+,4.1,14 Ratings,"VIVEKANAD NAGAR Baba Dham, Bhilwara",,,Farm; Industrial Land Surveyors,true,true,false,false,true,Interior Designers,Expert Architect Consultants,Chikkamagaluru,2025-06-02T10:55:52.363Z
Vastukar Architect and Project Consultant,+,4.4,187 Ratings,"Nageswar Tangi Bhubaneswar, Bhubaneshwar",,,Industrial; Building,true,true,false,true,true,Interior Designers,Expert Architect Consultants,Chikkamagaluru,2025-06-02T10:55:52.363Z
Sai Nath Construction,+,5.0,11 Ratings,"Gandhi Road Thatipur, Gwalior",,08511026941,,true,true,false,false,true,Interior Designers,Expert Architect Consultants,Chikkamagaluru,2025-06-02T10:55:52.363Z
Krestt Engineering Designs,+,4.0,150 Ratings,"Paota B Road Paota, Jodhpur",,,Industrial; Building,true,true,false,true,true,Interior Designers,Expert Architect Consultants,Chikkamagaluru,2025-06-02T10:55:52.363Z
OAU Objects Architecture Urbanism,O,5.0,20 Ratings,"Bani Park, Jaipur",,08460513254,Industrial; Building,true,true,false,false,true,Interior Designers,Expert Architect Consultants,Chikkamagaluru,2025-06-02T10:55:52.364Z
Excellent Graphers Surveyors & Consultants,+,4.2,33 Ratings,"Jaipur Road Fatehabad Road, Agra",,08734937117,Farm; Digital,true,true,false,true,true,Interior Designers,Expert Architect Consultants,Chikkamagaluru,2025-06-02T10:55:52.364Z
Roul Acoustics Company,+,5.0,5 Ratings,"Faridabad NIT, Faridabad",,07411567506,Industrial,true,true,false,false,true,Interior Designers,Expert Architect Consultants,Chikkamagaluru,2025-06-02T10:55:52.364Z
C R Civil Construction,<,4.9,100 Ratings,"Mallandur Road Adarsha Nagara, Chikmagalur",,08050455075,Residential; Building,true,true,false,true,true,Interior Designers,Residence Interior Designers,Chikkamagaluru - Elevate Your Living Space,2025-06-02T10:57:09.523Z
DP Venture Digital Marketing and Advertising,<,4.6,67 Ratings,"Hill to Kottara Road Chillimbi, Mangalore",,08128144936,Email Marketing Services; Advertising Agencies,true,false,false,false,true,Internet Website Designers,,Chikkamagaluru,2025-06-02T10:58:40.939Z
Retail Tech Solution,<,4.8,14 Ratings,"Hadadi Road Taralabalu Extension, Davangere",,,Internet Website Designers For Property; Thermal Printer Dealers,true,false,false,true,true,Internet Website Designers,,Chikkamagaluru,2025-06-02T10:58:40.940Z
Big Faction Consultancy,<,4.1,737 Ratings,"Palya Main Road Ramamurthy Nagar, Bangalore",,09606237920,,true,false,false,false,true,Internet Website Designers,,Chikkamagaluru,2025-06-02T10:58:40.940Z
Amitiel Consultants,<,3.5,2 Ratings,"M G Road, Bangalore",,08904238026,Internet Website Designers,true,false,false,false,false,Internet Website Designers,,Chikkamagaluru,2025-06-02T10:58:40.940Z
Arkesh Technology Private Limited,<,4.5,89 Ratings,"Post Office Road Yelachenahalli, Bangalore",,06366932245,,true,false,false,true,true,Internet Website Designers,,Chikkamagaluru,2025-06-02T10:58:40.940Z
Califorbs,<,4.5,18 Ratings,"Kozhikode Bypass Poovangal, Kozhikode",,08460391609,SEO Internet Website Designers; Internet Website Designers,true,false,false,false,true,Internet Website Designers,,Chikkamagaluru,2025-06-02T10:58:40.941Z
Bloom It Solutions,<,4.0,157 Ratings,"Industrial Area Koramangala, Bangalore",,08460225801,Digital Marketing Services; Internet Website Designers,true,false,false,false,true,Internet Website Designers,,Chikkamagaluru,2025-06-02T10:58:40.941Z
Quaantisc,<,4.9,35 Ratings,"HSR Layout, Bangalore",,09980809357,Internet Website Developers; Mobile Application Developers,true,false,false,false,true,Internet Website Designers,,Chikkamagaluru,2025-06-02T10:58:40.941Z
Maani Web,<,5.0,7 Ratings,"TPV Layout Ganganagar, Bangalore",,08460213743,,true,false,false,false,true,Internet Website Designers,,Chikkamagaluru,2025-06-02T10:58:40.941Z
Ecdigi Technologies,<,4.8,37 Ratings,"Nagar 2nd Cross Kavundampalayam, Coimbatore",,09725472199,E Commerce Service Providers; Digital Marketing Services,true,false,false,false,true,Internet Website Designers,,Chikkamagaluru,2025-06-02T10:58:40.941Z
Rosp Website Platform,+,4.9,14 Ratings,"R.K.M LAYOUT Krishnarajapuram, Bangalore",,09035405690,Logo Designers; Mobile Application Developers,true,false,false,false,true,Internet Website Designers,,Chikkamagaluru,2025-06-02T10:58:40.942Z
First Logic Meta Lab Pvt Ltd,F,4.1,58 Ratings,"Bypass Road Perintalmanna, Malappuram",,08460521673,Software Companies; Computer Software Developers,true,false,false,true,true,Internet Website Designers,,Chikkamagaluru,2025-06-02T10:58:40.942Z
Inovsion,I,4.8,27 Ratings,"Novel Office Central Halasuru, Bangalore",,08460391363,Ios Mobile Application Developers; Mobile Application Developers,true,false,false,true,true,Internet Website Designers,,Chikkamagaluru,2025-06-02T10:58:40.942Z
Shout Out Llc,S,4.3,8 Ratings,"Bharathi Nagar Mettupalayam, Coimbatore",,08460394424,Digital Marketing Services; Advertising Agencies,true,false,false,false,false,Internet Website Designers,,Chikkamagaluru,2025-06-02T10:58:40.942Z
Vibhava Creations,+,4.5,345 Ratings,"Cross Rajajinagar Srirampuram, Bangalore",,09035152635,Videography,true,false,false,false,true,Internet Website Designers,,Chikkamagaluru,2025-06-02T10:58:40.942Z
Soft Venture,+,4.4,18 Ratings,"P.B Road Haveri Bazar, Haveri",,08460456235,Mobile Application Developers; Online Shopping Websites,true,false,false,false,true,Internet Website Designers,,Chikkamagaluru,2025-06-02T10:58:40.942Z
Inspire Marketing,I,3.9,34 Ratings,"Ward No 7 Ilkal, Bagalkot",,,E Commerce Service Providers; Online Shopping Websites,true,false,false,false,false,Internet Website Designers,,Chikkamagaluru,2025-06-02T10:58:40.942Z
Technoviva,T,3.8,9 Ratings,"17th Main Vijayanagar, Bangalore",,09980904480,Internet Website Designers; UPS Battery Dealers,true,false,false,true,false,Internet Website Designers,,Chikkamagaluru,2025-06-02T10:58:40.943Z
Opalminds It Solutions Private Limited,O,4.8,9 Ratings,"Lalkudi Road No 1 Tollgate, Trichy",,07411670188,Computer Software Developers; Mobile Application Developers,true,false,false,true,true,Internet Website Designers,,Chikkamagaluru,2025-06-02T10:58:40.943Z
Race Software Solutions,R,5.0,5 Ratings,"MLA Road Palluruthy, Ernakulam",,07048267552,Mobile Application Developers; Internet Website Designers,true,false,false,false,true,Internet Website Designers,,Chikkamagaluru,2025-06-02T10:58:40.943Z
Gatescloud Technologies,G,3.5,2 Ratings,"3rd Street Koodal Nagar, Madurai",,08511713096,Computer Software Developers; Mobile Application Developers,true,false,false,false,false,Internet Website Designers,,Chikkamagaluru,2025-06-02T10:58:40.943Z
Magizh Nexgen Technologies,+,4.6,25 Ratings,"Muneeshwaran Nagar Iyer Bungalow, Madurai",,08511482436,Registration-Software Development,true,false,false,false,true,Internet Website Designers,,Chikkamagaluru,2025-06-02T10:58:40.943Z
Plant 2 Tree Website Development And Digital Marketing Agency,+,4.8,40 Ratings,"Main Road Melvishram Vellore, Vellore",,08460497351,Internet Website Designers; Advertising Agencies,true,false,false,false,true,Internet Website Designers,,Chikkamagaluru,2025-06-02T10:58:40.943Z
Shiv Traders Instruments Private Limited,+,4.1,206 Ratings,"Madhav Nagar Road Vishrambag, Sangli",,,Computer Software Developers; Hardware Shops,true,false,false,true,true,Internet Website Designers,,Chikkamagaluru,2025-06-02T10:58:40.943Z
Robolabs R&D Pvt Ltd,+,4.6,13 Ratings,"Megha Hills Madhapur, Hyderabad",,09725801812,Internet Website Designers; Mobile Application Developers,true,false,false,false,true,Internet Website Designers,,Chikkamagaluru,2025-06-02T10:58:40.943Z
Around Manikonda,A,5.0,4 Ratings,"Flat No 301 Puppalaguda, Hyderabad",,07411593120,Internet Website Designers; Internet Website Developers,true,false,false,false,true,Internet Website Designers,,Chikkamagaluru,2025-06-02T10:58:40.943Z
The Creative Trading Co,T,5.0,3 Ratings,"Velachery Road Guindy, Chennai",,08460228549,Advertising Agencies; Internet Website Designers,true,false,false,false,true,Internet Website Designers,,Chikkamagaluru,2025-06-02T10:58:40.943Z
Zupain Tech Private Limited,+,5.0,1 Ratings,"Bharathidasan Colony K K Nagar, Chennai",,08460556344,Internet Website Developers; Online Websites,true,false,false,false,false,Internet Website Designers,,Chikkamagaluru,2025-06-02T10:58:40.944Z
Studio Radicals,S,3.8,6 Ratings,"2nd Street Old Washermanpet, Chennai",,08123840684,,true,false,false,false,false,Internet Website Designers,,Chikkamagaluru,2025-06-02T10:58:40.944Z
HYFE TECHNOLOGIES,+,4.9,25 Ratings,"Pantheon Road Egmore, Chennai",,08460244486,Digital Marketing Services; Internet Website Designers,true,false,false,true,true,Internet Website Designers,,Chikkamagaluru,2025-06-02T10:58:40.944Z
Vilora Technologies,+,4.6,58 Ratings,"Nagar Ellaipillaichavady, Pondicherry",,08490998730,Software Companies; Internet Website Designers,true,false,false,false,true,Internet Website Designers,,Chikkamagaluru,2025-06-02T10:58:40.944Z
Digital Media Ads,+,4.7,51 Ratings,"JNTU Rd Kukatpally, Hyderabad",,08460413570,Digital Marketing Services; Internet Website Designers,true,false,false,false,true,Internet Website Designers,,Chikkamagaluru,2025-06-02T10:58:40.944Z
Digicherry,+,4.8,54 Ratings,"Main Road Lawspet Pondicherry, Pondicherry",,07041473906,Digital Marketing Services; Software Companies,true,false,false,true,true,Internet Website Designers,,Chikkamagaluru,2025-06-02T10:58:40.944Z
Ppf Web Developer,+,4.5,13 Ratings,"Adarsh Nagar Nagole, Hyderabad",,08511642685,Quick Visit,true,false,false,true,true,Internet Website Designers,,Chikkamagaluru,2025-06-02T10:58:40.944Z
Just SMS,+,4.5,70 Ratings,"Srinagar Colony Banjara Hills, Hyderabad",,07383025332,Bulk SMS Services; Digital Marketing Services,true,false,false,true,true,Internet Website Designers,,Chikkamagaluru,2025-06-02T10:58:40.944Z
I5digitech Solutions,+,4.2,7 Ratings,"30th Street Santhinagar, Tirunelveli",,,Internet Website Designers For Property; Digital Marketing Services,true,false,false,true,true,Internet Website Designers,,Chikkamagaluru,2025-06-02T10:58:40.944Z
Mak Online Solutions Pvt Ltd,+,4.2,46 Ratings,"Vijapur Road Jule Solapur, Solapur",,,Offers Training Program,true,false,false,true,true,Internet Website Designers,,Chikkamagaluru,2025-06-02T10:58:40.944Z
Vaishnavi Designs,+,5.0,1 Ratings,"Santhapeta, Ongole",,08460232833,Digital Marketing Services; Advertising Agencies,true,false,false,false,true,Internet Website Designers,,Chikkamagaluru,2025-06-02T10:58:40.944Z
Real Soft Systems,+,5.0,29 Ratings,"Off Paud Phata Road Erandwane, Pune",,08511774802,Internet Website Developers; Computer Graphic Designers,true,false,false,false,true,Internet Website Designers,,Chikkamagaluru,2025-06-02T10:58:40.945Z
Sai Ashirwad Informatia,+,4.9,38 Ratings,"Cabin Cross Road Bhayandar East, Thane",,08401168309,Internet Website Developers; Internet Website Designers,true,false,false,true,true,Internet Website Designers,,Chikkamagaluru,2025-06-02T10:58:40.945Z
Devourin,+,4.9,144 Ratings,"Th Floor Sky One Nagar Road, Pune",,,Restaurant Billing Software Dealers; Computer Software Developers,true,false,false,true,true,Internet Website Designers,,Chikkamagaluru,2025-06-02T10:58:40.945Z
Apps Techno Private Limited,+,4.9,15 Ratings,"Nashik Phata-kasarwadi, Pune",,09606414459,Internet Website Designers; Bulk SMS Services,true,false,false,true,true,Internet Website Designers,,Chikkamagaluru,2025-06-02T10:58:40.945Z
Brand Buzzers,B,5.0,1 Ratings,"Subhash Lane Kandivali West, Mumbai",,08460207630,Digital Marketing Services; Internet Website Developers,true,false,false,false,true,Internet Website Designers,,Chikkamagaluru,2025-06-02T10:58:40.945Z
Savydigitech Consulting & Services Pvt. Ltd,+,5.0,5 Ratings,"LBS Road Thane West, Thane",,08460409793,Internet Website Developers; Internet Website Designers,true,false,false,false,false,Internet Website Designers,,Chikkamagaluru,2025-06-02T10:58:40.945Z
Mohit Enterprises,M,4.5,5 Ratings,"Kamgar Vikas Society Warje, Pune",,09980548083,,true,false,false,false,true,Internet Website Designers,,Chikkamagaluru,2025-06-02T10:58:40.946Z
Eterna Tech Solutions,E,4.5,2 Ratings,"Old Mundhwa Road Vadgaon Sheri, Pune",,07043136651,Digital Marketing Services; Internet Website Developers,true,false,false,false,false,Internet Website Designers,,Chikkamagaluru,2025-06-02T10:58:40.946Z
Web Graphagency,+,4.5,6 Ratings,"Sagar Complex Mira Road East, Thane",,09980645187,Internet Website Designers; Digital Marketing Services,true,false,false,true,true,Internet Website Designers,,Chikkamagaluru,2025-06-02T10:58:40.947Z
VRatwork,+,4.9,22 Ratings,"Mahim West Matunga West, Mumbai",,06366435595,Digital Marketing Services; Internet Website Developers,true,false,false,false,true,Internet Website Designers,,Chikkamagaluru,2025-06-02T10:58:40.947Z
Bee18 Media Digital Services and It Solutions,B,3.5,2 Ratings,"Mundhwa, Pune",,08511887507,Software Companies; Computer Software Developers,true,false,false,false,false,Internet Website Designers,,Chikkamagaluru,2025-06-02T10:58:40.947Z
Vinayaka Jewellers,<,4.2,36 Ratings,"Mg Road Chikmagalur, Chikmagalur",,07405705486,Pearl Jewellery; Platinum Jewellery; Shop In Store,true,false,false,true,true,Jewellery Showrooms,,Chikkamagaluru,2025-06-02T10:59:54.985Z
Mathaji Jewellers,<,4.4,9 Ratings,"Bus Stand Sakrepatna Chikmagalur, Chikmagalur",,07411576650,Platinum Jewellery; Silver Jewellery; Shop In Store,true,false,false,true,true,Jewellery Showrooms,,Chikkamagaluru,2025-06-02T10:59:54.985Z
Abharan Jewellers,<,4.7,"2,428 Ratings","Market Road Shariff Street, Chikmagalur",,,Gold Jewellery; Pearl Jewellery; Shop In Store,true,false,false,false,true,Jewellery Showrooms,,Chikkamagaluru,2025-06-02T10:59:54.986Z
Malabar Gold & Diamonds,<,4.3,660 Ratings,"Indira Gandhi Road, Chikmagalur",,,Shop In Store; Same Day Delivery; Delivery Available,true,false,false,false,true,Jewellery Showrooms,,Chikkamagaluru,2025-06-02T10:59:54.986Z
Shiva Jewellery Works,<,5.0,160 Ratings,"Basavanahalli Chikmagalur, Chikmagalur",,,Pearl Jewellery; Silver Jewellery; Shop In Store,true,false,false,false,true,Jewellery Showrooms,,Chikkamagaluru,2025-06-02T10:59:54.986Z
Anjaneya Jewellers,<,4.0,107 Ratings,"Mg Road MG Road Chikmagalur, Chikmagalur",,,Gold Jewellery; Pearl Jewellery; Shop In Store,true,false,false,false,true,Jewellery Showrooms,,Chikkamagaluru,2025-06-02T10:59:54.986Z
Vimal Jewellers,<,4.5,73 Ratings,"No.6027 Mg Road Chikmagalur, Chikmagalur",,,Same Day Delivery; Shop In Store,true,false,false,false,true,Jewellery Showrooms,,Chikkamagaluru,2025-06-02T10:59:54.986Z
Kesari Jewellers,<,3.8,38 Ratings,"Mg Road Chikmagalur, Chikmagalur",,,Pearl Jewellery; Silver Jewellery; Shop In Store,true,false,false,false,false,Jewellery Showrooms,,Chikkamagaluru,2025-06-02T10:59:54.986Z
Athmiya Jewelry,<,4.9,26 Ratings,"Balehonnur Main Road Balehonnur, Chikmagalur",,,Silver Jewellery; Shop In Store; Same Day Delivery,true,false,false,false,true,Jewellery Showrooms,,Chikkamagaluru,2025-06-02T10:59:54.986Z
Kailash Jewellers,<,4.3,28 Ratings,"Kadur Mg Road Chikmagalur, Chikmagalur",,,Pearl Jewellery; Silver Jewellery; Delivery Available,true,false,false,false,true,Jewellery Showrooms,,Chikkamagaluru,2025-06-02T10:59:54.987Z
Mehta Jewellers,M,3.7,31 Ratings,"Main Road Birur Rural, Chikmagalur",,,Pearl Jewellery; Silver Jewellery; Shop In Store,true,false,false,false,false,Jewellery Showrooms,,Chikkamagaluru,2025-06-02T10:59:54.987Z
Slv Jewellers,+,4.9,22 Ratings,"Panchanahalli, Chikmagalur",,,Jewellery Showrooms,true,false,false,false,false,Jewellery Showrooms,,Chikkamagaluru,2025-06-02T10:59:54.987Z
Swarnanjali Jewels,S,4.3,23 Ratings,"Km Road, Chikmagalur",,,Silver Jewellery; Gold Jewellery,true,false,false,false,true,Jewellery Showrooms,,Chikkamagaluru,2025-06-02T10:59:54.987Z
Shree Balaji Rathna Bhandara,S,4.7,18 Ratings,"Sri Vijayalakshmi, Chikmagalur",,,Same Day Delivery; Shop In Store,true,false,false,false,false,Jewellery Showrooms,,Chikkamagaluru,2025-06-02T10:59:54.987Z
Heritage The Jewel Shop,H,4.4,12 Ratings,"Mg Road Mg Road Chikmagalur, Chikmagalur",,,Silver Jewellery,false,false,false,false,true,Jewellery Showrooms,,Chikkamagaluru,2025-06-02T10:59:54.987Z
Vinay Jewellers,+,4.3,12 Ratings,"Mg Road MG Road Chikmagalur, Chikmagalur",,,Same Day Delivery; Shop In Store,true,false,false,false,false,Jewellery Showrooms,,Chikkamagaluru,2025-06-02T10:59:54.987Z
Mamta Jewellers,+,4.3,12 Ratings,"Ashoka Pillar Birur Rural, Chikmagalur",,,Gold Jewellery; Pearl Jewellery; Shop In Store,true,false,false,false,true,Jewellery Showrooms,,Chikkamagaluru,2025-06-02T10:59:54.988Z
Vinayaka Fancy Center,+,4.2,12 Ratings,"CIRCLE Mg Road Chikmagalur, Chikmagalur",,,Imitation Jewellery; Shop In Store; No Making Charges,true,false,false,false,true,Jewellery Showrooms,,Chikkamagaluru,2025-06-02T10:59:54.988Z
Sri Anjaneya Jewellers,S,3.4,11 Ratings,"Mg Road Mg Road Chikmagalur, Chikmagalur",,,Jewellery Showrooms; Gold Jewellery Showrooms,false,false,false,false,false,Jewellery Showrooms,,Chikkamagaluru,2025-06-02T10:59:54.988Z
R P Jewellers,R,5.0,7 Ratings,"Mg Road Mudigere, Chikmagalur",,,Shop In Store,true,false,false,false,false,Jewellery Showrooms,,Chikkamagaluru,2025-06-02T10:59:54.988Z
Kundan Jewellers,K,3.8,8 Ratings,"Mg Road Chikmagalur, Chikmagalur",,,Jewellery Showrooms; Kundan Jewellery Showrooms,true,false,false,false,false,Jewellery Showrooms,,Chikkamagaluru,2025-06-02T10:59:54.988Z
Abharana Jewellery Works,A,5.0,6 Ratings,"Main Road Koppa Chikmagalur HO, Chikmagalur",,,Jewellery Showrooms; Goldsmiths,true,false,false,false,false,Jewellery Showrooms,,Chikkamagaluru,2025-06-02T10:59:54.988Z
Mahaveer Pawn Brokers,M,4.0,7 Ratings,"Mhd Hali Road Mudigere, Chikmagalur",,,Jewellery Showrooms; Loan Against Gold,true,false,false,false,false,Jewellery Showrooms,,Chikkamagaluru,2025-06-02T10:59:54.988Z
Kohinoor Jewellery,K,5.0,5 Ratings,"M.G. Road MG Road Chikmagalur, Chikmagalur",,,Silver Jewellery,true,false,false,false,false,Jewellery Showrooms,,Chikkamagaluru,2025-06-02T10:59:54.989Z
Kapoor Imitation Jewellery,+,5.0,5 Ratings,"M G Road Adarsha Nagara, Chikmagalur",,,Diamond Jewellery; Imitation Jewellery,true,false,false,false,true,Jewellery Showrooms,,Chikkamagaluru,2025-06-02T10:59:54.989Z
Kishan Jewels,K,4.0,6 Ratings,"Mg Road Joythinagar, Chikmagalur",,,Jewellery Showrooms,true,false,false,false,false,Jewellery Showrooms,,Chikkamagaluru,2025-06-02T10:59:54.989Z
Hasan Jewellers,H,4.6,5 Ratings,"Mg Road Tarikere, Chikmagalur",,,Shop In Store,true,false,false,false,true,Jewellery Showrooms,,Chikkamagaluru,2025-06-02T10:59:54.989Z
Sri Guru Karibasaveshwara Swamy Jewellers,S,4.6,5 Ratings,"Ajjampur, Chikmagalur",,,Jewellery Showrooms,true,false,false,false,false,Jewellery Showrooms,,Chikkamagaluru,2025-06-02T10:59:54.989Z
Acharya jewellers,A,4.6,5 Ratings,"Belur Road Chikmagalur, Chikmagalur",,,Silver Jewellery; Shop In Store; Same Day Delivery,true,false,false,false,false,Jewellery Showrooms,,Chikkamagaluru,2025-06-02T10:59:54.989Z
VbjVaibhav Jewellers,V,3.1,7 Ratings,"MG Road Chikmagalur, Chikmagalur",,,Same Day Delivery; Shop In Store,true,false,false,false,false,Jewellery Showrooms,,Chikkamagaluru,2025-06-02T10:59:54.990Z
Abheenandan Jewels,A,4.0,5 Ratings,"M G Road Mg Road Chikmagalur, Chikmagalur",,,Silver Jewellery,true,false,false,false,false,Jewellery Showrooms,,Chikkamagaluru,2025-06-02T10:59:54.990Z
Yashsvi Silver Palace,Y,5.0,4 Ratings,"Mg Road MG Road Chikmagalur, Chikmagalur",,,Same Day Delivery; Shop In Store,true,false,false,false,false,Jewellery Showrooms,,Chikkamagaluru,2025-06-02T10:59:54.990Z
Sri Jayanthi Jewellery Works,S,4.8,4 Ratings,"M G Road Tarikere Tarikere, Chikmagalur",,,Same Day Delivery; Shop In Store,true,false,false,false,false,Jewellery Showrooms,,Chikkamagaluru,2025-06-02T10:59:54.990Z
Manju Jewellers.,M,3.6,5 Ratings,"Birur Birur Rural, Chikmagalur",,,Jewellery Showrooms; Pendant Dealers,true,false,false,false,false,Jewellery Showrooms,,Chikkamagaluru,2025-06-02T10:59:54.990Z
Arun jewellery works,+,4.5,4 Ratings,"Canara Bank Road Ig Road, Chikmagalur",,,Jewellery Showrooms,true,false,false,false,false,Jewellery Showrooms,,Chikkamagaluru,2025-06-02T10:59:54.991Z
Spurthi Jewellery Works,S,4.3,4 Ratings,"K M Road Chikmagalur Ho, Chikmagalur",,,Silver Jewellery,true,false,false,false,false,Jewellery Showrooms,,Chikkamagaluru,2025-06-02T10:59:54.991Z
Spurthi Jewellery Works,S,4.3,4 Ratings,"Chickmagaluru Km Road, Chikmagalur",,,Shop In Store,true,false,false,false,false,Jewellery Showrooms,,Chikkamagaluru,2025-06-02T10:59:54.992Z
Sri Amba Jewellers,S,5.0,3 Ratings,"Balehonnur, Chikmagalur",,,Silver Jewellery; Shop In Store,true,false,false,true,true,Jewellery Showrooms,,Chikkamagaluru,2025-06-02T10:59:54.992Z
Araham Jewellers,A,5.0,3 Ratings,"Mg Road MG Road Chikmagalur, Chikmagalur",,,Jewellery Showrooms; Pendant Dealers,true,false,false,true,false,Jewellery Showrooms,,Chikkamagaluru,2025-06-02T10:59:54.992Z
RAJADHANI GOLD AND SILVER,R,5.0,3 Ratings,"KM ROAD Mudigere, Chikmagalur",,,Silver Jewellery; Gold Jewellery,true,false,false,false,false,Jewellery Showrooms,,Chikkamagaluru,2025-06-02T10:59:54.993Z
Mahalaxmi Jewellers,M,4.3,3 Ratings,"Margroad Mudigere, Chikmagalur",,,Jewellery Showrooms; Mahalaxmi Jewellery Showrooms,true,false,false,false,false,Jewellery Showrooms,,Chikkamagaluru,2025-06-02T10:59:54.993Z
Kamakshi Jewellery Works,K,4.0,3 Ratings,"577228 Tarikere, Chikmagalur",,,Jewellery Showrooms; Gold Jewellery Showrooms,true,false,false,false,false,Jewellery Showrooms,,Chikkamagaluru,2025-06-02T10:59:54.993Z
Raghavendra Jewellers,R,4.0,3 Ratings,"Mg Road Joythinagar, Chikmagalur",,,Same Day Delivery; Shop In Store; Delivery Available,false,false,false,false,false,Jewellery Showrooms,,Chikkamagaluru,2025-06-02T10:59:54.994Z
Rajadhani Jewellers,R,3.7,3 Ratings,"Road Cross Mg Road Chikmagalur, Chikmagalur",,,Jewellery Showrooms; Pendant Dealers,false,false,false,false,false,Jewellery Showrooms,,Chikkamagaluru,2025-06-02T10:59:54.994Z
Sri Maruthi Jewellery Works,S,3.6,3 Ratings,"Sringeri, Sringeri",,,Jewellery Showrooms; Jewellery Job Works,true,false,false,false,false,Jewellery Showrooms,,Chikkamagaluru,2025-06-02T10:59:54.994Z
Diya Jewellers,+,3.5,3 Ratings,"Narasimharajapura Chikmagalur, Chikmagalur",,,Silver Jewellery; Making Charges,true,false,false,false,false,Jewellery Showrooms,,Chikkamagaluru,2025-06-02T10:59:54.994Z
Uma Jewellery Works,U,5.0,2 Ratings,"Gurunatha Circle Chikmagalur Ho, Chikmagalur",,,Jewellery Showrooms; Gold Jewellery Showrooms,true,false,false,false,false,Jewellery Showrooms,,Chikkamagaluru,2025-06-02T10:59:54.994Z
Vinod Jewels & Finance,V,3.3,3 Ratings,"M.g.road Mg Road Chikmagalur, Chikmagalur",,,Silver Jewellery,true,false,false,false,false,Jewellery Showrooms,,Chikkamagaluru,2025-06-02T10:59:54.994Z
Ashwini Jewellery Works,+,3.0,3 Ratings,"Basavanahalli Chikmagalur, Chikmagalur",,,Pearl Jewellery; Silver Jewellery,true,false,false,false,false,Jewellery Showrooms,,Chikkamagaluru,2025-06-02T10:59:54.994Z
Adv. Devaraj. K. B.,<,,,"to Hdfc Bank Adarsha Nagara, Chikmagalur",,09980241468,Lawyers For Accident Claims; Lawyers,true,true,false,false,false,Lawyers,,Chikkamagaluru,2025-06-02T11:00:55.665Z
Adv. Suman K,<,,,"Street Vijayapuram Chikmagalur, Chikmagalur",,08460385702,Lawyers; Civil Lawyers,true,true,false,false,false,Lawyers,,Chikkamagaluru,2025-06-02T11:00:55.665Z
Naveen H. Adv,<,,,"Jayanagar Chikmagalur City, Chikmagalur",,09725812969,Lawyers; Civil Lawyers,true,true,false,false,false,Lawyers,,Chikkamagaluru,2025-06-02T11:00:55.665Z
Mahadeva Swamy T N,<,,,"Srirama Extension Tarikere, Chikmagalur",,,Lawyers; Civil Lawyers,true,true,false,false,false,Lawyers,,Chikkamagaluru,2025-06-02T11:00:55.665Z
Gururaj N Joshi,<,,,"Shree Vansree Malmaddi, Dharwad",,08123116458,Lawyers For Accident Claims; Lawyers,true,true,false,false,false,Lawyers,,Chikkamagaluru,2025-06-02T11:00:55.666Z
Vh Legal Consultants,<,,,"Kodungallur, Thrissur",,08460231436,Legal Consultants; Lawyers,true,true,false,false,false,Lawyers,,Chikkamagaluru,2025-06-02T11:00:55.666Z
M K Jain Consultant,<,,,"Vinayaga Maisty Street Sowcarpet, Chennai",,,Licence; Accounting; GST Return,true,true,false,false,false,Lawyers,,Chikkamagaluru,2025-06-02T11:00:55.666Z
Adv. Subhash Chandra Lawyers & Associates,<,,,"Supreme Court South Tukoganj, Indore",,,Lawyers For Accident Claims; Lawyers,true,true,false,false,false,Lawyers,,Chikkamagaluru,2025-06-02T11:00:55.666Z
Adv. Satyendra Tiwari,<,,,"Chamber No. 203 Civil Lines, Allahabad",,07487861805,Lawyers For High Court; Lawyers,true,true,false,false,false,Lawyers,,Chikkamagaluru,2025-06-02T11:00:55.666Z
M B Subhrahmanyam & Associates,<,,,"Kunj Nagar Sakchi, Jamshedpur",,08401449462,Lawyers For Commercial Law; Lawyers,true,true,false,false,false,Lawyers,,Chikkamagaluru,2025-06-02T11:00:55.666Z
Ruchi Gupta & Associates,R,,,"Building No 13 G Kamla Nagar, Delhi",,08904953622,Lawyers; Lawyers For Supreme Court,true,true,false,false,false,Lawyers,,Chikkamagaluru,2025-06-02T11:00:55.667Z
Strengthdesk Als LLP,+,,,"Vikram Tower Rajendra Place, Delhi",,08867753551,Lawyers For Supreme Court; Lawyers,true,true,false,false,false,Lawyers,,Chikkamagaluru,2025-06-02T11:00:55.667Z
Kumar Law Associates,K,,,"Shivalik-Malviya Nagar, Delhi",,09972331375,Lawyers; Lawyers For Criminal,true,true,false,false,false,Lawyers,,Chikkamagaluru,2025-06-02T11:00:55.667Z
Adv.Subhash Chandra,A,,,"Puri Krishna Nagar New Delhi, Delhi",,,Lawyers; Business Consultants,true,true,false,false,false,Lawyers,,Chikkamagaluru,2025-06-02T11:00:55.667Z
Adv. Sunil Singh,A,,,"New Colony Mahadeva, Siwan",,08460274959,NOC; Public Provident Fund; GST Return,true,true,false,false,false,Lawyers,,Chikkamagaluru,2025-06-02T11:00:55.667Z
K N R K LAW ASSOCIATES,K,,,"Halepete Kadur, Chikmagalur",,,Lawyers; Civil Lawyers,true,true,false,false,false,Lawyers,,Chikkamagaluru,2025-06-02T11:00:55.667Z
B M Laxmana Gowda,B,,,"Hosamane Road, Chikmagalur",,,Lawyers; Law Firms,true,true,false,false,false,Lawyers,,Chikkamagaluru,2025-06-02T11:00:55.667Z
Advocate-boje Gowda,A,,,"Hosamane Road, Chikmagalur",,,Notary Services; Lawyers,true,true,false,false,false,Lawyers,,Chikkamagaluru,2025-06-02T11:00:55.667Z
Harshendra kumar G. P,+,,,"I G Road Ig Road, Chikmagalur",,,Lawyers; Civil Lawyers,true,true,false,false,false,Lawyers,,Chikkamagaluru,2025-06-02T11:00:55.667Z
Sharath Kumar B.K Advocate,+,,,"Street Vijayapuram Chikmagalur, Chikmagalur",,,Legal Consultants; Lawyers,true,true,false,false,false,Lawyers,,Chikkamagaluru,2025-06-02T11:00:55.667Z
Advocate Putte Gowda. D. C.,A,,,"Post Jyothinagar Chikmagalur, Chikmagalur",,,Lawyers; Civil Lawyers,true,true,false,false,false,Lawyers,,Chikkamagaluru,2025-06-02T11:00:55.667Z
Lohithashwachar Public Prosecutor,L,,,"KV Colony Kadur, Chikmagalur",,,Lawyers; Government Lawyers,true,true,false,false,false,Lawyers,,Chikkamagaluru,2025-06-02T11:00:55.667Z
Adv. Phaniraj T K,A,,,"Cross Road Chikmagalur Fort, Chikmagalur",,,Lawyers; Civil Lawyers,true,true,false,false,false,Lawyers,,Chikkamagaluru,2025-06-02T11:00:55.668Z
Srinivasa T R,S,,,"Vinayak Nager Tarikere, Chikmagalur",,,Lawyers; Civil Lawyers,true,true,false,false,false,Lawyers,,Chikkamagaluru,2025-06-02T11:00:55.668Z
Shri Thejaswi N R Advocate,S,,,"Spencer Road Spencer Road, Chikmagalur",,,Lawyers; Civil Lawyers,true,true,false,false,false,Lawyers,,Chikkamagaluru,2025-06-02T11:00:55.668Z
N S Jayaram,N,,,"K M Road Mudigere, Chikmagalur",,,Lawyers; Lawyers For Criminal,true,true,false,false,false,Lawyers,,Chikkamagaluru,2025-06-02T11:00:55.668Z
Hareesh Singatagere,H,,,"Km Road, Chikmagalur",,,Lawyers; Civil Lawyers,true,true,false,false,false,Lawyers,,Chikkamagaluru,2025-06-02T11:00:55.668Z
Adv. Harish T R,A,,,"R S Mutt Road, Chikmagalur",,,Lawyers; Civil Lawyers,true,true,false,false,false,Lawyers,,Chikkamagaluru,2025-06-02T11:00:55.668Z
Advocate Shashi Bhushan. S. G.,A,,,"Mallapa Street Sringeri, Sringeri",,,Lawyers; Civil Lawyers,true,true,false,false,false,Lawyers,,Chikkamagaluru,2025-06-02T11:00:55.668Z
Sri Krishna Murthy K C Advocate,S,,,"Jayanagar Chikmagalur Ho, Chikmagalur",,,Lawyers; Civil Lawyers,false,true,false,false,false,Lawyers,,Chikkamagaluru,2025-06-02T11:00:55.668Z
C. S Shivaprasad,C,,,"Annappa Street Tarikere, Chikmagalur",,,Lawyers; Civil Lawyers,true,true,false,false,false,Lawyers,,Chikkamagaluru,2025-06-02T11:00:55.668Z
Vishwanath C B,V,,,"bar association Tarikere, Chikmagalur",,,Lawyers; Civil Lawyers,true,true,false,false,false,Lawyers,,Chikkamagaluru,2025-06-02T11:00:55.668Z
Jayakumar G M,J,,,"1st Cross, Chikmagalur",,,Lawyers; Civil Lawyers,true,true,false,false,false,Lawyers,,Chikkamagaluru,2025-06-02T11:00:55.668Z
Advocate Mamatha. D. S.,A,,,"Basavanahalli Chikmagalur Ho, Chikmagalur",,,Lawyers; Civil Lawyers,true,true,false,false,false,Lawyers,,Chikkamagaluru,2025-06-02T11:00:55.668Z
Adv. Prasanna. B. M,A,,,"Km Road Kadur, Chikmagalur",,,Lawyers; Civil Lawyers,true,true,false,false,false,Lawyers,,Chikkamagaluru,2025-06-02T11:00:55.668Z
Advocate Prakash,A,,,"Jyothi Nagar Chikmagalur, Chikmagalur",,,Lawyers; Civil Lawyers,true,true,false,false,false,Lawyers,,Chikkamagaluru,2025-06-02T11:00:55.668Z
Sri Keshavamurthi A Advocate,S,,,"Opp Shankar Mutt Chikmagalur Ho, Chikmagalur",,,Lawyers; Civil Lawyers,false,true,false,false,false,Lawyers,,Chikkamagaluru,2025-06-02T11:00:55.668Z
Adv. Krishna Murthy,A,,,"Spencer Road Crs Spencer Road, Chikmagalur",,,Lawyers For Criminal; Lawyers,true,true,false,false,false,Lawyers,,Chikkamagaluru,2025-06-02T11:00:55.669Z
I S Thejasvi Advocate,I,,,"Anjaneya Temple Road Vijayapura, Chikmagalur",,,Lawyers,false,true,false,false,false,Lawyers,,Chikkamagaluru,2025-06-02T11:00:55.669Z
Prakash T L,P,,,"B H Road Tarikere, Chikmagalur",,,Lawyers,true,true,false,false,false,Lawyers,,Chikkamagaluru,2025-06-02T11:00:55.669Z
Adv. H M Sudhakar,A,,,"Chikkamagaluru Joythinagar, Chikmagalur",,,Lawyers,false,true,false,false,false,Lawyers,,Chikkamagaluru,2025-06-02T11:00:55.669Z
Sri Lawrence D'souza Advocate,S,,,"Christian Colony Chikmagalur Ho, Chikmagalur",,,Lawyers; Civil Lawyers,false,true,false,false,false,Lawyers,,Chikkamagaluru,2025-06-02T11:00:55.669Z
Advocate Natashekhara. V. R.,A,,,"Bharathi Street Sringeri, Sringeri",,,Lawyers; Civil Lawyers,true,true,false,false,false,Lawyers,,Chikkamagaluru,2025-06-02T11:00:55.669Z
Advocate Thomas Pinto,A,,,"Mallandur Chikmagalur, Chikmagalur",,,Lawyers; Civil Lawyers,true,true,false,false,false,Lawyers,,Chikkamagaluru,2025-06-02T11:00:55.669Z
Sri Laxmana Godwda B M Advocate,S,,,"Jayanagar Chikmagalur Ho, Chikmagalur",,,Lawyers; Civil Lawyers,false,true,false,false,false,Lawyers,,Chikkamagaluru,2025-06-02T11:00:55.669Z
Irfan Ahamed Baig Advocate,I,,,"1st Cross Tarikere, Chikmagalur",,,Lawyers; Civil Lawyers,true,true,false,false,false,Lawyers,,Chikkamagaluru,2025-06-02T11:00:55.669Z
Advocate Vishwanath. G. M.,A,,,"Koppa Taluq, Sringeri",,,Lawyers; Civil Lawyers,true,true,false,false,false,Lawyers,,Chikkamagaluru,2025-06-02T11:00:55.669Z
Sri Sheshadri A R Advocate,S,,,"M.g Road Chikmagalur Ho, Chikmagalur",,,Lawyers; Civil Lawyers,false,true,false,false,false,Lawyers,,Chikkamagaluru,2025-06-02T11:00:55.669Z
Sri Sujendra D B Advocate,S,,,"Hosamane Circle Chikmagalur Ho, Chikmagalur",,,Lawyers; Civil Lawyers,false,true,false,false,false,Lawyers,,Chikkamagaluru,2025-06-02T11:00:55.670Z
Arshiya Transport,<,4.2,13 Ratings,"ROAD Basavanahalli Chikmagalur, Chikmagalur",,09035044917,Tempos On Hire; Within City,true,false,false,true,true,Transporters,Popular Transporters For Full Truck Load,Chikkamagaluru,2025-06-02T11:02:35.538Z
Vmtc Logistics,<,4.4,37 Ratings,"Ansari Bunder, Mangalore",,08511915326,Domestic Courier,true,false,false,true,true,Transporters,Popular Transporters For Full Truck Load,Chikkamagaluru,2025-06-02T11:02:35.539Z
Hindustan Transport Shimoga,<,4.2,94 Ratings,"Bypass Urgadur, Shimoga",,07383249296,24 Hours Transporters; Transporters,true,false,false,false,true,Transporters,Popular Transporters For Full Truck Load,Chikkamagaluru,2025-06-02T11:02:35.539Z
Sri Kiran Transport,<,4.7,33 Ratings,"New Mandipet Mandipet, Tumkur",,07490016249,Transporters; Transporters For Bangalore,true,false,false,false,true,Transporters,Popular Transporters For Full Truck Load,Chikkamagaluru,2025-06-02T11:02:35.539Z
Ma Kalka Roadlines,<,3.7,3 Ratings,"Road Betora Industrial Estate, Goa",,08460386456,Transport Agents; Trailer Transporters,true,false,false,false,false,Transporters,Popular Transporters For Full Truck Load,Chikkamagaluru,2025-06-02T11:02:35.539Z
Karnatak West Bengal All India Transport Company,<,4.6,10 Ratings,"Shantinagar TTMC Shanthinagar, Bangalore",,08147536632,Transporters For Full Truck Load To Tamil Nadu; Transport Agents,true,false,false,false,false,Transporters,Popular Transporters For Full Truck Load,Chikkamagaluru,2025-06-02T11:02:35.540Z
Radhakrishna Transport,<,4.1,130 Ratings,"3rd Phase Peenya 3rd Stage, Bangalore",,09980546498,Electronic,true,false,false,true,true,Transporters,Popular Transporters For Full Truck Load,Chikkamagaluru,2025-06-02T11:02:35.540Z
Jaipur Golden Transport,<,3.8,24 Ratings,"C  LANE J.M ROAD Cubbonpet, Bangalore",,09845217514,Pay Ahead,true,false,false,false,false,Transporters,Popular Transporters For Full Truck Load,Chikkamagaluru,2025-06-02T11:02:35.540Z
Sri Kumaran Transports & Packers and Movers,<,4.6,14 Ratings,"DPF STREET Papanaickenpalayam, Coimbatore",,08511275817,Logistics; Local Logistic; Transportation,true,false,false,true,true,Transporters,Popular Transporters For Full Truck Load,Chikkamagaluru,2025-06-02T11:02:35.541Z
Kaveri Cargo Movers,<,4.4,96 Ratings,"Bank Colony Chinnavedampatti, Coimbatore",,08401638429,,true,false,false,true,true,Transporters,Popular Transporters For Full Truck Load,Chikkamagaluru,2025-06-02T11:02:35.541Z
Shree Essar Logistic,S,5.0,2 Ratings,"5th Street Bhavani Main Road, Bhavani",,07041479863,Trucks On Rent; Electronic,true,false,false,false,true,Transporters,Popular Transporters For Full Truck Load,Chikkamagaluru,2025-06-02T11:02:35.541Z
Jayasri Road Lines,+,4.5,29 Ratings,"PN Road Kumarnanthapuram, Tirupur",,09606403497,24 Hours Tempos; Tempos On Rent For Intracity; Transporters For Sports Equipments,true,false,false,false,true,Transporters,Popular Transporters For Full Truck Load,Chikkamagaluru,2025-06-02T11:02:35.541Z
Sri Vigneshwara Logistics,+,4.2,52 Ratings,"DDUTTL Yeshwanthpur, Bangalore",,09035041615,Trucks On Rent; Domestic Courier; Electronic,true,false,false,true,true,Transporters,Popular Transporters For Full Truck Load,Chikkamagaluru,2025-06-02T11:02:35.542Z
Geetham Transport Service,+,4.6,90 Ratings,"Naal Road Tirupur East, Tirupur",,08147951873,Trucks On Rent; Packers And Movers; Electronic,true,false,false,true,true,Transporters,Popular Transporters For Full Truck Load,Chikkamagaluru,2025-06-02T11:02:35.542Z
Sri Ganapathy Transport and Traveling Agency,+,4.5,19 Ratings,"Palayam Kalappa Naicken Palayam, Coimbatore",,08123376960,Courier Services; Transporters,true,false,false,true,true,Transporters,Popular Transporters For Full Truck Load,Chikkamagaluru,2025-06-02T11:02:35.542Z
Arja Energys Private Limited,+,4.5,10 Ratings,"Road Binny Compound Main Road, Tirupur",,08460445740,Transporters; Transport Agents,true,false,false,false,true,Transporters,Popular Transporters For Full Truck Load,Chikkamagaluru,2025-06-02T11:02:35.543Z
Promax Logistics,+,4.0,30 Ratings,"Coimbatore Aerodrome, Coimbatore",,08460645239,Domestic Courier,true,false,false,true,true,Transporters,Popular Transporters For Full Truck Load,Chikkamagaluru,2025-06-02T11:02:35.543Z
Sky Land Xpress Cargo,+,4.0,44 Ratings,"KPN Colony Union Mill Road, Tirupur",,,,true,false,false,true,false,Transporters,Popular Transporters For Full Truck Load,Chikkamagaluru,2025-06-02T11:02:35.543Z
Royal Cargo Packers & Movers,+,4.8,172 Ratings,"Near BRTS Bus Stand Vidyagiri, Dharwad",,08401217512,,true,false,false,false,true,Transporters,Popular Transporters For Full Truck Load,Chikkamagaluru,2025-06-02T11:02:35.544Z
Sree Ganesh Roadlines,+,3.5,61 Ratings,"Bellary Ho, Bellary",,07383497565,Domestic Courier; Electronic,true,false,false,true,false,Transporters,Popular Transporters For Full Truck Load,Chikkamagaluru,2025-06-02T11:02:35.544Z
Lata Packers and Movers,L,4.4,20 Ratings,"Mj Nagar, Hospet",,07487906639,All India; Within City,true,false,false,false,true,Transporters,Popular Transporters For Full Truck Load,Chikkamagaluru,2025-06-02T11:02:35.544Z
Express Roadlines,E,5.0,3 Ratings,"NH 544 Potta, Thrissur",,09980400189,Transporters For Full Truck Load,true,false,false,false,true,Transporters,Popular Transporters For Full Truck Load,Chikkamagaluru,2025-06-02T11:02:35.544Z
Vijaya Transport,+,4.1,51 Ratings,"AATTUR Attur Salem, Salem",,07383222475,Transporters; Transporters For Chennai,true,false,false,true,true,Transporters,Popular Transporters For Full Truck Load,Chikkamagaluru,2025-06-02T11:02:35.545Z
Vgo Truck Booking,V,2.5,2 Ratings,"Victoriya Main Road Woriyur, Trichy",,08904585500,Cargo Service; Transporters For Cargo,true,false,false,false,false,Transporters,Popular Transporters For Full Truck Load,Chikkamagaluru,2025-06-02T11:02:35.545Z
Sri Periyasamy Lorry Transport And Booking Office,+,4.1,29 Ratings,"Salem Road Andagalur, Namakkal",,08401269964,Transporters For Andhra Pradesh; Transporters,true,false,false,true,false,Transporters,Popular Transporters For Full Truck Load,Chikkamagaluru,2025-06-02T11:02:35.545Z
Anr Transport,+,5.0,9 Ratings,"Main Road Udamalpet Bazaar, Udumalpet",,08460205843,GPS Tracking Available; Trucks On Rent; Logistics,true,false,false,false,false,Transporters,Popular Transporters For Full Truck Load,Chikkamagaluru,2025-06-02T11:02:35.545Z
Xpress INDIA,+,4.2,399 Ratings,"Street Industrial Colony Trichy, Trichy",,07383608407,Cargo Service; Trucks On Rent; Bulk Courier,true,false,false,false,true,Transporters,Popular Transporters For Full Truck Load,Chikkamagaluru,2025-06-02T11:02:35.545Z
Hyderabad Odisha Transport Company,+,3.5,2 Ratings,"Amberpet Pedda Amberpet, Rangareddy",,08904579169,Transporters For Andhra Pradesh; Transporters For Bangalore,true,false,false,false,false,Transporters,Popular Transporters For Full Truck Load,Chikkamagaluru,2025-06-02T11:02:35.545Z
Fr8,+,4.1,257 Ratings,"6th Main Road Mogappair West, Chennai",,08904606530,Transporters; Lorry Transport Services,true,false,false,true,true,Transporters,Popular Transporters For Full Truck Load,Chikkamagaluru,2025-06-02T11:02:35.546Z
Shri Gajanan Transport,+,4.2,25 Ratings,"Old Midc Satara Midc, Satara",,09845264483,Transporters For Ahmedabad; Transporters,true,false,false,false,true,Transporters,Popular Transporters For Full Truck Load,Chikkamagaluru,2025-06-02T11:02:35.546Z
Pranjal Transport Services,P,5.0,3 Ratings,"Ajanta Chowk Vilaspur, Satara",,09035047486,Transporters; Transporters For Pune,true,false,false,false,true,Transporters,Popular Transporters For Full Truck Load,Chikkamagaluru,2025-06-02T11:02:35.546Z
Aastik Maharaj Trader,+,5.0,1 Ratings,"Kukatpally Kukatpally, Hyderabad",,07411644350,Cargo Service; Tempos On Hire; Domestic Courier,true,false,false,false,false,Transporters,Popular Transporters For Full Truck Load,Chikkamagaluru,2025-06-02T11:02:35.546Z
Yestee Agency,+,4.1,322 Ratings,"Wall Tax Road Park Town, Chennai",,08197305459,Industrial Machinery Relocation; Cargo Service; Domestic Courier,true,false,false,true,true,Transporters,Popular Transporters For Full Truck Load,Chikkamagaluru,2025-06-02T11:02:35.546Z
KGN Transport & Logistics,+,4.2,32 Ratings,"Gandiguda Village Shadnagar, Mahabubnagar",,09054784995,International Courier; Trucks On Rent; Domestic Courier,true,false,false,false,true,Transporters,Popular Transporters For Full Truck Load,Chikkamagaluru,2025-06-02T11:02:35.546Z
Bajrang Logistics,B,4.0,7 Ratings,"Waghale Estate Thane West, Thane",,08197576514,Animal Transportation; All India; Transportation,true,false,false,false,false,Transporters,Popular Transporters For Full Truck Load,Chikkamagaluru,2025-06-02T11:02:35.547Z
MAHAKAL TRANSPORT,M,5.0,1 Ratings,"Main Market Andheri West, Mumbai",,08401152926,Container Transport; Full Truck Load; Trailer Transport,true,false,false,false,true,Transporters,Popular Transporters For Full Truck Load,Chikkamagaluru,2025-06-02T11:02:35.547Z
Maharashtra Gujarat Roadline,+,4.2,186 Ratings,"Nashik Road Mumbai Central, Mumbai",,07405534931,Transporters For Pune; Transporters For Ahmedabad,true,false,false,false,true,Transporters,Popular Transporters For Full Truck Load,Chikkamagaluru,2025-06-02T11:02:35.547Z
Golden Heavy Load Transport,+,4.2,78 Ratings,"Athrva Complex Badlapur Ed, Thane",,08401197594,Electronic,true,false,false,false,true,Transporters,Popular Transporters For Full Truck Load,Chikkamagaluru,2025-06-02T11:02:35.547Z
Maa Laxmi Transport,+,4.3,521 Ratings,"New Link Road Andheri West, Mumbai",,08105375157,Transporters For Pune; Transporters For All India,true,false,false,false,true,Transporters,Popular Transporters For Full Truck Load,Chikkamagaluru,2025-06-02T11:02:35.547Z
Surya Roadlines,+,4.6,62 Ratings,"Post Chimbli Chakan, Pune",,07411641219,Transporters; Transporters For Mumbai,true,false,false,false,true,Transporters,Popular Transporters For Full Truck Load,Chikkamagaluru,2025-06-02T11:02:35.547Z
MAHABER TRANSPORT,+,5.0,1 Ratings,"Chauhan Complex Thane East, Thane",,08123202342,Transporters; Transporters For Pune,true,false,false,false,false,Transporters,Popular Transporters For Full Truck Load,Chikkamagaluru,2025-06-02T11:02:35.547Z
Maharaja Kuver Transport,+,4.3,158 Ratings,"Goregaon East, Mumbai",,07383113604,Trucks On Rent,true,false,false,true,true,Transporters,Popular Transporters For Full Truck Load,Chikkamagaluru,2025-06-02T11:02:35.548Z
Swami Samarth Transport Company,S,4.5,40 Ratings,"Heera Nagar Kalher, Bhiwandi",,08460516431,Trucks On Rent,true,false,false,false,true,Transporters,Popular Transporters For Full Truck Load,Chikkamagaluru,2025-06-02T11:02:35.548Z
South Indian Transport Company,+,3.7,13 Ratings,"Mankoli Road Bhiwandi City, Bhiwandi",,07041943753,Domestic Courier; Door to Door; Cargo Service,true,false,false,false,false,Transporters,Popular Transporters For Full Truck Load,Chikkamagaluru,2025-06-02T11:02:35.548Z
Vrltransport Services,+,3.6,10 Ratings,"Masjid Bunder, Mumbai",,09980763661,Electronic,true,false,false,false,true,Transporters,Popular Transporters For Full Truck Load,Chikkamagaluru,2025-06-02T11:02:35.548Z
Blr Logistics Ltd,B,4.4,65 Ratings,"Goregaon East, Mumbai",,08460544332,Transporters For Cargo; Exim Cargo Service; Cargo Service,true,false,false,true,true,Transporters,Popular Transporters For Full Truck Load,Chikkamagaluru,2025-06-02T11:02:35.548Z
Shyam Transport,S,4.0,73 Ratings,"Mahavir Nagar Kandivali West, Mumbai",,07405412431,Animal Transportation,true,false,false,true,true,Transporters,Popular Transporters For Full Truck Load,Chikkamagaluru,2025-06-02T11:02:35.548Z
One Source Logistics Pvt Ltd,+,3.6,32 Ratings,"Steel Market Kalamboli, Navi Mumbai",,09035200513,Trucks On Rent; Domestic Courier,true,false,false,false,false,Transporters,Popular Transporters For Full Truck Load,Chikkamagaluru,2025-06-02T11:02:35.548Z
Diamondsafety Lorry Transport Packers and Movers,+,4.1,49 Ratings,"Bypass Road Khammam Bypass Road, Khammam",,09724438448,Pets Transportation; All India; Within City,true,false,false,false,true,Transporters,Popular Transporters For Full Truck Load,Chikkamagaluru,2025-06-02T11:02:35.548Z
Vmtc Logistics,+,4.4,37 Ratings,"Ansari Bunder, Mangalore",,08511915326,Domestic Courier,true,false,false,true,true,Transporters,Popular Transporters For Household Goods,Chikkamagaluru,2025-06-02T11:03:32.850Z
DM Digital Studio,<,5.0,44 Ratings,"Hesgal Road Mudigere, Chikmagalur",,07411672575,Videography,true,true,false,false,true,Photographers,,Chikkamagaluru,2025-06-02T11:04:50.575Z
Dinesh Video And Studio,<,4.3,7 Ratings,"Hunasemara Street Chikmagalur HO, Chikmagalur",,09054024085,Videography,true,true,false,false,true,Photographers,,Chikkamagaluru,2025-06-02T11:04:50.575Z
Royal Photography,<,4.7,33 Ratings,"Sri Saibalaji Shopping Kadur, Chikmagalur",,08511328332,Videography,true,true,false,true,true,Photographers,,Chikkamagaluru,2025-06-02T11:04:50.576Z
Foto Life Studio,<,4.5,25 Ratings,"M G Road MG Road Chikmagalur, Chikmagalur",,09724336528,Videography,true,true,false,true,true,Photographers,,Chikkamagaluru,2025-06-02T11:04:50.576Z
Chandu Events & Photography,<,5.0,6 Ratings,"Chowlahiriyur, Chikmagalur",,08460549091,,true,true,false,false,true,Photographers,,Chikkamagaluru,2025-06-02T11:04:50.576Z
One Shutter Productions,<,5.0,25 Ratings,"T B Road Lakshmishnagar Kadur, Chikmagalur",,09845165416,,true,true,false,false,true,Photographers,,Chikkamagaluru,2025-06-02T11:04:50.576Z
Independent Technologies,<,4.8,43 Ratings,"Kalyan Nagar Bandihalli, Chikmagalur",,,Irrigation System Dealers; Agricultural Equipment Dealers,true,true,false,true,true,Photographers,,Chikkamagaluru,2025-06-02T11:04:50.576Z
Devaramane Events and Industries,<,5.0,1 Ratings,"Jannapura Village Road Mudigere, Chikmagalur",,07795663409,Videography,true,true,false,false,true,Photographers,,Chikkamagaluru,2025-06-02T11:04:50.577Z
Nuclear Events,<,4.9,17 Ratings,"Subrub Vidyaranyapuram, Mysore",,08460255672,On Site Services; In Store Collect; Same Day Delivery,true,true,false,false,true,Photographers,,Chikkamagaluru,2025-06-02T11:04:50.577Z
Rainbow Studio and Video,<,4.2,15 Ratings,"Main Road Kundapura, Udupi",,,Videography,true,true,false,false,true,Photographers,,Chikkamagaluru,2025-06-02T11:04:50.577Z
Archith Photography,+,4.9,98 Ratings,"Road Main Bazar Road, Hindupur",,08197215720,Traditional Videography; Albums; Cinematography,true,true,false,false,true,Photographers,,Chikkamagaluru,2025-06-02T11:04:50.577Z
The Maarvel Studio,+,4.8,10 Ratings,"Market Basaveshwara Nagar, Bangalore",,08460204920,Videography,true,true,false,true,true,Photographers,,Chikkamagaluru,2025-06-02T11:04:50.577Z
Vibhava Creations,+,4.5,345 Ratings,"Cross Rajajinagar Srirampuram, Bangalore",,09035152635,Videography,true,true,false,false,true,Photographers,,Chikkamagaluru,2025-06-02T11:04:50.578Z
Sree Durga Parameshwari Catering Service,+,4.5,15 Ratings,"Main Road Hanumantha Nagar, Bangalore",,,Home Delivery,true,true,false,false,true,Photographers,,Chikkamagaluru,2025-06-02T11:04:50.578Z
Ork Studio And Video,+,5.0,153 Ratings,"Ramchandra Nagar Kamalanagar, Anantapur",,,Videography,true,true,false,false,true,Photographers,,Chikkamagaluru,2025-06-02T11:04:50.578Z
Masters Event Management,+,4.5,85 Ratings,"Ward No 8 Town Hall Sqaure, Chickballapur",,,Event Organisers; Caterers,true,true,false,false,true,Photographers,,Chikkamagaluru,2025-06-02T11:04:50.578Z
Wedding Invitation Video Maker - Weditations (INDIA),+,4.3,52 Ratings,"Plot. No:01 Lingampally, Hyderabad",,08792492833,Invitation Video Makers; Photographers,true,true,false,false,true,Photographers,,Chikkamagaluru,2025-06-02T11:04:50.578Z
Sr Events,+,4.4,18 Ratings,"Puduru Palakollu, West Godavari",,08460403938,Event Organisers; Caterers,true,true,false,false,true,Photographers,,Chikkamagaluru,2025-06-02T11:04:50.578Z
Enzoey.com,+,4.5,133 Ratings,Mumbai,,08488949380,,true,true,false,true,true,Photographers,,Chikkamagaluru,2025-06-02T11:04:50.579Z
Visualvid Creation,+,5.0,3 Ratings,"Tapovan Link Road Dwarka, Nashik",,08904584587,Videography,true,true,false,false,true,Photographers,,Chikkamagaluru,2025-06-02T11:04:50.579Z
Aerizone,+,4.5,237 Ratings,"Hingna Road Parsodi, Nagpur",,08401032409,,true,true,false,true,true,Photographers,,Chikkamagaluru,2025-06-02T11:04:50.579Z
Alpine Creation,+,3.9,261 Ratings,"Dadu Marg Barkat Nagar, Jaipur",,,Photographers; E Commerce Photographers,true,true,false,true,false,Photographers,,Chikkamagaluru,2025-06-02T11:04:50.579Z
Sutter Count Photography,+,5.0,2 Ratings,"Rambag Road Chandausi Kaithal, Chandausi",,08460513665,Videography,true,true,false,false,true,Photographers,,Chikkamagaluru,2025-06-02T11:04:50.579Z
Payal Studio Pvt Ltd,+,4.6,84 Ratings,"Circular Road Abohar, Abohar",,08050811895,Videography,true,true,false,false,true,Photographers,,Chikkamagaluru,2025-06-02T11:04:50.579Z
Sachin Digital Studio,+,4.5,39 Ratings,"Bsavanhalli Hanumanthappa Circle, Chikmagalur",,,Videography,true,true,false,false,true,Photographers,,Chikkamagaluru,2025-06-02T11:04:50.579Z
Shaiva Photography,+,4.9,434 Ratings,"Nallur Gate Chikmagalur Fort, Chikmagalur",,,Videography,true,true,false,false,true,Photographers,,Chikkamagaluru,2025-06-02T11:04:50.580Z
EpP Photography,+,4.6,25 Ratings,"K M Road Ig Road, Chikmagalur",,,,true,true,false,false,false,Photographers,,Chikkamagaluru,2025-06-02T11:04:50.580Z
Nimishamba Digital Studio,+,4.2,3 Ratings,"Basavanahalli Chikmagalur, Chikmagalur",,,Mandap Decorators; Photographers,true,true,false,false,true,Photographers,,Chikkamagaluru,2025-06-02T11:04:50.580Z
Jp Events,+,5.0,2 Ratings,"Belur Road Chikmagalur, Chikmagalur",,,Videography,true,true,false,false,true,Photographers,,Chikkamagaluru,2025-06-02T11:04:50.580Z
Deepan Phtography,+,5.0,36 Ratings,"M G Road Mudigere, Chikmagalur",,,Videography,true,true,false,false,true,Photographers,,Chikkamagaluru,2025-06-02T11:04:50.580Z
Photo Point Chikmagalur,P,4.6,315 Ratings,"Mullayanagiri Road Pandaravalli, Chikmagalur",,,Photographers,false,true,false,false,false,Photographers,,Chikkamagaluru,2025-06-02T11:04:50.580Z
Dr Photography & Colour Lab,+,5.0,173 Ratings,"Mg Road Tarikere, Chikmagalur",,,Photographers; Photo Studios,true,true,false,false,true,Photographers,,Chikkamagaluru,2025-06-02T11:04:50.580Z
Unique Enterprises,+,4.8,85 Ratings,"Market Road Chikmagalur City, Chikmagalur",,,,false,true,false,false,true,Photographers,,Chikkamagaluru,2025-06-02T11:04:50.581Z
Brunda Digitals Studio,B,4.9,59 Ratings,"Duglapura, Chikmagalur",,,Photographers; Wedding Photographers,true,true,false,false,false,Photographers,,Chikkamagaluru,2025-06-02T11:04:50.581Z
Manjunath Prabhu Photography,+,4.9,54 Ratings,"Km Road Km Road, Chikmagalur",,,Photographers; Wedding Photographers,true,true,false,false,true,Photographers,,Chikkamagaluru,2025-06-02T11:04:50.581Z
Shashank Photography,S,4.9,39 Ratings,"CHIKKAMAGALURU Chikmagalur Fort, Chikmagalur",,,Videography,true,true,false,false,true,Photographers,,Chikkamagaluru,2025-06-02T11:04:50.581Z
Souza Digital Studio & Cyber Zone,S,4.8,30 Ratings,"Belur Road Jannapura, Chikmagalur",,,Videography,true,true,false,false,true,Photographers,,Chikkamagaluru,2025-06-02T11:04:50.581Z
Pixel Stories,+,4.9,27 Ratings,"Narasimharajapura Chikmagalur, Chikmagalur",,,Photographers; Magazine Photographers,false,true,false,false,false,Photographers,,Chikkamagaluru,2025-06-02T11:04:50.581Z
Aishwarya Colour Lab And Studios,A,3.6,33 Ratings,"Indira Gandhi Road, Chikmagalur",,,Videography,true,true,false,false,false,Photographers,,Chikkamagaluru,2025-06-02T11:04:50.581Z
Epp Photography,E,4.6,25 Ratings,"Chikmagalur HO, Chikmagalur",,,Photographers; Photo Studios,true,true,false,false,false,Photographers,,Chikkamagaluru,2025-06-02T11:04:50.581Z
Bavik Photography,+,4.9,22 Ratings,"Bengaluru Honnavar Road Kadur, Chikmagalur",,,Photographers; Photo Studios,true,true,false,false,false,Photographers,,Chikkamagaluru,2025-06-02T11:04:50.581Z
Kanasu Images,+,4.7,20 Ratings,"Main Road Vijayapura Main Road, Chikmagalur",,,Videography,true,true,false,false,true,Photographers,,Chikkamagaluru,2025-06-02T11:04:50.581Z
Eshwar Prince Photography,E,4.8,17 Ratings,"Temple Road Marle, Chikmagalur",,,Photographers; Photo Studios,false,true,false,false,false,Photographers,,Chikkamagaluru,2025-06-02T11:04:50.581Z
Ramya Studio,R,4.0,19 Ratings,"Bharathi Street Sringeri, Sringeri",,,Videography,true,true,false,false,false,Photographers,,Chikkamagaluru,2025-06-02T11:04:50.581Z
Studio,+,4.1,18 Ratings,"Bengaluru Balehonnur, Chikmagalur",,,Photographers; Photo Studios,true,true,false,false,false,Photographers,,Chikkamagaluru,2025-06-02T11:04:50.582Z
Mohan Digital Studio,M,4.3,17 Ratings,"Bharati Street Sringeri, Sringeri",,,Photographers; Photo Studios,true,true,false,false,true,Photographers,,Chikkamagaluru,2025-06-02T11:04:50.582Z
Deviramma Photolic And Event Management,D,5.0,12 Ratings,"Chikkamagaluru Jayanagara, Chikmagalur",,,Photographers; Photo Studios,false,true,false,false,false,Photographers,,Chikkamagaluru,2025-06-02T11:04:50.582Z
Uday Digital Studio,U,4.2,14 Ratings,"No 11 Kadur, Chikmagalur",,,Videography,true,true,false,false,true,Photographers,,Chikkamagaluru,2025-06-02T11:04:50.582Z
Manju Photos,+,5.0,11 Ratings,"Margroad Mg Road Chikmagalur, Chikmagalur",,,Photographers; Wedding Photographers,true,true,false,false,false,Photographers,,Chikkamagaluru,2025-06-02T11:04:50.582Z
V 2 Home Nursing Service,<,4.5,1 Ratings,"Road Vijayapuram Chikmagalur, Chikmagalur",,09725108785,Home Nursing Services; Nursing Services,true,true,false,false,true,Nursing Services,,Chikkamagaluru,2025-06-02T11:06:03.132Z
Sri Chamundeshwari Krupa Home Nursing Service and Admission Center,<,4.1,5 Ratings,"Ig Road, Chikmagalur",,08050876098,Home Nursing Services; 24 Hours Home Nursing Services,true,true,false,true,true,Nursing Services,,Chikkamagaluru,2025-06-02T11:06:03.132Z
Mother Home Care Nursing And Nursing Aid Services,<,3.8,15 Ratings,"Basapura Biet, Davangere",,,Nursing services,true,true,false,true,false,Nursing Services,,Chikkamagaluru,2025-06-02T11:06:03.132Z
Standard Group,<,4.0,218 Ratings,"Nellikai Road Nellikai Road, Mangalore",,,Overseas Placement,true,true,false,false,true,Nursing Services,,Chikkamagaluru,2025-06-02T11:06:03.132Z
Ramesh Aili Home Care Service,<,4.4,25 Ratings,"Basaveshwar Nagar Gadag Betgeri, Gadag",,09972845472,Home Nursing Services; Nursing Services,true,true,false,false,true,Nursing Services,,Chikkamagaluru,2025-06-02T11:06:03.132Z
Jai Home Health Care,<,3.9,8 Ratings,"Ganapathypalayam, Tirupur",,08460267039,Home Nursing Services; Baby Sitting At Home,true,true,false,false,false,Nursing Services,,Chikkamagaluru,2025-06-02T11:06:03.132Z
Mahishi Trust Yoga and Naturopathy Hospital,<,4.7,336 Ratings,"Daddikamalpur Alnavar Road Mugad, Dharwad",,,,true,true,false,false,true,Nursing Services,,Chikkamagaluru,2025-06-02T11:06:03.132Z
Karthik Home Nursing & Patient Admission Center,<,4.5,6 Ratings,"N R Pura Chikmangalur, Chikmagalur",,,Nursing services,true,true,false,false,true,Nursing Services,,Chikkamagaluru,2025-06-02T11:06:03.132Z
Sri Chamundeshwri Krupa Home Nursing And Service Center,<,4.7,9 Ratings,"Kadur Adarsha Nagara, Chikmagalur",,,Home Nursing Services; 24 Hours Home Nursing Services,true,true,false,false,true,Nursing Services,,Chikkamagaluru,2025-06-02T11:06:03.132Z
Sree Marikamba Services,<,3.3,9 Ratings,"Narasimharajapura Chikmagalur, Chikmagalur",,,Home Nursing Services For Tracheostomy; Home Nursing Services,true,true,false,false,false,Nursing Services,,Chikkamagaluru,2025-06-02T11:06:03.132Z
Arya Home Nursing Services,+,4.2,5 Ratings,"Mudigere, Chikmagalur",,,Home Nursing Services; 24 Hours Home Nursing Services,true,true,false,false,true,Nursing Services,,Chikkamagaluru,2025-06-02T11:06:03.133Z
Sree Chamundeshwari Krupa Home Nursing Services And Care Center,+,3.3,6 Ratings,"Kadur Tq Kadur, Chikmagalur",,,Home Nursing Services; 24 Hours Home Nursing Services,true,true,false,false,false,Nursing Services,,Chikkamagaluru,2025-06-02T11:06:03.133Z
Good Health Home Care Services,G,5.0,1 Ratings,"Tejur Road Chikkakondagola, Hassan",,,Home Nursing Services; Nursing Services,true,true,false,false,true,Nursing Services,,Chikkamagaluru,2025-06-02T11:06:03.133Z
Das Home Nursing Services,+,4.6,146 Ratings,"H N Pura Road NR Circle, Hassan",,07383446102,Nursing Care,true,true,false,true,true,Nursing Services,,Chikkamagaluru,2025-06-02T11:06:03.133Z
Shree Shaila Human Care,S,,,"Main Road Channapatna Extension, Hassan",,,Home Nursing Services; Nursing Services,true,true,false,false,false,Nursing Services,,Chikkamagaluru,2025-06-02T11:06:03.133Z
Ramakrishna Nursing Home,R,4.4,14 Ratings,"Vidhya Nagar, Hassan",,,Nursing Services,true,true,false,false,false,Nursing Services,,Chikkamagaluru,2025-06-02T11:06:03.134Z
Ramakrishna Nursing Home,R,4.1,15 Ratings,"MG Road MG Road Hassan, Hassan",,,Home Nursing Services; Nursing Homes,false,true,false,false,true,Nursing Services,,Chikkamagaluru,2025-06-02T11:06:03.134Z
DHANVANTARI HOME NURSING SERVICE,D,5.0,1 Ratings,"Hassan City, Hassan",,,Nursing services,true,true,false,false,true,Nursing Services,,Chikkamagaluru,2025-06-02T11:06:03.134Z
Health &wellness Health Care Service,+,5.0,43 Ratings,"Mutt Road Avk College Road, Hassan",,,,true,true,false,false,true,Nursing Services,,Chikkamagaluru,2025-06-02T11:06:03.134Z
DAS Promotions(r),D,4.9,26 Ratings,"N R Circle Hassan Ho, Hassan",,,Home Nursing Services; Institutions For Aged,true,true,false,true,true,Nursing Services,,Chikkamagaluru,2025-06-02T11:06:03.134Z
Shabari Home Health Care,S,4.4,7 Ratings,"and 11th Kr Puram Hassan, Hassan",,,Home Nursing Services; Nursing Services,true,true,false,false,true,Nursing Services,,Chikkamagaluru,2025-06-02T11:06:03.134Z
Dr Lal Pathlabs,+,3.7,9 Ratings,"3rd Cross Kr Puram Hassan, Hassan",,,,true,true,false,false,false,Nursing Services,,Chikkamagaluru,2025-06-02T11:06:03.134Z
Rajiv Nursing Home,R,3.8,34 Ratings,"Hospital Road Hassan Ho, Hassan",,,,false,true,false,false,false,Nursing Services,,Chikkamagaluru,2025-06-02T11:06:03.134Z
V Guard Securities And Manpower Supply,V,3.5,3 Ratings,"Lakshmi Venkteshwara Building, Hassan",,,Home Nursing Services; Nursing Homes,true,true,false,false,false,Nursing Services,,Chikkamagaluru,2025-06-02T11:06:03.134Z
Shree Chamundeshwari Krupa Home Nursing Service and Admission Care Centre,S,5.0,3 Ratings,"Bm Road, Hassan",,,Home Nursing Services; Nursing Services,true,true,false,false,true,Nursing Services,,Chikkamagaluru,2025-06-02T11:06:03.134Z
Abhiruthi home nursing centre,A,5.0,1 Ratings,"Krushi Nagar Savalanga Road, Shimoga",,,Nursing services,true,true,false,false,true,Nursing Services,,Chikkamagaluru,2025-06-02T11:06:03.134Z
GETTWELL SOON TAKE CARE NURSING CENTER,+,4.9,8 Ratings,"Bhadravathi, Bhadravathi-Karnataka",,09054591562,Home Nursing Services; Home Nursing Services For Bedridden,true,true,false,true,true,Nursing Services,,Chikkamagaluru,2025-06-02T11:06:03.135Z
N V Home Health Care Services,+,1.8,3 Ratings,"Hassan Road-Arkalgud, Hassan",,08147995879,Home Nursing Services; Nursing Services,true,true,false,false,false,Nursing Services,,Chikkamagaluru,2025-06-02T11:06:03.135Z
Dharma Sudha Promotions,D,4.8,11 Ratings,"Nagar Extension Vidyanagar, Shimoga",,,Home Nursing Services; Home Nursing Services For Bedridden,true,true,false,false,true,Nursing Services,,Chikkamagaluru,2025-06-02T11:06:03.135Z
Vande Mataram Home Nursing Service,+,4.3,6 Ratings,"Indra Nagar Harige, Shimoga",,,Home Nursing Services; Patient Care Taker Services,true,true,false,false,true,Nursing Services,,Chikkamagaluru,2025-06-02T11:06:03.135Z
Sri Krishna Group,S,3.7,3 Ratings,"Savalanga Road, Shimoga",,,Home Nursing Services; Home Nursing Services For Bedridden,false,true,false,false,false,Nursing Services,,Chikkamagaluru,2025-06-02T11:06:03.135Z
Sri Sai Charitable Trust,S,4.8,5 Ratings,"Nagar 100ft Road Savalanga Road, Shimoga",,,NGOS; Home Nursing Services,false,true,false,false,true,Nursing Services,,Chikkamagaluru,2025-06-02T11:06:03.135Z
Sri Chamundeshwari Kripa Home Nursing And Admission Care Center,+,4.5,2 Ratings,"Habligere Kr Puram Shimoga, Shimoga",,,Home Nursing Services; Home Nursing Services For Bedridden,true,true,false,false,false,Nursing Services,,Chikkamagaluru,2025-06-02T11:06:03.135Z
Sri Chamundeshwari Home Nursing Service And Centre,+,3.0,13 Ratings,"Abbalagare Shimoga HO, Shimoga",,,Home Nursing Services For Bedridden; Home Nursing Services,true,true,false,false,false,Nursing Services,,Chikkamagaluru,2025-06-02T11:06:03.135Z
Manya Home Nursing Services and Administration Center,+,4.0,4 Ratings,"3rd Cross Shanthinagara, Shimoga",,,Home Nursing Services; Home Nursing Services For Bedridden,true,true,false,false,false,Nursing Services,,Chikkamagaluru,2025-06-02T11:06:03.135Z
Shri Manjunatha Homecare Nursing Services,S,4.8,110 Ratings,"Kuvempu Road, Shimoga",,08460418571,Home Nursing Services; Senior Citizen Care Taker Services,true,true,false,true,true,Nursing Services,,Chikkamagaluru,2025-06-02T11:06:03.135Z
Sri Vighneshwara Home Nursing Services,S,3.0,2 Ratings,"Main Road Savalanga Road, Shimoga",,,Home Nursing Services For Pregnant Women; Home Nursing Services,true,true,false,false,false,Nursing Services,,Chikkamagaluru,2025-06-02T11:06:03.136Z
S.r.i Care Center,+,3.4,7 Ratings,"Kashipura Main Road Durgigudi, Shimoga",,,Psychosocial Rehabilitation,true,true,false,false,false,Nursing Services,,Chikkamagaluru,2025-06-02T11:06:03.136Z
Shabari Home Health Care,S,4.8,4 Ratings,"Bommanakatte Shimoga City, Shimoga",,,Home Nursing Services; Home Nursing Services For Bedridden,true,true,false,false,true,Nursing Services,,Chikkamagaluru,2025-06-02T11:06:03.136Z
Manasa Nursing Home,+,4.1,494 Ratings,"Jpn Road Shimoga, Shimoga",,,,true,true,false,false,true,Nursing Services,,Chikkamagaluru,2025-06-02T11:06:03.136Z
Sri Chamundeshwari Krupa Home Nursing Centre,S,3.0,2 Ratings,"Durgigudi Main Road Durgigudi, Shimoga",,,Home Nursing Services; Home Nursing Services For Bedridden,true,true,false,false,false,Nursing Services,,Chikkamagaluru,2025-06-02T11:06:03.136Z
Sanjeevini Home Care,S,3.7,6 Ratings,"Vidyanagar Durgigudi, Shimoga",,08487976718,Home Nursing Services; Home Nursing Services For Bedridden,true,true,false,false,false,Nursing Services,,Chikkamagaluru,2025-06-02T11:06:03.136Z
Malnad Home Nursing Care,+,4.0,3 Ratings,"2nd Cross Bh Road Shimoga, Shimoga",,,Nursing services,true,true,false,false,false,Nursing Services,,Chikkamagaluru,2025-06-02T11:06:03.136Z
Health and Wellness Health Care Service,+,4.3,18 Ratings,"No 19 Durgigudi, Shimoga",,08867814254,Home Nursing Services; Patient Care Taker Services,true,true,false,false,true,Nursing Services,,Chikkamagaluru,2025-06-02T11:06:03.136Z
Sri Nandi Home Nursing Service,+,5.0,2 Ratings,"Durgigudi Main Road Durgigudi, Shimoga",,08460516497,Arthritis Ankylosing Rehabilitation; Adult Rehabilitation; 24/7  Physiotherapy Services,true,true,false,false,false,Nursing Services,,Chikkamagaluru,2025-06-02T11:06:03.136Z
Sai Seva Trust,S,3.0,1 Ratings,"Durgigudi, Shimoga",,,Home Nursing Services; Home Nursing Services For Bedridden,true,true,false,false,false,Nursing Services,,Chikkamagaluru,2025-06-02T11:06:03.136Z
Das Home Nursing Services,+,4.3,65 Ratings,"3rd Cross Durgigudi, Shimoga",,08488958058,Colleges; Home Nursing Services,true,true,false,true,true,Nursing Services,,Chikkamagaluru,2025-06-02T11:06:03.136Z
Sri Nandi Home Nursing Service 24 Hour,+,4.0,4 Ratings,"Durgigudi Main Road Durgigudi, Shimoga",,,Assistive Walking Device Training; Arthritis Ankylosing Rehabilitation; 24/7  Physiotherapy Services,true,true,false,false,false,Nursing Services,,Chikkamagaluru,2025-06-02T11:06:03.136Z
Asare Home Nursing,+,4.8,44 Ratings,"1st Cross Kuvempu Road, Shimoga",,,Home Nursing Services; Home Nursing Services For Bedridden,true,true,false,false,true,Nursing Services,,Chikkamagaluru,2025-06-02T11:06:03.137Z
Raghu Stickers,<,3.9,24 Ratings,"Market Road Chikmagalur, Chikmagalur",,09845165452,Digital; Flex,true,false,false,true,true,Reliable Printing Services,,Chikkamagaluru - Quality You Can Trust,2025-06-02T11:07:17.863Z
Aaa Computech,<,4.8,42 Ratings,"Uppalli Mallandur Road, Chikmagalur",,,Photo,true,false,false,false,true,Reliable Printing Services,,Chikkamagaluru - Quality You Can Trust,2025-06-02T11:07:17.864Z
Vasavi Xerox Shop,<,3.4,119 Ratings,"Beekanahalli Rural, Chikmagalur",,,Printing Services,false,false,false,false,true,Reliable Printing Services,,Chikkamagaluru - Quality You Can Trust,2025-06-02T11:07:17.864Z
Naveen Printers,<,4.9,20 Ratings,"Indira Nagar Tarikere, Chikmagalur",,,Printing Services; Printing Press,true,false,false,false,true,Reliable Printing Services,,Chikkamagaluru - Quality You Can Trust,2025-06-02T11:07:17.864Z
Xero World,<,4.7,18 Ratings,"2nd Cross Barlane Road Ig Road, Chikmagalur",,,Colour Photocopier Dealers; CCTV Dealers,true,false,false,false,true,Reliable Printing Services,,Chikkamagaluru - Quality You Can Trust,2025-06-02T11:07:17.864Z
Nadig Internet And Games Centre,<,3.5,22 Ratings,"M G Road Tarikere, Chikmagalur",,,Ration Card Assistance; Cyber Cafes,true,false,false,false,false,Reliable Printing Services,,Chikkamagaluru - Quality You Can Trust,2025-06-02T11:07:17.864Z
Ashwini Printers,<,4.1,14 Ratings,"Bengaluru Honnavar Road Tarikere, Chikmagalur",,,Printing Press; Printing Services,true,false,false,false,false,Reliable Printing Services,,Chikkamagaluru - Quality You Can Trust,2025-06-02T11:07:17.865Z
Online Digital Print,<,4.4,10 Ratings,"Near M G Circle Birur Rural, Chikmagalur",,,Flex,true,false,false,false,true,Reliable Printing Services,,Chikkamagaluru - Quality You Can Trust,2025-06-02T11:07:17.865Z
Quality Offset Printers,<,4.6,6 Ratings,"V G Road Tarikere, Chikmagalur",,,Printing Services,true,false,false,false,false,Reliable Printing Services,,Chikkamagaluru - Quality You Can Trust,2025-06-02T11:07:17.865Z
Adishakthi Offset Printers,<,4.5,6 Ratings,"Darmaliga Road Tarikere, Chikmagalur",,,Flex; Book,true,false,false,false,true,Reliable Printing Services,,Chikkamagaluru - Quality You Can Trust,2025-06-02T11:07:17.865Z
Sri Ramalingeshwara Printers,S,4.6,5 Ratings,"Jain Temple Road Birur Rural, Chikmagalur",,,Photo,false,false,false,false,false,Reliable Printing Services,,Chikkamagaluru - Quality You Can Trust,2025-06-02T11:07:17.865Z
Geetha Sticker and Digital,+,5.0,4 Ratings,"Market Road Chikmagalur City, Chikmagalur",,,Flex,true,false,false,false,false,Reliable Printing Services,,Chikkamagaluru - Quality You Can Trust,2025-06-02T11:07:17.866Z
Pixel Graphix & Wood Carving,+,3.9,5 Ratings,"Road Vijayapuram Chikmagalur, Chikmagalur",,,Flex,true,false,false,false,false,Reliable Printing Services,,Chikkamagaluru - Quality You Can Trust,2025-06-02T11:07:17.866Z
Sri Rama Offset Printers,S,3.8,5 Ratings,"Nehru Road Chikmagalur, Chikmagalur",,,Digital; Flex,true,false,false,false,false,Reliable Printing Services,,Chikkamagaluru - Quality You Can Trust,2025-06-02T11:07:17.866Z
Shreedhar Arts,S,4.5,4 Ratings,"Marigaddige Circle Tarikere, Chikmagalur",,,Flex; Digital,true,false,false,false,false,Reliable Printing Services,,Chikkamagaluru - Quality You Can Trust,2025-06-02T11:07:17.866Z
Noor Son Arts Tarikere,+,4.5,4 Ratings,"Sh 57 Tarikere, Chikmagalur",,,Digital; Flex,true,false,false,false,false,Reliable Printing Services,,Chikkamagaluru - Quality You Can Trust,2025-06-02T11:07:17.867Z
Akshaya Digital Arts,+,4.0,4 Ratings,"Sachin Complex Halepete, Chikmagalur",,,Book; Digital,true,false,false,false,false,Reliable Printing Services,,Chikkamagaluru - Quality You Can Trust,2025-06-02T11:07:17.867Z
Venupriya Arts,+,5.0,3 Ratings,"Codi Camp Tarikere, Chikmagalur",,,Digital; Flex,true,false,false,false,false,Reliable Printing Services,,Chikkamagaluru - Quality You Can Trust,2025-06-02T11:07:17.867Z
Kalleshwara Printers,K,3.5,4 Ratings,"Hanumanthappa Circle, Chikmagalur",,,Photo,true,false,false,false,false,Reliable Printing Services,,Chikkamagaluru - Quality You Can Trust,2025-06-02T11:07:17.867Z
Manjusree Printers,M,4.3,3 Ratings,"Chickmagalur Chickmagalur, Chikmagalur",,,Book; Digital,true,false,false,false,true,Reliable Printing Services,,Chikkamagaluru - Quality You Can Trust,2025-06-02T11:07:17.867Z
Sunil Sticker and Digitals,+,4.0,3 Ratings,"Market Road Chikmagalur City, Chikmagalur",,,Digital; Flex,true,false,false,true,false,Reliable Printing Services,,Chikkamagaluru - Quality You Can Trust,2025-06-02T11:07:17.867Z
R S K Group And Computers,R,4.0,3 Ratings,"08 Hosadurga, Chikmagalur",,,Printing Services,true,false,false,false,false,Reliable Printing Services,,Chikkamagaluru - Quality You Can Trust,2025-06-02T11:07:17.867Z
J K Xerox,J,4.0,3 Ratings,"Thogariuncle Naidu Street, Chikmagalur",,,Printing Services,true,false,false,false,false,Reliable Printing Services,,Chikkamagaluru - Quality You Can Trust,2025-06-02T11:07:17.868Z
Maruthi Colour Lab,+,3.8,3 Ratings,"Kadur, Chikmagalur",,,Same Day Delivery,true,false,false,false,false,Reliable Printing Services,,Chikkamagaluru - Quality You Can Trust,2025-06-02T11:07:17.868Z
Syed World Signage and Sticker Zone,+,5.0,2 Ratings,"Nh 206 Road Kadur, Chikmagalur",,,Digital; Flex,true,false,false,false,true,Reliable Printing Services,,Chikkamagaluru - Quality You Can Trust,2025-06-02T11:07:17.868Z
Om Sai Graphics And Stickers,+,5.0,2 Ratings,"Ambedkar Colony Kadur, Chikmagalur",,,Digital; Flex,true,false,false,false,false,Reliable Printing Services,,Chikkamagaluru - Quality You Can Trust,2025-06-02T11:07:17.868Z
Ar Sticker,+,4.5,2 Ratings,"Barline Road Barlane Road, Chikmagalur",,,Digital; Flex,true,false,false,false,false,Reliable Printing Services,,Chikkamagaluru - Quality You Can Trust,2025-06-02T11:07:17.869Z
Al Habeeb Stickers,+,4.0,2 Ratings,"Uppali Uppalli, Chikmagalur",,,Digital; Flex,true,false,false,false,false,Reliable Printing Services,,Chikkamagaluru - Quality You Can Trust,2025-06-02T11:07:17.869Z
Royal Screen Printers,R,4.0,2 Ratings,"Chikkamagaluru Uppalli, Chikmagalur",,,Printing Services,true,false,false,false,false,Reliable Printing Services,,Chikkamagaluru - Quality You Can Trust,2025-06-02T11:07:17.869Z
Deepak Stickers,+,4.0,2 Ratings,"Mallandur Road Uppalli, Chikmagalur",,,Flex,true,false,false,false,false,Reliable Printing Services,,Chikkamagaluru - Quality You Can Trust,2025-06-02T11:07:17.869Z
Rathna Enterprises,R,4.0,2 Ratings,"Basavanahalli Main Road, Chikmagalur",,,Same Day Delivery,true,false,false,false,false,Reliable Printing Services,,Chikkamagaluru - Quality You Can Trust,2025-06-02T11:07:17.869Z
Prem Printers,+,4.0,2 Ratings,"Road Vijayapuram Chikmagalur, Chikmagalur",,,Digital; Flex,true,false,false,false,false,Reliable Printing Services,,Chikkamagaluru - Quality You Can Trust,2025-06-02T11:07:17.869Z
Hanika Flex & Printers,H,4.0,2 Ratings,"U B Road Kadur, Chikmagalur",,,Printing Services,true,false,false,false,false,Reliable Printing Services,,Chikkamagaluru - Quality You Can Trust,2025-06-02T11:07:17.869Z
Madhu Achar,M,4.0,2 Ratings,"Tamatadahalli Sollapura, Chikmagalur",,,Printing Services,true,false,false,false,false,Reliable Printing Services,,Chikkamagaluru - Quality You Can Trust,2025-06-02T11:07:17.869Z
Pro drive,+,4.0,2 Ratings,"Ig Road, Chikmagalur",,,Flex,true,false,false,false,false,Reliable Printing Services,,Chikkamagaluru - Quality You Can Trust,2025-06-02T11:07:17.870Z
Shree Siddalingeshwara Enterprises,S,3.5,2 Ratings,"Halepete Road Birur Rural, Chikmagalur",,,Printing Services,true,false,false,false,false,Reliable Printing Services,,Chikkamagaluru - Quality You Can Trust,2025-06-02T11:07:17.870Z
Jayashri Arts And Stickers,+,3.0,2 Ratings,"Road Basavanahalli Chikmagalur, Chikmagalur",,,Flex; Banner,true,false,false,false,false,Reliable Printing Services,,Chikkamagaluru - Quality You Can Trust,2025-06-02T11:07:17.870Z
Gayas Car Decore,+,5.0,1 Ratings,"Uppalli Road Mallandur Road, Chikmagalur",,,Flex,true,false,false,false,true,Reliable Printing Services,,Chikkamagaluru - Quality You Can Trust,2025-06-02T11:07:17.870Z
Mathrushi arts,+,5.0,1 Ratings,"BH Road 206 Birur Rural, Chikmagalur",,,Digital; Flex,true,false,false,false,true,Reliable Printing Services,,Chikkamagaluru - Quality You Can Trust,2025-06-02T11:07:17.870Z
Needle Stickers And Digital Point,+,5.0,1 Ratings,"Vijayapuram Chikmagalur, Chikmagalur",,,Digital; Flex,true,false,false,false,false,Reliable Printing Services,,Chikkamagaluru - Quality You Can Trust,2025-06-02T11:07:17.870Z
Nethra Creations,+,5.0,1 Ratings,"B H Road Tarikere, Chikmagalur",,,Digital; Flex,true,false,false,false,false,Reliable Printing Services,,Chikkamagaluru - Quality You Can Trust,2025-06-02T11:07:17.871Z
Creative Designs Led Sign Boards,+,5.0,1 Ratings,"Road Market Road Chikmagalur, Chikmagalur",,,Flex,true,false,false,false,false,Reliable Printing Services,,Chikkamagaluru - Quality You Can Trust,2025-06-02T11:07:17.871Z
Nida Stickers,+,5.0,1 Ratings,"Market Road Chikmagalur City, Chikmagalur",,,Flex,true,false,false,false,false,Reliable Printing Services,,Chikkamagaluru - Quality You Can Trust,2025-06-02T11:07:17.871Z
Hani Prints,+,4.5,1 Ratings,"Narasimharajapura Chikmagalur, Chikmagalur",,,Flex; Photo,true,false,false,false,false,Reliable Printing Services,,Chikkamagaluru - Quality You Can Trust,2025-06-02T11:07:17.871Z
Prabhu Off Set Printers,+,4.5,1 Ratings,"B M Sri Road Syed Street, Chikmagalur",,,Printing Press; Offset Printing Services,true,false,false,false,false,Reliable Printing Services,,Chikkamagaluru - Quality You Can Trust,2025-06-02T11:07:17.871Z
Sri Multi Prints,S,4.0,1 Ratings,"Nagar Main Road Adarsha Nagara, Chikmagalur",,,Digital; Flex,true,false,false,false,false,Reliable Printing Services,,Chikkamagaluru - Quality You Can Trust,2025-06-02T11:07:17.871Z
Sree Kumar Offset Printing,S,3.5,1 Ratings,"Main Road Mudigere, Chikmagalur",,,Printing Press; Printing Services,true,false,false,false,false,Reliable Printing Services,,Chikkamagaluru - Quality You Can Trust,2025-06-02T11:07:17.871Z
Sr Graphics,S,3.0,1 Ratings,"Masid Road MG Road Chikmagalur, Chikmagalur",,,Digital; Flex,true,false,false,false,false,Reliable Printing Services,,Chikkamagaluru - Quality You Can Trust,2025-06-02T11:07:17.871Z
Gowrishankara Printing Press,G,3.0,1 Ratings,"Nh 173 Sakrepatna Chikmagalur, Chikmagalur",,,Printing Press; Offset Printing Services,true,false,false,false,false,Reliable Printing Services,,Chikkamagaluru - Quality You Can Trust,2025-06-02T11:07:17.871Z
JC Group. Com,<,4.1,85 Ratings,"Chikmagalur District Office, Chikmagalur",,08296238351,Online Placement; Placement For Home Based Job; Online Earning,true,true,false,true,true,Placement Services Candidate,,Chikkamagaluru,2025-06-02T11:08:24.237Z
Vstaar Plus Life Style Pvt Ltd,<,4.3,260 Ratings,"Gowrikalve MG Road Chikmagalur, Chikmagalur",,,Placement Services (Candidate); Placement Services (For Employers),false,true,false,false,true,Placement Services Candidate,,Chikkamagaluru,2025-06-02T11:08:24.237Z
Aslam Enterprises,<,4.2,25 Ratings,"Shareef Street Chikmagalur HO, Chikmagalur",,,Audio/Visual Room Available; Interview Room; Offers Training Program,true,true,false,false,true,Placement Services Candidate,,Chikkamagaluru,2025-06-02T11:08:24.238Z
Dream's Creative Solution,<,3.8,9 Ratings,"Theater Road Adarsha Nagara, Chikmagalur",,,Placement Services (Candidate); Placement Services For Driver (Candidate),true,true,false,false,false,Placement Services Candidate,,Chikkamagaluru,2025-06-02T11:08:24.238Z
Ideal Groups,<,3.3,8 Ratings,"Ideal Building G Chikmangalur, Chikmagalur",,,Placement Services (Candidate); Placement Services For Marketing Executive (Candidate),false,true,false,false,false,Placement Services Candidate,,Chikkamagaluru,2025-06-02T11:08:24.238Z
Dynamo Campus,<,3.6,6 Ratings,"Pura Vijayapuram Chikmagalur, Chikmagalur",,,Placement Services (Candidate),true,true,false,false,false,Placement Services Candidate,,Chikkamagaluru,2025-06-02T11:08:24.238Z
BRIGHT JOBS INDIA,<,3.0,2 Ratings,"INTICY BUILDING Chikmagalur HO, Chikmagalur",,,Placement Services (Candidate); Placement Services (For Employers),true,true,false,false,false,Placement Services Candidate,,Chikkamagaluru,2025-06-02T11:08:24.238Z
Evershine Placement Tours & Travels,<,4.0,1 Ratings,"Road Mallandur Chikmagalur, Chikmagalur",,,Placement Services (Candidate),true,true,false,false,false,Placement Services Candidate,,Chikkamagaluru,2025-06-02T11:08:24.238Z
Integrated Global Services,<,5.0,1 Ratings,"1st Floor Hassan Ho, Hassan",,,Placement Services (Candidate),true,true,false,false,true,Placement Services Candidate,,Chikkamagaluru,2025-06-02T11:08:24.238Z
Rational Destination Pvt Ltd,<,3.8,2 Ratings,"ST JOSEPH SCHOOL ROAD, Hassan",,,Overseas Placement,true,true,false,false,false,Placement Services Candidate,,Chikkamagaluru,2025-06-02T11:08:24.238Z
Ms Solutions,+,4.4,205 Ratings,"Aralikatte Road Salagame Road, Hassan",,,Placement Services (Candidate); Work From Home Jobs,true,true,false,false,true,Placement Services Candidate,,Chikkamagaluru,2025-06-02T11:08:24.238Z
Ms-solutions,+,4.4,205 Ratings,"Aralikatte Circle Salagame Road, Hassan",,,Placement Services (Candidate); Work From Home Jobs,true,true,false,false,true,Placement Services Candidate,,Chikkamagaluru,2025-06-02T11:08:24.238Z
Ms-Solutions,+,4.4,205 Ratings,"Arali Katte Circal Salagame Road, Hassan",,,Work From Home Jobs; Placement Services (Candidate),true,true,false,false,true,Placement Services Candidate,,Chikkamagaluru,2025-06-02T11:08:24.238Z
Jeshtah Talent Solution,J,4.1,17 Ratings,"RC Road Race Course Road Hassan, Hassan",,,Interview Room; Offers Training Program; Online Aptitude Tests,true,true,false,false,false,Placement Services Candidate,,Chikkamagaluru,2025-06-02T11:08:24.239Z
Aspex Solutions,A,4.4,7 Ratings,"MG Road Hassan, Hassan",,,Interview Room; Overseas Placement,true,true,false,false,true,Placement Services Candidate,,Chikkamagaluru,2025-06-02T11:08:24.239Z
Aspex Consultancy Services,A,3.5,2 Ratings,"Mg Road Hassan City, Hassan",,,Placement Services (Candidate); Placement Services For Construction Company (Candidate),true,true,false,false,false,Placement Services Candidate,,Chikkamagaluru,2025-06-02T11:08:24.239Z
Stier Consultancy Solution,S,4.2,7 Ratings,"Harali Katte Raod Salagame Road, Hassan",,,Education Consultants For MBA; Placement Services (Candidate),true,true,false,false,true,Placement Services Candidate,,Chikkamagaluru,2025-06-02T11:08:24.239Z
Mr Dileep,+,4.5,16 Ratings,"Arus Road Vidya Nagar Hassan, Hassan",,,Overseas Placement,true,true,false,false,true,Placement Services Candidate,,Chikkamagaluru,2025-06-02T11:08:24.239Z
Jast Consultants,J,4.7,8 Ratings,"Race Course Road Rangoli Halla, Hassan",,,Placement Services (Candidate),true,true,false,false,true,Placement Services Candidate,,Chikkamagaluru,2025-06-02T11:08:24.239Z
Global Job Training & Placement,G,4.0,2 Ratings,"Rc Road, Hassan",,,Placement Services (Candidate),true,true,false,false,false,Placement Services Candidate,,Chikkamagaluru,2025-06-02T11:08:24.239Z
Karnataka Job Information Centre,K,4.2,30 Ratings,"Sociati Road Gandhi Bazaar, Hassan",,,Overseas Placement,false,true,false,false,true,Placement Services Candidate,,Chikkamagaluru,2025-06-02T11:08:24.239Z
Career Success Way to Job,+,4.6,"1,169 Ratings","MG Road Hassan, Hassan",,08105255206,Placement Services (Candidate); Placement Services For Construction Company (Candidate),true,true,false,true,true,Placement Services Candidate,,Chikkamagaluru,2025-06-02T11:08:24.239Z
Byrava Manpower Service,+,4.9,5 Ratings,"R C Road Rangoli Halla, Hassan",,,Manpower Suppliers; Placement Services (Candidate),true,true,false,false,true,Placement Services Candidate,,Chikkamagaluru,2025-06-02T11:08:24.239Z
PROFESSIONL INFOTECH,P,3.6,5 Ratings,"Hassan City, Hassan",,,Manpower Suppliers For Packers And Movers Industry; Placement Services (Candidate),true,true,false,false,false,Placement Services Candidate,,Chikkamagaluru,2025-06-02T11:08:24.239Z
Sri Lalitha Enterprises,+,3.5,4 Ratings,"Main Road Kr Puram Hassan, Hassan",,,Placement Services (Candidate),true,true,false,false,false,Placement Services Candidate,,Chikkamagaluru,2025-06-02T11:08:24.239Z
Sri Lalitha Enterprises,+,3.5,4 Ratings,"Krishnaraja Pura, Hassan",,,Placement Services (Candidate),true,true,false,false,false,Placement Services Candidate,,Chikkamagaluru,2025-06-02T11:08:24.239Z
Disha Group,+,3.4,9 Ratings,"Ring Road Rangoli Halla, Hassan",,,Online Placement,true,true,false,false,false,Placement Services Candidate,,Chikkamagaluru,2025-06-02T11:08:24.239Z
S K Security and Man Power Supply,S,3.5,8 Ratings,"Main Kuvempu Nagar Kuvempu Nagar, Hassan",,,Placement Services (Candidate); Placement Services For Security Staff (Candidate),true,true,false,false,false,Placement Services Candidate,,Chikkamagaluru,2025-06-02T11:08:24.239Z
Shudyoga Consultancy,+,3.6,3 Ratings,"Kr Puram Hassan, Hassan",,,Placement Services (Candidate); Placement Services For Driver (Candidate),true,true,false,false,false,Placement Services Candidate,,Chikkamagaluru,2025-06-02T11:08:24.239Z
Ganapa Manpower Services,+,4.6,509 Ratings,"Vani Vilas College Hassan Ho, Hassan",,,Interview Room,true,true,false,false,true,Placement Services Candidate,,Chikkamagaluru,2025-06-02T11:08:24.239Z
SK Enterprises,S,5.0,2 Ratings,"1st Main Road Kuvempu Nagar, Hassan",,,Placement Services (Candidate); Placement Services For Security Staff (Candidate),true,true,false,false,true,Placement Services Candidate,,Chikkamagaluru,2025-06-02T11:08:24.240Z
Gms Infotech Solution,+,4.7,313 Ratings,"New Bus Stand Road Hassan City, Hassan",,,Placement Services (Candidate); Placement Services For Driver (Candidate),true,true,false,false,true,Placement Services Candidate,,Chikkamagaluru,2025-06-02T11:08:24.240Z
Sri Manjunatha Internet Center,+,3.8,5 Ratings,"Arsikere, Hassan",,,Placement Services (Candidate),true,true,false,false,false,Placement Services Candidate,,Chikkamagaluru,2025-06-02T11:08:24.240Z
Pf Solutions,P,3.4,89 Ratings,"Mysore Road Sankalapura, Hassan",,,Placement Services (Candidate),false,true,false,false,false,Placement Services Candidate,,Chikkamagaluru,2025-06-02T11:08:24.240Z
Ideal Groups,I,4.3,8 Ratings,"Hassan Road Arsikere, Hassan",,,Placement Services (Candidate); Placement Services For Marketing Executive (Candidate),true,true,false,false,true,Placement Services Candidate,,Chikkamagaluru,2025-06-02T11:08:24.240Z
Itm Direct Sales Marketing,I,5.0,1 Ratings,"Area Hassan Settihalli, Hassan",,,Placement Services (Candidate); Placement Services (For Employers),true,true,false,false,true,Placement Services Candidate,,Chikkamagaluru,2025-06-02T11:08:24.240Z
Ideal Groups,I,2.8,5 Ratings,"Bus Stand Road, Bhadravathi-Karnataka",,,Placement Services (Candidate); Placement Services For Marketing Executive (Candidate),true,true,false,false,false,Placement Services Candidate,,Chikkamagaluru,2025-06-02T11:08:24.240Z
Sngss Trust,S,3.0,1 Ratings,"6th Cross Vidyanagar Shimoga, Shimoga",,,Interview Room,true,true,false,false,false,Placement Services Candidate,,Chikkamagaluru,2025-06-02T11:08:24.240Z
Orange Hr Services,O,4.4,9 Ratings,"N.T Road, Shimoga",,,Placement Services (Candidate); Placement Services For Mechanical Engineer (Candidate),true,true,false,false,true,Placement Services Candidate,,Chikkamagaluru,2025-06-02T11:08:24.240Z
Fly Well International,+,5.0,4 Ratings,"SBI SRM Complex Shimoga Market, Shimoga",,,Overseas Placement; Online Placement; Online Overseas Placement,true,true,false,false,true,Placement Services Candidate,,Chikkamagaluru,2025-06-02T11:08:24.240Z
Hrm Solution Pvt Ltd,+,4.0,15 Ratings,"OT Road Garden Area, Shimoga",,,Interview Room; Offers Training Program; Offline Aptitude Tests,true,true,false,false,false,Placement Services Candidate,,Chikkamagaluru,2025-06-02T11:08:24.240Z
Star Man Power Service,+,3.8,26 Ratings,"Bh Road Shimoga, Shimoga",,08460445024,Manpower Suppliers; Placement Services (Candidate),true,true,false,true,false,Placement Services Candidate,,Chikkamagaluru,2025-06-02T11:08:24.240Z
Infotech Solutions,I,3.7,13 Ratings,"Kuvempu Road Shimoga Market, Shimoga",,,BPO Consultants; Placement Services (Candidate),true,true,false,true,false,Placement Services Candidate,,Chikkamagaluru,2025-06-02T11:08:24.240Z
Success Employment Service &Hr Service,S,2.7,4 Ratings,Shimoga,,,Placement Services (Candidate),false,true,false,false,false,Placement Services Candidate,,Chikkamagaluru,2025-06-02T11:08:24.240Z
R R Jobs And Computers,+,3.9,7 Ratings,"Ahamed Circle Bh Road Shimoga, Shimoga",,,Interview Room,true,true,false,false,false,Placement Services Candidate,,Chikkamagaluru,2025-06-02T11:08:24.240Z
R R Employment & Computers,+,4.4,109 Ratings,"Ameer Ahmed Circle Shimoga Ho, Shimoga",,,Interview Room,true,true,false,false,true,Placement Services Candidate,,Chikkamagaluru,2025-06-02T11:08:24.240Z
Svs Enterprises,+,4.5,3 Ratings,"Sagar Road Achutha Rao Layout, Shimoga",,,Overseas Placement,true,true,false,false,true,Placement Services Candidate,,Chikkamagaluru,2025-06-02T11:08:24.240Z
Janige Business Opportunities,J,3.9,20 Ratings,"Main Road Shimoga City, Shimoga",,,Work From Home Jobs; Placement Services (Candidate),true,true,false,false,false,Placement Services Candidate,,Chikkamagaluru,2025-06-02T11:08:24.240Z
Lion Bird Security & Allied Services,+,3.9,16 Ratings,"No.177 Gopala Extension, Shimoga",,08487821294,Bodyguard; Armed Security Services; Bouncer Services,true,true,false,true,true,Placement Services Candidate,,Chikkamagaluru,2025-06-02T11:08:24.241Z
Vu Care Services,<,5.0,3 Ratings,"Mallandur Road Mallandur Road, Chikmagalur",,08460241526,24 Hours,true,true,false,false,true,Trusted Pest Control Services,,Chikkamagaluru,2025-06-02T11:09:30.730Z
Pqgs Solutions Opc Pvt Ltd,<,4.0,14 Ratings,"Kacharakana Halli Hbr Layout, Bangalore",,09035175226,24 Hours,true,true,false,true,true,Trusted Pest Control Services,,Chikkamagaluru,2025-06-02T11:09:30.731Z
Transparent Pest Control,<,4.6,55 Ratings,"Sanmarg Nagar Airport Road Hubli, Hubli",,08401209692,24 Hours,true,true,false,true,true,Trusted Pest Control Services,,Chikkamagaluru,2025-06-02T11:09:30.731Z
Southland Group Of Companies,<,4.2,115 Ratings,"PAPPANAICKENPALAYAM Gandhipuram, Coimbatore",,07022607720,Waterproofing; Wall Tiles,true,true,false,true,true,Trusted Pest Control Services,,Chikkamagaluru,2025-06-02T11:09:30.731Z
Misckin Pest Management Co,<,4.8,177 Ratings,"Gunj Road Gunj Road Raichur, Raichur",,08460536134,Commercial Pest Control Services; Waterproofing Contractors,true,true,false,true,true,Trusted Pest Control Services,,Chikkamagaluru,2025-06-02T11:09:30.732Z
Fumigation Services Pvt Ltd,<,4.3,122 Ratings,"Buddu Street Parrys, Chennai",,08460425863,Residential Pest Control Services; Pest Control Services,true,true,false,false,true,Trusted Pest Control Services,,Chikkamagaluru,2025-06-02T11:09:30.732Z
Total Solution & Pest Control Service,<,4.8,"1,089 Ratings","M G Road Bhawar Kuan, Indore",,08511358979,24 Hours,true,true,false,true,true,Trusted Pest Control Services,,Chikkamagaluru,2025-06-02T11:09:30.733Z
Ingle Pest Control,<,4.1,45 Ratings,"Jain Colony Ekta Nagar Karond, Bhopal",,08401133470,,true,true,false,true,true,Trusted Pest Control Services,,Chikkamagaluru,2025-06-02T11:09:30.733Z
Active Pest Control,<,4.5,8 Ratings,"Prakash Nagar Krishna Nagar, Mathura",,08401673962,Fumigant Wholesalers; Pest Control Services,true,true,false,false,true,Trusted Pest Control Services,,Chikkamagaluru,2025-06-02T11:09:30.734Z
City Clap,<,4.0,652 Ratings,"Main Road Namkum, Ranchi",,,,true,true,false,true,true,Trusted Pest Control Services,,Chikkamagaluru,2025-06-02T11:09:30.734Z
Blue Line Pest Control Hassan,+,4.9,101 Ratings,"Channapatna Extension, Hassan",,09980255775,Pest Control Services For Snakes; Pest Control Services,true,true,false,false,true,Trusted Pest Control Services,,Chikkamagaluru,2025-06-02T11:09:30.734Z
S S Marketing,+,4.4,22 Ratings,"80feet Pension Mohalla, Hassan",,09972233663,Aluminium Sliding Door Dealers,true,true,false,true,true,Trusted Pest Control Services,,Chikkamagaluru,2025-06-02T11:09:30.734Z
Anu Pest Control,+,4.9,23 Ratings,"Bus Bus Stand Road Hassan, Hassan",,07041546598,,true,true,false,false,true,Trusted Pest Control Services,,Chikkamagaluru,2025-06-02T11:09:30.735Z
Activ - I Pest Solution,+,4.9,12 Ratings,"Hotel Road Kr Puram Hassan, Hassan",,08511369503,Pest Control Services; Pest Control Services For Honey Bees,true,true,false,false,true,Trusted Pest Control Services,,Chikkamagaluru,2025-06-02T11:09:30.735Z
Pescon Pest Control Services,+,4.6,54 Ratings,"Jail Road Jail Road Shimoga, Shimoga",,09054067532,Commercial Pest Control Services; Residential Pest Control Services,true,true,false,true,true,Trusted Pest Control Services,,Chikkamagaluru,2025-06-02T11:09:30.735Z
Expert Pest Control Service,+,5.0,14 Ratings,"Shivamogga Basavana Ganguru, Shimoga",,08147930534,Pest Control Services For Snakes; Residential Pest Control Services,true,true,false,false,true,Trusted Pest Control Services,,Chikkamagaluru,2025-06-02T11:09:30.735Z
Assured Herbal Pest Control Services,A,4.9,8 Ratings,"No 344 Lyice Villa Kushalnagar, Coorg",,,Commercial Pest Control Services; Cleaning Services,true,true,false,true,true,Trusted Pest Control Services,,Chikkamagaluru,2025-06-02T11:09:30.736Z
Nisarga Enterprises,N,5.0,1 Ratings,"Coorg Madikeri, Coorg",,08460421273,Pest Control Services; Residential Pest Control Services,true,true,false,true,true,Trusted Pest Control Services,,Chikkamagaluru,2025-06-02T11:09:30.736Z
Star Globe Services,+,4.7,23 Ratings,"Dasharth Nagar 9th Cross Manipal, Manipal",,08147535915,Cleaning Services; Pest Control Services,true,true,false,false,true,Trusted Pest Control Services,,Chikkamagaluru,2025-06-02T11:09:30.736Z
Whatyouwant Service,+,3.4,149 Ratings,"Main Road Ananth Nagar, Manipal",,08401986217,Electricians; Carpenters,true,true,false,true,true,Trusted Pest Control Services,,Chikkamagaluru,2025-06-02T11:09:30.736Z
Central Pest Control,+,3.9,31 Ratings,"Syndicate Circle Manipal, Manipal",,,Pest Control Services; Residential Pest Control Services,true,true,false,true,false,Trusted Pest Control Services,,Chikkamagaluru,2025-06-02T11:09:30.736Z
Prateeksha Pest Management,P,4.3,9 Ratings,"Balkunje Post Mulky, Mangalore",,08511704459,Commercial Pest Control Services; Pest Control Services,true,true,false,false,true,Trusted Pest Control Services,,Chikkamagaluru,2025-06-02T11:09:30.736Z
Rapidcare Pest Solution Pvt Ltd,R,5.0,3 Ratings,"Abc Line Kadri, Mangalore",,,Pest Control Services; Residential Pest Control Services,true,true,false,false,true,Trusted Pest Control Services,,Chikkamagaluru,2025-06-02T11:09:30.736Z
Total Pest Control Mangalore,+,4.8,207 Ratings,"Alfa Center Kankanady, Mangalore",,07411564798,24 Hours,true,true,false,true,true,Trusted Pest Control Services,,Chikkamagaluru,2025-06-02T11:09:30.736Z
Universal Pest Control and Water Tank Cleaning,+,4.8,37 Ratings,"Kankanady, Mangalore",,08511926123,Residential Cleaning Services; Pest Control Services,true,true,false,true,true,Trusted Pest Control Services,,Chikkamagaluru,2025-06-02T11:09:30.737Z
Vanajakshi Facility Management,+,4.4,32 Ratings,"Convent Road Ajjarkad, Udupi",,07383437910,Crane Service Providers; Plant Nurseries,true,true,false,false,true,Trusted Pest Control Services,,Chikkamagaluru,2025-06-02T11:09:30.737Z
M S House Keeping,+,4.6,73 Ratings,"Falnir Road Falnir, Mangalore",,08511323208,Housekeeping Services For Commercial; Security Services,true,true,false,true,true,Trusted Pest Control Services,,Chikkamagaluru,2025-06-02T11:09:30.737Z
Ashvith Pest Control Services,+,4.9,370 Ratings,"Kalsanka Road Ambagilu, Udupi",,08401758984,Commercial Pest Control Services; Pest Control Services,true,true,false,true,true,Trusted Pest Control Services,,Chikkamagaluru,2025-06-02T11:09:30.737Z
Biligiri Pest Control Services,B,4.3,6 Ratings,"Adi Udupi, Udupi",,08401941279,24 Hours,true,true,false,false,true,Trusted Pest Control Services,,Chikkamagaluru,2025-06-02T11:09:30.737Z
Ash Pest Control,+,4.7,64 Ratings,"N.G Road Attavara Attavar, Mangalore",,08511629260,Commercial Pest Control Services; Pest Control Services,true,true,false,true,true,Trusted Pest Control Services,,Chikkamagaluru,2025-06-02T11:09:30.737Z
Imperial Pest Control Services,+,4.9,353 Ratings,"NH - 66 Santhekatte, Udupi",,08460412289,24 Hours,true,true,false,true,true,Trusted Pest Control Services,,Chikkamagaluru,2025-06-02T11:09:30.737Z
Vishal Pest Control,+,4.3,8 Ratings,"PVS Circle M G Road, Mangalore",,,Commercial Pest Control Services; Pest Control Services,true,true,false,false,true,Trusted Pest Control Services,,Chikkamagaluru,2025-06-02T11:09:30.737Z
Chinmayee Enterprises,+,4.9,139 Ratings,"Maidan Road Hampankatta, Mangalore",,,Commercial Pest Control Services; Pest Control Services,true,true,false,true,true,Trusted Pest Control Services,,Chikkamagaluru,2025-06-02T11:09:30.737Z
Pml Pestman Pvt Ltd,+,4.6,12 Ratings,"Nellikai Road Nellikai Road, Mangalore",,08511917948,On Site Services; 24 Hours,true,true,false,true,true,Trusted Pest Control Services,,Chikkamagaluru,2025-06-02T11:09:30.737Z
Kudla Pest Control,+,3.4,5 Ratings,"Balmatta Road Hampankatta, Mangalore",,08511769217,Pest Control Services; Residential Pest Control Services,true,true,false,false,false,Trusted Pest Control Services,,Chikkamagaluru,2025-06-02T11:09:30.738Z
Rapidcare Pest Solution Pvt Ltd,R,4.9,8 Ratings,"Kumbla Bus Stand Kumbla, Kasaragod",,09724947063,Pest Control Services For Rodents; Pest Control Services,true,true,false,false,true,Trusted Pest Control Services,,Chikkamagaluru,2025-06-02T11:09:30.738Z
Ash Pest Control,A,4.5,1 Ratings,"Main Road Vidyanagar, Kasaragod",,08460434225,24 Hours,true,true,false,false,true,Trusted Pest Control Services,,Chikkamagaluru,2025-06-02T11:09:30.738Z
United Pest Control,U,5.0,1 Ratings,"Kasargode Vidyanagar, Kasaragod",,,Pest Control Services For Wall; Pest Control Services,true,true,false,false,true,Trusted Pest Control Services,,Chikkamagaluru,2025-06-02T11:09:30.738Z
Vr Pest Control Services Pvt Ltd,+,4.7,33 Ratings,"MG Road Karandakkad, Kasaragod",,09731664191,Pest Control Services; Pest Control Services-Godrej,true,true,false,false,true,Trusted Pest Control Services,,Chikkamagaluru,2025-06-02T11:09:30.738Z
Pescon Pest Control Services,+,4.2,10 Ratings,"B Block Davangere Ho, Davangere",,08460498809,24 Hours,true,true,false,true,true,Trusted Pest Control Services,,Chikkamagaluru,2025-06-02T11:09:30.738Z
Happy Pest Man,H,5.0,34 Ratings,"Pj Extension Davangere, Davangere",,,Residential Pest Control Services; Pest Control Services For Snakes,true,true,false,false,true,Trusted Pest Control Services,,Chikkamagaluru,2025-06-02T11:09:30.738Z
PML Pestman Private Limited,P,4.9,106 Ratings,"Kasturba Extension Davangere, Davangere",,07411588449,Commercial Pest Control Services; Residential Pest Control Services,true,true,false,true,true,Trusted Pest Control Services,,Chikkamagaluru,2025-06-02T11:09:30.738Z
R K Pest Control Services,+,4.5,25 Ratings,"Tumkur Mallasandra, Tumkur",,08511751087,24 Hours,true,true,false,true,true,Trusted Pest Control Services,,Chikkamagaluru,2025-06-02T11:09:30.738Z
Gominee Pest Management Services,+,4.9,46 Ratings,"Nelalal Post Vasanthanarasapura, Tumkur",,09972907978,Quick Visit; 24 Hours,true,true,false,true,true,Trusted Pest Control Services,,Chikkamagaluru,2025-06-02T11:09:30.739Z
Sai Herbal Pest Control Services (Since 1994),+,4.3,6 Ratings,"Railway Layout Vijaynagar Mysore, Mysore",,,24 Hours,true,true,false,false,true,Trusted Pest Control Services,,Chikkamagaluru,2025-06-02T11:09:30.739Z
Indoor Pest Control,+,4.9,69 Ratings,"Cross Hebbal, Mysore",,,Pest Control Services; Residential Pest Control Services,true,true,false,false,true,Trusted Pest Control Services,,Chikkamagaluru,2025-06-02T11:09:30.739Z
Assured Services - Herbal Pest Control Service,+,4.7,178 Ratings,"8th Main Vijaynagar 1st Stage, Mysore",,,Commercial Pest Control Services; Pest Control Services,true,true,false,true,true,Trusted Pest Control Services,,Chikkamagaluru,2025-06-02T11:09:30.739Z
Sign In Services,S,4.1,4 Ratings,"13th Cross Gokulam 2nd Stage, Mysore",,08511519716,24 Hours,true,true,false,true,true,Trusted Pest Control Services,,Chikkamagaluru,2025-06-02T11:09:30.739Z
Global Pest Solutions,G,3.2,13 Ratings,"1st A Main Sira Road Tumkur, Tumkur",,07383806919,Pest Control Services; Residential Pest Control Services,true,true,false,true,false,Trusted Pest Control Services,,Chikkamagaluru,2025-06-02T11:09:30.739Z
Sri Kollapuradhamma Paints and Hardware,<,5.0,80 Ratings,"Kote Kere Belur Road Chikmagalur, Chikmagalur",,09845445624,Exterior Paint,true,true,false,true,true,Painting Contractors,,Chikkamagaluru,2025-06-02T11:10:55.854Z
Chandan Painters,<,5.0,1 Ratings,"Biluvala Post Kadur, Chikmagalur",,08147484166,Textured Wall Painting; White Wash Painting,true,true,false,false,true,Painting Contractors,,Chikkamagaluru,2025-06-02T11:10:55.855Z
Sknb Total Ventures,<,4.2,5 Ratings,"Circle Jyothinagar Chikmagalur, Chikmagalur",,08147368390,Industrial; Quick Visit; Aluminium False Ceiling,true,true,false,true,true,Painting Contractors,,Chikkamagaluru,2025-06-02T11:10:55.855Z
Girish Painting Contractors,<,4.5,7 Ratings,"Belur Road Adarsha Nagara, Chikmagalur",,08460516012,3D Painting; Textured Wall Painting,true,true,false,true,true,Painting Contractors,,Chikkamagaluru,2025-06-02T11:10:55.855Z
HN Groups . HN Homes Interiors Artfull,<,4.9,9 Ratings,"Azeez Lane Chikmagalur HO, Chikmagalur",,08401430731,Building,true,true,false,true,true,Painting Contractors,,Chikkamagaluru,2025-06-02T11:10:55.855Z
Sri Raghavendra Steel and Hardware,<,5.0,1 Ratings,"BH Road 206 Kadur, Chikmagalur",,08401432900,Exterior Paint,true,true,false,false,true,Painting Contractors,,Chikkamagaluru,2025-06-02T11:10:55.856Z
S R Construction,<,5.0,1 Ratings,"Chikmagalur District Office, Chikmagalur",,08401978815,Industrial; Building,true,true,false,false,true,Painting Contractors,,Chikkamagaluru,2025-06-02T11:10:55.856Z
Jairam Painting Contractor,<,4.9,5 Ratings,"Kalyana Nagar Adarsha Nagara, Chikmagalur",,07411597750,Painting Contractors For Building; House Painters,true,true,false,true,true,Painting Contractors,,Chikkamagaluru,2025-06-02T11:10:55.856Z
Sharath Traders,<,3.0,2 Ratings,"Grama Kasaba Hobble Alanahalli, Mysore",,09980767482,Textured Paints,true,true,false,false,false,Painting Contractors,,Chikkamagaluru,2025-06-02T11:10:55.856Z
HN Groups HN Homes Interiors Artful,<,4.6,30 Ratings,"Banglore Rural Thanniruhalla, Hassan",,09035031473,Upvc Door; 3D Painting,true,true,false,false,true,Painting Contractors,,Chikkamagaluru,2025-06-02T11:10:55.857Z
Sri Sai Engineering Service,+,4.0,8 Ratings,"Mangalwarpeth, Hubli",,08401194263,Interior paint; Waterproofing,true,true,false,true,false,Painting Contractors,,Chikkamagaluru,2025-06-02T11:10:55.857Z
GNL Building Solutions Pvt Ltd,+,4.1,5 Ratings,"Rayanna Nagar Bhairidevarkoppa, Hubli",,,Waterproofing Chemical Dealers; Builders & Developers,true,true,false,true,true,Painting Contractors,,Chikkamagaluru,2025-06-02T11:10:55.857Z
Southland Group Of Companies,+,4.2,115 Ratings,"PAPPANAICKENPALAYAM Gandhipuram, Coimbatore",,07022607720,Waterproofing; Wall Tiles,true,true,false,true,true,Painting Contractors,,Chikkamagaluru,2025-06-02T11:10:55.857Z
Purnima Manpower Labour Supply Pvt Ltd,+,4.3,3 Ratings,"J Towers Road Ahmednagar Camp, Ahmednagar",,09035503270,Construction Contractors; Labour Contractors,true,true,false,false,true,Painting Contractors,,Chikkamagaluru,2025-06-02T11:10:55.857Z
Rediant Energy Industries,+,4.6,51 Ratings,"Parekh Marg Ladwadi Kalbadevi, Mumbai",,09725239663,Solar,true,true,false,true,true,Painting Contractors,,Chikkamagaluru,2025-06-02T11:10:55.858Z
Shree Decors,+,4.3,62 Ratings,"Gymkhana Road Dombivli East, Thane",,08511493514,Upvc Door; Bathroom Door Dealers; Apartment,true,true,false,true,true,Painting Contractors,,Chikkamagaluru,2025-06-02T11:10:55.858Z
Yesb Infratech Pvt Ltd,Y,4.2,12 Ratings,"- NH 48 Atak Pardi, Valsad",,09972267166,Building; Industrial,true,true,false,false,true,Painting Contractors,,Chikkamagaluru,2025-06-02T11:10:55.858Z
Pal Epoxy Flooring Seals And Services,+,4.9,33 Ratings,"Street Canal Road, Rajkot",,07795668595,Painting Contractors; Waterproofing Contractors,true,true,false,false,true,Painting Contractors,,Chikkamagaluru,2025-06-02T11:10:55.858Z
Shreenath Terrolock Waterproofing Pvt. Ltd,S,4.5,43 Ratings,"Sumel Business Park Saraspur, Ahmedabad",,,Waterproofing Contractors; Painting Contractors,true,true,false,true,true,Painting Contractors,,Chikkamagaluru,2025-06-02T11:10:55.858Z
Trilok Enterprises,+,4.1,375 Ratings,"3rd Road Sardarpura, Jodhpur",,,Cleaning; Exterior Paint; Company Authorised Dealer,true,true,false,true,true,Painting Contractors,,Chikkamagaluru,2025-06-02T11:10:55.859Z
K R P Enterprises,+,4.5,9 Ratings,"Neemrana, Alwar",,08792062127,Textured Wall Painting; White Wash Painting,true,true,false,false,true,Painting Contractors,,Chikkamagaluru,2025-06-02T11:10:55.859Z
Tanu Sales and Service,+,3.3,3 Ratings,"Maurya Market Fazullaganj, Lucknow",,07022427081,,true,true,false,false,false,Painting Contractors,,Chikkamagaluru,2025-06-02T11:10:55.860Z
City Clap,+,4.0,652 Ratings,"Main Road Namkum, Ranchi",,,,true,true,false,true,true,Painting Contractors,,Chikkamagaluru,2025-06-02T11:10:55.860Z
S R Manpower Labour Supplier,+,2.5,2 Ratings,"Road Berhampore Station Road, Berhampore-West Bengal",,09035018495,Marble Contractors; Civil Contractors,true,true,false,false,false,Painting Contractors,,Chikkamagaluru,2025-06-02T11:10:55.860Z
Drop Dream Interior,+,4.7,20 Ratings,"Office No 551 Vaishali Sector 1, Ghaziabad",,08123801500,Building,true,true,false,false,true,Painting Contractors,,Chikkamagaluru,2025-06-02T11:10:55.861Z
Right Key Construction,+,4.2,29 Ratings,"Sunhera Road Sunhera Road, Roorkee",,08401998194,,true,true,false,true,true,Painting Contractors,,Chikkamagaluru,2025-06-02T11:10:55.861Z
Expert Manpower Solution,+,3.9,27 Ratings,"Devnagar Kasumpti, Shimla",,08460549508,Construction Companies; Civil Contractors,true,true,false,false,false,Painting Contractors,,Chikkamagaluru,2025-06-02T11:10:55.862Z
Mohammad Sharif Painting Contractor,+,5.0,4 Ratings,"Jyothi Naagr Chikmagalur Zp, Chikmagalur",,,Textured Wall Painting; 3D Painting,true,true,false,false,true,Painting Contractors,,Chikkamagaluru,2025-06-02T11:10:55.862Z
Vijay Hardware and Electrical,+,5.0,17 Ratings,"Station Road Birur Chikmagalur, Chikmagalur",,,Exterior Paint,true,true,false,false,false,Painting Contractors,,Chikkamagaluru,2025-06-02T11:10:55.862Z
Mr. Painter and Decor,M,4.6,6 Ratings,"Sharif Street Chikmagalur Fort, Chikmagalur",,,Interior Designers; Interior Designers For Modular Kitchen,true,true,false,false,false,Painting Contractors,,Chikkamagaluru,2025-06-02T11:10:55.862Z
SHRI RANGA CONSTRUCTION,+,5.0,3 Ratings,"Chikmagalur District Office, Chikmagalur",,,Civil Contractors; Civil Engineers,true,true,false,false,false,Painting Contractors,,Chikkamagaluru,2025-06-02T11:10:55.863Z
Kishore,K,3.7,4 Ratings,"Aldur Chikmagalur Chikmagalur HO, Chikmagalur",,,Textured Wall Painting; 3D Painting,true,true,false,false,false,Painting Contractors,,Chikkamagaluru,2025-06-02T11:10:55.863Z
Lifease Home Services,L,4.8,3 Ratings,"Devanna Pai Layout Uppalli, Chikmagalur",,,24 Hours Open,true,true,false,false,true,Painting Contractors,,Chikkamagaluru,2025-06-02T11:10:55.863Z
Gangaarathi Designs and Constructions,+,5.0,2 Ratings,"Housing Board Km Road, Chikmagalur",,,Civil Contractors; Residential Builders,true,true,false,false,false,Painting Contractors,,Chikkamagaluru,2025-06-02T11:10:55.863Z
Dhanush Water Proofing,D,5.0,2 Ratings,"Neharu Road Ajjampur, Chikmagalur",,,Cement Based Waterproofing Contractors; Waterproofing Contractors,true,true,false,false,false,Painting Contractors,,Chikkamagaluru,2025-06-02T11:10:55.864Z
Abdul Azeez,+,4.8,2 Ratings,"Avalli Road Aldur Chikmagalur, Chikmagalur",,,Textured Wall Painting,true,true,false,false,false,Painting Contractors,,Chikkamagaluru,2025-06-02T11:10:55.864Z
A R bannada mane,+,5.0,1 Ratings,"Old Bus Stand Road Kadur, Chikmagalur",,,Waterproofing,true,true,false,false,true,Painting Contractors,,Chikkamagaluru,2025-06-02T11:10:55.864Z
Nasir Painting,N,5.0,1 Ratings,"Nagar Adhishakthi Nagar, Chikmagalur",,,White Wash Painting; 3D Painting,true,true,false,false,true,Painting Contractors,,Chikkamagaluru,2025-06-02T11:10:55.864Z
RR DESIGNS & CONSTRUCTIONS,+,5.0,1 Ratings,"Doddapete Kadur, Chikmagalur",,,Industrial; Building,true,true,false,false,true,Painting Contractors,,Chikkamagaluru,2025-06-02T11:10:55.865Z
S R Painters,S,5.0,1 Ratings,"Venkateshwar Nagar Kadur, Chikmagalur",,,Textured Wall Painting; White Wash Painting,true,true,false,false,false,Painting Contractors,,Chikkamagaluru,2025-06-02T11:10:55.865Z
Harish Enterprises,H,4.8,9 Ratings,"Sakleshpur, Sakleshpur",,,Painting Contractors,false,true,false,false,false,Painting Contractors,,Chikkamagaluru,2025-06-02T11:10:55.865Z
Varna paint and hardware,+,4.8,3 Ratings,"B M Road Sakleshpur, Sakleshpur",,,Interior paint; Textured Wall Painting,true,true,false,false,true,Painting Contractors,,Chikkamagaluru,2025-06-02T11:10:55.865Z
Decor Hassan,+,4.9,146 Ratings,"Jayanagar Ring Road jaya nagar, Hassan",,,Waterproof; PVC; Same Day Delivery,true,true,false,false,true,Painting Contractors,,Chikkamagaluru,2025-06-02T11:10:55.866Z
Sw Construction,+,3.7,3 Ratings,"Hilayi Nagara Pension Mohalla, Hassan",,,24 Hours Open,true,true,false,false,false,Painting Contractors,,Chikkamagaluru,2025-06-02T11:10:55.866Z
Raa Techno Mechanical and Civil Work,+,4.8,4 Ratings,"M Hosakoppalu Bm Road, Hassan",,,,true,true,false,false,true,Painting Contractors,,Chikkamagaluru,2025-06-02T11:10:55.866Z
A M Painters,A,3.5,4 Ratings,"Mirja Mohalla Hassan HO, Hassan",,,Painting Contractors; House Painters,true,true,false,false,false,Painting Contractors,,Chikkamagaluru,2025-06-02T11:10:55.867Z
Mallesh Painting Contractor,+,4.0,2 Ratings,"Arsikere Main Road Arsikere, Hassan",,,White Wash Painting,true,true,false,false,false,Painting Contractors,,Chikkamagaluru,2025-06-02T11:10:55.867Z
Siddeshwara Water Proofing,S,3.3,2 Ratings,"Aralikatte Road Salagame Road, Hassan",,,Cement Based Waterproofing Contractors; Painting Contractors,false,true,false,false,false,Painting Contractors,,Chikkamagaluru,2025-06-02T11:10:55.867Z
Adhya Interior and Exterior,+,5.0,1 Ratings,"Ring Road Hassan City, Hassan",,,Textured Wall Painting,true,true,false,false,false,Painting Contractors,,Chikkamagaluru,2025-06-02T11:10:55.867Z
Chikmagalur Packers and Movers,<,5.0,13 Ratings,"Tamil Colony Chikmagalur HO, Chikmagalur",,08734982466,Car Transportation; Commercial And Office Relocation Services; Residential Relocation Services,true,true,false,false,true,Packers & Movers,,Chikkamagaluru,2025-06-02T11:12:14.482Z
Royalcare Packers and Movers,<,4.8,82 Ratings,"Road Market Road Chikmagalur, Chikmagalur",,09054869532,All India; Within City,true,true,false,true,true,Packers & Movers,,Chikkamagaluru,2025-06-02T11:12:14.482Z
Green City Packers and Movers,<,5.0,7 Ratings,"Dantaramakki Adarsha Nagara, Chikmagalur",,08460526579,All India; Within City,true,true,false,true,true,Packers & Movers,,Chikkamagaluru,2025-06-02T11:12:14.482Z
Easy Packers And Movers,<,4.6,30 Ratings,"Circle Dantaramakki, Chikmagalur",,09725969244,Residential Relocation Services; All India; Within City,true,true,false,true,true,Packers & Movers,,Chikkamagaluru,2025-06-02T11:12:14.483Z
Arshiya Transport,<,4.2,13 Ratings,"ROAD Basavanahalli Chikmagalur, Chikmagalur",,09035044917,Tempos On Hire; Within City,true,true,false,true,true,Packers & Movers,,Chikkamagaluru,2025-06-02T11:12:14.483Z
Care Packers And Movers,<,4.3,6 Ratings,"Street Vijayapuram Chikmagalur, Chikmagalur",,08511643831,Packers And Movers For Bangalore; Packers And Movers,true,true,false,false,true,Packers & Movers,,Chikkamagaluru,2025-06-02T11:12:14.483Z
Easy Packers and Movers,<,4.6,30 Ratings,"Circle Chikmagalur HO, Chikmagalur",,08460430743,All India,true,true,false,false,true,Packers & Movers,,Chikkamagaluru,2025-06-02T11:12:14.483Z
Shree Renukha Devi Transport,<,3.8,17 Ratings,"Extension Ring Road, Hassan",,08792261100,Commercial Courier; Corporate Courier; Ecommerce Courier,true,true,false,false,false,Packers & Movers,,Chikkamagaluru,2025-06-02T11:12:14.483Z
Surya Facility Service,<,4.1,54 Ratings,"Police Chowki Vinoba Nagar, Shimoga",,09731644360,Packers And Movers; Packers And Movers (Within City),true,true,false,true,true,Packers & Movers,,Chikkamagaluru,2025-06-02T11:12:14.483Z
Perfect Packers and Warehouse,<,4.4,50 Ratings,"3rd Stage Hinkal Signal Hinkal, Mysore",,08511845263,All India; Within City,true,true,false,true,true,Packers & Movers,,Chikkamagaluru,2025-06-02T11:12:14.483Z
Safe India Movers & Packers,+,4.6,581 Ratings,"Saiswara Temple Wilson Garden, Bangalore",,09035025567,All India; International; Within City,true,true,false,true,true,Packers & Movers,,Chikkamagaluru,2025-06-02T11:12:14.483Z
Tirumala Packers and Movers,+,4.7,21 Ratings,"Bhagya Nagar Bhagya Nagar, Guntakal",,08460221154,Electronic,true,true,false,false,true,Packers & Movers,,Chikkamagaluru,2025-06-02T11:12:14.483Z
Go Up Logistics,+,4.0,94 Ratings,"Near Human Temple Nayandahalli, Bangalore",,09980218296,International Courier; Cargo Service; Domestic Courier,true,true,false,true,true,Packers & Movers,,Chikkamagaluru,2025-06-02T11:12:14.483Z
Sinu Roadlines,S,5.0,28 Ratings,"Menonpara Road Kanjikode, Palakkad",,08460484417,Packers And Movers; Transporters,true,true,false,false,true,Packers & Movers,,Chikkamagaluru,2025-06-02T11:12:14.483Z
BEST Relocations Packers And Moovers,+,5.0,52 Ratings,"Vidyanagar Hubli, Hubli",,08460452321,Packers And Movers; Packers And Movers (Within City),true,true,false,false,true,Packers & Movers,,Chikkamagaluru,2025-06-02T11:12:14.483Z
Good Luck Transport,G,4.2,33 Ratings,"Narayana Nagar Kanakapura Road, Bangalore",,08401668875,Cargo Service; Domestic Courier; Within City,true,true,false,true,true,Packers & Movers,,Chikkamagaluru,2025-06-02T11:12:14.483Z
Suraksha Packers and Movers,+,4.5,68 Ratings,"Shirur Park Vidyanagar Hubli, Hubli",,08401259807,All India; Within City,true,true,false,false,true,Packers & Movers,,Chikkamagaluru,2025-06-02T11:12:14.483Z
Vishwas Packers and Movers,+,4.6,48 Ratings,"Near Gokul Road Anand Nagar, Hubli",,08460506201,Pets Transportation; Car Transportation; Commercial And Office Relocation Services,true,true,false,true,true,Packers & Movers,,Chikkamagaluru,2025-06-02T11:12:14.483Z
Royal Cargo Packers & Movers,+,4.8,172 Ratings,"Near BRTS Bus Stand Vidyagiri, Dharwad",,08401217512,,true,true,false,false,true,Packers & Movers,,Chikkamagaluru,2025-06-02T11:12:14.483Z
Lata Packers and Movers,L,4.4,20 Ratings,"Mj Nagar, Hospet",,07487906639,All India; Within City,true,true,false,false,true,Packers & Movers,,Chikkamagaluru,2025-06-02T11:12:14.483Z
Blessingstar Packers And Movers,+,3.9,21 Ratings,"Bhavani Nagar Bijapur City, Bijapur-Karnataka",,07383423106,,true,true,false,true,false,Packers & Movers,,Chikkamagaluru,2025-06-02T11:12:14.484Z
Urbx Worldwide,+,4.7,74 Ratings,"Cochin Special Economic Zone, Ernakulam",,08401097476,International Courier; Cargo Service; Domestic Courier,true,true,false,false,true,Packers & Movers,,Chikkamagaluru,2025-06-02T11:12:14.484Z
Aastik Maharaj Trader,+,5.0,1 Ratings,"Kukatpally Kukatpally, Hyderabad",,07411644350,Cargo Service; Tempos On Hire; Domestic Courier,true,true,false,false,false,Packers & Movers,,Chikkamagaluru,2025-06-02T11:12:14.484Z
Yestee Agency,+,4.1,322 Ratings,"Wall Tax Road Park Town, Chennai",,08197305459,Industrial Machinery Relocation; Cargo Service; Domestic Courier,true,true,false,true,true,Packers & Movers,,Chikkamagaluru,2025-06-02T11:12:14.484Z
KGN Transport & Logistics,+,4.2,32 Ratings,"Gandiguda Village Shadnagar, Mahabubnagar",,09054784995,International Courier; Trucks On Rent; Domestic Courier,true,true,false,false,true,Packers & Movers,,Chikkamagaluru,2025-06-02T11:12:14.484Z
Balaji Packers and Movers,B,5.0,1 Ratings,"Link Road Wakad, Pune",,08460237516,Cargo Service,true,true,false,false,false,Packers & Movers,,Chikkamagaluru,2025-06-02T11:12:14.484Z
Shyam Transport,S,4.0,73 Ratings,"Mahavir Nagar Kandivali West, Mumbai",,07405412431,Animal Transportation,true,true,false,true,true,Packers & Movers,,Chikkamagaluru,2025-06-02T11:12:14.484Z
Falnest Relocations,F,4.3,3 Ratings,"Kapurbawdi-Thane West, Thane",,08460221627,Transporters For All India; Packers And Movers,true,true,false,false,false,Packers & Movers,,Chikkamagaluru,2025-06-02T11:12:14.484Z
Diamondsafety Lorry Transport Packers and Movers,+,4.1,49 Ratings,"Bypass Road Khammam Bypass Road, Khammam",,09724438448,Pets Transportation; All India; Within City,true,true,false,false,true,Packers & Movers,,Chikkamagaluru,2025-06-02T11:12:14.484Z
Sun Transport,+,3.8,36 Ratings,"Highway Road Mehsana Nagar Road, Vadodara",,09054604193,Pets Transportation; All India; International,true,true,false,false,false,Packers & Movers,,Chikkamagaluru,2025-06-02T11:12:14.484Z
GURUNANAK GOLDEN ROADWAYS,G,5.0,2 Ratings,"Transport Nagar Pithampur, Dhar",,08460501188,Transporters; Transport Agents,true,true,false,false,true,Packers & Movers,,Chikkamagaluru,2025-06-02T11:12:14.484Z
Mahalaxmi Transport,+,4.4,38 Ratings,"Shop No 37 Morbi Bypass Road, Morbi",,09725352726,Trucks On Rent,true,true,false,false,true,Packers & Movers,,Chikkamagaluru,2025-06-02T11:12:14.484Z
Jai Mahakal logistic service,+,5.0,12 Ratings,"Museum Road Paldi, Ahmedabad",,07383747626,Containers On Rent; Transporters,true,true,false,false,false,Packers & Movers,,Chikkamagaluru,2025-06-02T11:12:14.484Z
Suryavansham Transport,+,3.5,93 Ratings,"Bilaspur Highway Gudhiyari, Raipur-Chhattisgarh",,08460211093,Animal Transportation; Electronic,true,true,false,false,false,Packers & Movers,,Chikkamagaluru,2025-06-02T11:12:14.484Z
Mirai Logistics India Private Limited,+,3.5,279 Ratings,"Kesarwani College Garha Phatak, Jabalpur",,08511256279,International Courier; All India; Cargo Service,true,true,false,false,true,Packers & Movers,,Chikkamagaluru,2025-06-02T11:12:14.484Z
Suyash Road Lines,+,4.1,103 Ratings,"Neemuch Road Ratlam Station Road, Ratlam",,08128143529,Domestic Courier; All India; Within City,true,true,false,false,true,Packers & Movers,,Chikkamagaluru,2025-06-02T11:12:14.484Z
Reliable Packer & Movers Courier Service,+,4.7,3 Ratings,"Adinathnagar Odhav, Ahmedabad",,08904998358,All India; International,true,true,false,false,true,Packers & Movers,,Chikkamagaluru,2025-06-02T11:12:14.484Z
Shree Devnarayan Transport Company,+,4.5,62 Ratings,"Transport  Nagar Transport Nagar, Kota-Rajasthan",,07411856402,Transporters; Packers And Movers,true,true,false,false,true,Packers & Movers,,Chikkamagaluru,2025-06-02T11:12:14.484Z
Shri Krishna Transport Service,+,3.9,67 Ratings,"Coplex Block City Centre, Gwalior",,07048137126,Transporters; Packers And Movers,true,true,false,false,false,Packers & Movers,,Chikkamagaluru,2025-06-02T11:12:14.484Z
Omm Logistic Transport Service,+,4.2,80 Ratings,"Kanpur Road Transport Nagar, Lucknow",,09724729580,Trucks On Rent; Domestic Courier; All India,true,true,false,true,true,Packers & Movers,,Chikkamagaluru,2025-06-02T11:12:14.484Z
New Mahakal Transport,+,4.2,101 Ratings,"Yaqutganj Railway Yaqutganj, Farrukhabad",,08460557327,Superior Quality; Animal Transportation; Budget Friendly,true,true,false,true,true,Packers & Movers,,Chikkamagaluru,2025-06-02T11:12:14.484Z
Engineers Parcel,+,4.2,21 Ratings,"I2H Building IIT ISM Hirapur, Dhanbad",,08971740245,Courier Services; Packers And Movers,true,true,false,false,true,Packers & Movers,,Chikkamagaluru,2025-06-02T11:12:14.484Z
Ganga Transport Company,+,4.8,39 Ratings,"Manava Kakwan Panki, Kanpur",,08511421193,Animal Transportation,true,true,false,true,true,Packers & Movers,,Chikkamagaluru,2025-06-02T11:12:14.484Z
New Mahakal Transport,+,4.2,101 Ratings,"Valipur Yaqutganj, Farrukhabad",,08128042414,Animal Transportation; Pets Transportation; Within City,true,true,false,true,true,Packers & Movers,,Chikkamagaluru,2025-06-02T11:12:14.484Z
Om Shakti Associates,+,4.2,102 Ratings,"Plot No-60 Sitapur Rd, Lucknow",,08401521816,Residential Relocation Services,true,true,false,true,true,Packers & Movers,,Chikkamagaluru,2025-06-02T11:12:14.484Z
Chandan Transport Company,+,4.0,319 Ratings,"Kamruddinpur, Begusarai",,07801848348,Industrial Machinery Relocation; Superior Quality; Budget Friendly,true,true,false,true,true,Packers & Movers,,Chikkamagaluru,2025-06-02T11:12:14.484Z
Shri Khatu Shyam Roadlines,+,4.2,64 Ratings,"Sanjay Gandhi Transport Nagar, Delhi",,09054682129,Transporters For Full Truck Load; Transporters,true,true,false,false,true,Packers & Movers,,Chikkamagaluru,2025-06-02T11:12:14.485Z
All India Tailor Transport,+,4.1,73 Ratings,"Ganesh Chandra Ave Bowbazar, Kolkata",,08128588617,Cargo Service; Tempos On Hire; Animal Transportation,true,true,false,false,true,Packers & Movers,,Chikkamagaluru,2025-06-02T11:12:14.485Z
New Gaurav Transport Service,N,4.4,35 Ratings,"Nagar Gate No. 1 Pahari, Patna",,08460418079,Transporters; Packers And Movers,true,true,false,false,true,Packers & Movers,,Chikkamagaluru,2025-06-02T11:12:14.485Z
Sri Sai Batteries,<,4.3,7 Ratings,"Kadur Chikmagalur HO, Chikmagalur",,,Battery Scrap,true,false,false,false,true,Scrap Dealers,,Chikkamagaluru,2025-06-02T11:13:02.539Z
Hms Traders,<,4.8,14 Ratings,"Cross Market Road Chikmagalur, Chikmagalur",,08460271457,Battery Scrap,true,false,false,true,true,Scrap Dealers,,Chikkamagaluru,2025-06-02T11:13:02.540Z
S A Enterprises,<,4.1,14 Ratings,"Bypass Road Hassan City, Hassan",,09054506825,Battery Scrap,true,false,false,false,true,Scrap Dealers,,Chikkamagaluru,2025-06-02T11:13:02.540Z
Hindustan Traders,<,4.3,34 Ratings,"Taluk Pj Extension Davangere, Davangere",,,Battery Scrap,true,false,false,false,true,Scrap Dealers,,Chikkamagaluru,2025-06-02T11:13:02.540Z
Rihan Enterprises,<,3.8,48 Ratings,"1st A Main Road Peenya, Bangalore",,09980027993,Battery Scrap,true,false,false,true,false,Scrap Dealers,,Chikkamagaluru,2025-06-02T11:13:02.540Z
K P P Alloys,<,4.1,31 Ratings,"Laggere Road Peenya, Bangalore",,07048501049,Battery Scrap,true,false,false,true,true,Scrap Dealers,,Chikkamagaluru,2025-06-02T11:13:02.540Z
Aisha Enterprises,<,3.7,3 Ratings,"Mangalya Choutry Doddaballapur, Bangalore",,08734946962,Battery Scrap,true,false,false,false,false,Scrap Dealers,,Chikkamagaluru,2025-06-02T11:13:02.540Z
Shakti Sales Corporation,<,4.1,349 Ratings,"Bethora Bypass Road Ponda, Goa",,,Plastic Scrap Dealers; Scrap Dealers,true,false,false,true,true,Scrap Dealers,,Chikkamagaluru,2025-06-02T11:13:02.540Z
S K Enterprises,<,4.3,14 Ratings,"B Road Hubli Gavi Oni, Hubli",,09725463865,Battery Scrap,true,false,false,false,true,Scrap Dealers,,Chikkamagaluru,2025-06-02T11:13:02.540Z
Indian Steels,<,4.0,21 Ratings,"Kiadb Industrial Area Hirehali, Tumkur",,07383802862,Steel Scrap Buyers; Scrap Dealers,true,false,false,false,false,Scrap Dealers,,Chikkamagaluru,2025-06-02T11:13:02.540Z
Prime Steels & Paints,+,3.6,14 Ratings,"Temple Street Bellary HO, Bellary",,,Cement Dealers-ACC; Cement Dealers,true,false,false,true,false,Scrap Dealers,,Chikkamagaluru,2025-06-02T11:13:02.540Z
Sri Murugan Traders,+,4.3,18 Ratings,"Aandan Koil Road Karur West, Karur",,08401748423,Battery Scrap,true,false,false,true,true,Scrap Dealers,,Chikkamagaluru,2025-06-02T11:13:02.540Z
South Indian Scrap Traders,S,4.1,99 Ratings,"Palarivattom, Ernakulam",,,Aluminium Scrap Buyers; Scrap Buyers,true,false,false,true,true,Scrap Dealers,,Chikkamagaluru,2025-06-02T11:13:02.540Z
Genuine Enterprises,+,2.0,4 Ratings,"Kamarajar Street Sriperumbudur, Kanchipuram",,09972361269,Battery Scrap,true,false,false,false,false,Scrap Dealers,,Chikkamagaluru,2025-06-02T11:13:02.540Z
Shivdatta Traders,S,4.0,5 Ratings,"Bandra East, Mumbai",,09980664981,Scrap Buyers; Scrap Dealers,true,false,false,false,false,Scrap Dealers,,Chikkamagaluru,2025-06-02T11:13:02.540Z
A G Enterprises,A,4.0,189 Ratings,"Kudalwadi Chikhali, Pune",,,Waste Management Services; Scrap Dealers,true,false,false,true,true,Scrap Dealers,,Chikkamagaluru,2025-06-02T11:13:02.541Z
POONAM SCRAP BHANDAR,P,4.3,16 Ratings,"SANWER ROAD INDORE Sanwer Road, Indore",,08296835720,Furniture Scrap Buyers; Scrap Dealers,true,false,false,false,true,Scrap Dealers,,Chikkamagaluru,2025-06-02T11:13:02.541Z
Bilal Scrap,+,5.0,2 Ratings,"Kadarsha Ni Nal Nanpura, Surat",,09054398117,Battery Scrap,true,false,false,false,false,Scrap Dealers,,Chikkamagaluru,2025-06-02T11:13:02.541Z
Gulshan Steels Pvt.Ltd.,+,4.5,21 Ratings,"Bilaspur Road Birgaon, Raipur-Chhattisgarh",,08511109837,Scrap Dealers; Tmt Bar Dealers,true,false,false,true,true,Scrap Dealers,,Chikkamagaluru,2025-06-02T11:13:02.541Z
SNA India Corporation,+,4.1,375 Ratings,"Talkies Road Shastri Nagar, Bhilwara",,,Scrap Dealers; Plastic Scrap Dealers,true,false,false,true,true,Scrap Dealers,,Chikkamagaluru,2025-06-02T11:13:02.541Z
Mishthi Steels,+,4.1,161 Ratings,"D No 332 Koyla Nagar, Kanpur",,08128849361,Battery Scrap,true,false,false,true,true,Scrap Dealers,,Chikkamagaluru,2025-06-02T11:13:02.541Z
Tst Enterprises,+,4.1,110 Ratings,"Ram Vihar Road Rawatpur, Kanpur",,08128172422,Brass Scrap Buyers; Scrap Dealers,true,false,false,true,true,Scrap Dealers,,Chikkamagaluru,2025-06-02T11:13:02.541Z
Attero Recycling Pvt Ltd,A,4.2,262 Ratings,"Sector 64 Noida Sector 64, Noida",,08904980455,Battery Scrap,true,false,false,false,true,Scrap Dealers,,Chikkamagaluru,2025-06-02T11:13:02.541Z
Bilal Enterprises,B,5.0,2 Ratings,"Pampa Naagar, Chikmagalur",,,Battery Scrap,true,false,false,false,true,Scrap Dealers,,Chikkamagaluru,2025-06-02T11:13:02.541Z
Shakeel Scrap Metel,+,4.7,2 Ratings,"Javagal, Hassan",,,Scrap Dealers; Paper Scrap Merchants,true,false,false,false,false,Scrap Dealers,,Chikkamagaluru,2025-06-02T11:13:02.541Z
Scrap Point,+,5.0,8 Ratings,"Hosaline Road Bm Road, Hassan",,,Scrap Dealers; Scrap Buyers,true,false,false,false,true,Scrap Dealers,,Chikkamagaluru,2025-06-02T11:13:02.541Z
Umreaz Khan Scrap Marchent,U,5.0,1 Ratings,"Salagam Road Rangoli Halla, Hassan",,,Battery Scrap,false,false,false,false,true,Scrap Dealers,,Chikkamagaluru,2025-06-02T11:13:02.541Z
Syed Mujeeb Scrap Shop,+,4.1,7 Ratings,"AZAD Road Azad Road, Hassan",,,Battery Scrap,true,false,false,false,true,Scrap Dealers,,Chikkamagaluru,2025-06-02T11:13:02.541Z
Thoufeeq Enterprise,+,4.8,3 Ratings,"B M Road Bm Road, Hassan",,09054064174,Battery Scrap; Company Authorised Dealer,true,false,false,true,true,Scrap Dealers,,Chikkamagaluru,2025-06-02T11:13:02.541Z
Sapthagiri Metal Stores,S,5.0,2 Ratings,"G S K M Road Shimoga, Bhadravathi-Karnataka",,,Metal Dealers; Scrap Dealers,true,false,false,false,true,Scrap Dealers,,Chikkamagaluru,2025-06-02T11:13:02.541Z
Najeem Stores,N,4.0,1 Ratings,"B H Road Chamegowda Bhadravathi, Bhadravathi-Karnataka",,,Scrap Dealers; Plastic Scrap Dealers,true,false,false,false,false,Scrap Dealers,,Chikkamagaluru,2025-06-02T11:13:02.541Z
HSA Enterprises,H,5.0,2 Ratings,"100 Ft Road Ilyaz Nagar Mandli, Shimoga",,,Scrap Buyers; Scrap Dealers,true,false,false,false,true,Scrap Dealers,,Chikkamagaluru,2025-06-02T11:13:02.541Z
New Star Interior,+,4.3,19 Ratings,"Bypass Road Durgigudi, Shimoga",,08460450401,PVC; Decorative,true,false,false,true,true,Scrap Dealers,,Chikkamagaluru,2025-06-02T11:13:02.541Z
Prakash Metals Store,P,4.7,8 Ratings,"Ot Road Kr Puram Shimoga, Shimoga",,,Battery Scrap; Company Authorised Dealer,true,false,false,false,true,Scrap Dealers,,Chikkamagaluru,2025-06-02T11:13:02.541Z
A S Scrap Merchant,A,5.0,4 Ratings,"100 Ft Road, Shimoga",,,Scrap Dealers; Plastic Scrap Dealers,true,false,false,false,false,Scrap Dealers,,Chikkamagaluru,2025-06-02T11:13:02.541Z
Imran Scrap Merchants,I,4.5,1 Ratings,"Main Road Vinoba Nagar Shimoga, Shimoga",,,Scrap Dealers; Plastic Scrap Dealers,true,false,false,false,false,Scrap Dealers,,Chikkamagaluru,2025-06-02T11:13:02.541Z
M G S Scrap Dealers,M,4.0,1 Ratings,"Panchavatti Colony Shimoga Ho, Shimoga",,,Scrap Dealers; Plastic Scrap Dealers,true,false,false,false,false,Scrap Dealers,,Chikkamagaluru,2025-06-02T11:13:02.541Z
Hkgn Scrap Merchant,H,4.0,1 Ratings,"Near Tirunagar Chanel Shimoga Ho, Shimoga",,,Scrap Dealers; Plastic Scrap Dealers,true,false,false,false,false,Scrap Dealers,,Chikkamagaluru,2025-06-02T11:13:02.541Z
Sri Renukamba Steel,+,3.0,2 Ratings,"Bh Road Shimoga, Shimoga",,09054743455,Battery Scrap,true,false,false,false,false,Scrap Dealers,,Chikkamagaluru,2025-06-02T11:13:02.541Z
Taj Scrap Merchant,+,4.0,2 Ratings,"Bh Road Shimoga, Shimoga",,,Battery Scrap,true,false,false,false,false,Scrap Dealers,,Chikkamagaluru,2025-06-02T11:13:02.541Z
Salman Electrician and Enterprises,+,4.9,102 Ratings,"RML Nagar Shimoga Market, Shimoga",,,Battery Scrap; Wiring,true,false,false,false,true,Scrap Dealers,,Chikkamagaluru,2025-06-02T11:13:02.541Z
Msa Scrap Shop,M,4.5,6 Ratings,"Road Gopala Gowda Extension, Shimoga",,,Scrap Dealers,true,false,false,false,false,Scrap Dealers,,Chikkamagaluru,2025-06-02T11:13:02.541Z
K G N Traders,K,5.0,3 Ratings,"Shivamogga, Shimoga",,,Scrap Dealers; Metal Scrap Dealers,true,false,false,false,false,Scrap Dealers,,Chikkamagaluru,2025-06-02T11:13:02.541Z
Slv Scrap,S,4.0,2 Ratings,"Alkola Shivamogga Alkola, Shimoga",,,Scrap Dealers; Plastic Scrap Dealers,true,false,false,false,false,Scrap Dealers,,Chikkamagaluru,2025-06-02T11:13:02.541Z
Ft Scrap Shop,F,3.4,5 Ratings,"Gandhi Nagar Tiptur, Tumkur",,,Scrap Dealers,true,false,false,false,false,Scrap Dealers,,Chikkamagaluru,2025-06-02T11:13:02.542Z
H K G N Steels,H,5.0,1 Ratings,"Kote Main Road Holenarsipur, Hassan",,,Battery Scrap,true,false,false,false,true,Scrap Dealers,,Chikkamagaluru,2025-06-02T11:13:02.542Z
Sk Scrap Shop,S,5.0,2 Ratings,"Channarayapattana Bagur Circle, Hassan",,,Scrap Dealers; Scrap Buyers,true,false,false,false,true,Scrap Dealers,,Chikkamagaluru,2025-06-02T11:13:02.542Z
BMS METALS AND SCRAP DEALER,+,4.0,2 Ratings,Udupi,,,Scrap Dealers,true,false,false,false,false,Scrap Dealers,,Chikkamagaluru,2025-06-02T11:13:02.542Z
C.M. Scrap,C,4.3,3 Ratings,"Bellare Sullia Road Ivarnadu, Dakshina Kannada",,,Scrap Dealers,false,false,false,false,false,Scrap Dealers,,Chikkamagaluru,2025-06-02T11:13:02.542Z
Hms Traders,<,4.8,14 Ratings,"Cross Market Road Chikmagalur, Chikmagalur",,08460271457,Battery Scrap,true,false,false,true,true,Scrap Buyers,,Chikkamagaluru,2025-06-02T11:14:07.519Z
Bilal Enterprises,<,5.0,2 Ratings,"Pampa Naagar, Chikmagalur",,,Battery Scrap,true,false,false,false,true,Scrap Buyers,,Chikkamagaluru,2025-06-02T11:14:07.519Z
S A Enterprises,<,4.1,14 Ratings,"Bypass Road Hassan City, Hassan",,09054506825,Battery Scrap,true,false,false,false,true,Scrap Buyers,,Chikkamagaluru,2025-06-02T11:14:07.519Z
The BEST Polymers,<,3.9,6 Ratings,"Industrial Area Santhepet, Mysore",,08511514021,Industrial Scrap Buyers; Scrap Dealers,true,false,false,true,false,Scrap Buyers,,Chikkamagaluru,2025-06-02T11:14:07.519Z
Hindustan Traders,<,4.3,34 Ratings,"Taluk Pj Extension Davangere, Davangere",,,Battery Scrap,true,false,false,false,true,Scrap Buyers,,Chikkamagaluru,2025-06-02T11:14:07.520Z
Ar Car Scrap,<,3.9,18 Ratings,"Gangondanahalli Nayandahalli, Bangalore",,07041232513,Battery Scrap,true,false,false,true,true,Scrap Buyers,,Chikkamagaluru,2025-06-02T11:14:07.520Z
K P P Alloys,<,4.1,31 Ratings,"Laggere Road Peenya, Bangalore",,07048501049,Battery Scrap,true,false,false,true,true,Scrap Buyers,,Chikkamagaluru,2025-06-02T11:14:07.520Z
Aisha Enterprises,<,3.7,3 Ratings,"Mangalya Choutry Doddaballapur, Bangalore",,08734946962,Battery Scrap,true,false,false,false,false,Scrap Buyers,,Chikkamagaluru,2025-06-02T11:14:07.520Z
Shakti Sales Corporation,<,4.1,349 Ratings,"Bethora Bypass Road Ponda, Goa",,,Plastic Scrap Dealers; Scrap Dealers,true,false,false,true,true,Scrap Buyers,,Chikkamagaluru,2025-06-02T11:14:07.520Z
S K Enterprises,<,4.3,14 Ratings,"B Road Hubli Gavi Oni, Hubli",,09725463865,Battery Scrap,true,false,false,false,true,Scrap Buyers,,Chikkamagaluru,2025-06-02T11:14:07.520Z
Indian Steels,+,4.0,21 Ratings,"Kiadb Industrial Area Hirehali, Tumkur",,07383802862,Steel Scrap Buyers; Scrap Dealers,true,false,false,false,false,Scrap Buyers,,Chikkamagaluru,2025-06-02T11:14:07.520Z
Sri Murugan Traders,+,4.3,18 Ratings,"Aandan Koil Road Karur West, Karur",,08401748423,Battery Scrap,true,false,false,true,true,Scrap Buyers,,Chikkamagaluru,2025-06-02T11:14:07.520Z
South Indian Scrap Traders,S,4.1,99 Ratings,"Palarivattom, Ernakulam",,,Aluminium Scrap Buyers; Scrap Buyers,true,false,false,true,true,Scrap Buyers,,Chikkamagaluru,2025-06-02T11:14:07.520Z
Kh Enterprises,K,4.2,43 Ratings,"Mkn Road Guindy, Chennai",,08123681753,Battery Scrap,true,false,false,false,true,Scrap Buyers,,Chikkamagaluru,2025-06-02T11:14:07.520Z
Genuine Enterprises,+,2.0,4 Ratings,"Kamarajar Street Sriperumbudur, Kanchipuram",,09972361269,Battery Scrap,true,false,false,false,false,Scrap Buyers,,Chikkamagaluru,2025-06-02T11:14:07.520Z
Shivdatta Traders,S,4.0,5 Ratings,"Bandra East, Mumbai",,09980664981,Scrap Buyers; Scrap Dealers,true,false,false,false,false,Scrap Buyers,,Chikkamagaluru,2025-06-02T11:14:07.520Z
A G Enterprises,A,4.0,189 Ratings,"Kudalwadi Chikhali, Pune",,,Waste Management Services; Scrap Dealers,true,false,false,true,true,Scrap Buyers,,Chikkamagaluru,2025-06-02T11:14:07.520Z
POONAM SCRAP BHANDAR,P,4.3,16 Ratings,"SANWER ROAD INDORE Sanwer Road, Indore",,08296835720,Furniture Scrap Buyers; Scrap Dealers,true,false,false,false,true,Scrap Buyers,,Chikkamagaluru,2025-06-02T11:14:07.520Z
Bilal Scrap,+,5.0,2 Ratings,"Kadarsha Ni Nal Nanpura, Surat",,09054398117,Battery Scrap,true,false,false,false,false,Scrap Buyers,,Chikkamagaluru,2025-06-02T11:14:07.520Z
Gulshan Steels Pvt.Ltd.,+,4.5,21 Ratings,"Bilaspur Road Birgaon, Raipur-Chhattisgarh",,08511109837,Scrap Dealers; Tmt Bar Dealers,true,false,false,true,true,Scrap Buyers,,Chikkamagaluru,2025-06-02T11:14:07.520Z
SNA India Corporation,+,4.1,375 Ratings,"Talkies Road Shastri Nagar, Bhilwara",,,Scrap Dealers; Plastic Scrap Dealers,true,false,false,true,true,Scrap Buyers,,Chikkamagaluru,2025-06-02T11:14:07.520Z
Salvagekaro,+,5.0,21 Ratings,"Near Jagatpura Fatak Model Town, Jaipur",,08971253074,Scrap Buyers; Iron Scrap Buyers,true,false,false,false,true,Scrap Buyers,,Chikkamagaluru,2025-06-02T11:14:07.520Z
Mishthi Steels,+,4.1,161 Ratings,"D No 332 Koyla Nagar, Kanpur",,08128849361,Battery Scrap,true,false,false,true,true,Scrap Buyers,,Chikkamagaluru,2025-06-02T11:14:07.520Z
Tst Enterprises,+,4.1,110 Ratings,"Ram Vihar Road Rawatpur, Kanpur",,08128172422,Brass Scrap Buyers; Scrap Dealers,true,false,false,true,true,Scrap Buyers,,Chikkamagaluru,2025-06-02T11:14:07.520Z
Attero Recycling Pvt Ltd,A,4.2,262 Ratings,"Sector 64 Noida Sector 64, Noida",,08904980455,Battery Scrap,true,false,false,false,true,Scrap Buyers,,Chikkamagaluru,2025-06-02T11:14:07.520Z
Jumbo Waste Solutions Pvt Ltd,J,3.9,32 Ratings,"Nanak Pura-Hari Nagar, Delhi",,08147011681,Battery Scrap,true,false,false,false,false,Scrap Buyers,,Chikkamagaluru,2025-06-02T11:14:07.520Z
Scrap Point,+,5.0,8 Ratings,"Hosaline Road Bm Road, Hassan",,,Scrap Dealers; Scrap Buyers,true,false,false,false,true,Scrap Buyers,,Chikkamagaluru,2025-06-02T11:14:07.520Z
Umreaz Khan Scrap Marchent,U,5.0,1 Ratings,"Salagam Road Rangoli Halla, Hassan",,,Battery Scrap,false,false,false,false,true,Scrap Buyers,,Chikkamagaluru,2025-06-02T11:14:07.521Z
Al Ameer Home Services,+,4.3,22 Ratings,"Bm Road, Hassan",,,LPG Gas Pipe Line Installation Services; Electricians,true,false,false,false,true,Scrap Buyers,,Chikkamagaluru,2025-06-02T11:14:07.521Z
Syed Mujeeb Scrap Shop,+,4.1,7 Ratings,"AZAD Road Azad Road, Hassan",,,Battery Scrap,true,false,false,false,true,Scrap Buyers,,Chikkamagaluru,2025-06-02T11:14:07.521Z
Thoufeeq Enterprise,+,4.8,3 Ratings,"B M Road Bm Road, Hassan",,09054064174,Battery Scrap; Company Authorised Dealer,true,false,false,true,true,Scrap Buyers,,Chikkamagaluru,2025-06-02T11:14:07.521Z
Scrap Point,S,5.0,1 Ratings,"Hassan HO, Hassan",,,Battery Scrap,true,false,false,false,false,Scrap Buyers,,Chikkamagaluru,2025-06-02T11:14:07.521Z
Old Iron & Plastic Shop,O,5.0,1 Ratings,"VB Rd, Hassan",,,Metal Scrap Buyers; Scrap Buyers,false,false,false,false,false,Scrap Buyers,,Chikkamagaluru,2025-06-02T11:14:07.521Z
ARB Industrial Supplier,A,3.7,3 Ratings,"T K Road Bhadravathi, Bhadravathi-Karnataka",,,Scrap Buyers; Aluminium Scrap Merchants,true,false,false,false,false,Scrap Buyers,,Chikkamagaluru,2025-06-02T11:14:07.521Z
Irfan,I,5.0,1 Ratings,"Sultan Market Shimoga, Bhadravathi-Karnataka",,,Scrap Buyers; Car Scrap Buyers,true,false,false,false,false,Scrap Buyers,,Chikkamagaluru,2025-06-02T11:14:07.521Z
Sapthagiri Metal Stores,S,5.0,2 Ratings,"G S K M Road Shimoga, Bhadravathi-Karnataka",,,Metal Dealers; Scrap Dealers,true,false,false,false,true,Scrap Buyers,,Chikkamagaluru,2025-06-02T11:14:07.521Z
A Z Motors,A,4.0,1 Ratings,"Mandali Industrial Estate, Shimoga",,,Company Authorised Dealer,true,false,false,false,false,Scrap Buyers,,Chikkamagaluru,2025-06-02T11:14:07.521Z
HSA Enterprises,H,5.0,2 Ratings,"100 Ft Road Ilyaz Nagar Mandli, Shimoga",,,Scrap Buyers; Scrap Dealers,true,false,false,false,true,Scrap Buyers,,Chikkamagaluru,2025-06-02T11:14:07.521Z
Gr Metals,+,4.9,12 Ratings,"Nt Road-Gandhi Bazar, Shimoga",,,Battery Scrap,true,false,false,false,true,Scrap Buyers,,Chikkamagaluru,2025-06-02T11:14:07.521Z
Prakash Metals Store,P,4.7,8 Ratings,"Ot Road Kr Puram Shimoga, Shimoga",,,Battery Scrap; Company Authorised Dealer,true,false,false,false,true,Scrap Buyers,,Chikkamagaluru,2025-06-02T11:14:07.521Z
A.R Scrap Marchent,+,5.0,1 Ratings,"New Mandli, Shimoga",,,Scrap Buyers,false,false,false,false,false,Scrap Buyers,,Chikkamagaluru,2025-06-02T11:14:07.521Z
Sri Renukamba Steel,+,3.0,2 Ratings,"Bh Road Shimoga, Shimoga",,09054743455,Battery Scrap,true,false,false,false,false,Scrap Buyers,,Chikkamagaluru,2025-06-02T11:14:07.521Z
Taj Scrap Merchant,+,4.0,2 Ratings,"Bh Road Shimoga, Shimoga",,,Battery Scrap,true,false,false,false,false,Scrap Buyers,,Chikkamagaluru,2025-06-02T11:14:07.521Z
Salman Electrician and Enterprises,+,4.9,102 Ratings,"RML Nagar Shimoga Market, Shimoga",,,Battery Scrap; Wiring,true,false,false,false,true,Scrap Buyers,,Chikkamagaluru,2025-06-02T11:14:07.521Z
Anu Enterprises,+,5.0,3 Ratings,"60FT ROAD Vinoba Nagar Shimoga, Shimoga",,,Scrap Buyers; Plastic Bottle Scrap Buyers,true,false,false,true,false,Scrap Buyers,,Chikkamagaluru,2025-06-02T11:14:07.521Z
H K G N Steels,H,5.0,1 Ratings,"Kote Main Road Holenarsipur, Hassan",,,Battery Scrap,true,false,false,false,true,Scrap Buyers,,Chikkamagaluru,2025-06-02T11:14:07.521Z
Sk Scrap Shop,S,5.0,2 Ratings,"Channarayapattana Bagur Circle, Hassan",,,Scrap Dealers; Scrap Buyers,true,false,false,false,true,Scrap Buyers,,Chikkamagaluru,2025-06-02T11:14:07.521Z
Ours Scrap and Services,+,4.6,33 Ratings,"Vasuki Nagara Bailur, Udupi",,,Battery Scrap; Computer Scrap; Home Delivery,true,false,false,false,true,Scrap Buyers,,Chikkamagaluru,2025-06-02T11:14:07.521Z
Mansur Scrap And Buyers,+,5.0,1 Ratings,"BM Road Kushalnagar, Coorg",,,Battery Scrap,true,false,false,false,false,Scrap Buyers,,Chikkamagaluru,2025-06-02T11:14:07.522Z
Adv. Devaraj. K. B.,<,,,"to Hdfc Bank Adarsha Nagara, Chikmagalur",,09980241468,Lawyers For Accident Claims; Lawyers,true,false,false,false,false,Registration Consultants,,Chikkamagaluru,2025-06-02T11:15:36.537Z
Mahadeva Swamy T N,<,,,"Srirama Extension Tarikere, Chikmagalur",,,Lawyers; Civil Lawyers,true,false,false,false,false,Registration Consultants,,Chikkamagaluru,2025-06-02T11:15:36.538Z
Hr Minds3,<,5.0,94 Ratings,"3rd Stage Rajarajeshwari Nagar, Bangalore",,07041827844,,true,false,false,true,true,Registration Consultants,,Chikkamagaluru,2025-06-02T11:15:36.539Z
Varticles Labour Law Compliance and Management Consultancy,<,,,"St. Xavier Colony Old Goa, Goa",,08401186468,Licence,true,false,false,false,false,Registration Consultants,,Chikkamagaluru,2025-06-02T11:15:36.540Z
Nithya Gokul Company Secretary,<,4.4,11 Ratings,"Poondurai Road Moolapalayam, Erode",,09724691632,Proprietory Firm Registration; ITR Filing,true,false,false,true,true,Registration Consultants,,Chikkamagaluru,2025-06-02T11:15:36.542Z
CBS STRACON PRIVATE LTD.,<,4.8,84 Ratings,"T B Junction Angamaly, Ernakulam",,,GST Return; TDS Return; Integrated Financial Accounting,true,false,false,false,true,Registration Consultants,,Chikkamagaluru,2025-06-02T11:15:36.543Z
M K Jain Consultant,<,,,"Vinayaga Maisty Street Sowcarpet, Chennai",,,Licence; Accounting; GST Return,true,false,false,false,false,Registration Consultants,,Chikkamagaluru,2025-06-02T11:15:36.543Z
Shree Balaji Associates,<,,,"Parivar Cross Road Waghodia Road, Vadodara",,07383804663,Licence; GST Return; TDS Return,true,false,false,false,false,Registration Consultants,,Chikkamagaluru,2025-06-02T11:15:36.544Z
Estabizz Fintech Private Limited,<,,,"PDPU ROAD Gift City, Gandhinagar-Gujarat",,09035151499,Company Registration Consultants; Food Safety License Consultants,true,false,false,false,false,Registration Consultants,,Chikkamagaluru,2025-06-02T11:15:36.545Z
Infinity Certification Services Bhopal,<,4.2,42 Ratings,"Shahpura Shahapura, Bhopal",,08401425740,GST Return; TDS Return; Income Tax Return,true,false,false,true,true,Registration Consultants,,Chikkamagaluru,2025-06-02T11:15:36.545Z
Gk Consultancy,+,,,"Drive In Drive In Road, Ahmedabad",,09606404244,PAN Card; Accounting; GST Return,true,false,false,false,false,Registration Consultants,,Chikkamagaluru,2025-06-02T11:15:36.546Z
Sainik Suvidha Kendra,+,5.0,30 Ratings,"Rewa Road Satna Semaria Chowk, Satna",,07487086867,,true,false,false,false,true,Registration Consultants,,Chikkamagaluru,2025-06-02T11:15:36.547Z
TRUVISER SERVICES,+,4.5,164 Ratings,"Hazira Road Tansen Nagar, Gwalior",,,GST Return; TDS Return; Income Tax Return,true,false,false,false,true,Registration Consultants,,Chikkamagaluru,2025-06-02T11:15:36.547Z
Arpit Gupta & Co,+,4.1,156 Ratings,"Westend Marg Saket, Delhi",,,,true,false,false,false,true,Registration Consultants,,Chikkamagaluru,2025-06-02T11:15:36.548Z
Bhabhya & Bhairavi Associates Private Limited,+,,,"Futta Road Meet Nagar, Delhi",,06366951673,Personal Security Guard; Public Limited Company Registration; Licence,true,false,false,false,false,Registration Consultants,,Chikkamagaluru,2025-06-02T11:15:36.548Z
Advaitha Financial Services,+,4.9,44 Ratings,"Northern Extension Rangoli Halla, Hassan",,,Business Loans; Personal Loans,true,false,false,true,true,Registration Consultants,,Chikkamagaluru,2025-06-02T11:15:36.548Z
Wealth Fincorp,W,4.3,24 Ratings,"Old Bustand Road Hassan City, Hassan",,09054007051,Advisory; Investment Advisory; Portfolio Advisory,false,false,false,true,true,Registration Consultants,,Chikkamagaluru,2025-06-02T11:15:36.549Z
Sri Keishna Chaya Enterprises,S,4.5,2 Ratings,"Sri Krishna Nagar, Hassan",,,Typing Services; Registration Consultants,true,false,false,false,false,Registration Consultants,,Chikkamagaluru,2025-06-02T11:15:36.549Z
Gk Enterprises,G,5.0,2 Ratings,"Bm Road Kuvempu Nagar, Hassan",,,Company Registration Consultants; Property Registration Consultants,true,false,false,false,false,Registration Consultants,,Chikkamagaluru,2025-06-02T11:15:36.549Z
Sri Balaji Properties,S,4.0,2 Ratings,"Matru Chaya Rajendra Nagar, Shimoga",,,Real Estate Agents; Estate Agents For Residential Rental,true,false,false,false,false,Registration Consultants,,Chikkamagaluru,2025-06-02T11:15:36.550Z
SS Nagesh Autolinks & Consultant,S,5.0,2 Ratings,"Bm Road Channarayapatna, Hassan",,,Motor Training,false,false,false,false,true,Registration Consultants,,Chikkamagaluru,2025-06-02T11:15:36.550Z
Shreeshaila Mallikarjuna Computers,S,3.6,35 Ratings,"Nyamthi, Davangere",,,Typing Services; Real Estate Agents,true,false,false,false,false,Registration Consultants,,Chikkamagaluru,2025-06-02T11:15:36.550Z
Pars Traders & Consultants,P,3.8,14 Ratings,"Harangi Road Kushalnagar, Coorg",,,Earthmovers On Rent-JCB; Villas On Rent,true,false,false,false,false,Registration Consultants,,Chikkamagaluru,2025-06-02T11:15:36.550Z
Brahmari Associates,B,5.0,4 Ratings,"Jarigekatte Circle Mundkur, Udupi",,,GST Return; TDS Return; Income Tax Return,true,false,false,false,false,Registration Consultants,,Chikkamagaluru,2025-06-02T11:15:36.551Z
Sri Devi Durga Links,S,4.5,4 Ratings,"Amasebail Road Siddapura, Udupi",,,Corporate Companies; Registration Consultants,true,false,false,false,false,Registration Consultants,,Chikkamagaluru,2025-06-02T11:15:36.551Z
Nature's Temple Homes,N,5.0,1 Ratings,"Bappanadu Mulky, Mangalore",,,Estate Agents For Residential Rental; Real Estate Agents,true,false,false,false,true,Registration Consultants,,Chikkamagaluru,2025-06-02T11:15:36.551Z
Sampreeth Associates,S,5.0,1 Ratings,"Gundibail Ambagilu, Udupi",,,GST Return; NRI ITR Filing; TDS Return,true,false,false,false,false,Registration Consultants,,Chikkamagaluru,2025-06-02T11:15:36.552Z
Kndc and Associates LLP,K,4.7,37 Ratings,"GHS Road Hampankatta, Mangalore",,,Licence; GST Return; TDS Return,true,false,false,true,true,Registration Consultants,,Chikkamagaluru,2025-06-02T11:15:36.552Z
SKYWINGS TRAVELS AND SERVICES,+,,,"-Old Bunder State Bank Road, Mangalore",,09035037144,Name Change; Licence; PAN Card,true,false,false,false,false,Registration Consultants,,Chikkamagaluru,2025-06-02T11:15:36.552Z
Manju Consultancy,+,3.5,12 Ratings,"Road Chitradurga Fort, Chitradurga",,,Licence; GST Return; TDS Return,true,false,false,false,false,Registration Consultants,,Chikkamagaluru,2025-06-02T11:15:36.553Z
Stamp Vender,S,5.0,2 Ratings,"Margroad Gubbi, Tumkur",,,Registration Consultants,true,false,false,false,false,Registration Consultants,,Chikkamagaluru,2025-06-02T11:15:36.553Z
Taxxmate Tax & Management Consultant,T,4.8,13 Ratings,"Chervathur, Kasaragod",,,Tax Consultants; Accounting Services,true,false,false,false,false,Registration Consultants,,Chikkamagaluru,2025-06-02T11:15:36.553Z
AJR Associates,A,3.6,8 Ratings,"KRS Road Hootagalli, Mysore",,,GST Return; TDS Return; Income Tax Return,true,false,false,false,false,Registration Consultants,,Chikkamagaluru,2025-06-02T11:15:36.553Z
M2 ASSOCIATES,+,4.8,14 Ratings,"Mathamangalam, Kannur",,,Advisory; GST Return; TDS Return,true,false,false,false,true,Registration Consultants,,Chikkamagaluru,2025-06-02T11:15:36.554Z
Hombale Real Estate And Construction,+,4.4,58 Ratings,"2nd Phase Vijaynagar 4th Stage, Mysore",,08511371686,Estate Agents For Bungalow; Estate Agents For Residential Rental,true,false,false,true,true,Registration Consultants,,Chikkamagaluru,2025-06-02T11:15:36.555Z
SHREE LAKSHMI CONSTRUCTIONS & CONSULTANTS,+,4.6,31 Ratings,"2nd Phase Vijaynagar 4th Stage, Mysore",,07041311294,Residential; Building,true,false,false,true,true,Registration Consultants,,Chikkamagaluru,2025-06-02T11:15:36.555Z
Ashok Samrat Real Estate (Ni),+,4.4,8 Ratings,"Cross 2nd Vijaynagar 4th Stage, Mysore",,,Estate Agents For Bungalow; Estate Agents For Residential Rental,true,false,false,false,true,Registration Consultants,,Chikkamagaluru,2025-06-02T11:15:36.555Z
Mr Raj,+,4.8,4 Ratings,"Street Vijaynagar Mysore, Mysore",,,Estate Agents For Commercial Rental; Estate Agents For Residential Rental,true,false,false,false,false,Registration Consultants,,Chikkamagaluru,2025-06-02T11:15:36.556Z
SRI Eshwari Associates,S,4.0,3 Ratings,"ROAD Vijaynagar 3rd Stage, Mysore",,,GST Return; NRI ITR Filing; TDS Return,true,false,false,false,false,Registration Consultants,,Chikkamagaluru,2025-06-02T11:15:36.556Z
Perfect Professionals,P,3.5,11 Ratings,"9th Cross Gokulam 3rd Stage, Mysore",,,Accounting,false,false,false,false,false,Registration Consultants,,Chikkamagaluru,2025-06-02T11:15:36.556Z
Dinesh & Co,D,5.0,1 Ratings,"KRS Main Road Gokulam 3rd Stage, Mysore",,,ITR Filing; Income Tax Return; TDS Return,true,false,false,false,false,Registration Consultants,,Chikkamagaluru,2025-06-02T11:15:36.556Z
Sree Mookambika Project and Financial Consultants Pvt Ltd,+,,,"7th Main Jayalakshmipuram, Mysore",,08511950280,Licence; GST Return; TDS Return,true,false,false,false,false,Registration Consultants,,Chikkamagaluru,2025-06-02T11:15:36.556Z
NJS Tax And HR Consultants,N,4.0,3 Ratings,"Kalidasa Road Vv Mohalla, Mysore",,08511830455,GST Return; TDS Return; Income Tax Return,true,false,false,false,false,Registration Consultants,,Chikkamagaluru,2025-06-02T11:15:36.557Z
NJS Tax And HR Consultants,N,4.5,12 Ratings,"Kalidasa Road Jayalakshmipuram, Mysore",,,GST Return; TDS Return; Income Tax Return,true,false,false,false,true,Registration Consultants,,Chikkamagaluru,2025-06-02T11:15:36.557Z
E Y & Associates,+,3.9,8 Ratings,"Valmiki Road Vv Mohalla, Mysore",,,GST Return; TDS Return; Income Tax Return,true,false,false,false,false,Registration Consultants,,Chikkamagaluru,2025-06-02T11:15:36.557Z
BTB & CO.,+,4.3,7 Ratings,"Railway Station Road SS Puram, Tumkur",,,Licence; GST Return; TDS Return,true,false,false,false,false,Registration Consultants,,Chikkamagaluru,2025-06-02T11:15:36.558Z
Gendesk Solutions LLP,G,5.0,1 Ratings,"Trikaripur Trikarpur, Kasaragod",,,Affidavit Consultants; Online Passport Agents,true,false,false,false,true,Registration Consultants,,Chikkamagaluru,2025-06-02T11:15:36.558Z
Narasimha Developers,+,4.1,24 Ratings,"Puram Main Road SS Puram, Tumkur",,08128946074,,true,false,false,false,true,Registration Consultants,,Chikkamagaluru,2025-06-02T11:15:36.558Z
Food License Fssai Registration Consultants,F,4.2,5 Ratings,Mysore,,,Food Safety License Consultants; Fssai Registration Consultants,true,false,false,false,true,Registration Consultants,,Chikkamagaluru,2025-06-02T11:15:36.558Z
Malnad Agencies,<,3.4,5 Ratings,"K M Road Hanumanthappa Circle, Chikmagalur",,,Bodyguard; Bouncer Services; Armed Security Services,true,false,false,false,true,Security System,Trusted Bodyguard Services,Chikkamagaluru for Your Safety and Security,2025-06-02T11:17:13.550Z
Malnad Agencies,<,3.4,5 Ratings,"Main Road Chikmagalur Ho, Chikmagalur",,,Bodyguard; Bouncer Services; Armed Security Services,true,false,false,false,false,Security System,Trusted Bodyguard Services,Chikkamagaluru for Your Safety and Security,2025-06-02T11:17:13.550Z
Dolly Bouncers Services,<,5.0,3 Ratings,"Road Jayadeva Circle Davangere, Davangere",,08128525369,Bodyguard; Bouncer Services,true,false,false,false,true,Security System,Trusted Bodyguard Services,Chikkamagaluru for Your Safety and Security,2025-06-02T11:17:13.551Z
Sree Security Services,<,4.3,20 Ratings,"Pj Extension Davangere, Davangere",,08487823149,Bodyguard; Armed Security Services; Bouncer Services,true,false,false,true,true,Security System,Trusted Bodyguard Services,Chikkamagaluru for Your Safety and Security,2025-06-02T11:17:13.551Z
Sharp Intelligence Bureau,<,4.5,46 Ratings,"BG Road Bilekahalli, Bangalore",,09980224063,Bodyguard,true,false,false,true,true,Security System,Trusted Bodyguard Services,Chikkamagaluru for Your Safety and Security,2025-06-02T11:17:13.551Z
Kalmeshwar Industrial And Security Service,<,4.0,16 Ratings,"Court Circle Neeligin Road Hubli, Hubli",,08401237168,Bouncer Services; Armed Security Services; Bodyguard,true,false,false,true,false,Security System,Trusted Bodyguard Services,Chikkamagaluru for Your Safety and Security,2025-06-02T11:17:13.551Z
GRPS SECURITY AND FACILITY MANAGEMENT SERVICE PVT.LTD,<,4.8,24 Ratings,"Gandhi  Nagar Gokul Road, Hubli",,08490086960,"Registration-ESIC, EPFO, GST, PSARA Licence.; Facility Management; Bodyguard",true,false,false,false,true,Security System,Trusted Bodyguard Services,Chikkamagaluru for Your Safety and Security,2025-06-02T11:17:13.551Z
Jyothi Security and Allied Services,<,3.5,2 Ratings,"Chamarajanagara PWD Colony, Chamarajanagar",,08511967098,Bodyguard; Bouncer Services; Armed Security Services,true,false,false,false,false,Security System,Trusted Bodyguard Services,Chikkamagaluru for Your Safety and Security,2025-06-02T11:17:13.551Z
Location One Facility Management Services Private Limited,<,4.2,30 Ratings,"Market Road Ernakulam Bazar, Ernakulam",,07383061424,Bodyguard; Bouncer Services,true,false,false,true,true,Security System,Trusted Bodyguard Services,Chikkamagaluru for Your Safety and Security,2025-06-02T11:17:13.552Z
Lion Heart Force,<,4.4,52 Ratings,"Stand Ashram Road Bijapur City, Bijapur-Karnataka",,08734976472,Bodyguard; Armed Bodyguard; Bouncer Services,true,false,false,true,true,Security System,Trusted Bodyguard Services,Chikkamagaluru for Your Safety and Security,2025-06-02T11:17:13.552Z
Avengers Facility Services,+,4.8,207 Ratings,"Abdulla Khan Estate Gandhi Nagar, Kurnool",,08401332171,,true,false,false,true,true,Security System,Trusted Bodyguard Services,Chikkamagaluru for Your Safety and Security,2025-06-02T11:17:13.552Z
Lion Security Guard & Manpower Agency,L,4.0,3 Ratings,"Opp Basva Pu College Sedam Road, Gulbarga",,08904246083,Bodyguard; Armed Security Services; Bouncer Services,true,false,false,false,false,Security System,Trusted Bodyguard Services,Chikkamagaluru for Your Safety and Security,2025-06-02T11:17:13.552Z
Royal Security Force and Allied Services,+,4.2,99 Ratings,"PUDI MAIN ROAD V.l.puram, Rajahmundry",,08128274453,Bodyguard; Bouncer Services,true,false,false,false,true,Security System,Trusted Bodyguard Services,Chikkamagaluru for Your Safety and Security,2025-06-02T11:17:13.552Z
Sandhu Security Service,S,3.0,2 Ratings,"Stand Vadodara Mahanagar Palika, Vadodara",,09035041846,Bodyguard; Bouncer Services; Armed Security Services,true,false,false,false,false,Security System,Trusted Bodyguard Services,Chikkamagaluru for Your Safety and Security,2025-06-02T11:17:13.552Z
YLALA SECURITY & MANPOWER PRIVATE LIMITED,+,4.6,69 Ratings,"Bhandara Road Bagadganj, Nagpur",,08511796849,Atm Security Guard; Home Security Guard; Background Verification,true,false,false,true,true,Security System,Trusted Bodyguard Services,Chikkamagaluru for Your Safety and Security,2025-06-02T11:17:13.553Z
Hindustan Security Service,H,4.4,36 Ratings,"Mega Mall Ambedkarnagar, Surendra Nagar-Gujarat",,07405935633,Bodyguard; Bouncer Services; Armed Security Services,true,false,false,false,true,Security System,Trusted Bodyguard Services,Chikkamagaluru for Your Safety and Security,2025-06-02T11:17:13.553Z
United Security Service,+,4.6,108 Ratings,"Office No. 418 Yagnik Road, Rajkot",,08401607590,,true,false,false,true,true,Security System,Trusted Bodyguard Services,Chikkamagaluru for Your Safety and Security,2025-06-02T11:17:13.554Z
Rajpoot Security Gaurd Services,R,4.1,15 Ratings,"Deva Road Malhaur, Lucknow",,08867842107,Bodyguard; Armed Security Services,true,false,false,true,true,Security System,Trusted Bodyguard Services,Chikkamagaluru for Your Safety and Security,2025-06-02T11:17:13.554Z
Aastha Security Services,+,4.5,43 Ratings,"Gt Road Sarsol, Aligarh",,07041451342,,true,false,false,true,true,Security System,Trusted Bodyguard Services,Chikkamagaluru for Your Safety and Security,2025-06-02T11:17:13.555Z
National Protective Security Services,+,3.9,26 Ratings,"Tata Kandra Main Road Gamharia, Jamshedpur",,09980106281,Female Security; Security; Guard Dog Security,true,false,false,false,false,Security System,Trusted Bodyguard Services,Chikkamagaluru for Your Safety and Security,2025-06-02T11:17:13.555Z
Crown Security Service,+,4.2,76 Ratings,"Mathura Road Sasni Gate, Aligarh",,08128145354,Bodyguard; Armed Bodyguard; Bouncer Services,true,false,false,true,true,Security System,Trusted Bodyguard Services,Chikkamagaluru for Your Safety and Security,2025-06-02T11:17:13.556Z
VICTUS SECURITY & MANSOURCE PVT LTD,V,4.3,34 Ratings,"Khelgaon Hotwar, Ranchi",,07801998519,Bodyguard; Bouncer Services; Armed Security Services,true,false,false,false,true,Security System,Trusted Bodyguard Services,Chikkamagaluru for Your Safety and Security,2025-06-02T11:17:13.556Z
GOLDEN TRIANGLE SECURITY SERVICES PVT. LTD.,+,4.1,119 Ratings,"Amrik Singh Road Bhatinda City, Bhatinda",,08460564776,Bodyguard; Lost Device Tracking; Bouncer Services,true,false,false,true,true,Security System,Trusted Bodyguard Services,Chikkamagaluru for Your Safety and Security,2025-06-02T11:17:13.556Z
District Command Home Guards Office,D,3.6,4 Ratings,"Belur Road Chikmagalur Ho, Chikmagalur",,,Bodyguard,false,false,false,false,false,Security System,Trusted Bodyguard Services,Chikkamagaluru for Your Safety and Security,2025-06-02T11:17:13.556Z
Harshitha A-One Security and Manpower Agency,+,5.0,2 Ratings,"K M Road Chikmagalur HO, Chikmagalur",,,Bodyguard; Bouncer Services; Armed Security Services,true,false,false,false,true,Security System,Trusted Bodyguard Services,Chikkamagaluru for Your Safety and Security,2025-06-02T11:17:13.556Z
Eagle Eye Security Services,+,4.6,11 Ratings,"Salagame Road, Hassan",,,Bodyguard,true,false,false,false,false,Security System,Trusted Bodyguard Services,Chikkamagaluru for Your Safety and Security,2025-06-02T11:17:13.556Z
R S M Security Services,+,3.9,15 Ratings,"Joseph School Road Hosaline Road, Hassan",,,Bodyguard; Armed Bodyguard; Armed Security Services,true,false,false,true,false,Security System,Trusted Bodyguard Services,Chikkamagaluru for Your Safety and Security,2025-06-02T11:17:13.557Z
J D B Security Services,J,4.6,19 Ratings,"Near Ganapati Temple Udayagiri, Hassan",,08460507217,Bodyguard; Bouncer Services; Armed Security Services,true,false,false,true,true,Security System,Trusted Bodyguard Services,Chikkamagaluru for Your Safety and Security,2025-06-02T11:17:13.557Z
Sri Giri Security Agencies,+,4.8,5 Ratings,"Kuvempu Nagar Kuvempu Nagar, Hassan",,08105988715,Bodyguard; Bouncer Services; Armed Security Services,true,false,false,true,true,Security System,Trusted Bodyguard Services,Chikkamagaluru for Your Safety and Security,2025-06-02T11:17:13.557Z
Neeshal Enterprises,N,4.0,2 Ratings,"Arsikere Arsikere, Hassan",,,Bodyguard,true,false,false,false,false,Security System,Trusted Bodyguard Services,Chikkamagaluru for Your Safety and Security,2025-06-02T11:17:13.557Z
sri ram Security & Security Management Services,s,5.0,1 Ratings,"Bypass Road Shimoga HO, Shimoga",,,Bodyguard; Bouncer Services,false,false,false,false,true,Security System,Trusted Bodyguard Services,Chikkamagaluru for Your Safety and Security,2025-06-02T11:17:13.557Z
Lion Bird Security & Allied Services,+,3.9,16 Ratings,"No.177 Gopala Extension, Shimoga",,08487821294,Bodyguard; Armed Security Services; Bouncer Services,true,false,false,true,true,Security System,Trusted Bodyguard Services,Chikkamagaluru for Your Safety and Security,2025-06-02T11:17:13.557Z
Novo Tech,N,5.0,1 Ratings,"Durgigudi Main Road Durgigudi, Shimoga",,,Bodyguard,false,false,false,false,true,Security System,Trusted Bodyguard Services,Chikkamagaluru for Your Safety and Security,2025-06-02T11:17:13.557Z
Top Notch Security & Allied Service,T,3.1,6 Ratings,"2nd Phase Khb Colony, Shimoga",,,Bodyguard,true,false,false,false,false,Security System,Trusted Bodyguard Services,Chikkamagaluru for Your Safety and Security,2025-06-02T11:17:13.557Z
Ya Dynamic Group (Security and Facility Management Services),+,4.3,6 Ratings,"100feet Road Vinoba Nagar, Shimoga",,07383129062,Atm Security Guard; Home Security Guard; Bodyguard,true,false,false,false,true,Security System,Trusted Bodyguard Services,Chikkamagaluru for Your Safety and Security,2025-06-02T11:17:13.557Z
Central Investigation & Security Services Limited,C,4.5,4 Ratings,"Mrpl Kaikamba, Mangalore",,,Bodyguard; Armed Security Services,true,false,false,false,true,Security System,Trusted Bodyguard Services,Chikkamagaluru for Your Safety and Security,2025-06-02T11:17:13.558Z
Shaurya Security And Allied Service,S,3.5,2 Ratings,"Old Convent Road Bajpe, Mangalore",,,Bodyguard; Bouncer Services; Armed Security Services,true,false,false,true,false,Security System,Trusted Bodyguard Services,Chikkamagaluru for Your Safety and Security,2025-06-02T11:17:13.558Z
Black Rock Bouncers,+,4.9,181 Ratings,"Krishnapur Road Katipalla, Mangalore",,,Bodyguard; Bouncer Services,true,false,false,false,true,Security System,Trusted Bodyguard Services,Chikkamagaluru for Your Safety and Security,2025-06-02T11:17:13.558Z
Royal Guards And Placement Services,+,3.9,35 Ratings,"Kaikamba Bikkernakatta, Mangalore",,,Bodyguard; Armed Security Services,true,false,false,true,false,Security System,Trusted Bodyguard Services,Chikkamagaluru for Your Safety and Security,2025-06-02T11:17:13.558Z
Cobra Security and Placement Services,+,4.0,17 Ratings,"Bikkernakatta, Mangalore",,,Bodyguard; Bouncer Services,true,false,false,false,false,Security System,Trusted Bodyguard Services,Chikkamagaluru for Your Safety and Security,2025-06-02T11:17:13.558Z
Orange Security Solution and Labour Services,+,4.4,27 Ratings,"Pakkaladka Post Bajal, Mangalore",,08197747557,Bodyguard; Bouncer Services; Armed Security Services,true,false,false,true,true,Security System,Trusted Bodyguard Services,Chikkamagaluru for Your Safety and Security,2025-06-02T11:17:13.558Z
Shree Security and Personnel Services,+,4.2,25 Ratings,"Garodi Road Pumpwell, Mangalore",,08511705298,Bodyguard; Bouncer Services; Armed Security Services,true,false,false,true,true,Security System,Trusted Bodyguard Services,Chikkamagaluru for Your Safety and Security,2025-06-02T11:17:13.558Z
Karavali Security Service Pvt Ltd,+,4.3,8 Ratings,"Pumpwell, Mangalore",,,Bodyguard; Bouncer Services; Armed Security Services,true,false,false,true,true,Security System,Trusted Bodyguard Services,Chikkamagaluru for Your Safety and Security,2025-06-02T11:17:13.558Z
Shine Clean,+,4.9,6 Ratings,"Ullal Bail Thokottu, Mangalore",,,Bodyguard; Bouncer Services,false,false,false,true,true,Security System,Trusted Bodyguard Services,Chikkamagaluru for Your Safety and Security,2025-06-02T11:17:13.558Z
Bhadra Security & General Services,+,4.5,21 Ratings,"Derebail Kottara Chowki, Mangalore",,,Bodyguard; Bouncer Services,true,false,false,true,true,Security System,Trusted Bodyguard Services,Chikkamagaluru for Your Safety and Security,2025-06-02T11:17:13.558Z
Backbone Security & Management Services,+,5.0,4 Ratings,"J.B Lobo Road Kottara Chowki, Mangalore",,,Bodyguard; Bouncer Services,true,false,false,false,true,Security System,Trusted Bodyguard Services,Chikkamagaluru for Your Safety and Security,2025-06-02T11:17:13.558Z
Karnataka Security Services,K,3.4,8 Ratings,"Arya Samaj Road Balmatta, Mangalore",,,Bodyguard; Armed Security Services,false,false,false,false,false,Security System,Trusted Bodyguard Services,Chikkamagaluru for Your Safety and Security,2025-06-02T11:17:13.559Z
Suraksha Security Service,+,4.9,73 Ratings,"Bejai Main Road Bejai, Mangalore",,,Bodyguard,true,false,false,false,true,Security System,Trusted Bodyguard Services,Chikkamagaluru for Your Safety and Security,2025-06-02T11:17:13.559Z
Shineway Security Service,S,3.0,1 Ratings,"Jail Road Kodialbail, Mangalore",,,Bodyguard; Bouncer Services,true,false,false,false,false,Security System,Trusted Bodyguard Services,Chikkamagaluru for Your Safety and Security,2025-06-02T11:17:13.559Z
M-Tech Solution and Services,<,4.8,28 Ratings,"SSM Complex Mallandur Road, Chikmagalur",,09054466756,CCTV Dealers; CCTV Installation Services,true,false,false,false,true,Security System,Popular CCTV Dealers,Chikkamagaluru,2025-06-02T11:18:14.924Z
Nalanda English Medium CBSE School and Residential Pu College,<,4.5,75 Ratings,"Vidyanagar Mudigere, Chikmagalur",,08460388332,Hostel Facility; CCTV Camera; First Aid Kit,true,true,false,false,true,Tutorials,,Chikkamagaluru,2025-06-02T11:19:31.655Z
Sai Angels Education Institutions,<,4.5,212 Ratings,"Sirgapura, Chikmagalur",,,Hostel Facility,true,true,false,false,true,Tutorials,,Chikkamagaluru,2025-06-02T11:19:31.655Z
Harish Pu College,<,3.5,2 Ratings,"Mudigere Road Mudigere, Chikmagalur",,08460400115,Tutorials; CET Tutorials,true,true,false,false,false,Tutorials,,Chikkamagaluru,2025-06-02T11:19:31.656Z
Sathya Institution,<,4.6,8 Ratings,"Road MG Road Chikmagalur, Chikmagalur",,,Tutorials For BE; Colleges,true,true,false,true,true,Tutorials,,Chikkamagaluru,2025-06-02T11:19:31.656Z
Sri Sai Academy,<,4.6,5 Ratings,"K M Road Chikmagalur City, Chikmagalur",,07041454087,Tutorials; Competitive Exam Tutorials,true,true,false,true,true,Tutorials,,Chikkamagaluru,2025-06-02T11:19:31.656Z
S R Infotech,<,4.9,53 Ratings,"Kuvempu Road Tarikere, Chikmagalur",,,Education Consultants; Tutorials,true,true,false,false,true,Tutorials,,Chikkamagaluru,2025-06-02T11:19:31.656Z
Yuva An Svgh Education Trust Initiative,<,4.5,41 Ratings,"Gavanahalli Village Gavanahalli, Chikmagalur",,,Tutorials; Tutorials For Hotel Management Entrance Examination,true,true,false,false,true,Tutorials,,Chikkamagaluru,2025-06-02T11:19:31.657Z
Comet Career Solutions,<,4.7,31 Ratings,"PCARD Bank Building Joythinagar, Chikmagalur",,,Tutorials; CET Tutorials,true,true,false,false,true,Tutorials,,Chikkamagaluru,2025-06-02T11:19:31.657Z
Comet Career Solutions,<,4.7,31 Ratings,"MG Road Vijayapuram Chikmagalur, Chikmagalur",,,Tutorials; Competitive Exam Tutorials,true,true,false,false,true,Tutorials,,Chikkamagaluru,2025-06-02T11:19:31.657Z
Alpha Computer Center,<,4.0,26 Ratings,"2nd Cross Tarikere, Chikmagalur",,,Tutorials; Computer Training Institutes,true,true,false,false,false,Tutorials,,Chikkamagaluru,2025-06-02T11:19:31.657Z
Tally Institute & Training Centre,T,4.7,7 Ratings,"Basavanahalli Main Road, Chikmagalur",,,Tutorials; Institutes,true,true,false,false,true,Tutorials,,Chikkamagaluru,2025-06-02T11:19:31.658Z
Aruni Tuition Centre,A,4.6,5 Ratings,Chikmagalur,,,Tutorials,true,true,false,false,false,Tutorials,,Chikkamagaluru,2025-06-02T11:19:31.658Z
Himalayaa Academy,+,4.6,5 Ratings,"MG Road Chikmagalur, Chikmagalur",,,Educational Institutes; Tutorials,true,true,false,false,false,Tutorials,,Chikkamagaluru,2025-06-02T11:19:31.658Z
Sri Sai Tutorials,S,5.0,2 Ratings,"N H 206 Kadur, Chikmagalur",,,Tutorials; Tutorials For Class XII,true,true,false,false,true,Tutorials,,Chikkamagaluru,2025-06-02T11:19:31.658Z
Sahyadri Tutorials,S,4.0,2 Ratings,"Doddapete Kadur, Chikmagalur",,,Tutorials; Maths Tutorials,true,true,false,false,false,Tutorials,,Chikkamagaluru,2025-06-02T11:19:31.659Z
S R Service Centre,S,4.0,2 Ratings,"No 15 K M Road, Chikmagalur",,,Tutorials,true,true,false,false,false,Tutorials,,Chikkamagaluru,2025-06-02T11:19:31.659Z
Shreyas Tutorials,S,4.0,2 Ratings,"Vijayapura, Chikmagalur",,,Tutorials,false,true,false,false,false,Tutorials,,Chikkamagaluru,2025-06-02T11:19:31.659Z
Bds Neet Coaching,+,4.0,2 Ratings,"Neelambika Roadbye Pass Road, Chikmagalur",,,Tutorials,true,true,false,false,false,Tutorials,,Chikkamagaluru,2025-06-02T11:19:31.659Z
Sri sai academy,S,5.0,1 Ratings,"Mg  Road MG Road Chikmagalur, Chikmagalur",,,Tutorials For Sslc English; Tutorials,true,true,false,false,true,Tutorials,,Chikkamagaluru,2025-06-02T11:19:31.659Z
Jai Jawan Defense Training & Coaching Academy,J,4.0,2 Ratings,"Haluvaggilu Road, Hassan",,,Tutorials,false,true,false,false,false,Tutorials,,Chikkamagaluru,2025-06-02T11:19:31.659Z
Akshara Academy,+,4.6,84 Ratings,"Ring Road Vidyanagar Hassan, Hassan",,09724214171,Counselling Sessions; Support Classes; CCTV Camera,true,true,false,true,true,Tutorials,,Chikkamagaluru,2025-06-02T11:19:31.660Z
Saraswathi English Coaching Centre & Samkrutha Bhavan,S,3.8,10 Ratings,"Arale Katte Circle Aralepet, Hassan",,,Tutorials For Class XII; Tutorials,true,true,false,false,false,Tutorials,,Chikkamagaluru,2025-06-02T11:19:31.660Z
Quark Academy,+,4.7,61 Ratings,"K.R Puram Kr Puram Hassan, Hassan",,,Tutorials For Class X; Tutorials,true,true,false,false,true,Tutorials,,Chikkamagaluru,2025-06-02T11:19:31.660Z
Australian Visa,+,4.6,37 Ratings,"College Road Avk College Road, Hassan",,,Overseas Placement,true,true,false,false,true,Tutorials,,Chikkamagaluru,2025-06-02T11:19:31.660Z
Bhagat Coaching Center,B,4.9,40 Ratings,"Road Harshamahal Road, Hassan",,,Education Consultants; Tutorials,true,true,false,false,true,Tutorials,,Chikkamagaluru,2025-06-02T11:19:31.660Z
Achievers Academy,+,4.8,391 Ratings,"Bhagadare Kopalu Hemavathinagar, Hassan",,,Mock Tests,true,true,false,false,true,Tutorials,,Chikkamagaluru,2025-06-02T11:19:31.661Z
Krishik Sarvodaya Foundation,K,4.6,3 Ratings,"Salagame Road, Hassan",,,Tutorials; Tutorials For Civil Service Exam,true,true,false,false,false,Tutorials,,Chikkamagaluru,2025-06-02T11:19:31.661Z
Genius Academy,G,4.0,2 Ratings,"Jaya Nagar Ring Road, Hassan",,,Tutorials,false,true,false,false,false,Tutorials,,Chikkamagaluru,2025-06-02T11:19:31.661Z
genius academy,+,5.0,1 Ratings,"Hassan City, Hassan",,,Tutorials,true,true,false,false,false,Tutorials,,Chikkamagaluru,2025-06-02T11:19:31.661Z
Infinite Learning System,I,4.0,2 Ratings,"Mata Road Eastern Extension, Hassan",,,Tutorials; Institutes,false,true,false,false,false,Tutorials,,Chikkamagaluru,2025-06-02T11:19:31.661Z
Aakash Institute,+,4.5,241 Ratings,"Ring Road Hassan City, Hassan",,,Tutorials; Institutes,true,true,false,false,true,Tutorials,,Chikkamagaluru,2025-06-02T11:19:31.661Z
Ecad Eduvin Tech Solution,+,4.6,30 Ratings,"Salagame Road, Hassan",,,3D Animation Training Institutes; Tutorials,true,true,false,false,true,Tutorials,,Chikkamagaluru,2025-06-02T11:19:31.661Z
Kalike Montessori School,+,4.7,6 Ratings,"11th Cross Kuvempu Nagar, Hassan",,08460492331,,true,true,false,true,true,Tutorials,,Chikkamagaluru,2025-06-02T11:19:31.662Z
Sri Nandan Academy,S,4.5,1 Ratings,"AVK Bus Stand Road Hassan, Hassan",,,Tutorials; Tutorials For Jnvst,true,true,false,false,true,Tutorials,,Chikkamagaluru,2025-06-02T11:19:31.662Z
Venus Cricket Club,V,4.2,27 Ratings,"Race Race Course Road Hassan, Hassan",,,Tutorials,false,true,false,false,false,Tutorials,,Chikkamagaluru,2025-06-02T11:19:31.662Z
Topper'S Neet Coaching Academy,T,4.7,7 Ratings,"Salagame Road Pwd Colony, Hassan",,,Tutorials,false,true,false,false,false,Tutorials,,Chikkamagaluru,2025-06-02T11:19:31.662Z
C K Academy And C K Book House,+,5.0,4 Ratings,"Race Course Road Rangoli Halla, Hassan",,,Tutorials; Language Classes For English Conversation,true,true,false,false,true,Tutorials,,Chikkamagaluru,2025-06-02T11:19:31.662Z
Sufii Coaching Academy,S,4.0,7 Ratings,"Mosque Road Hosaline Road, Hassan",,,Tutorials,false,true,false,false,false,Tutorials,,Chikkamagaluru,2025-06-02T11:19:31.662Z
V2 Simhaasana Ias Coaching Centre,+,5.0,2 Ratings,"Road Circle Salagame Road, Hassan",,,Language Classes For English Conversation; Tutorials,true,true,false,false,true,Tutorials,,Chikkamagaluru,2025-06-02T11:19:31.662Z
Simhasana Ias Training Institute,+,4.8,49 Ratings,"SALAGAME Road Salagame Road, Hassan",,08460397287,Tutorials; Language Classes For English,true,true,false,false,true,Tutorials,,Chikkamagaluru,2025-06-02T11:19:31.662Z
Gnana bindhu coaching center,G,4.5,2 Ratings,"Hassan City, Hassan",,,Tutorials,true,true,false,false,false,Tutorials,,Chikkamagaluru,2025-06-02T11:19:31.662Z
Param V Academy P U College,P,3.5,2 Ratings,"Param V Academy Salagame Road, Hassan",,08128730639,Colleges; PU Colleges,true,true,false,false,false,Tutorials,,Chikkamagaluru,2025-06-02T11:19:31.662Z
Yashaswi Coaching Classes,+,5.0,1 Ratings,"Salgame Road Salagame Road, Hassan",,,Tutorials For Jnvst; Colleges,true,true,false,false,true,Tutorials,,Chikkamagaluru,2025-06-02T11:19:31.662Z
Bgs Study Centre,+,3.0,2 Ratings,"Mg Road Hassan, Hassan",,,Tutorials; Competitive Exam Tutorials,true,true,false,false,false,Tutorials,,Chikkamagaluru,2025-06-02T11:19:31.663Z
Sujala Pre-University College,+,4.2,17 Ratings,"Apoorva Hotel Road Rangoli Halla, Hassan",,,Colleges; PU Colleges,true,true,false,false,true,Tutorials,,Chikkamagaluru,2025-06-02T11:19:31.663Z
Bright Coaching Centre,+,4.8,12 Ratings,"Aralikatte Road Salagame Road, Hassan",,,Tutorials; Competitive Exam Tutorials,true,true,false,false,true,Tutorials,,Chikkamagaluru,2025-06-02T11:19:31.663Z
Snmn Academy,S,4.3,3 Ratings,"Ammeer Mohalla Ammeer Mohalla, Hassan",,,Education Consultants; Tutorials,true,true,false,false,false,Tutorials,,Chikkamagaluru,2025-06-02T11:19:31.663Z
Plus One Maths & Science Academy,+,4.8,4 Ratings,"Lakshmi Nilaya, Hassan",,,Tutorials,true,true,false,false,false,Tutorials,,Chikkamagaluru,2025-06-02T11:19:31.663Z
Vistaara Academy,+,4.8,19 Ratings,"Vidhya Nagar Vidyanagar Hassan, Hassan",,,Tutorials,true,true,false,false,false,Tutorials,,Chikkamagaluru,2025-06-02T11:19:31.663Z
Anabel,<,4.7,24 Ratings,"Anabel Chikmagalur Zp, Chikmagalur",,09980927008,Institutes For Distance Education; B Ed Correspondence Institutes,true,true,false,false,true,Vocational training,Popular Computer Training Institutes For Basic,Chikkamagaluru,2025-06-02T11:21:07.052Z
Computech Computers,<,4.5,12 Ratings,"M G Road Chikmagalur HO, Chikmagalur",,08460295619,Computer Training Institutes; Tally Training Institutes,true,true,false,true,true,Vocational training,Popular Computer Training Institutes For Basic,Chikkamagaluru,2025-06-02T11:21:07.052Z
Anabel,<,4.7,106 Ratings,"Aralikatte Road Rangoli Halla, Hassan",,07022619216,Correspondence Education; B Ed Institutes,true,true,false,false,true,Vocational training,Popular Computer Training Institutes For Basic,Chikkamagaluru,2025-06-02T11:21:07.052Z
Cad Desk Mysuru ( IT DESK),<,5.0,"1,950 Ratings","5th Cross Saraswathipuram, Mysore",,08511840031,AUTOCAD Training Institutes; Computer Training Institutes,true,true,false,false,true,Vocational training,Popular Computer Training Institutes For Basic,Chikkamagaluru,2025-06-02T11:21:07.052Z
Petaflake,<,5.0,5 Ratings,"Nagar Kamakshipalya, Bangalore",,09980788974,Computer Training Institutes; Institutes,true,true,false,false,true,Vocational training,Popular Computer Training Institutes For Basic,Chikkamagaluru,2025-06-02T11:21:07.052Z
Chennai Ace Era Jewellery Design Cad Cam Gold Smith Training Institute,<,4.7,48 Ratings,"Thirumudivakkam Kundrathur, Chennai",,08123076198,Jewellery Designing Institutes; Institutes For Distance Education,true,true,false,false,true,Vocational training,Popular Computer Training Institutes For Basic,Chikkamagaluru,2025-06-02T11:21:07.052Z
Allpro Trainings,<,4.8,405 Ratings,"Aralvaimozhi Aralvaymoli, Kanyakumari",,09035282407,Computer Training Institutes; SAP Training Institutes,true,true,false,false,true,Vocational training,Popular Computer Training Institutes For Basic,Chikkamagaluru,2025-06-02T11:21:07.052Z
NCFT Heights Institute,<,4.6,128 Ratings,"Trivandaram Road Palayamkottai, Tirunelveli",,,Computer Hardware Training Institutes; Computer Training Institutes,true,true,false,false,true,Vocational training,Popular Computer Training Institutes For Basic,Chikkamagaluru,2025-06-02T11:21:07.052Z
Kuvio Innovations & Services,<,4.7,3 Ratings,"Magarpatta Road Hadapsar, Pune",,07383101642,Digital Marketing Services; Online Websites,true,true,false,false,true,Vocational training,Popular Computer Training Institutes For Basic,Chikkamagaluru,2025-06-02T11:21:07.052Z
Aks University (Satna M.p),<,4.0,"1,853 Ratings","Panna Road Sherganj, Satna",,,Colleges; ITI Institutes,true,true,false,false,true,Vocational training,Popular Computer Training Institutes For Basic,Chikkamagaluru,2025-06-02T11:21:07.053Z
Maa Bhagwati Institute,M,4.0,909 Ratings,"Ratanada, Jodhpur",,,Computer Hardware Training Institutes; Colleges,true,true,false,false,true,Vocational training,Popular Computer Training Institutes For Basic,Chikkamagaluru,2025-06-02T11:21:07.053Z
Commerce Legacy,+,4.9,33 Ratings,"ROAD NOOR NAGAR Meerut Road, Ghaziabad",,09054783207,,true,true,false,true,true,Vocational training,Popular Computer Training Institutes For Basic,Chikkamagaluru,2025-06-02T11:21:07.053Z
Mediversity Education Council,+,4.6,16 Ratings,"Main City Delhi Delhi Cantt, Delhi",,08460303856,Accept Donations; Pay Ahead; CCTV Surveillance,true,true,false,false,true,Vocational training,Popular Computer Training Institutes For Basic,Chikkamagaluru,2025-06-02T11:21:07.053Z
Dhamma Dipa International Buddhist University,+,4.9,23 Ratings,"Bhiwadi Shona Road Bhiwadi Chowk, Bhiwadi",,09724651849,M Com Colleges; Colleges,true,true,false,true,true,Vocational training,Popular Computer Training Institutes For Basic,Chikkamagaluru,2025-06-02T11:21:07.053Z
Pkr Institute and Recruitment Services,+,4.9,132 Ratings,"Urban Estate Karnal Sector 6, Karnal",,09980200858,Institutes; Computer Training Institutes,true,true,false,true,true,Vocational training,Popular Computer Training Institutes For Basic,Chikkamagaluru,2025-06-02T11:21:07.053Z
Dynamic Institute Of Information Technology (r),+,4.9,137 Ratings,"Basaveshwara Circle Kadur, Chikmagalur",,,Computer Training Institutes; Tally Training Institutes,true,true,false,false,true,Vocational training,Popular Computer Training Institutes For Basic,Chikkamagaluru,2025-06-02T11:21:07.053Z
Sri S R Y Computer,+,5.0,19 Ratings,"Kalgundi Church Road Kadur, Chikmagalur",,,Computer Training Institutes; Tally Training Institutes,true,true,false,false,true,Vocational training,Popular Computer Training Institutes For Basic,Chikkamagaluru,2025-06-02T11:21:07.053Z
MICE,M,4.5,18 Ratings,"Kadur, Chikmagalur",,,Computer Training Institutes; Tally Training Institutes,true,true,false,false,true,Vocational training,Popular Computer Training Institutes For Basic,Chikkamagaluru,2025-06-02T11:21:07.053Z
Nice Computers,+,3.7,20 Ratings,"Barlane Road Pension Mohalla, Chikmagalur",,,Computer Training Institutes; DTP Training Institutes,true,true,false,false,false,Vocational training,Popular Computer Training Institutes For Basic,Chikkamagaluru,2025-06-02T11:21:07.053Z
Dreams Cyber Center Birur,D,4.3,13 Ratings,"Shop No 27 Birur, Chikmagalur",,,Computer Training Institutes For Basic; Computer Training Institutes,true,true,false,false,true,Vocational training,Popular Computer Training Institutes For Basic,Chikkamagaluru,2025-06-02T11:21:07.053Z
Mice Computer Education Center,M,4.5,10 Ratings,"Narasimharajapura Chikmagalur, Chikmagalur",,,Computer Training Institutes; Tally Training Institutes,true,true,false,false,true,Vocational training,Popular Computer Training Institutes For Basic,Chikkamagaluru,2025-06-02T11:21:07.053Z
NICE National Institute Of Computer Education,N,5.0,6 Ratings,"UB Road Kadur Kadur, Chikmagalur",,,IT Training Institutes; Computer Training Institutes,true,true,false,false,true,Vocational training,Popular Computer Training Institutes For Basic,Chikkamagaluru,2025-06-02T11:21:07.053Z
Sri Vijaya Institutes Of Commerce,+,3.6,8 Ratings,"M G ROAD Mg Road Chikmagalur, Chikmagalur",,,Computer Hardware Training Institutes; Computer Training Institutes,true,true,false,false,false,Vocational training,Popular Computer Training Institutes For Basic,Chikkamagaluru,2025-06-02T11:21:07.053Z
Microtech Computer Education Centre,+,4.6,5 Ratings,"Station Road Chikmagalur City, Chikmagalur",,,Schools; Computer Training Institutes,true,true,false,false,true,Vocational training,Popular Computer Training Institutes For Basic,Chikkamagaluru,2025-06-02T11:21:07.053Z
Karunya Academy,+,5.0,4 Ratings,"Mg Road Mg Road Chikmagalur, Chikmagalur",,,Computer Training Institutes; Institutes,false,true,false,false,true,Vocational training,Popular Computer Training Institutes For Basic,Chikkamagaluru,2025-06-02T11:21:07.054Z
IIHT,+,3.9,4 Ratings,"2nd Cross Belur Road Chikmagalur, Chikmagalur",,,Advanced Java Training Institutes; Computer Training Institutes,true,true,false,false,false,Vocational training,Popular Computer Training Institutes For Basic,Chikkamagaluru,2025-06-02T11:21:07.054Z
Manipal Institute Of Computer Education,M,4.0,3 Ratings,"Bharathi St Sringeri, Sringeri",,,Computer Training Institutes; MS Excel Training Institutes,true,true,false,false,false,Vocational training,Popular Computer Training Institutes For Basic,Chikkamagaluru,2025-06-02T11:21:07.054Z
Sri Bhyaveshwara Computer Education,+,3.8,3 Ratings,"Jawal Kalasapura Chikmagalur, Chikmagalur",,,Accounting Training Institutes; Computer Training Institutes,true,true,false,false,false,Vocational training,Popular Computer Training Institutes For Basic,Chikkamagaluru,2025-06-02T11:21:07.054Z
Malnad It Computer Education Center,M,4.7,2 Ratings,"Bs Road Tarikere, Chikmagalur",,,Computer Training Institutes; MS Excel Training Institutes,true,true,false,false,false,Vocational training,Popular Computer Training Institutes For Basic,Chikkamagaluru,2025-06-02T11:21:07.054Z
Keonics Yuva.com Sumukh Infotech,K,4.0,2 Ratings,"Basaveshwara Street Tarikere, Chikmagalur",,,Computer Training Institutes; Computer Software Training Institutes,true,true,false,false,false,Vocational training,Popular Computer Training Institutes For Basic,Chikkamagaluru,2025-06-02T11:21:07.054Z
Shravani Computer Education Center,S,4.0,2 Ratings,"Pete Road Ajjampura, Chikmagalur",,,Computer Training Institutes; Tally Training Institutes,true,true,false,false,false,Vocational training,Popular Computer Training Institutes For Basic,Chikkamagaluru,2025-06-02T11:21:07.054Z
Sri Bhyraveshwara Computer Education Center & Cyber Cafe,S,4.5,1 Ratings,"STREET Kalasapura Chikmagalur, Chikmagalur",,,Computer Training Institutes; Tally Training Institutes,true,true,false,false,true,Vocational training,Popular Computer Training Institutes For Basic,Chikkamagaluru,2025-06-02T11:21:07.054Z
Karnataka Competech Computer Education Center,K,4.0,1 Ratings,"Narasimharajapura Chikmagalur, Chikmagalur",,,Computer Training Institutes; Tally Training Institutes,true,true,false,false,false,Vocational training,Popular Computer Training Institutes For Basic,Chikkamagaluru,2025-06-02T11:21:07.054Z
S K B Institute (MICE),+,5.0,2 Ratings,"Agrahara Badavene Banavara, Hassan",,,Computer Training Institutes; Institutes,true,true,false,false,true,Vocational training,Popular Computer Training Institutes For Basic,Chikkamagaluru,2025-06-02T11:21:07.054Z
C-Tech Computers,+,5.0,1 Ratings,"Santhi Nagar, Hassan",,,Computer Training Institutes; Tally Training Institutes,true,true,false,false,false,Vocational training,Popular Computer Training Institutes For Basic,Chikkamagaluru,2025-06-02T11:21:07.054Z
Ekalavya Edu Academy,+,5.0,12 Ratings,"Salagame Road Hemavathinagar, Hassan",,,Computer Training Institutes; Tally Training Institutes,false,true,false,false,true,Vocational training,Popular Computer Training Institutes For Basic,Chikkamagaluru,2025-06-02T11:21:07.054Z
I Brain Accademy,+,5.0,2 Ratings,"Salgame Road Hassan City, Hassan",,,Computer Training Institutes; Institutes,true,true,false,false,true,Vocational training,Popular Computer Training Institutes For Basic,Chikkamagaluru,2025-06-02T11:21:07.054Z
Ecad Eduvin Tech Solution,+,4.6,30 Ratings,"Salagame Road, Hassan",,,3D Animation Training Institutes; Tutorials,true,true,false,false,true,Vocational training,Popular Computer Training Institutes For Basic,Chikkamagaluru,2025-06-02T11:21:07.054Z
Delta Computer Centre,D,5.0,1 Ratings,Hassan,,,Adobe Photoshop Training Institutes; Computer Training Institutes,false,true,false,false,true,Vocational training,Popular Computer Training Institutes For Basic,Chikkamagaluru,2025-06-02T11:21:07.054Z
V2 Simhaasana Ias Coaching Centre,+,5.0,2 Ratings,"Road Circle Salagame Road, Hassan",,,Language Classes For English Conversation; Tutorials,true,true,false,false,true,Vocational training,Popular Computer Training Institutes For Basic,Chikkamagaluru,2025-06-02T11:21:07.054Z
Mathrubhumi Enterprises And Computers,M,4.8,3 Ratings,"1st Cross Bm Road, Hassan",,,3D Animation Training Institutes; Computer Training Institutes,true,true,false,false,true,Vocational training,Popular Computer Training Institutes For Basic,Chikkamagaluru,2025-06-02T11:21:07.054Z
Sumukha Associates,+,4.9,14 Ratings,"Hospital Harshamahal Road, Hassan",,,Accounting Training Institutes; Computer Training Institutes,true,true,false,false,true,Vocational training,Popular Computer Training Institutes For Basic,Chikkamagaluru,2025-06-02T11:21:07.054Z
Softech computer academy,S,4.3,6 Ratings,"Aralikatte Road Hassan City, Hassan",,,Advanced Java Training Institutes; Computer Training Institutes,true,true,false,false,true,Vocational training,Popular Computer Training Institutes For Basic,Chikkamagaluru,2025-06-02T11:21:07.054Z
Ideal Computer Education,+,4.9,287 Ratings,"Salagame Road Salagame Road, Hassan",,07041393302,Computer Training Institutes; Tally Training Institutes,true,true,false,false,true,Vocational training,Popular Computer Training Institutes For Basic,Chikkamagaluru,2025-06-02T11:21:07.054Z
Brilliant Computer Center,+,4.0,1 Ratings,"Sahyadri Circle Salagame Road, Hassan",,,Computer Training Institutes; Institutes,true,true,false,false,false,Vocational training,Popular Computer Training Institutes For Basic,Chikkamagaluru,2025-06-02T11:21:07.054Z
Apple Academy Hassan,+,4.4,23 Ratings,"SBI Race Course Road Hassan, Hassan",,,Language Classes For English; Computer Training Institutes,true,true,false,false,true,Vocational training,Popular Computer Training Institutes For Basic,Chikkamagaluru,2025-06-02T11:21:07.054Z
Royal Computer Education Center,+,4.6,57 Ratings,"Road (R.C Road) Hassan City, Hassan",,,Accounting Training Institutes; Correspondence Education,true,true,false,false,true,Vocational training,Popular Computer Training Institutes For Basic,Chikkamagaluru,2025-06-02T11:21:07.054Z
Manipal Institute Of Computer Education,+,4.6,58 Ratings,"Race Course Road Hassan, Hassan",,,Accounting Training Institutes; Computer Training Institutes,true,true,false,false,true,Vocational training,Popular Computer Training Institutes For Basic,Chikkamagaluru,2025-06-02T11:21:07.054Z
NIIT Ltd,+,5.0,3 Ratings,"Salagame Road, Hassan",,,Computer training institutes for basic,false,true,false,false,true,Vocational training,Popular Computer Training Institutes For Basic,Chikkamagaluru,2025-06-02T11:21:07.054Z
Computer Kingdom,+,4.2,187 Ratings,"I G Road Chikmagalur Ho, Chikmagalur",,08401715607,Assembled Computer Dealers; Computer Repair & Services,true,false,false,false,true,Vocational training,Popular Computer Dealers,Chikkamagaluru,2025-06-02T11:22:01.478Z