name,initial,rating,totalRatings,address,distance,phone,tags,hasWhatsApp,hasEnquiry,isTrusted,isVerified,isPopular,category,subcategory,city,timestamp
S V Engineering,<,4.5,4 Ratings,"No. 3123 Mandya Subashnagar, Mandya",,09724811341,AC Dealers; AC Repair & Services,true,true,false,true,true,AC Repair & Services,,Mandya,2025-06-02T15:07:43.979Z
Raju Service Center,<,4.8,3 Ratings,"1st Cross Ashok Nagar Mandya, Mandya",,,Car AC Repair & Services; Refrigerator Repair & Services,true,true,false,false,true,AC Repair & Services,,Mandya,2025-06-02T15:07:43.981Z
Royal Refrigeration,<,4.7,9 Ratings,"Market Yard Jain Street, Mandya",,,Refrigerator Repair & Services-National; Refrigerator Repair & Services,true,true,false,false,true,AC Repair & Services,,Mandya,2025-06-02T15:07:43.982Z
Coolers Caring Centre,<,5.0,1 Ratings,"Guthal Road Guttalu Mandya, Mandya",,,Refrigerator Repair & Services; AC Repair & Services,true,true,false,false,true,AC Repair & Services,,Mandya,2025-06-02T15:07:43.985Z
Rb AIR Conditioner,<,4.8,169 Ratings,"Mysore Road Malavalli, Mandya",,,Refrigerator Repair & Services; Washing Machine Repair & Services,true,true,false,false,true,AC Repair & Services,,Mandya,2025-06-02T15:07:43.986Z
Dhiraj Electronics,<,4.6,27 Ratings,"Maddur-Malavahalli Road Km Doddi, Mandya",,,Electronic Goods Showrooms; Mobile Phone Dealers,true,true,false,false,true,AC Repair & Services,,Mandya,2025-06-02T15:07:43.986Z
Trust Electro Service Center,<,3.6,23 Ratings,"Road Besagarahalli Mandya, Mandya",,,AC Dealers-Carrier; Refrigerator Repair & Services,true,true,false,false,false,AC Repair & Services,,Mandya,2025-06-02T15:07:43.987Z
A1 Service,<,4.0,19 Ratings,"Nagar Subash Nagar Mandya, Mandya",,,Refrigerator Repair & Services-Siemens; Refrigerator Repair & Services,true,true,false,false,false,AC Repair & Services,,Mandya,2025-06-02T15:07:43.987Z
Aayudhi Nextgeneration Pvt Ltd,<,4.7,12 Ratings,"Maddur Honnalagere Mandya, Mandya",,,Refrigerator Repair & Services; Washing Machine Repair & Services,true,true,false,false,true,AC Repair & Services,,Mandya,2025-06-02T15:07:43.987Z
N S Electronic,<,4.5,12 Ratings,"Mandya Road Nagamangala, Mandya",,,Second Hand Electronic Goods Dealers; Refrigerator Repair & Services,true,true,false,false,true,AC Repair & Services,,Mandya,2025-06-02T15:07:43.987Z
Sukhi's Mobiles and Belaku Electronice Showroom,+,4.3,12 Ratings,"Krs Road Pandavapura, Mandya",,,Wifi Internet; Company Authorised Dealer; Free installation,true,true,false,true,true,AC Repair & Services,,Mandya,2025-06-02T15:07:43.988Z
Shri Lakshmi Electricals And Electronics Service Centre,S,4.2,11 Ratings,"Vidya Nagar Vidya Nagar Mandya, Mandya",,,TV Repair & Services-Philips; AC Repair & Services,false,true,false,false,true,AC Repair & Services,,Mandya,2025-06-02T15:07:43.988Z
A R Electronics,+,4.5,10 Ratings,"1st Cross Old Mc Road Mandya, Mandya",,,Refrigerator Repair & Services-Videocon; Refrigerator Repair & Services,true,true,false,false,true,AC Repair & Services,,Mandya,2025-06-02T15:07:43.988Z
Hk Service,+,4.3,7 Ratings,"Colony Mandya Nehru Nagar Mandya, Mandya",,,Refrigerator Repair & Services-Siemens; Refrigerator Repair & Services,true,true,false,false,true,AC Repair & Services,,Mandya,2025-06-02T15:07:43.988Z
Sharada Enterprises,S,5.0,6 Ratings,"3RD CROSS Mandya, Mandya",,,LED TV Repair & Services; Refrigerator Repair & Services,true,true,false,false,true,AC Repair & Services,,Mandya,2025-06-02T15:07:43.989Z
Balaji Service Centre,B,4.7,6 Ratings,Mandya,,,Electronic Goods Repair & Services; Refrigerator Repair & Services,true,true,false,false,true,AC Repair & Services,,Mandya,2025-06-02T15:07:43.989Z
Lakshmi Power Tech,+,5.0,4 Ratings,"Road Ashok Nagar Mandya, Mandya",,,AC Repair & Services; AC Repair & Services-Blue Star,true,true,false,false,false,AC Repair & Services,,Mandya,2025-06-02T15:07:43.989Z
S R Electronics,S,4.0,3 Ratings,"Mandya City, Mandya",,,Electronic Goods Repair & Services; AC Repair & Services,true,true,false,false,false,AC Repair & Services,,Mandya,2025-06-02T15:07:43.989Z
KK Electronics,+,3.7,3 Ratings,"Pete Beedi Mandya City, Mandya",,,Refrigerator Repair & Services-National; Refrigerator Repair & Services,true,true,false,false,false,AC Repair & Services,,Mandya,2025-06-02T15:07:43.989Z
Sm Refrigerator,+,5.0,2 Ratings,"3rd Cross Guttalu, Mandya",,,Refrigerator Repair & Services; Washing Machine Repair & Services,true,true,false,false,true,AC Repair & Services,,Mandya,2025-06-02T15:07:43.990Z
Raghuram Purohit Srirangapatna,<,4.6,27 Ratings,"Sangama River Srirangapatna, Srirangapatna",,08460461299,,true,false,false,true,true,Astrologers,,Mandya,2025-06-02T15:08:46.130Z
Sri Vivekananda Sharma Purohith Srirangapatana,<,5.0,27 Ratings,"Temple.. Srirangapatna, Srirangapatna",,08904621297,,true,false,false,false,true,Astrologers,,Mandya,2025-06-02T15:08:46.182Z
Paschimavahini Annapurneshwari Shradha Mandira (Main),<,4.4,27 Ratings,"Mysore Road Srirangapatna, Srirangapatna",,09980209265,,true,false,false,true,true,Astrologers,,Mandya,2025-06-02T15:08:46.183Z
Krishna Sharma Purohith,<,4.7,36 Ratings,"Station Road Srirangapatna, Srirangapatna",,09054060968,,true,false,false,false,true,Astrologers,,Mandya,2025-06-02T15:08:46.183Z
Rajusheshadri Pandit,<,4.9,14 Ratings,"Railway Road Srirangapatna, Srirangapatna",,09054827763,,true,false,false,false,true,Astrologers,,Mandya,2025-06-02T15:08:46.183Z
Surya Prakash Telugu and Kannada Purohit,<,5.0,8 Ratings,"Road Srirangapatna Fort Mandya, Srirangapatna",,08485936428,,true,false,false,true,true,Astrologers,,Mandya,2025-06-02T15:08:46.183Z
SARVA MANGALA KRUPA,<,5.0,14 Ratings,"Srirangapatna Fort Mandya, Srirangapatna",,09725177485,,true,false,false,false,true,Astrologers,,Mandya,2025-06-02T15:08:46.183Z
Shree Maha Kali Temple,<,4.6,177 Ratings,"M.Shettihalli Srirangapatna, Srirangapatna",,09035266219,,true,false,false,false,true,Astrologers,,Mandya,2025-06-02T15:08:46.183Z
Kerala No1 Vashikaran Specialist Shri Bhagavati Jyothishyaru,<,4.9,319 Ratings,"Salagame Road Aralepet, Hassan",,08487048815,,true,false,false,false,true,Astrologers,,Mandya,2025-06-02T15:08:46.183Z
Astro Award Winner Vashikarana Specialist Kerala Shree Prasidda Astrologer,<,4.9,35 Ratings,"11th Cross Road Vidyaranyapuram, Mysore",,08511749124,,true,false,false,false,true,Astrologers,,Mandya,2025-06-02T15:08:46.183Z
Haya Greevar Astro,+,3.5,2 Ratings,"Mg Road Kamaraj Colony, Hosur",,08105244402,,true,false,false,false,false,Astrologers,,Mandya,2025-06-02T15:08:46.183Z
No 1 Vashikaran Specialist India,+,4.9,137 Ratings,"Bus Bus Stand Road Hassan, Hassan",,07048604341,,true,false,false,false,true,Astrologers,,Mandya,2025-06-02T15:08:46.183Z
Kerala Mahamanthrika Astrology,+,5.0,48 Ratings,"Bus Bus Stand Road Hassan, Hassan",,09035242176,,true,false,false,false,true,Astrologers,,Mandya,2025-06-02T15:08:46.183Z
Kavini Astrology,+,4.7,112 Ratings,"to Atthani Road Sathyamangalam, Erode",,,,true,false,false,true,true,Astrologers,,Mandya,2025-06-02T15:08:46.183Z
Kollegala Jyothishalya and Parihara Kendra,K,5.0,2 Ratings,"Basthipura Kollegala, Chamarajanagar",,07041695609,,true,false,false,false,true,Astrologers,,Mandya,2025-06-02T15:08:46.183Z
KERALA MANTHRIHA ASTROLOGER,+,5.0,2 Ratings,"Salem Bye Pass Toppur, Dharmapuri",,09054386088,,true,false,false,false,true,Astrologers,,Mandya,2025-06-02T15:08:46.184Z
Kollegala Pandith Modi Yallappa Guruji,+,5.0,17 Ratings,"Kollegal, Chamarajanagar",,06366960242,,true,false,false,false,true,Astrologers,,Mandya,2025-06-02T15:08:46.184Z
Om Sri Kollegala Famous Astrologer,+,4.5,93 Ratings,"Road Double Road Chamarajanagar, Chamarajanagar",,08401407674,,true,false,false,true,true,Astrologers,,Mandya,2025-06-02T15:08:46.184Z
Kollegala Mantrikaru.,+,4.8,43 Ratings,"Devangapete Beedi Kollegala, Chamarajanagar",,08460304154,,true,false,false,false,true,Astrologers,,Mandya,2025-06-02T15:08:46.184Z
Shree Durgadevi Jyothishyalaya Karnataka Famous Astrologer,S,4.8,9 Ratings,"Hanumanthappa Circle, Chikmagalur",,08511449396,,true,false,false,false,true,Astrologers,,Mandya,2025-06-02T15:08:46.184Z
Vedic Welness Trust,V,4.0,3 Ratings,"Basaveshwara Nagar, Bangalore",,,,true,false,false,false,false,Astrologers,,Mandya,2025-06-02T15:08:46.184Z
SRI Lakshminarashimha ASTRO Centre,+,4.3,9 Ratings,"2nd Cross Rt Nagar, Bangalore",,,,true,false,false,false,true,Astrologers,,Mandya,2025-06-02T15:08:46.184Z
Sri Kalikamba Jyothishyalaya Kerala Manthrika Jyothisaru,+,2.6,11 Ratings,"Madhugar Beedi Arsikere, Hassan",,,,true,false,false,false,false,Astrologers,,Mandya,2025-06-02T15:08:46.184Z
Brahmagnanam Dharumasalai,B,4.8,6 Ratings,"Nager Bus Rajiv Gandhi Nagar, Srirangam",,08511003612,,true,true,false,false,true,Astrologers,,Mandya,2025-06-02T15:08:46.184Z
Kerala Sri Prasidda Jyothishyaru,+,4.8,44 Ratings,"2nd Floor Kasaragod City, Kasaragod",,09035885420,,true,false,false,false,true,Astrologers,,Mandya,2025-06-02T15:08:46.184Z
Aeakkott Mana Jyothishalayam,+,4.8,471 Ratings,"Kairali Junction Guruvayur, Thrissur",,09725161834,,true,false,false,false,true,Astrologers,,Mandya,2025-06-02T15:08:46.184Z
Soman Panicker Astrologer,S,3.7,3 Ratings,"Kozhikode Road Angadipuram, Malappuram",,08460407048,,true,false,false,false,true,Astrologers,,Mandya,2025-06-02T15:08:46.184Z
Kaalabairavar Jothida Alayam,+,4.8,21 Ratings,"Nagar Rasipuram East, Rasipuram",,09724667570,,true,false,false,false,true,Astrologers,,Mandya,2025-06-02T15:08:46.184Z
Aeakkott Mana Jyothishalayam,+,4.8,471 Ratings,"Kairali Junction Guruvayur, Thrissur",,,,true,false,false,false,true,Astrologers,,Mandya,2025-06-02T15:08:46.184Z
Kerala Meenkulathi Bhagavathi Amman Astrology,K,5.0,3 Ratings,"Amman Street Tirthamalai, Dharmapuri",,07041932844,,true,false,false,false,true,Astrologers,,Mandya,2025-06-02T15:08:46.184Z
Parasuraman Astrologer and Vastu Consultant,+,4.3,37 Ratings,"Sahs College Hosimin Nagar, Coimbatore",,08105405763,,true,false,false,false,true,Astrologers,,Mandya,2025-06-02T15:08:46.184Z
National Gold Medalist Vashikarn Specialist Kerala Mantrika Astrologer,+,5.0,"1,534 Ratings","Bejai, Mangalore",,08511493001,,true,false,false,true,true,Astrologers,,Mandya,2025-06-02T15:08:46.184Z
National ASTRO RATNA Award Winner - Kerala Sri Panchagayathri Famous Astrologers,+,5.0,"1,905 Ratings","Bunder Bhavanthi Street, Mangalore",,,,true,false,false,true,true,Astrologers,,Mandya,2025-06-02T15:08:46.185Z
Kerala Prasidha Jyothishyalaya (Kateelu Shri Durgadevi Aaradakaru),+,4.8,50 Ratings,"Kateel DK Kateelu, Kateel",,08511323974,,true,false,false,true,true,Astrologers,,Mandya,2025-06-02T15:08:46.185Z
Sri Kerala Bhagavathi Jyothisharu,S,3.5,2 Ratings,"Kundapura, Udupi",,08904235592,,true,false,false,false,false,Astrologers,,Mandya,2025-06-02T15:08:46.185Z
Kerala and Kollegala Sri Mantrika Astrologer,+,5.0,241 Ratings,"Falnir, Mangalore",,08511718424,,true,false,false,false,true,Astrologers,,Mandya,2025-06-02T15:08:46.185Z
Famous Vashikarana Specialist Kerala Mahakal,+,5.0,3 Ratings,"Kodialbail, Mangalore",,09054893840,,true,false,false,false,true,Astrologers,,Mandya,2025-06-02T15:08:46.185Z
Kerala Famous Astrologer No.1 Specialist VASUDEV (Tantric),+,5.0,133 Ratings,"K M Marg Bus Stand Road, Udupi",,08401368094,,true,false,false,true,true,Astrologers,,Mandya,2025-06-02T15:08:46.185Z
Suresh Rao Iyer Ragavendra Parikara Center,+,4.2,15 Ratings,"West Agraharam Kodumudi, Erode",,,,true,false,false,false,true,Astrologers,,Mandya,2025-06-02T15:08:46.185Z
Pandith Sri Gowdru Manjunatha Swamy Astrologer,+,4.5,27 Ratings,"Hondda Rood Holalkere Road, Chitradurga",,,,true,false,false,false,true,Astrologers,,Mandya,2025-06-02T15:08:46.185Z
Gokarna Puja Punyaasharma,+,4.9,553 Ratings,"Uttara Kannada Gokarna, Gokarna",,07043982200,,true,false,false,true,true,Astrologers,,Mandya,2025-06-02T15:08:46.185Z
Indian Famous Astro Center,I,4.7,72 Ratings,"Club Road Club Road, Hubli",,08401228945,,true,false,false,false,true,Astrologers,,Mandya,2025-06-02T15:08:46.185Z
Rudra Nadi Astrology,+,4.9,128 Ratings,"District Court Road Old Town, Kurnool",,09725012725,,true,false,false,false,true,Astrologers,,Mandya,2025-06-02T15:08:46.185Z
Sivasamy Sivanadi Astrology Center,+,3.4,246 Ratings,"Miladi Street Vaithiswarankoil, Mayiladuthurai",,,,true,false,false,false,false,Astrologers,,Mandya,2025-06-02T15:08:46.185Z
ANDHRA COMPUTERS,+,4.7,152 Ratings,"Sastry Street Governerpet, Vijayawada",,09725625004,,true,false,false,false,true,Astrologers,,Mandya,2025-06-02T15:08:46.185Z
Pvk Astrological Solutions,P,4.5,14 Ratings,"Gautham Nagar Dilsukh Nagar, Hyderabad",,07405055459,,true,false,false,false,true,Astrologers,,Mandya,2025-06-02T15:08:46.185Z
Hindu Pandit Ji,+,4.8,73 Ratings,"Kaisare Lane  Vadle Bhatt Panjim, Goa",,09845429711,,true,false,false,false,true,Astrologers,,Mandya,2025-06-02T15:08:46.185Z
Aadi Shakti Jyothiyalayam,A,3.5,2 Ratings,"Pedagavegi Mandalam RR Peta, Eluru",,08128209371,,true,false,false,false,false,Astrologers,,Mandya,2025-06-02T15:08:46.185Z
Sri Lalitha Devi Astrologer,+,5.0,4 Ratings,"Subhash Nagar, Nizamabad",,07041531264,,true,false,false,false,true,Astrologers,,Mandya,2025-06-02T15:08:46.185Z
P L Best Spa & Salon,<,4.3,23 Ratings,"Kiragandoor Gate M C Road Mandya, Mandya",,08460244351,Thai Massage,true,true,false,false,true,Body Massage Centres,,Mandya,2025-06-02T15:09:39.219Z
Ayur Spa & Beauty Saloon,<,4.8,184 Ratings,"Factory Circle Guttalu Mandya, Mandya",,09054601472,Thai Massage,true,true,false,true,true,Body Massage Centres,,Mandya,2025-06-02T15:09:39.221Z
V Care Beauty Salon & Spa,<,3.9,71 Ratings,"Ashok Nagar Mandya, Mandya",,08128131303,Salons; Body Massage Centres,true,true,false,true,false,Body Massage Centres,,Mandya,2025-06-02T15:09:39.221Z
A 1 Herbal Beauty Parlour,<,4.4,15 Ratings,"2nd Cross Maddur Mandya, Mandya",,,Home Services Offered,true,true,false,false,true,Body Massage Centres,,Mandya,2025-06-02T15:09:39.221Z
Anu Herbal Beauty Parlour,<,3.6,10 Ratings,"Railway Old MC Road Mandya, Mandya",,,Home Services Offered,true,true,false,false,false,Body Massage Centres,,Mandya,2025-06-02T15:09:39.232Z
Rebel Gym,<,4.3,5 Ratings,"Melu Old MC Road Mandya, Mandya",,,,true,true,false,false,true,Body Massage Centres,,Mandya,2025-06-02T15:09:39.232Z
The Cute Village Resort And Spa,<,3.8,85 Ratings,"Mysore Bangalor Road Nazarbad, Mysore",,08511336097,Thai Massage,true,true,false,false,false,Body Massage Centres,,Mandya,2025-06-02T15:09:39.234Z
V Care Beauty Parlour and Spa,<,4.2,9 Ratings,"Mysore - Bannur Road Vajamangala, Mysore",,,Thai Massage,true,true,false,false,true,Body Massage Centres,,Mandya,2025-06-02T15:09:39.234Z
Purity Spa and Salon,<,5.0,1 Ratings,"Purity Salon Hale Kesare, Mysore",,07411816879,Thai Massage,true,true,false,false,true,Body Massage Centres,,Mandya,2025-06-02T15:09:39.235Z
Aakruthi Blossom Spa Professional Massage Therapist (North & South),<,4.7,114 Ratings,"Main Road Siddique Nagar, Mysore",,,Thai Massage,true,true,false,false,true,Body Massage Centres,,Mandya,2025-06-02T15:09:39.235Z
Kohana Professional Beauty Salon,+,4.0,10 Ratings,"Ringroad Sathagalli Layout, Mysore",,,,false,true,false,false,false,Body Massage Centres,,Mandya,2025-06-02T15:09:39.237Z
Athman Wellness Center,+,4.8,74 Ratings,"Main Road Alan Halli Layout, Mysore",,09972841998,Body Massage Centres; Massage Centres For Men,true,true,false,false,true,Body Massage Centres,,Mandya,2025-06-02T15:09:39.237Z
Ayeshu Makeup and Beauty Salon,+,4.7,14 Ratings,"3rd Stage Siddique Nagar, Mysore",,,Home Services Offered; Hair Spa; Skin Treatment,true,true,false,false,true,Body Massage Centres,,Mandya,2025-06-02T15:09:39.238Z
Wild Flower,+,4.5,2 Ratings,"m.g road Udayagiri, Mysore",,,,true,true,false,false,true,Body Massage Centres,,Mandya,2025-06-02T15:09:39.238Z
Silver Cloud Spa And Massage,S,4.9,12 Ratings,"Muthoot Finance Siddarthanagar, Mysore",,,Thai Massage,true,true,false,false,true,Body Massage Centres,,Mandya,2025-06-02T15:09:39.238Z
BLUEMOON S PA & Beauty Saloon,B,4.7,125 Ratings,"Hudco Bannimantap Bannimantap, Mysore",,,Hair Dressing Services; Body Massage Centres,true,true,false,false,true,Body Massage Centres,,Mandya,2025-06-02T15:09:39.238Z
Affinity The Beauty Salon,+,4.0,24 Ratings,"Marga Main Road Siddarthanagar, Mysore",,,Hair Spa; Thai Massage; Aroma Massage,true,true,false,false,false,Body Massage Centres,,Mandya,2025-06-02T15:09:39.238Z
Facelook Beauty Zone,+,4.4,14 Ratings,"10th Cross Siddarthanagar, Mysore",,,Home Services Offered,true,true,false,false,true,Body Massage Centres,,Mandya,2025-06-02T15:09:39.238Z
Redrose Salon And Spa,+,4.1,22 Ratings,"Bannimantap Road Bannimantap, Mysore",,,Hair Spa,true,true,false,false,true,Body Massage Centres,,Mandya,2025-06-02T15:09:39.238Z
Nature's Nest S'pa,+,4.5,106 Ratings,"Lakshmikanth Nagar Metagalli, Mysore",,08511318365,Business Owned By Women; Online Appointments,true,true,false,true,true,Body Massage Centres,,Mandya,2025-06-02T15:09:39.240Z
Rich Layers Unisex Salon,+,4.7,"2,642 Ratings","Forum Centre City Mall Nazarbad, Mysore",,,,true,true,false,false,true,Body Massage Centres,,Mandya,2025-06-02T15:09:39.241Z
Bliss Family Spa & Salon,+,4.1,30 Ratings,"Hyder Ali Road Lashkar Mohalla, Mysore",,09054094711,Thai Massage; Aroma Massage,true,true,false,true,false,Body Massage Centres,,Mandya,2025-06-02T15:09:39.241Z
Ayurkshethra Wellness And Ayur Spa,A,3.9,18 Ratings,"Near Lic Office Santhepet, Mysore",,08511318682,Aroma Massage,true,true,false,false,false,Body Massage Centres,,Mandya,2025-06-02T15:09:39.241Z
Ayurtouch Ayurvedic And Wellness Ayur Spa,+,4.1,30 Ratings,"Dawood Khan Road Lashkar Mohalla, Mysore",,,Aroma Massage,true,true,false,false,true,Body Massage Centres,,Mandya,2025-06-02T15:09:39.242Z
Ayurveda Sppa,A,4.0,4 Ratings,"Hotel Lashkar Mohalla, Mysore",,,Body Massage Centres; Body Massage Centres For Elder,true,true,false,false,false,Body Massage Centres,,Mandya,2025-06-02T15:09:39.242Z
Lime Spa Mysore,L,4.2,25 Ratings,"METAGALLI Metagalli, Mysore",,08460417689,Aroma Massage,true,true,false,true,true,Body Massage Centres,,Mandya,2025-06-02T15:09:39.242Z
Dreams Spa And The Beauty Zone Unisex,D,3.8,23 Ratings,"Dr Nelson Mandela Road Santhepet, Mysore",,,Home Services Offered; Thai Massage; Aroma Massage,true,true,false,false,false,Body Massage Centres,,Mandya,2025-06-02T15:09:39.243Z
Aira Beauty Spa,+,4.8,121 Ratings,"Hotel Nalpad Bannimantap, Mysore",,,Massage Centres For Men; Body Massage Centres,true,true,false,false,true,Body Massage Centres,,Mandya,2025-06-02T15:09:39.243Z
Aishwarya Beauty Saloon,+,3.8,16 Ratings,"SP Office Road Nazarbad, Mysore",,,Body Massage Centres; Salons,true,true,false,false,false,Body Massage Centres,,Mandya,2025-06-02T15:09:39.243Z
New Savi Mens Parlour,+,4.3,3 Ratings,"8th Main Brindavan Extension, Mysore",,,Home Services Offered,true,true,false,false,true,Body Massage Centres,,Mandya,2025-06-02T15:09:39.244Z
Blossoms S'PA & Beauty Clinic,+,4.0,135 Ratings,"Ashoka Road Lashkar Mohalla, Mysore",,,Beauty Salons; Body Massage Centres,true,true,false,true,true,Body Massage Centres,,Mandya,2025-06-02T15:09:39.244Z
Swagath Beauty And Spa,S,3.5,13 Ratings,"New Bannimantap Nazarbad, Mysore",,08734928452,Body Massage Centres; Beauty Salons,true,true,false,false,false,Body Massage Centres,,Mandya,2025-06-02T15:09:39.244Z
The Divine S Pa and Beauty Zone,T,4.3,91 Ratings,"Nazarabad Main Road Nazarbad, Mysore",,,Aroma Massage,true,true,false,false,true,Body Massage Centres,,Mandya,2025-06-02T15:09:39.244Z
Swasthya Beauty Saga & Spp Aa,S,4.8,202 Ratings,"Mahal Road Indiranagar, Mysore",,09980767975,Body Massage Centres; Massage Centres For Men,true,true,false,true,true,Body Massage Centres,,Mandya,2025-06-02T15:09:39.245Z
Green Relief Salon And Spa,+,4.1,50 Ratings,"BN Road Mandi Mohalla, Mysore",,07383525724,Body Massage Centres; Massage Centres For Men,true,true,false,true,true,Body Massage Centres,,Mandya,2025-06-02T15:09:39.245Z
Blossoms Beauty Clinic & Spa,+,4.0,968 Ratings,"Rao Road Devaraja Mohalla, Mysore",,,Body Massage Centres For Unisex; Body Massage Centres,true,true,false,false,true,Body Massage Centres,,Mandya,2025-06-02T15:09:39.245Z
Shree Beauty Parlour and S'pa,+,4.1,30 Ratings,"Nazrabad Main Road Nazarbad, Mysore",,,Body Massage Centres; Beauty Spas,true,true,false,false,true,Body Massage Centres,,Mandya,2025-06-02T15:09:39.246Z
Nisarga Ayurvedic Spa,N,3.8,49 Ratings,"Suburb Bus Stand Road Nazarbad, Mysore",,08511318301,Body Massage Centres; Beauty Spas,true,true,false,false,false,Body Massage Centres,,Mandya,2025-06-02T15:09:39.246Z
Ayurtouch Beauty Parlour and Spa,+,3.4,48 Ratings,"Lashkar Mohalla Mandi Mohalla, Mysore",,08511983056,Body Massage Centres; Massage Centres For Men,true,true,false,false,false,Body Massage Centres,,Mandya,2025-06-02T15:09:39.246Z
Aroma Unisex S'pa & Salon,+,4.2,153 Ratings,"Rao Road Devaraja Mohalla, Mysore",,08511519313,Aroma Massage,true,true,false,true,true,Body Massage Centres,,Mandya,2025-06-02T15:09:39.246Z
Nature'S High 5 International Spa & Wellness,+,4.5,170 Ratings,"Niligiri Road BN Road Mysore, Mysore",,,,true,true,false,false,true,Body Massage Centres,,Mandya,2025-06-02T15:09:39.246Z
Malabar Ayurveda Spa,M,3.8,22 Ratings,"B N Road Lashkar Mohalla, Mysore",,,Thai Massage,true,true,false,false,false,Body Massage Centres,,Mandya,2025-06-02T15:09:39.246Z
Lotus Wellness S P A,L,3.6,117 Ratings,"Rao Road Devaraja Mohalla, Mysore",,,Skin Treatment,true,true,false,false,false,Body Massage Centres,,Mandya,2025-06-02T15:09:39.246Z
Naturre Ayurvedic Wellness And Spa,+,4.6,15 Ratings,"No2722/1 Lashkar Mohalla, Mysore",,,Body Massage Centres; Beauty Spas,true,true,false,false,true,Body Massage Centres,,Mandya,2025-06-02T15:09:39.246Z
Ayushman Ayurveda Spa,+,3.9,30 Ratings,"Old Rmc Behind Mandi Mohalla, Mysore",,,Thai Massage,true,true,false,false,false,Body Massage Centres,,Mandya,2025-06-02T15:09:39.246Z
ROYAL Beauty & S 'PA,+,4.2,63 Ratings,"Bus Stand Road Mandi Mohalla, Mysore",,,Body Massage Centres; Beauty Spas,true,true,false,false,true,Body Massage Centres,,Mandya,2025-06-02T15:09:39.246Z
Royal Beauty Zone & S'pa,+,4.2,77 Ratings,"Sayyaji Rao Road Mandi Mohalla, Mysore",,07383525517,,true,true,false,true,true,Body Massage Centres,,Mandya,2025-06-02T15:09:39.247Z
Vedic Ayurvedic Spa & Beaution,+,4.0,33 Ratings,"Lashkar Mohalla Mandi Mohalla, Mysore",,,Body Massage Centres; Beauty Spas,true,true,false,false,false,Body Massage Centres,,Mandya,2025-06-02T15:09:39.247Z
Royal Wellness Spa,R,4.6,21 Ratings,"2727 5Th Bn Road Mysore, Mysore",,,Body Massage Centres; Beauty Spas,true,true,false,false,true,Body Massage Centres,,Mandya,2025-06-02T15:09:39.247Z
Make-over by Sindhura,<,4.8,18 Ratings,"Nagamangala, Mandya",,08511445714,Beauty Parlours; Makeup Artists,true,true,false,false,true,Beauty Spa,Popular Beauty Parlours,Mandya,2025-06-02T15:11:40.836Z
Lotus Beauty Salon Academy,<,4.3,44 Ratings,"100 Feet Road Mandya Subashnagar, Mandya",,,Home Services Offered; Waxing; Facial,true,true,false,true,true,Beauty Spa,Popular Beauty Parlours,Mandya,2025-06-02T15:11:40.836Z
Cloud11 Saloon & Spa,<,4.1,41 Ratings,"Bm Road Gandhi Nagar Mandya, Mandya",,08460218986,Salons; Beauty Spas,true,true,false,true,true,Beauty Spa,Popular Beauty Parlours,Mandya,2025-06-02T15:11:40.836Z
Glam World Make Up Studio,<,4.9,20 Ratings,"Road Srirangapatna Fort Mandya, Srirangapatna",,08460383228,Bridal Makeup,true,true,false,false,true,Beauty Spa,Popular Beauty Parlours,Mandya,2025-06-02T15:11:40.836Z
Glitz & Glam Unisex Salon,<,4.6,33 Ratings,"1st Floor Vv Road, Mandya",,08460221238,Home Services Offered; Waxing; Bridal Makeup,true,true,false,true,true,Beauty Spa,Popular Beauty Parlours,Mandya,2025-06-02T15:11:40.836Z
Yashodeepa Beauty Parlour,<,4.9,35 Ratings,"Kr Pete Thaluk Anegola, Mandya",,08197659761,Facial,true,true,false,true,true,Beauty Spa,Popular Beauty Parlours,Mandya,2025-06-02T15:11:40.836Z
V N C Beauty Lounge,<,5.0,11 Ratings,"Road Chamundeshwari Nagar Mandya, Mandya",,08460240253,Home Services Offered; Facial; Bridal Makeup,true,true,false,true,true,Beauty Spa,Popular Beauty Parlours,Mandya,2025-06-02T15:11:40.836Z
V 1 Unisex Salon,<,5.0,11 Ratings,"Feet Road Gandhi Nagar Mandya, Mandya",,07383857247,Waxing; Facial; Bridal Makeup,true,true,false,false,true,Beauty Spa,Popular Beauty Parlours,Mandya,2025-06-02T15:11:40.837Z
V Care Ladies Saloon and S Pa,<,5.0,16 Ratings,"Hosahalli Road Hosahalli Extn, Mandya",,09724029344,Waxing; Facial; Bridal Makeup,true,true,false,true,true,Beauty Spa,Popular Beauty Parlours,Mandya,2025-06-02T15:11:40.837Z
Miracle Touch Beauty Salon,<,4.8,"1,100 Ratings","Road Chamundeshwari Nagar Mandya, Mandya",,,Waxing; Bridal Makeup,true,true,false,false,true,Beauty Spa,Popular Beauty Parlours,Mandya,2025-06-02T15:11:40.837Z
Shaanvi Beauty Spot and Bridal Studio,+,4.9,90 Ratings,"Vv Road Ashok Nagar Mandya, Mandya",,,Home Services Offered; Waxing; Facial,true,true,false,false,true,Beauty Spa,Popular Beauty Parlours,Mandya,2025-06-02T15:11:40.837Z
Sri Gowri Beauty Zone,+,4.7,74 Ratings,"Nagamangala, Mandya",,,Waxing; Bridal Makeup,true,true,false,false,true,Beauty Spa,Popular Beauty Parlours,Mandya,2025-06-02T15:11:40.837Z
Sri Lakshmi Herbal Beauty Parlour,S,4.3,3 Ratings,"Gowrikatte Melukote, Mandya",,,Beauty Parlours,true,true,false,false,false,Beauty Spa,Popular Beauty Parlours,Mandya,2025-06-02T15:11:40.837Z
Yashashvi Beauty Clinic (Ni),+,4.8,161 Ratings,"Feet Road Gandhi Nagar Mandya, Mandya",,,,true,true,false,false,true,Beauty Spa,Popular Beauty Parlours,Mandya,2025-06-02T15:11:40.837Z
Spin Salon,+,4.6,915 Ratings,"Feet Road Gandhi Nagar Mandya, Mandya",,,Facial,true,true,false,false,true,Beauty Spa,Popular Beauty Parlours,Mandya,2025-06-02T15:11:40.837Z
Muttu Raju Hair Dresses,+,4.1,63 Ratings,"Maddur Mandya, Mandya",,,Facial,true,true,false,false,true,Beauty Spa,Popular Beauty Parlours,Mandya,2025-06-02T15:11:40.837Z
Kanniika Beauty Parlour,+,4.1,9 Ratings,"Cheeranahally Road Mandya Ho, Mandya",,,Home Services Offered; Waxing; Bridal Makeup,true,true,false,false,true,Beauty Spa,Popular Beauty Parlours,Mandya,2025-06-02T15:11:40.837Z
Spot Look Salon,+,4.9,92 Ratings,"Main Road Vv Road, Mandya",,,Beauty Parlours; Salons,true,true,false,false,true,Beauty Spa,Popular Beauty Parlours,Mandya,2025-06-02T15:11:40.837Z
Crazy Cut,+,4.8,60 Ratings,"Srirangapatna Fort Mandya, Srirangapatna",,,Beauty Parlours,true,true,false,false,true,Beauty Spa,Popular Beauty Parlours,Mandya,2025-06-02T15:11:40.837Z
Lakme Salon,+,4.5,338 Ratings,"Vivekananda Road B M Road Mandya, Mandya",,,Home Services Offered; Nail Art; Waxing,true,true,false,false,true,Beauty Spa,Popular Beauty Parlours,Mandya,2025-06-02T15:11:40.837Z
Diva Men's Beauty Saloon,D,3.6,181 Ratings,"Cross Road Ashok Nagar Mandya, Mandya",,,Facial,true,true,false,false,false,Beauty Spa,Popular Beauty Parlours,Mandya,2025-06-02T15:11:40.837Z
Alankar Hair Style,+,4.9,44 Ratings,"Chamarajanagar Road Nagamangala, Mandya",,,Facial,false,true,false,false,true,Beauty Spa,Popular Beauty Parlours,Mandya,2025-06-02T15:11:40.837Z
Shree Thriva Hair And Makeup And Academy With Salon,+,4.0,3 Ratings,"Nagamangala, Mandya",,,Home Services Offered; Waxing; Facial,true,true,false,false,false,Beauty Spa,Popular Beauty Parlours,Mandya,2025-06-02T15:11:40.837Z
Stylish and glam beauty salon,+,5.0,5 Ratings,"Bannur Road Mandya Mandya City, Mandya",,,Waxing; Facial; Bridal Makeup,true,true,false,false,true,Beauty Spa,Popular Beauty Parlours,Mandya,2025-06-02T15:11:40.837Z
Charm Hightech Beauty Parlour,C,4.2,8 Ratings,"Arkere Arakere Mandya, Mandya",,,Waxing; Facial,true,true,false,false,false,Beauty Spa,Popular Beauty Parlours,Mandya,2025-06-02T15:11:40.837Z
Sehrish Beauty Parlour,+,4.3,6 Ratings,"Guthal Road Gautaham Badavane, Mandya",,,Bridal Makeup,true,true,false,false,true,Beauty Spa,Popular Beauty Parlours,Mandya,2025-06-02T15:11:40.837Z
Gold Win Hair Dresses,G,4.5,39 Ratings,"Railway Station 1st Cross Road, Mandya",,,Facial,true,true,false,false,true,Beauty Spa,Popular Beauty Parlours,Mandya,2025-06-02T15:11:40.837Z
Nandini Parlour,N,3.8,49 Ratings,"Dwaraka Nagar Dwaraka Nagar, Mandya",,,Beauty Parlours,true,true,false,false,false,Beauty Spa,Popular Beauty Parlours,Mandya,2025-06-02T15:11:40.837Z
Manju Salon,M,4.7,48 Ratings,"Road Chamundeshwari Nagar Mandya, Mandya",,,Facial,true,true,false,false,true,Beauty Spa,Popular Beauty Parlours,Mandya,2025-06-02T15:11:40.838Z
Sowna Herbal Beauty Parluor Fancy Store and Chamundeshwari Garments,+,5.0,15 Ratings,"Nagara Krishnarajapete, Mandya",,,Home Services Offered; Waxing; Facial,true,true,false,false,true,Beauty Spa,Popular Beauty Parlours,Mandya,2025-06-02T15:11:40.838Z
Big Boss Mens Beauty Parlour,+,4.1,41 Ratings,"6th Cross Subash Nagar Mandya, Mandya",,,Facial,true,true,false,false,true,Beauty Spa,Popular Beauty Parlours,Mandya,2025-06-02T15:11:40.838Z
Thrupti'S Studio,T,4.9,40 Ratings,"Subash Nagar, Mandya",,,Beauty Parlours,true,true,false,false,false,Beauty Spa,Popular Beauty Parlours,Mandya,2025-06-02T15:11:40.838Z
Pritam Gents Parlour,+,4.5,4 Ratings,"Hospital Road Kodiyala Mandya, Mandya",,,Beauty Parlours; Men Beauty Parlours,true,true,false,false,false,Beauty Spa,Popular Beauty Parlours,Mandya,2025-06-02T15:11:40.838Z
Amulya Beauty Parlour,+,4.7,18 Ratings,"Cross Road Chamundeshwari Nagar, Mandya",,,Beauty Parlours,true,true,false,false,false,Beauty Spa,Popular Beauty Parlours,Mandya,2025-06-02T15:11:40.838Z
Kk Halli Beauty Care,K,5.0,1 Ratings,"K K Halli, Mandya",,,Beauty Parlours,false,true,false,false,false,Beauty Spa,Popular Beauty Parlours,Mandya,2025-06-02T15:11:40.838Z
Golden Glimpse Saloon,G,4.0,30 Ratings,"Road Chamundeshwari Nagar Mandya, Mandya",,,Beauty Parlours,true,true,false,false,false,Beauty Spa,Popular Beauty Parlours,Mandya,2025-06-02T15:11:40.838Z
Rajanna Men'S Beautician Shop,R,4.5,4 Ratings,"N Halasahalli N Halasalli, Mandya",,,Beauty Parlours,false,true,false,false,false,Beauty Spa,Popular Beauty Parlours,Mandya,2025-06-02T15:11:40.838Z
Umra Beauty Parlour,U,4.3,3 Ratings,"Nehru Nagar Kolakaranadoddi, Mandya",,,Waxing; Facial; Bridal Makeup,false,true,false,false,true,Beauty Spa,Popular Beauty Parlours,Mandya,2025-06-02T15:11:40.838Z
Mona Beauties,M,4.4,40 Ratings,"Barathi Nagar Mellahalli, Mandya",,,Facial,true,true,false,false,true,Beauty Spa,Popular Beauty Parlours,Mandya,2025-06-02T15:11:40.838Z
Limpana Siri Beauty Parlour and Boutique,+,3.8,4 Ratings,"100feet Road Gandhi Nagar Mandya, Mandya",,,Home Services Offered; Waxing; Facial,true,true,false,false,false,Beauty Spa,Popular Beauty Parlours,Mandya,2025-06-02T15:11:40.838Z
Miracle Touch Bridal Makeover,+,4.9,65 Ratings,"Road Chamundeshwari Nagar Mandya, Mandya",,,,true,true,false,false,true,Beauty Spa,Popular Beauty Parlours,Mandya,2025-06-02T15:11:40.838Z
Shine Heral Beauty Parlour,+,5.0,3 Ratings,"Via Mysore  Road Nagamangala, Mandya",,,Home Services Offered; Waxing; Facial,true,true,false,false,true,Beauty Spa,Popular Beauty Parlours,Mandya,2025-06-02T15:11:40.838Z
Shrungar Beauty Parlour,+,4.5,11 Ratings,"Guthal Road Guttalu Mandya, Mandya",,,Waxing; Bridal Makeup,true,true,false,false,true,Beauty Spa,Popular Beauty Parlours,Mandya,2025-06-02T15:11:40.838Z
Cut 'N' Curl,C,4.5,4 Ratings,"Road Srirangapatna Fort Mandya, Srirangapatna",,,Beauty Parlours,false,true,false,false,false,Beauty Spa,Popular Beauty Parlours,Mandya,2025-06-02T15:11:40.838Z
Miracle Touch,M,3.7,4 Ratings,"Bannur Main Road, Mandya",,,Beauty Parlours,true,true,false,false,false,Beauty Spa,Popular Beauty Parlours,Mandya,2025-06-02T15:11:40.838Z
Seharish Beauty Parlour,+,4.7,21 Ratings,"Guthal Road Guttalu Mandya, Mandya",,,Home Services Offered; Waxing; Facial,true,true,false,false,true,Beauty Spa,Popular Beauty Parlours,Mandya,2025-06-02T15:11:40.838Z
Sampoorna Beauty Parlour,+,5.0,2 Ratings,"Road Gandhi Nagar Mandya, Mandya",,,Home Services Offered; Facial; Bridal Makeup,true,true,false,false,true,Beauty Spa,Popular Beauty Parlours,Mandya,2025-06-02T15:11:40.838Z
Samruddhi Beauty Parlour & Boutique,S,4.0,2 Ratings,"Palahalli Palahalli, Mandya",,,Beauty Parlours,true,true,false,false,false,Beauty Spa,Popular Beauty Parlours,Mandya,2025-06-02T15:11:40.838Z
A 1 Herbal Beauty Parlour,+,4.4,15 Ratings,"2nd Cross Maddur Mandya, Mandya",,,Home Services Offered; Waxing; Bridal Makeup,true,true,false,false,true,Beauty Spa,Popular Beauty Parlours,Mandya,2025-06-02T15:11:40.838Z
Sowna Herbal Beauty Parluor Fancy Store and Chamundeshwari Garments,<,5.0,15 Ratings,"Nagara Krishnarajapete, Mandya",,,Home Services Offered,true,false,false,false,true,Beauty Spa,Popular Beauty Clinics,Mandya,2025-06-02T15:12:34.867Z
Miracle Touch Beauty Salon,<,4.8,"1,100 Ratings","Road Chamundeshwari Nagar Mandya, Mandya",,,Jewellery On Rent; Beauty Spas,true,false,false,false,true,Beauty Spa,Popular Beauty Clinics,Mandya,2025-06-02T15:12:34.867Z
Lakme Salon,<,4.5,338 Ratings,"Vivekananda Road B M Road Mandya, Mandya",,,Home Services Offered,true,false,false,false,true,Beauty Spa,Popular Beauty Clinics,Mandya,2025-06-02T15:12:34.867Z
Yashashvi Beauty Clinic (Ni),<,4.8,161 Ratings,"Feet Road Gandhi Nagar Mandya, Mandya",,,,true,false,false,false,true,Beauty Spa,Popular Beauty Clinics,Mandya,2025-06-02T15:12:34.868Z
Sparsha Skin Care Clinic,<,3.7,69 Ratings,"VV Road Ashok Nagar Mandya, Mandya",,,,true,false,false,false,false,Beauty Spa,Popular Beauty Clinics,Mandya,2025-06-02T15:12:34.868Z
Natural Beauty Parlour,<,4.2,11 Ratings,"5 Cross Gandhi Nagar Mandya, Mandya",,,Home Services Offered,true,false,false,false,true,Beauty Spa,Popular Beauty Clinics,Mandya,2025-06-02T15:12:34.868Z
Kanniika Beauty Parlour,<,4.1,9 Ratings,"Cheeranahally Road Mandya Ho, Mandya",,,Home Services Offered,true,false,false,false,true,Beauty Spa,Popular Beauty Clinics,Mandya,2025-06-02T15:12:34.868Z
Apsara Herbal Beauty Parlour,<,4.2,3 Ratings,"Door No.3, Srirangapatna",,,Beauty Parlours For Hair Extension; Beauty Parlours,true,false,false,false,true,Beauty Spa,Popular Beauty Clinics,Mandya,2025-06-02T15:12:34.868Z
Payal Beauty Parlour,<,5.0,2 Ratings,"Bazar Road, Mandya",,,Home Services Offered,false,false,false,false,true,Beauty Spa,Popular Beauty Clinics,Mandya,2025-06-02T15:12:34.869Z
The BEST Saloon and Spa,<,5.0,1 Ratings,"Feet Road Subash Nagar Mandya, Mandya",,,Home Services Offered,true,false,false,false,true,Beauty Spa,Popular Beauty Clinics,Mandya,2025-06-02T15:12:34.869Z
Kohana Professional Beauty Salon,+,4.0,10 Ratings,"Ringroad Sathagalli Layout, Mysore",,,Bridal Makeup Artists; Body Massage Centres,false,false,false,false,false,Beauty Spa,Popular Beauty Clinics,Mandya,2025-06-02T15:12:34.869Z
Matrix Beauty World,+,4.7,83 Ratings,"Main Road Narasimharaja Mohalla, Mysore",,,Home Services Offered,true,false,false,false,true,Beauty Spa,Popular Beauty Clinics,Mandya,2025-06-02T15:12:34.869Z
Roopa Herbal Beauty Care,+,5.0,1 Ratings,"Naidunagar, Mysore",,,Home Services Offered,true,false,false,false,false,Beauty Spa,Popular Beauty Clinics,Mandya,2025-06-02T15:12:34.870Z
Dhanvi Ayurveda Centre,D,4.5,1 Ratings,"Revenue Layout Naidunagar, Mysore",,,,true,false,false,false,true,Beauty Spa,Popular Beauty Clinics,Mandya,2025-06-02T15:12:34.870Z
N S Beauty Parlour,+,5.0,4 Ratings,"Masjid Road Kalyana Girinagar, Mysore",,,Home Services Offered,true,false,false,false,true,Beauty Spa,Popular Beauty Clinics,Mandya,2025-06-02T15:12:34.870Z
Ameena Beauty Care,+,3.0,2 Ratings,"Quba Masjid Main Road Udayagiri, Mysore",,,Beauty Parlours At Home; Beauty Spas,true,false,false,false,false,Beauty Spa,Popular Beauty Clinics,Mandya,2025-06-02T15:12:34.871Z
FOREVER Wellness And Aesthetics,+,4.8,38 Ratings,"2nd Cross Rajendranagar, Mysore",,,,true,false,false,false,true,Beauty Spa,Popular Beauty Clinics,Mandya,2025-06-02T15:12:34.871Z
Ayeshu Makeup and Beauty Salon,+,4.7,14 Ratings,"3rd Stage Siddique Nagar, Mysore",,,Home Services Offered,true,false,false,false,true,Beauty Spa,Popular Beauty Clinics,Mandya,2025-06-02T15:12:34.871Z
Ani Beauty Parlour,A,5.0,1 Ratings,"Mysore Bannur Road Yaraganahalli, Mysore",,,Home Services Offered,true,false,false,false,false,Beauty Spa,Popular Beauty Clinics,Mandya,2025-06-02T15:12:34.871Z
Stylen Shave Hair and Skin Care,+,4.8,215 Ratings,"Siddhartha Layout, Mysore",,,Home Services Offered,true,false,false,false,true,Beauty Spa,Popular Beauty Clinics,Mandya,2025-06-02T15:12:34.871Z
Makeover and Hair Care By Haseena,+,4.6,22 Ratings,"1st Stage Rajivnagar, Mysore",,08123753181,Home Services Offered,true,false,false,false,true,Beauty Spa,Popular Beauty Clinics,Mandya,2025-06-02T15:12:34.872Z
Radiance Skin Hair,+,4.8,330 Ratings,"Sangeetha Corner Siddarthanagar, Mysore",,,,true,false,false,false,true,Beauty Spa,Popular Beauty Clinics,Mandya,2025-06-02T15:12:34.872Z
T Studio And Salons,T,4.4,18 Ratings,"Mysore Road Bannimantap, Mysore",,,Salons; Beauty Spas,true,false,false,false,true,Beauty Spa,Popular Beauty Clinics,Mandya,2025-06-02T15:12:34.872Z
Pretty Curls,+,5.0,4 Ratings,"Patel Nagar Alanahalli, Mysore",,,Home Services Offered,true,false,false,false,true,Beauty Spa,Popular Beauty Clinics,Mandya,2025-06-02T15:12:34.872Z
Magnolia The Hair And Skin Salon,M,3.8,39 Ratings,"Layout Shivarathreeswara Nagar, Mysore",,,Home Services Offered,true,false,false,false,false,Beauty Spa,Popular Beauty Clinics,Mandya,2025-06-02T15:12:34.872Z
MS Men's Salon,+,4.0,2 Ratings,"Vinay Marga Siddhartha Layout, Mysore",,,Salons; Beauty Spas,true,false,false,false,false,Beauty Spa,Popular Beauty Clinics,Mandya,2025-06-02T15:12:34.872Z
Affinity The Beauty Salon,+,4.0,24 Ratings,"Marga Main Road Siddarthanagar, Mysore",,,Beauty clinics,true,false,false,false,false,Beauty Spa,Popular Beauty Clinics,Mandya,2025-06-02T15:12:34.872Z
AURA DENTAL AND AESTHETIC CENTRE,+,5.0,84 Ratings,"Subhash Nagar Subhashnagar, Mysore",,,Laser Dentistry; Conservative Dentistry,true,false,false,false,true,Beauty Spa,Popular Beauty Clinics,Mandya,2025-06-02T15:12:34.872Z
Nanditha Beauty Parlour,+,3.3,5 Ratings,"Main Road Gayathripuram, Mysore",,,Home Services Offered,true,false,false,false,false,Beauty Spa,Popular Beauty Clinics,Mandya,2025-06-02T15:12:34.873Z
Lime Light Family Salon,L,3.0,3 Ratings,"Siddarthanagar, Mysore",,,Home Services Offered,true,false,false,false,false,Beauty Spa,Popular Beauty Clinics,Mandya,2025-06-02T15:12:34.873Z
Hair N Face Care Salon And Spa,+,3.9,12 Ratings,"Bannimatap C Layout Banni Mantap, Mysore",,,Salons; Beauty Spas,true,false,false,false,false,Beauty Spa,Popular Beauty Clinics,Mandya,2025-06-02T15:12:34.873Z
Touch And Glow Herbal Beauty Parlour,+,5.0,2 Ratings,"Temple Road Banni Mantap, Mysore",,,Beauty Spas; Beauty Parlours,true,false,false,false,true,Beauty Spa,Popular Beauty Clinics,Mandya,2025-06-02T15:12:34.873Z
Shahnaz Hussain Herbals,+,3.9,34 Ratings,"Dr Nelson Mandela Road Santhepet, Mysore",,08460400289,Home Services Offered,true,false,false,false,false,Beauty Spa,Popular Beauty Clinics,Mandya,2025-06-02T15:12:34.873Z
Big Boss Saloon,B,5.0,1 Ratings,"CV Road Banni Mantap, Mysore",,,Beauty Parlours; Makeup Artists,true,false,false,false,false,Beauty Spa,Popular Beauty Clinics,Mandya,2025-06-02T15:12:34.873Z
Dreams Spa And The Beauty Zone Unisex,D,3.8,23 Ratings,"Dr Nelson Mandela Road Santhepet, Mysore",,,Home Services Offered,true,false,false,false,false,Beauty Spa,Popular Beauty Clinics,Mandya,2025-06-02T15:12:34.873Z
Fara Herbal Beauty Care,+,5.0,1 Ratings,"Wasely Road Tilaknagar, Mysore",,,Beauty Parlours For Bridal; Beauty Parlours,true,false,false,false,true,Beauty Spa,Popular Beauty Clinics,Mandya,2025-06-02T15:12:34.873Z
Lavender Beauty Spa,L,3.6,12 Ratings,"No.73 SK Continental Nazarbad, Mysore",,,Beauty Spas; Beauty Parlours,false,false,false,false,false,Beauty Spa,Popular Beauty Clinics,Mandya,2025-06-02T15:12:34.873Z
Lotus Wellness S P A,L,3.6,117 Ratings,"Rao Road Devaraja Mohalla, Mysore",,,Beauty Parlours For Makeup; Body Massage Centres,true,false,false,false,false,Beauty Spa,Popular Beauty Clinics,Mandya,2025-06-02T15:12:34.873Z
Pink And Purple Unisex Saloon & Spa,+,4.0,12 Ratings,"Zoo Garden Main Road Nazarbad, Mysore",,,Home Services Offered,true,false,false,false,false,Beauty Spa,Popular Beauty Clinics,Mandya,2025-06-02T15:12:34.874Z
A1 Beauty Salon & Makeovers,+,4.5,2 Ratings,"Main Road Lokanayakanagara, Mysore",,,Home Services Offered,true,false,false,false,false,Beauty Spa,Popular Beauty Clinics,Mandya,2025-06-02T15:12:34.874Z
Rivaah Beauty Salon (Only For Ladies),+,4.5,37 Ratings,"Channel Road Channapatna Bazar, Channapatna",,,Home Services Offered,true,false,false,false,true,Beauty Spa,Popular Beauty Clinics,Mandya,2025-06-02T15:12:34.874Z
Saanvi Beauty,+,4.7,101 Ratings,"KIADB Housing Layout Hebbal, Mysore",,08511840459,Home Services Offered; Style Make Over,true,false,false,true,true,Beauty Spa,Popular Beauty Clinics,Mandya,2025-06-02T15:12:34.874Z
Iora Beauty Salon (Only For Ladies),+,4.1,129 Ratings,"3rd Stage Gokulam, Mysore",,,Beauty Parlours; Salons,true,false,false,false,true,Beauty Spa,Popular Beauty Clinics,Mandya,2025-06-02T15:12:34.874Z
Greena Beauty Parlour And Spa,G,3.4,5 Ratings,"Mohalla Devaraj Urs Road, Mysore",,,Beauty Parlours For Facial; Beauty Spas,false,false,false,false,false,Beauty Spa,Popular Beauty Clinics,Mandya,2025-06-02T15:12:34.874Z
Skinpartner,+,4.6,124 Ratings,"Vinoba Road Shivarampet, Mysore",,,,true,false,false,false,true,Beauty Spa,Popular Beauty Clinics,Mandya,2025-06-02T15:12:34.874Z
Cinderellas Beauty Parlour,+,3.4,54 Ratings,"Danvanthri Road Dhanavantri Road, Mysore",,,Home Services Offered,true,false,false,false,false,Beauty Spa,Popular Beauty Clinics,Mandya,2025-06-02T15:12:34.874Z
Nirmala Skin Clinic,+,3.6,185 Ratings,"Devaraj Urs Devaraj Urs Road, Mysore",,,,true,false,false,false,false,Beauty Spa,Popular Beauty Clinics,Mandya,2025-06-02T15:12:34.874Z
Wings For Beauty Zone,+,4.7,154 Ratings,"SBI Main Road Hebbal, Mysore",,08511445625,Home Services Offered,true,false,false,false,true,Beauty Spa,Popular Beauty Clinics,Mandya,2025-06-02T15:12:34.875Z
Dr. Kanya Kids Care,D,4.9,6 Ratings,"SBI Main Road Hebbal, Mysore",,,,false,false,false,false,true,Beauty Spa,Popular Beauty Clinics,Mandya,2025-06-02T15:12:34.875Z
Lotus Beauty Salon Academy,<,4.3,44 Ratings,"100 Feet Road Mandya Subashnagar, Mandya",,,Home Services Offered; Waxing; Facial,true,true,false,true,true,Beauty Spa,Popular Bridal Makeup Artists,Mandya,2025-06-02T15:13:38.345Z
Glitz & Glam Unisex Salon,<,4.6,33 Ratings,"1st Floor Vv Road, Mandya",,08460221238,Home Services Offered; Waxing; Bridal Makeup,true,true,false,true,true,Beauty Spa,Popular Bridal Makeup Artists,Mandya,2025-06-02T15:13:38.345Z
Glam World Make Up Studio,<,4.9,20 Ratings,"Road Srirangapatna Fort Mandya, Srirangapatna",,08460383228,Bridal Makeup,true,true,false,false,true,Beauty Spa,Popular Bridal Makeup Artists,Mandya,2025-06-02T15:13:38.345Z
V N C Beauty Lounge,<,5.0,11 Ratings,"Road Chamundeshwari Nagar Mandya, Mandya",,08460240253,Home Services Offered; Facial; Bridal Makeup,true,true,false,true,true,Beauty Spa,Popular Bridal Makeup Artists,Mandya,2025-06-02T15:13:38.345Z
Yashodeepa Beauty Parlour,<,4.9,35 Ratings,"Kr Pete Thaluk Anegola, Mandya",,08197659761,Facial,true,true,false,true,true,Beauty Spa,Popular Bridal Makeup Artists,Mandya,2025-06-02T15:13:38.345Z
Sunag Makeup Studio,<,4.9,32 Ratings,"Ashok Nagar Guttalu Mandya, Mandya",,07041441372,Home Services Offered,true,true,false,true,true,Beauty Spa,Popular Bridal Makeup Artists,Mandya,2025-06-02T15:13:38.345Z
V Care Ladies Saloon and S Pa,<,5.0,16 Ratings,"Hosahalli Road Hosahalli Extn, Mandya",,09724029344,Waxing; Facial; Bridal Makeup,true,true,false,true,true,Beauty Spa,Popular Bridal Makeup Artists,Mandya,2025-06-02T15:13:38.345Z
Creative Designs & Event Rocker,<,4.6,5 Ratings,"Vent Ashok Nagar Mandya, Mandya",,,Banquet Hall Decoration; Videography,true,true,false,false,true,Beauty Spa,Popular Bridal Makeup Artists,Mandya,2025-06-02T15:13:38.345Z
V 1 Unisex Salon,<,5.0,11 Ratings,"Feet Road Gandhi Nagar Mandya, Mandya",,07383857247,Waxing; Facial; Bridal Makeup,true,true,false,false,true,Beauty Spa,Popular Bridal Makeup Artists,Mandya,2025-06-02T15:13:38.345Z
Make-over by Sindhura,<,4.8,18 Ratings,"Nagamangala, Mandya",,08511445714,Beauty Parlours; Makeup Artists,true,true,false,false,false,Beauty Spa,Popular Bridal Makeup Artists,Mandya,2025-06-02T15:13:38.345Z
Sowna Herbal Beauty Parluor Fancy Store and Chamundeshwari Garments,+,5.0,15 Ratings,"Nagara Krishnarajapete, Mandya",,,Home Services Offered; Waxing; Facial,true,true,false,false,true,Beauty Spa,Popular Bridal Makeup Artists,Mandya,2025-06-02T15:13:38.345Z
Apsara Beauty Parlour,+,3.9,12 Ratings,"V V Road Ashok Nagar Mandya, Mandya",,,Home Services Offered; Waxing; Facial,true,true,false,false,false,Beauty Spa,Popular Bridal Makeup Artists,Mandya,2025-06-02T15:13:38.346Z
Lakshmi S Beauty Zone,+,4.5,4 Ratings,"Krishnarajapete, Mandya",,,Bridal Makeup,true,true,false,false,true,Beauty Spa,Popular Bridal Makeup Artists,Mandya,2025-06-02T15:13:38.346Z
The White Lotus (No1 Bridal Makeup Artist),+,4.4,22 Ratings,"Circle Ashok Nagar Mandya, Mandya",,,Home Services Offered; Waxing; Bridal Makeup,true,true,false,false,true,Beauty Spa,Popular Bridal Makeup Artists,Mandya,2025-06-02T15:13:38.346Z
Blushberry Beauty Parlor,B,4.6,7 Ratings,"Vv Road Ashok Nagar Mandya, Mandya",,,Home Services Offered; Waxing; Facial,true,true,false,false,true,Beauty Spa,Popular Bridal Makeup Artists,Mandya,2025-06-02T15:13:38.346Z
Miracle Touch Beauty Salon,+,4.8,"1,100 Ratings","Road Chamundeshwari Nagar Mandya, Mandya",,,Waxing; Bridal Makeup,true,true,false,false,true,Beauty Spa,Popular Bridal Makeup Artists,Mandya,2025-06-02T15:13:38.346Z
Lakme Salon,+,4.5,338 Ratings,"Vivekananda Road B M Road Mandya, Mandya",,,Home Services Offered; Nail Art; Waxing,true,true,false,false,true,Beauty Spa,Popular Bridal Makeup Artists,Mandya,2025-06-02T15:13:38.346Z
Yashashvi Beauty Clinic (Ni),+,4.8,161 Ratings,"Feet Road Gandhi Nagar Mandya, Mandya",,,,true,true,false,false,true,Beauty Spa,Popular Bridal Makeup Artists,Mandya,2025-06-02T15:13:38.346Z
Shaanvi Beauty Spot and Bridal Studio,+,4.9,90 Ratings,"Vv Road Ashok Nagar Mandya, Mandya",,,Home Services Offered; Waxing; Facial,true,true,false,false,true,Beauty Spa,Popular Bridal Makeup Artists,Mandya,2025-06-02T15:13:38.346Z
Sri Gowri Beauty Zone,+,4.7,74 Ratings,"Nagamangala, Mandya",,,Waxing; Bridal Makeup,true,true,false,false,true,Beauty Spa,Popular Bridal Makeup Artists,Mandya,2025-06-02T15:13:38.346Z
Alankar Hair Style,+,4.9,44 Ratings,"Chamarajanagar Road Nagamangala, Mandya",,,Facial,false,true,false,false,true,Beauty Spa,Popular Bridal Makeup Artists,Mandya,2025-06-02T15:13:38.346Z
Sinver makeup studio and salon,+,4.7,39 Ratings,"Old Mc Road Maddur Mandya, Mandya",,,Home Services Offered; Waxing; Facial,true,true,false,false,true,Beauty Spa,Popular Bridal Makeup Artists,Mandya,2025-06-02T15:13:38.346Z
Spoorthi Shetty,+,4.8,23 Ratings,"Halagur, Mandya",,,Bridal Makeup,false,true,false,false,false,Beauty Spa,Popular Bridal Makeup Artists,Mandya,2025-06-02T15:13:38.346Z
Seharish Beauty Parlour,+,4.7,21 Ratings,"Guthal Road Guttalu Mandya, Mandya",,,Home Services Offered; Waxing; Facial,true,true,false,false,true,Beauty Spa,Popular Bridal Makeup Artists,Mandya,2025-06-02T15:13:38.346Z
Beu Belle Beauty Parlour,+,4.1,23 Ratings,"Nh275 Madduru Maddur Mandya, Mandya",,,Home Services Offered; Waxing; Facial,true,true,false,false,true,Beauty Spa,Popular Bridal Makeup Artists,Mandya,2025-06-02T15:13:38.346Z
Shanthala High Tech Beauty Parlour,+,4.5,17 Ratings,"Mahalakshmi Theater Malavalli, Mandya",,,Facial; Bridal Makeup,true,true,false,false,true,Beauty Spa,Popular Bridal Makeup Artists,Mandya,2025-06-02T15:13:38.346Z
A 1 Herbal Beauty Parlour,+,4.4,15 Ratings,"2nd Cross Maddur Mandya, Mandya",,,Home Services Offered; Waxing; Bridal Makeup,true,true,false,false,true,Beauty Spa,Popular Bridal Makeup Artists,Mandya,2025-06-02T15:13:38.346Z
Mayuri Beauty Parlour,M,4.1,16 Ratings,"3rd Cross Ashok Nagar Mandya, Mandya",,,Beauty Parlours; Women Beauty Parlours,true,true,false,false,true,Beauty Spa,Popular Bridal Makeup Artists,Mandya,2025-06-02T15:13:38.346Z
Beautyblends By Madhu,+,5.0,13 Ratings,"Subash Nagar Krishnarajapete, Mandya",,,Home Services Offered; Bridal Makeup,true,true,false,false,true,Beauty Spa,Popular Bridal Makeup Artists,Mandya,2025-06-02T15:13:38.346Z
Shrungar Beauty Parlour,+,4.5,11 Ratings,"Guthal Road Guttalu Mandya, Mandya",,,Waxing; Bridal Makeup,true,true,false,false,true,Beauty Spa,Popular Bridal Makeup Artists,Mandya,2025-06-02T15:13:38.346Z
Natural Beauty Parlour,N,4.2,11 Ratings,"5 Cross Gandhi Nagar Mandya, Mandya",,,Home Services Offered; Waxing; Bridal Makeup,true,true,false,false,true,Beauty Spa,Popular Bridal Makeup Artists,Mandya,2025-06-02T15:13:38.346Z
Elegant Touch By Supriya,+,4.9,9 Ratings,"2nd Cross, Mandya",,,Makeup Artists; Bridal Makeup Artists,true,true,false,false,false,Beauty Spa,Popular Bridal Makeup Artists,Mandya,2025-06-02T15:13:38.346Z
Diva Beautiful Parlour,+,3.3,12 Ratings,"Cross Ashok Ashok Nagar Mandya, Mandya",,,Home Services Offered; Bridal Makeup,true,true,false,false,false,Beauty Spa,Popular Bridal Makeup Artists,Mandya,2025-06-02T15:13:38.346Z
Kanniika Beauty Parlour,+,4.1,9 Ratings,"Cheeranahally Road Mandya Ho, Mandya",,,Home Services Offered; Waxing; Bridal Makeup,true,true,false,false,true,Beauty Spa,Popular Bridal Makeup Artists,Mandya,2025-06-02T15:13:38.346Z
Anu Herbal Beauty Parlour,+,3.6,10 Ratings,"Railway Old MC Road Mandya, Mandya",,,Home Services Offered; Waxing; Bridal Makeup,true,true,false,false,false,Beauty Spa,Popular Bridal Makeup Artists,Mandya,2025-06-02T15:13:38.346Z
Roopa Herbal Beauty Parlour,R,5.0,6 Ratings,"K R S Road Pandavapura, Mandya",,,Waxing,true,true,false,false,true,Beauty Spa,Popular Bridal Makeup Artists,Mandya,2025-06-02T15:13:38.346Z
Sehrish Beauty Parlour,+,4.3,6 Ratings,"Guthal Road Gautaham Badavane, Mandya",,,Bridal Makeup,true,true,false,false,true,Beauty Spa,Popular Bridal Makeup Artists,Mandya,2025-06-02T15:13:38.347Z
Nandini Herbal Beauty Parlour,+,4.3,6 Ratings,"Gere Road Nehru Nagar Mandya, Mandya",,,Home Services Offered; Waxing; Facial,true,true,false,false,true,Beauty Spa,Popular Bridal Makeup Artists,Mandya,2025-06-02T15:13:38.347Z
Padma Makeover,P,5.0,5 Ratings,"Hosahalli Extn, Mandya",,,Home Services Offered; Waxing; Facial,true,true,false,false,true,Beauty Spa,Popular Bridal Makeup Artists,Mandya,2025-06-02T15:13:38.347Z
Akruthi beauty zone,A,5.0,5 Ratings,"Jain Street Jain Street, Mandya",,,Home Services Offered; Waxing; Facial,true,true,false,false,true,Beauty Spa,Popular Bridal Makeup Artists,Mandya,2025-06-02T15:13:38.347Z
Vaishnavi Herbal Beauty Parlor,+,5.0,5 Ratings,"Guttalu Road, Mandya",,,Home Services Offered; Waxing; Bridal Makeup,true,true,false,false,true,Beauty Spa,Popular Bridal Makeup Artists,Mandya,2025-06-02T15:13:38.347Z
Stylish and glam beauty salon,+,5.0,5 Ratings,"Bannur Road Mandya Mandya City, Mandya",,,Waxing; Facial; Bridal Makeup,true,true,false,false,true,Beauty Spa,Popular Bridal Makeup Artists,Mandya,2025-06-02T15:13:38.347Z
Sachin Gents Parlour,+,4.7,5 Ratings,"Mc Road M C Road Mandya, Mandya",,,Beauty Parlours; Makeup Artists,true,true,false,false,true,Beauty Spa,Popular Bridal Makeup Artists,Mandya,2025-06-02T15:13:38.347Z
Ananya Beauty Parlour,+,3.6,5 Ratings,"3rd Cross Shankarnagar, Mandya",,,Home Services Offered; Bridal Makeup,true,true,false,false,false,Beauty Spa,Popular Bridal Makeup Artists,Mandya,2025-06-02T15:13:38.347Z
Sunshine Beauty Parlour,S,3.4,5 Ratings,"V V Road Mandya, Mandya",,,Home Services Offered; Waxing; Facial,true,true,false,false,false,Beauty Spa,Popular Bridal Makeup Artists,Mandya,2025-06-02T15:13:38.347Z
Limpana Siri Beauty Parlour and Boutique,+,3.8,4 Ratings,"100feet Road Gandhi Nagar Mandya, Mandya",,,Home Services Offered; Waxing; Facial,true,true,false,false,false,Beauty Spa,Popular Bridal Makeup Artists,Mandya,2025-06-02T15:13:38.347Z
Shine Heral Beauty Parlour,+,5.0,3 Ratings,"Via Mysore  Road Nagamangala, Mandya",,,Home Services Offered; Waxing; Facial,true,true,false,false,true,Beauty Spa,Popular Bridal Makeup Artists,Mandya,2025-06-02T15:13:38.347Z
Umra Beauty Parlour,U,4.3,3 Ratings,"Nehru Nagar Kolakaranadoddi, Mandya",,,Waxing; Facial; Bridal Makeup,false,true,false,false,true,Beauty Spa,Popular Bridal Makeup Artists,Mandya,2025-06-02T15:13:38.347Z
Apsara Herbal Beauty Parlour,+,4.2,3 Ratings,"Door No.3, Srirangapatna",,,Waxing; Bridal Makeup,true,true,false,false,true,Beauty Spa,Popular Bridal Makeup Artists,Mandya,2025-06-02T15:13:38.347Z
Padma Makeover,<,5.0,5 Ratings,"Hosahalli Extn, Mandya",,,Home Services Offered; Waxing; Facial,true,false,false,false,true,Beauty Spa,Popular Groom Makeup Artists,Mandya,2025-06-02T15:14:41.179Z
Blushberry Beauty Parlor,<,4.6,7 Ratings,"Vv Road Ashok Nagar Mandya, Mandya",,,Home Services Offered; Waxing; Facial,true,false,false,false,true,Beauty Spa,Popular Groom Makeup Artists,Mandya,2025-06-02T15:14:41.179Z
Lakme Salon,<,4.5,338 Ratings,"Vivekananda Road B M Road Mandya, Mandya",,,Home Services Offered; Nail Art; Waxing,true,false,false,false,true,Beauty Spa,Popular Groom Makeup Artists,Mandya,2025-06-02T15:14:41.180Z
Alankar Hair Style,<,4.9,44 Ratings,"Chamarajanagar Road Nagamangala, Mandya",,,Facial,false,false,false,false,true,Beauty Spa,Popular Groom Makeup Artists,Mandya,2025-06-02T15:14:41.180Z
Shanthala High Tech Beauty Parlour,<,4.5,17 Ratings,"Mahalakshmi Theater Malavalli, Mandya",,,Facial; Bridal Makeup,true,false,false,false,true,Beauty Spa,Popular Groom Makeup Artists,Mandya,2025-06-02T15:14:41.180Z
Akruthi beauty zone,<,5.0,5 Ratings,"Jain Street Jain Street, Mandya",,,Home Services Offered; Waxing; Facial,true,false,false,false,true,Beauty Spa,Popular Groom Makeup Artists,Mandya,2025-06-02T15:14:41.180Z
Umra Beauty Parlour,<,4.3,3 Ratings,"Nehru Nagar Kolakaranadoddi, Mandya",,,Waxing; Facial; Bridal Makeup,false,false,false,false,true,Beauty Spa,Popular Groom Makeup Artists,Mandya,2025-06-02T15:14:41.181Z
Ruchitha Men'S Hair Saloon,<,4.0,2 Ratings,"Panchayth Complex Bherya, Mysore",,,Facial,false,false,false,false,false,Beauty Spa,Popular Groom Makeup Artists,Mandya,2025-06-02T15:14:41.181Z
Padmamakeover,<,2.5,2 Ratings,"Gandi Nagar Kuvempu Nagar, Mandya",,,Home Services Offered; Waxing; Facial,true,false,false,false,false,Beauty Spa,Popular Groom Makeup Artists,Mandya,2025-06-02T15:14:41.181Z
Kohana Professional Beauty Salon,<,4.0,10 Ratings,"Ringroad Sathagalli Layout, Mysore",,,Bridal Makeup,false,false,false,false,false,Beauty Spa,Popular Groom Makeup Artists,Mandya,2025-06-02T15:14:41.181Z
Shehnai Event Palnners,S,5.0,1 Ratings,"Masjid Road Rajivnagar, Mysore",,,Home Services Offered; Waxing; Facial,true,false,false,false,true,Beauty Spa,Popular Groom Makeup Artists,Mandya,2025-06-02T15:14:41.182Z
Kavi Beauty Care,+,4.0,23 Ratings,"Main Road Sathagalli Layout, Mysore",,,Waxing; Bridal Makeup,true,false,false,false,false,Beauty Spa,Popular Groom Makeup Artists,Mandya,2025-06-02T15:14:41.182Z
Trend Looks Beauty Salon,+,4.8,16 Ratings,"KEB Colony, Mysore",,,Waxing; Facial; Bridal Makeup,true,false,false,false,true,Beauty Spa,Popular Groom Makeup Artists,Mandya,2025-06-02T15:14:41.182Z
Raksha Makeover,+,4.7,21 Ratings,"Yaraganahalli Yaraganahalli, Mysore",,,Bridal Makeup Artists; Makeup Artists,false,false,false,false,false,Beauty Spa,Popular Groom Makeup Artists,Mandya,2025-06-02T15:14:41.183Z
Dals Makeup Studio And Academy,+,5.0,12 Ratings,"No. 82 Naidunagar, Mysore",,,Bridal Makeup Artists; Makeup Artists,true,false,false,false,false,Beauty Spa,Popular Groom Makeup Artists,Mandya,2025-06-02T15:14:41.183Z
Chinnu Beauty Nest,+,4.3,3 Ratings,"Chinnu Beauty Nest Shakthinagar, Mysore",,,Waxing; Facial; Bridal Makeup,true,false,false,false,true,Beauty Spa,Popular Groom Makeup Artists,Mandya,2025-06-02T15:14:41.183Z
She Beauty Care,S,5.0,2 Ratings,"Yaraganahalli Alanahalli, Mysore",,,Waxing; Bridal Makeup,true,false,false,false,false,Beauty Spa,Popular Groom Makeup Artists,Mandya,2025-06-02T15:14:41.183Z
Crops Beauty Salon,C,4.6,68 Ratings,"Rajkumar Main Road Shakthinagar, Mysore",,,Waxing; Facial; Bridal Makeup,true,false,false,false,true,Beauty Spa,Popular Groom Makeup Artists,Mandya,2025-06-02T15:14:41.183Z
Arvis  Makeup & Events,+,4.7,41 Ratings,"Rajkumar Road Circle Alanahalli, Mysore",,09972802257,Home Services Offered; Waxing; Facial,true,false,false,true,true,Beauty Spa,Popular Groom Makeup Artists,Mandya,2025-06-02T15:14:41.184Z
Manasa Beauty Salon,+,4.5,46 Ratings,"D7th Cross Rajendranagar, Mysore",,,Waxing; Facial; Bridal Makeup,true,false,false,false,true,Beauty Spa,Popular Groom Makeup Artists,Mandya,2025-06-02T15:14:41.184Z
The Beauty Lounge Family Saloon,+,4.8,8 Ratings,"Corner Main Road Siddarthanagar, Mysore",,,Home Services Offered; Bridal Makeup,true,false,false,false,true,Beauty Spa,Popular Groom Makeup Artists,Mandya,2025-06-02T15:14:41.184Z
Lakme Salon,+,4.8,"1,194 Ratings","Vinaya Marga Siddarthanagar, Mysore",,,,true,false,false,false,true,Beauty Spa,Popular Groom Makeup Artists,Mandya,2025-06-02T15:14:41.184Z
New Wella,+,4.3,504 Ratings,"Mysuru Siddhartha Layout, Mysore",,,Waxing; Facial; Bridal Makeup,true,false,false,false,true,Beauty Spa,Popular Groom Makeup Artists,Mandya,2025-06-02T15:14:41.184Z
A K Kruthi Beauty Salon Studio and Academy,+,5.0,1 Ratings,"Kyathamaranahalli, Mysore",,,Home Services Offered; Waxing; Facial,true,false,false,false,true,Beauty Spa,Popular Groom Makeup Artists,Mandya,2025-06-02T15:14:41.185Z
Lavish Beauty Salon And Bridal Makeup,L,4.5,4 Ratings,"Layout Siddhartha Layout, Mysore",,,Waxing; Facial; Bridal Makeup,false,false,false,false,true,Beauty Spa,Popular Groom Makeup Artists,Mandya,2025-06-02T15:14:41.185Z
Scissors Hair&Beuty Salon,+,5.0,188 Ratings,"Main Road Narasimharaja Mohalla, Mysore",,,Bridal Makeup,false,false,false,false,true,Beauty Spa,Popular Groom Makeup Artists,Mandya,2025-06-02T15:14:41.185Z
Salon Perimeter,+,4.4,199 Ratings,"Siddhartha Layout, Mysore",,,Waxing; Facial; Bridal Makeup,true,false,false,false,true,Beauty Spa,Popular Groom Makeup Artists,Mandya,2025-06-02T15:14:41.185Z
A1 Urban Beauty Parlour,+,4.4,5 Ratings,"Channapatna Ramanagara, Channapatna",,,,true,false,false,false,true,Beauty Spa,Popular Groom Makeup Artists,Mandya,2025-06-02T15:14:41.185Z
Blue Moon Beauty World,+,5.0,10 Ratings,"80 Feet Road Alanahalli, Mysore",,,Home Services Offered; Waxing; Bridal Makeup,true,false,false,false,true,Beauty Spa,Popular Groom Makeup Artists,Mandya,2025-06-02T15:14:41.185Z
G Star Crystal Studio,+,4.3,31 Ratings,"Bannimantap, Mysore",,,Waxing; Facial; Bridal Makeup,true,false,false,false,true,Beauty Spa,Popular Groom Makeup Artists,Mandya,2025-06-02T15:14:41.186Z
Makeover By Kalai,+,5.0,2 Ratings,"Gayathripuram, Mysore",,,Home Services Offered; Bridal Makeup,true,false,false,false,false,Beauty Spa,Popular Groom Makeup Artists,Mandya,2025-06-02T15:14:41.186Z
Dr Beauty World,D,3.5,2 Ratings,"Main Road Gandhinagar, Mysore",,,Waxing; Facial,true,false,false,false,false,Beauty Spa,Popular Groom Makeup Artists,Mandya,2025-06-02T15:14:41.186Z
Spark Beauty World,+,4.2,326 Ratings,"Bannur Road Siddarthanagar, Mysore",,,Waxing; Facial,true,false,false,false,true,Beauty Spa,Popular Groom Makeup Artists,Mandya,2025-06-02T15:14:41.186Z
Spark Beauty Parlour,+,4.1,107 Ratings,"Bakery New Banimantap Extension, Mysore",,,Waxing; Facial; Bridal Makeup,true,false,false,false,true,Beauty Spa,Popular Groom Makeup Artists,Mandya,2025-06-02T15:14:41.186Z
Big Boss Saloon,B,5.0,1 Ratings,"CV Road Banni Mantap, Mysore",,,Beauty Parlours; Makeup Artists,true,false,false,false,false,Beauty Spa,Popular Groom Makeup Artists,Mandya,2025-06-02T15:14:41.186Z
makeoverby vanithashivaraj,+,5.0,18 Ratings,"Hebbal Mysore Metagalli, Mysore",,,Bridal Makeup Artists; Makeup Artists,true,false,false,false,false,Beauty Spa,Popular Groom Makeup Artists,Mandya,2025-06-02T15:14:41.186Z
Nisargasiri Beauty Parlour And Cosmetics,+,5.0,6 Ratings,"Road Tirumakudalu Narasipura, Mysore",,,Waxing; Facial; Bridal Makeup,true,false,false,false,true,Beauty Spa,Popular Groom Makeup Artists,Mandya,2025-06-02T15:14:41.186Z
pretty angels,+,4.9,148 Ratings,"Krs Road Metagalli, Mysore",,,Home Services Offered; Facial; Bridal Makeup,true,false,false,false,true,Beauty Spa,Popular Groom Makeup Artists,Mandya,2025-06-02T15:14:41.187Z
Young Berry Herbal Beauty Clinic,Y,4.4,7 Ratings,"Mysuru Brindavan Extension, Mysore",,,Waxing; Facial; Bridal Makeup,true,false,false,false,true,Beauty Spa,Popular Groom Makeup Artists,Mandya,2025-06-02T15:14:41.187Z
Chandini Makeover,+,4.9,12 Ratings,"Irwin Road Lashkar Mohalla, Mysore",,,,true,false,false,false,true,Beauty Spa,Popular Groom Makeup Artists,Mandya,2025-06-02T15:14:41.187Z
Golden Beauty Zone,G,4.0,2 Ratings,"Mandi Mohalla Lashkar Mohalla, Mysore",,,Waxing; Facial; Bridal Makeup,true,false,false,false,false,Beauty Spa,Popular Groom Makeup Artists,Mandya,2025-06-02T15:14:41.187Z
Makeup By Sitharra H,+,4.8,3 Ratings,"Bogadi Mysore City, Mysore",,,Home Services Offered; Bridal Makeup,true,false,false,false,false,Beauty Spa,Popular Groom Makeup Artists,Mandya,2025-06-02T15:14:41.187Z
Flora Beauty Parlour,+,3.5,2 Ratings,"No 18 3rd Cross Indiranagar, Mysore",,,Home Services Offered; Waxing; Facial,true,false,false,false,false,Beauty Spa,Popular Groom Makeup Artists,Mandya,2025-06-02T15:14:41.187Z
Sarah Herbal Beauty Care,S,5.0,38 Ratings,"Yadavagiri Yadavagiri, Mysore",,,Bridal Makeup,true,false,false,false,false,Beauty Spa,Popular Groom Makeup Artists,Mandya,2025-06-02T15:14:41.187Z
Bhargavi Bridal Makeup Artist,+,4.7,31 Ratings,"11 Cross 1st Main Road Hebbal, Mysore",,,Home Services Offered; Bridal Makeup,true,false,false,false,true,Beauty Spa,Popular Groom Makeup Artists,Mandya,2025-06-02T15:14:41.187Z
Glamour House,+,4.8,136 Ratings,"Mysuru Hebbal 1st Stage, Mysore",,,Bridal Makeup,true,false,false,false,true,Beauty Spa,Popular Groom Makeup Artists,Mandya,2025-06-02T15:14:41.187Z
Glamor Beauty Zone,+,4.9,41 Ratings,"Bank Main Road Hebbal, Mysore",,,Beauticians; Bridal Makeup Artists,false,false,false,false,false,Beauty Spa,Popular Groom Makeup Artists,Mandya,2025-06-02T15:14:41.188Z
Makeoverwithsowmyagowda,M,5.0,4 Ratings,"Mysore Fort, Mysore",,,Home Services Offered; Bridal Makeup,true,false,false,false,false,Beauty Spa,Popular Groom Makeup Artists,Mandya,2025-06-02T15:14:41.188Z
Ink Nation Tattoo & Makeup Studio,+,4.9,169 Ratings,"1st Main Gokulam 2nd Stage, Mysore",,08735097898,Home Services Offered,true,false,false,true,true,Beauty Spa,Popular Groom Makeup Artists,Mandya,2025-06-02T15:14:41.188Z
V 1 Unisex Salon,<,5.0,11 Ratings,"Feet Road Gandhi Nagar Mandya, Mandya",,07383857247,Waxing; Facial; Bridal Makeup,true,true,false,false,true,Beauty Spa,Popular Salons,Mandya,2025-06-02T15:15:43.293Z
Ayur Spa & Beauty Saloon,<,4.8,184 Ratings,"Factory Circle Guttalu Mandya, Mandya",,09054601472,,true,true,false,true,true,Beauty Spa,Popular Salons,Mandya,2025-06-02T15:15:43.294Z
Cloud11 Saloon & Spa,<,4.1,41 Ratings,"Bm Road Gandhi Nagar Mandya, Mandya",,08460218986,Salons; Beauty Spas,true,true,false,true,true,Beauty Spa,Popular Salons,Mandya,2025-06-02T15:15:43.294Z
Glam World Make Up Studio,<,4.9,20 Ratings,"Road Srirangapatna Fort Mandya, Srirangapatna",,08460383228,Bridal Makeup,true,true,false,false,true,Beauty Spa,Popular Salons,Mandya,2025-06-02T15:15:43.294Z
Lotus Beauty Salon Academy,<,4.3,44 Ratings,"100 Feet Road Mandya Subashnagar, Mandya",,,Home Services Offered; Waxing; Facial,true,true,false,true,true,Beauty Spa,Popular Salons,Mandya,2025-06-02T15:15:43.295Z
Spin Salon,<,4.6,915 Ratings,"Feet Road Gandhi Nagar Mandya, Mandya",,,Facial,true,true,false,false,true,Beauty Spa,Popular Salons,Mandya,2025-06-02T15:15:43.295Z
Sachin men's parlour,<,4.6,12 Ratings,"Hospital Road Yadaganahalli, Mandya",,,Salons; Men Beauty Parlours,true,true,false,false,false,Beauty Spa,Popular Salons,Mandya,2025-06-02T15:15:43.295Z
Shaanvi Beauty Spot and Bridal Studio,<,4.9,90 Ratings,"Vv Road Ashok Nagar Mandya, Mandya",,,Home Services Offered; Waxing; Facial,true,true,false,false,true,Beauty Spa,Popular Salons,Mandya,2025-06-02T15:15:43.295Z
Miracle Touch Beauty Salon,<,4.8,"1,100 Ratings","Road Chamundeshwari Nagar Mandya, Mandya",,,Waxing; Bridal Makeup,true,true,false,false,true,Beauty Spa,Popular Salons,Mandya,2025-06-02T15:15:43.296Z
Manju Salon,<,4.7,48 Ratings,"Road Chamundeshwari Nagar Mandya, Mandya",,,Facial,true,true,false,false,true,Beauty Spa,Popular Salons,Mandya,2025-06-02T15:15:43.296Z
Miracle Touch Bridal Makeover,+,4.9,65 Ratings,"Road Chamundeshwari Nagar Mandya, Mandya",,,,true,true,false,false,true,Beauty Spa,Popular Salons,Mandya,2025-06-02T15:15:43.296Z
U Shine Men Salon,U,5.0,4 Ratings,"Uma Shiva Complex Pandavapura, Mandya",,,Facial,true,true,false,false,false,Beauty Spa,Popular Salons,Mandya,2025-06-02T15:15:43.297Z
Diva Men's Beauty Saloon,D,3.6,181 Ratings,"Cross Road Ashok Nagar Mandya, Mandya",,,Facial,true,true,false,false,false,Beauty Spa,Popular Salons,Mandya,2025-06-02T15:15:43.297Z
Lakme Salon,+,4.5,338 Ratings,"Vivekananda Road B M Road Mandya, Mandya",,,Home Services Offered; Nail Art; Waxing,true,true,false,false,true,Beauty Spa,Popular Salons,Mandya,2025-06-02T15:15:43.297Z
Yashashvi Beauty Clinic (Ni),+,4.8,161 Ratings,"Feet Road Gandhi Nagar Mandya, Mandya",,,,true,true,false,false,true,Beauty Spa,Popular Salons,Mandya,2025-06-02T15:15:43.298Z
Muttu Raju Hair Dresses,+,4.1,63 Ratings,"Maddur Mandya, Mandya",,,Facial,true,true,false,false,true,Beauty Spa,Popular Salons,Mandya,2025-06-02T15:15:43.298Z
Sri Gowri Beauty Zone,+,4.7,74 Ratings,"Nagamangala, Mandya",,,Waxing; Bridal Makeup,true,true,false,false,true,Beauty Spa,Popular Salons,Mandya,2025-06-02T15:15:43.298Z
Star Beauty Parlour,S,3.6,14 Ratings,"3rd Cross Road Maddur Mandya, Mandya",,,Facial,true,true,false,false,false,Beauty Spa,Popular Salons,Mandya,2025-06-02T15:15:43.299Z
Big Boss Mens Beauty Parlour,+,4.1,41 Ratings,"6th Cross Subash Nagar Mandya, Mandya",,,Facial,true,true,false,false,true,Beauty Spa,Popular Salons,Mandya,2025-06-02T15:15:43.299Z
Brothers Mens Parlour Sridhara Girish,B,4.5,13 Ratings,"Main Road Koppa Mandya, Mandya",,,Salons; Hair Stylists,true,true,false,false,false,Beauty Spa,Popular Salons,Mandya,2025-06-02T15:15:43.299Z
Sinver makeup studio and salon,+,4.7,39 Ratings,"Old Mc Road Maddur Mandya, Mandya",,,Home Services Offered; Waxing; Facial,true,true,false,false,true,Beauty Spa,Popular Salons,Mandya,2025-06-02T15:15:43.299Z
Sri Mahalakshmi Hair Style,S,4.0,7 Ratings,"Si Koddalli, Mandya",,,Salons,false,true,false,false,false,Beauty Spa,Popular Salons,Mandya,2025-06-02T15:15:43.299Z
Nandini Herbal Beauty Parlour,+,4.3,6 Ratings,"Gere Road Nehru Nagar Mandya, Mandya",,,Home Services Offered; Waxing; Facial,true,true,false,false,true,Beauty Spa,Popular Salons,Mandya,2025-06-02T15:15:43.299Z
Shanthala High Tech Beauty Parlour,+,4.5,17 Ratings,"Mahalakshmi Theater Malavalli, Mandya",,,Facial; Bridal Makeup,true,true,false,false,true,Beauty Spa,Popular Salons,Mandya,2025-06-02T15:15:43.300Z
New creative mens parlour,+,4.0,2 Ratings,"Chamundeshwari Nagar Mandya, Mandya",,,Salons,true,true,false,false,false,Beauty Spa,Popular Salons,Mandya,2025-06-02T15:15:43.300Z
A 1 Herbal Beauty Parlour,+,4.4,15 Ratings,"2nd Cross Maddur Mandya, Mandya",,,Home Services Offered; Waxing; Bridal Makeup,true,true,false,false,true,Beauty Spa,Popular Salons,Mandya,2025-06-02T15:15:43.300Z
Natural Beauty Parlour,N,4.2,11 Ratings,"5 Cross Gandhi Nagar Mandya, Mandya",,,Home Services Offered; Waxing; Bridal Makeup,true,true,false,false,true,Beauty Spa,Popular Salons,Mandya,2025-06-02T15:15:43.300Z
Alankar Hair Style,+,4.9,44 Ratings,"Chamarajanagar Road Nagamangala, Mandya",,,Facial,false,true,false,false,true,Beauty Spa,Popular Salons,Mandya,2025-06-02T15:15:43.300Z
New Trupthi Hair Styles,N,3.7,22 Ratings,"Feet Road Gandhi Nagar Mandya, Mandya",,,Salons,true,true,false,false,false,Beauty Spa,Popular Salons,Mandya,2025-06-02T15:15:43.300Z
Mona Beauties,M,4.4,40 Ratings,"Barathi Nagar Mellahalli, Mandya",,,Facial,true,true,false,false,true,Beauty Spa,Popular Salons,Mandya,2025-06-02T15:15:43.300Z
Prasi Men Salon Doddapalya,P,3.0,5 Ratings,"Sh 79 Mundagadore, Mandya",,,Salons; Hair Colour Highlight Services,false,true,false,false,false,Beauty Spa,Popular Salons,Mandya,2025-06-02T15:15:43.301Z
Krishna Mens Parlour,+,4.9,36 Ratings,"Road Chamundeshwari Nagar Mandya, Mandya",,,Beauty Spas; Salons,true,true,false,false,true,Beauty Spa,Popular Salons,Mandya,2025-06-02T15:15:43.301Z
New Look Hair Salon,N,4.0,2 Ratings,"Akkihebbal, Mandya",,,Salons; Hair Colour Highlight Services,false,true,false,false,false,Beauty Spa,Popular Salons,Mandya,2025-06-02T15:15:43.301Z
Loreal Beauty Spa And Salon,+,4.2,15 Ratings,"Srirangapatna Fort Mandya, Srirangapatna",,,,true,true,false,false,true,Beauty Spa,Popular Salons,Mandya,2025-06-02T15:15:43.301Z
Spot Look Salon,+,4.9,92 Ratings,"Main Road Vv Road, Mandya",,,Beauty Parlours; Salons,true,true,false,false,true,Beauty Spa,Popular Salons,Mandya,2025-06-02T15:15:43.301Z
Raj Mens Parlour,+,4.0,2 Ratings,"Krishnarajapete, Mandya",,,Facial,true,true,false,false,false,Beauty Spa,Popular Salons,Mandya,2025-06-02T15:15:43.301Z
Umra Beauty Parlour,U,4.3,3 Ratings,"Nehru Nagar Kolakaranadoddi, Mandya",,,Waxing; Facial; Bridal Makeup,false,true,false,false,true,Beauty Spa,Popular Salons,Mandya,2025-06-02T15:15:43.301Z
Beu Belle Beauty Parlour,+,4.1,23 Ratings,"Nh275 Madduru Maddur Mandya, Mandya",,,Home Services Offered; Waxing; Facial,true,true,false,false,true,Beauty Spa,Popular Salons,Mandya,2025-06-02T15:15:43.301Z
Sunshine Beauty Parlour,S,3.4,5 Ratings,"V V Road Mandya, Mandya",,,Home Services Offered; Waxing; Facial,true,true,false,false,false,Beauty Spa,Popular Salons,Mandya,2025-06-02T15:15:43.302Z
Yadu Hir Salon Shop,Y,4.0,2 Ratings,Mandya,,,Salons; Hair Colour Highlight Services,true,true,false,false,false,Beauty Spa,Popular Salons,Mandya,2025-06-02T15:15:43.302Z
Ananya Beauty Parlour,+,3.6,5 Ratings,"3rd Cross Shankarnagar, Mandya",,,Home Services Offered; Bridal Makeup,true,true,false,false,false,Beauty Spa,Popular Salons,Mandya,2025-06-02T15:15:43.302Z
Gold Win Hair Dresses,G,4.5,39 Ratings,"Railway Station 1st Cross Road, Mandya",,,Facial,true,true,false,false,true,Beauty Spa,Popular Salons,Mandya,2025-06-02T15:15:43.302Z
Sln Hair Dressers,S,4.3,18 Ratings,"Road Chamundeshwari Nagar Mandya, Mandya",,,Hair Stylists; Salons,true,true,false,false,false,Beauty Spa,Popular Salons,Mandya,2025-06-02T15:15:43.302Z
Kiran Haircut Shop,K,4.2,27 Ratings,"Gandhinagar, Mandya",,,Facial,true,true,false,false,true,Beauty Spa,Popular Salons,Mandya,2025-06-02T15:15:43.302Z
Isiri Beauty Parlour,+,5.0,1 Ratings,"Kolegala Main Road Malavalli, Mandya",,,Beauty Parlours; Salons,true,true,false,false,true,Beauty Spa,Popular Salons,Mandya,2025-06-02T15:15:43.302Z
Seharish Beauty Parlour,+,4.7,21 Ratings,"Guthal Road Guttalu Mandya, Mandya",,,Home Services Offered; Waxing; Facial,true,true,false,false,true,Beauty Spa,Popular Salons,Mandya,2025-06-02T15:15:43.302Z
Sachin Hair Halon,S,4.0,17 Ratings,"Holalu Road Shankar Pura, Mandya",,,Facial,false,true,false,false,false,Beauty Spa,Popular Salons,Mandya,2025-06-02T15:15:43.302Z
Sln Hair Cutting,S,4.0,2 Ratings,Mandya,,,Salons; Hair Colour Highlight Services,true,true,false,false,false,Beauty Spa,Popular Salons,Mandya,2025-06-02T15:15:43.302Z
Shree Thriva Hair And Makeup And Academy With Salon,+,4.0,3 Ratings,"Nagamangala, Mandya",,,Home Services Offered; Waxing; Facial,true,true,false,false,false,Beauty Spa,Popular Salons,Mandya,2025-06-02T15:15:43.302Z
Cloud11 Saloon & Spa,<,4.1,41 Ratings,"Bm Road Gandhi Nagar Mandya, Mandya",,08460218986,Salons; Beauty Spas,true,true,false,true,true,Beauty Spa,Popular Beauty Spas,Mandya,2025-06-02T15:16:48.773Z
Ayur Spa & Beauty Saloon,<,4.8,184 Ratings,"Factory Circle Guttalu Mandya, Mandya",,09054601472,Thai Massage,true,true,false,true,true,Beauty Spa,Popular Beauty Spas,Mandya,2025-06-02T15:16:48.774Z
V Care Beauty Salon & Spa,<,3.9,71 Ratings,"Ashok Nagar Mandya, Mandya",,08128131303,Salons; Body Massage Centres,true,true,false,true,false,Beauty Spa,Popular Beauty Spas,Mandya,2025-06-02T15:16:48.774Z
P L Best Spa & Salon,<,4.3,23 Ratings,"Kiragandoor Gate M C Road Mandya, Mandya",,08460244351,Thai Massage,true,true,false,false,true,Beauty Spa,Popular Beauty Spas,Mandya,2025-06-02T15:16:48.774Z
Miracle Touch Beauty Salon,<,4.8,"1,100 Ratings","Road Chamundeshwari Nagar Mandya, Mandya",,,Skin Treatment,true,true,false,false,true,Beauty Spa,Popular Beauty Spas,Mandya,2025-06-02T15:16:48.775Z
New Creative Means Parlour,<,4.7,3 Ratings,"Harichandan Complex Mandya City, Mandya",,,Beauty Spas; Salons,true,true,false,false,true,Beauty Spa,Popular Beauty Spas,Mandya,2025-06-02T15:16:48.775Z
Big Boss Mens Beauty Parlour,<,4.1,41 Ratings,"6th Cross Subash Nagar Mandya, Mandya",,,,true,true,false,false,true,Beauty Spa,Popular Beauty Spas,Mandya,2025-06-02T15:16:48.776Z
Sahana Herbal Beauty Parlour,<,5.0,1 Ratings,"No.442 Km Doddi, Mandya",,,Home Services Offered,true,true,false,false,true,Beauty Spa,Popular Beauty Spas,Mandya,2025-06-02T15:16:48.776Z
Beu Belle Beauty Parlour,<,4.1,23 Ratings,"Nh275 Madduru Maddur Mandya, Mandya",,,Home Services Offered,true,true,false,false,true,Beauty Spa,Popular Beauty Spas,Mandya,2025-06-02T15:16:48.777Z
Ananya Beauty Parlour,<,3.6,5 Ratings,"3rd Cross Shankarnagar, Mandya",,,Home Services Offered,true,true,false,false,false,Beauty Spa,Popular Beauty Spas,Mandya,2025-06-02T15:16:48.777Z
Loreal Beauty Spa And Salon,+,4.2,15 Ratings,"Srirangapatna Fort Mandya, Srirangapatna",,,,true,true,false,false,true,Beauty Spa,Popular Beauty Spas,Mandya,2025-06-02T15:16:48.778Z
Seharish Beauty Parlour,+,4.7,21 Ratings,"Guthal Road Guttalu Mandya, Mandya",,,Home Services Offered; Hair Spa,true,true,false,false,true,Beauty Spa,Popular Beauty Spas,Mandya,2025-06-02T15:16:48.778Z
Bro Hair Saloon,B,4.8,2 Ratings,"Bannur Road Mandya HO, Mandya",,,Salons; Beauty Spas,true,true,false,false,true,Beauty Spa,Popular Beauty Spas,Mandya,2025-06-02T15:16:48.778Z
Natural Beauty Parlour,N,4.2,11 Ratings,"5 Cross Gandhi Nagar Mandya, Mandya",,,Home Services Offered; Skin Treatment,true,true,false,false,true,Beauty Spa,Popular Beauty Spas,Mandya,2025-06-02T15:16:48.778Z
Krishna Mens Parlour,+,4.9,36 Ratings,"Road Chamundeshwari Nagar Mandya, Mandya",,,Beauty Spas; Salons,true,true,false,false,true,Beauty Spa,Popular Beauty Spas,Mandya,2025-06-02T15:16:48.779Z
New Friend Hairstyle,+,4.1,14 Ratings,"Board Road Kuvempunagar Mandya, Mandya",,,Home Services Offered,true,true,false,false,true,Beauty Spa,Popular Beauty Spas,Mandya,2025-06-02T15:16:48.779Z
Akruthi Beauty Lines,+,4.9,4 Ratings,"Near Jain Street, Mandya",,,Beauty Spas; Beauty Parlours,true,true,false,false,true,Beauty Spa,Popular Beauty Spas,Mandya,2025-06-02T15:16:48.779Z
Sehrish Beauty Parlour,+,4.3,6 Ratings,"Guthal Road Gautaham Badavane, Mandya",,,,true,true,false,false,true,Beauty Spa,Popular Beauty Spas,Mandya,2025-06-02T15:16:48.779Z
New Trupthi Hair Styles,N,3.7,22 Ratings,"Feet Road Gandhi Nagar Mandya, Mandya",,,Beauty spas,true,true,false,false,false,Beauty Spa,Popular Beauty Spas,Mandya,2025-06-02T15:16:48.779Z
Kanniika Beauty Parlour,+,4.1,9 Ratings,"Cheeranahally Road Mandya Ho, Mandya",,,Home Services Offered; Skin Treatment,true,true,false,false,true,Beauty Spa,Popular Beauty Spas,Mandya,2025-06-02T15:16:48.779Z
Shine Heral Beauty Parlour,+,5.0,3 Ratings,"Via Mysore  Road Nagamangala, Mandya",,,Home Services Offered,true,true,false,false,true,Beauty Spa,Popular Beauty Spas,Mandya,2025-06-02T15:16:48.780Z
Nandita Herbal Beauty Parlour,+,4.0,3 Ratings,"Vinobha Road Subash Nagar Mandya, Mandya",,,Home Services Offered,true,true,false,false,false,Beauty Spa,Popular Beauty Spas,Mandya,2025-06-02T15:16:48.780Z
Kavana Beauty Zone,+,5.0,2 Ratings,"Road Chamundeshwari Nagar Mandya, Mandya",,,Home Services Offered,true,true,false,false,true,Beauty Spa,Popular Beauty Spas,Mandya,2025-06-02T15:16:48.780Z
Power Hair Lines Mens Parlour,+,2.5,2 Ratings,"Karasavadi Road Karasawadi road, Mandya",,,Beauty Spas; Salons,true,true,false,false,false,Beauty Spa,Popular Beauty Spas,Mandya,2025-06-02T15:16:48.780Z
Beauty Balance Fancy Centre,B,5.0,1 Ratings,"B M Road Mandya, Mandya",,,Beauty Spas,false,true,false,false,true,Beauty Spa,Popular Beauty Spas,Mandya,2025-06-02T15:16:48.780Z
Sapthagiri Hair Saloon,+,3.5,1 Ratings,"Bank Road Gandhi Nagar Mandya, Mandya",,,Salons; Beauty Spas,true,true,false,false,false,Beauty Spa,Popular Beauty Spas,Mandya,2025-06-02T15:16:48.781Z
Finger Teach & Hair Saloon Professional,+,3.0,1 Ratings,"Mc Road Kallahalli, Mandya",,,,true,true,false,false,false,Beauty Spa,Popular Beauty Spas,Mandya,2025-06-02T15:16:48.781Z
Shilpa Herbal Beauty Parlour,S,3.0,1 Ratings,"Santhosh Building SBI road, Mandya",,,Home Services Offered,true,true,false,false,false,Beauty Spa,Popular Beauty Spas,Mandya,2025-06-02T15:16:48.781Z
Omkar Mens Parlour (Ni),+,5.0,1 Ratings,"Bannur Road, Mandya",,,Beauty Spas; Beauty Parlours,true,true,false,false,true,Beauty Spa,Popular Beauty Spas,Mandya,2025-06-02T15:16:48.781Z
The Cute Village Resort And Spa,+,3.8,85 Ratings,"Mysore Bangalor Road Nazarbad, Mysore",,08511336097,Thai Massage,true,true,false,false,false,Beauty Spa,Popular Beauty Spas,Mandya,2025-06-02T15:16:48.781Z
V Care Beauty Parlour and Spa,V,4.2,9 Ratings,"Mysore - Bannur Road Vajamangala, Mysore",,,Thai Massage,true,true,false,false,true,Beauty Spa,Popular Beauty Spas,Mandya,2025-06-02T15:16:48.781Z
New Rathan Men's Parlour,+,4.0,2 Ratings,"Road Sathagalli Layout, Mysore",,,Beauty Spas; Beauty Parlours,false,true,false,false,false,Beauty Spa,Popular Beauty Spas,Mandya,2025-06-02T15:16:48.781Z
Purity Spa and Salon,P,5.0,1 Ratings,"Purity Salon Hale Kesare, Mysore",,07411816879,Thai Massage,true,true,false,false,true,Beauty Spa,Popular Beauty Spas,Mandya,2025-06-02T15:16:48.782Z
Beauty Kingdom,+,5.0,2 Ratings,"Masjid Main Road Rajivnagar, Mysore",,,Hair Spa,true,true,false,false,true,Beauty Spa,Popular Beauty Spas,Mandya,2025-06-02T15:16:48.782Z
Face Logic Spa,F,3.3,3 Ratings,"1st Stage Rajivnagar, Mysore",,,Beauty Spas; Beauty Parlours,true,true,false,false,false,Beauty Spa,Popular Beauty Spas,Mandya,2025-06-02T15:16:48.782Z
Aakruthi Blossom Spa Professional Massage Therapist (North & South),+,4.7,114 Ratings,"Main Road Siddique Nagar, Mysore",,,Thai Massage,true,true,false,false,true,Beauty Spa,Popular Beauty Spas,Mandya,2025-06-02T15:16:48.782Z
V.S.Beauty Parlour,+,5.0,2 Ratings,"Main Road Shanthinagar, Mysore",,,Home Services Offered,true,true,false,false,true,Beauty Spa,Popular Beauty Spas,Mandya,2025-06-02T15:16:48.782Z
Shehnai Event Palnners,S,5.0,1 Ratings,"Masjid Road Rajivnagar, Mysore",,,Home Services Offered,true,true,false,false,true,Beauty Spa,Popular Beauty Spas,Mandya,2025-06-02T15:16:48.782Z
Kavi Beauty Care,+,4.0,23 Ratings,"Main Road Sathagalli Layout, Mysore",,,,true,true,false,false,false,Beauty Spa,Popular Beauty Spas,Mandya,2025-06-02T15:16:48.782Z
Magic Mirror Beauty Parlour,+,4.9,4 Ratings,"2nd Stage Main Road Rajivnagar, Mysore",,,Home Services Offered; Hair Spa,true,true,false,false,true,Beauty Spa,Popular Beauty Spas,Mandya,2025-06-02T15:16:48.783Z
Sedective Trend Style,S,5.0,1 Ratings,"Ashwath Road Kalyana Girinagar, Mysore",,,Home Services Offered,true,true,false,false,true,Beauty Spa,Popular Beauty Spas,Mandya,2025-06-02T15:16:48.783Z
N S Beauty Parlour,+,5.0,4 Ratings,"Masjid Road Kalyana Girinagar, Mysore",,,Home Services Offered,true,true,false,false,true,Beauty Spa,Popular Beauty Spas,Mandya,2025-06-02T15:16:48.783Z
Golden Touch Professional Beauty Parlour,G,5.0,1 Ratings,"Main CITB Road Udayagiri, Mysore",,,Home Services Offered,false,true,false,false,true,Beauty Spa,Popular Beauty Spas,Mandya,2025-06-02T15:16:48.783Z
Ameena Beauty Care,+,3.0,2 Ratings,"Quba Masjid Main Road Udayagiri, Mysore",,,,true,true,false,false,false,Beauty Spa,Popular Beauty Spas,Mandya,2025-06-02T15:16:48.783Z
Ayeshu Makeup and Beauty Salon,+,4.7,14 Ratings,"3rd Stage Siddique Nagar, Mysore",,,Home Services Offered; Hair Spa; Skin Treatment,true,true,false,false,true,Beauty Spa,Popular Beauty Spas,Mandya,2025-06-02T15:16:48.784Z
Swastik Herbal Beauty Parlour,+,5.0,1 Ratings,"Main Road Raghavendra Nagar, Mysore",,,Home Services Offered,false,true,false,false,true,Beauty Spa,Popular Beauty Spas,Mandya,2025-06-02T15:16:48.784Z
Sparkle Spot,+,5.0,2 Ratings,"Main Road Narasimharaja Mohalla, Mysore",,,,true,true,false,false,true,Beauty Spa,Popular Beauty Spas,Mandya,2025-06-02T15:16:48.784Z
Sri Lucky Beauty Parlour And Bangle Store,S,5.0,1 Ratings,"Masjid Main Road Udayagiri, Mysore",,,Home Services Offered,true,true,false,false,true,Beauty Spa,Popular Beauty Spas,Mandya,2025-06-02T15:16:48.784Z
Sneha Men's Parlour,S,5.0,5 Ratings,"Farooqia Circle, Mysore",,,Beauty Spas; Beauty Parlours,true,true,false,false,true,Beauty Spa,Popular Beauty Spas,Mandya,2025-06-02T15:16:48.785Z
Shree Nandi Tours & Travels,<,4.4,30 Ratings,"Circle Shivapura Maddur Mandya, Mandya",,07487926149,Corporate,true,true,false,false,true,Affordable Prices : Car Rental Services,,Mandya,2025-06-02T15:18:01.490Z
Unique Travels,<,4.8,60 Ratings,"Layout 3rd Cross Guttalu Mandya, Mandya",,08490899707,,true,true,false,true,true,Affordable Prices : Car Rental Services,,Mandya,2025-06-02T15:18:01.490Z
Sri Maruthi Travels,<,4.7,12 Ratings,"Malavalli Road Guttalu Mandya, Mandya",,08105385038,Car Rental For Self Driven; Car Rental,true,true,false,true,true,Affordable Prices : Car Rental Services,,Mandya,2025-06-02T15:18:01.490Z
Sri Hallikeshwara Tours And Travels,<,4.9,27 Ratings,"2nd Cross Road Nehru Nagar, Mandya",,07383742896,Car Rental; Car Rental For Self Driven,true,true,false,true,true,Affordable Prices : Car Rental Services,,Mandya,2025-06-02T15:18:01.490Z
Globe Ground Travels,<,4.0,13 Ratings,"Road Chamundeshwari Nagar Mandya, Mandya",,08485981169,Visa Assistance; Travel Agents,true,true,false,false,false,Affordable Prices : Car Rental Services,,Mandya,2025-06-02T15:18:01.490Z
Belaku Deepa Travels,<,5.0,2 Ratings,"Near Shanthi Collage Malavalli, Mandya",,07041668942,Travel Agents; Car Rental,true,true,false,false,true,Affordable Prices : Car Rental Services,,Mandya,2025-06-02T15:18:01.490Z
Sony Tours And Travels,<,4.2,14 Ratings,"Guttal Road Guttalu Mandya, Mandya",,07383637296,,true,true,false,false,true,Affordable Prices : Car Rental Services,,Mandya,2025-06-02T15:18:01.490Z
Ashwini Tours And Travels,<,3.6,16 Ratings,"Melukote Road Ashok Nagar Mandya, Mandya",,,Travel Agents; Car Rental,true,true,false,false,false,Affordable Prices : Car Rental Services,,Mandya,2025-06-02T15:18:01.490Z
Maruthi Tours and Travels,<,4.7,3 Ratings,"Malavalli Highway Km Doddi, Mandya",,08128202945,Vintage Car; Airport Taxi; Corporate,true,true,false,false,true,Affordable Prices : Car Rental Services,,Mandya,2025-06-02T15:18:01.490Z
Shree Durga Towing Service & Tours and Travels,<,5.0,3 Ratings,"Mysore Main Road Malavalli, Mandya",,08105346822,Towing Services,true,true,false,false,true,Affordable Prices : Car Rental Services,,Mandya,2025-06-02T15:18:01.490Z
Joy Greenline Holidays,+,4.4,33 Ratings,"Bannur Road Ashok Nagar Mandya, Mandya",,08401523137,Corporate,true,true,false,false,true,Affordable Prices : Car Rental Services,,Mandya,2025-06-02T15:18:01.490Z
Appu Tours and Travels,+,5.0,2 Ratings,"Bannur Road Mandya City, Mandya",,,Corporate,true,true,false,false,true,Affordable Prices : Car Rental Services,,Mandya,2025-06-02T15:18:01.490Z
Sri Kalabairava Tours and Travels,+,4.5,4 Ratings,"Krishnarajapete, Mandya",,,Travel Agents; Car Rental,true,true,false,false,true,Affordable Prices : Car Rental Services,,Mandya,2025-06-02T15:18:01.490Z
Sk Tours and Travels,S,5.0,4 Ratings,"VV Road Vv Road, Mandya",,,Travel Agents; Car Rental,true,true,false,false,true,Affordable Prices : Car Rental Services,,Mandya,2025-06-02T15:18:01.490Z
Kadganchi Tour And Travels,K,4.1,211 Ratings,"Mandya HO, Mandya",,,Travel Agents; Car Rental,true,true,false,false,true,Affordable Prices : Car Rental Services,,Mandya,2025-06-02T15:18:01.490Z
H B Tourist,+,4.8,66 Ratings,"Hospital Opp Roud Km Doddi, Mandya",,,Travel Agents; Car Rental,true,true,false,false,true,Affordable Prices : Car Rental Services,,Mandya,2025-06-02T15:18:01.490Z
Neha Tours and Travels,+,4.1,50 Ratings,"Road Chamundeshwari Nagar Mandya, Mandya",,,Corporate,true,true,false,false,true,Affordable Prices : Car Rental Services,,Mandya,2025-06-02T15:18:01.490Z
Drivecarzz,+,4.6,39 Ratings,"No. 69 Mandya City, Mandya",,,Car Rental; Car Rental For Outstation,true,true,false,false,false,Affordable Prices : Car Rental Services,,Mandya,2025-06-02T15:18:01.490Z
Unity Holidays,U,5.0,35 Ratings,"Vv Road Vv Road, Mandya",,,Car Rental; Car Rental For Self Driven,true,true,false,false,true,Affordable Prices : Car Rental Services,,Mandya,2025-06-02T15:18:01.491Z
Royal tours and travels,+,4.7,32 Ratings,"Chamudeshwari Nagar Mandya, Mandya",,,Travel Agents; Car Rental,true,true,false,false,true,Affordable Prices : Car Rental Services,,Mandya,2025-06-02T15:18:01.491Z
V K Enterprises,V,3.6,31 Ratings,"Vinobha Road Subash Nagar Mandya, Mandya",,,Car Rental,true,true,false,false,false,Affordable Prices : Car Rental Services,,Mandya,2025-06-02T15:18:01.491Z
Greenline Holidays,G,4.5,21 Ratings,"Gandhinagar Road Shankarnagar, Mandya",,,Car Rental; Car Rental For Self Driven,true,true,false,false,true,Affordable Prices : Car Rental Services,,Mandya,2025-06-02T15:18:01.491Z
Sri Kadri Tours and Travels,+,4.6,17 Ratings,"Old Post Office Road Nagamangala, Mandya",,,Travel Agents; Car Rental,true,true,false,false,true,Affordable Prices : Car Rental Services,,Mandya,2025-06-02T15:18:01.491Z
Suman Travels,+,4.5,12 Ratings,"Chamundeshwari Nagar Mandya HO, Mandya",,,,true,true,false,false,true,Affordable Prices : Car Rental Services,,Mandya,2025-06-02T15:18:01.491Z
Sri Lakshmi Tours & Travels,+,5.0,10 Ratings,"3rd Cross Ashok Nagar Mandya, Mandya",,,Travel Agents; Car Rental,true,true,false,false,true,Affordable Prices : Car Rental Services,,Mandya,2025-06-02T15:18:01.491Z
Greenline Travels,G,3.4,14 Ratings,"Bannur Road Gandhi Nagar Mandya, Mandya",,,Travel Agents; Car Rental,true,true,false,false,false,Affordable Prices : Car Rental Services,,Mandya,2025-06-02T15:18:01.491Z
Skyway International Travels,S,3.8,9 Ratings,"Lalbagh Road, Mandya",,,Travel Agents; Car Rental,true,true,false,false,false,Affordable Prices : Car Rental Services,,Mandya,2025-06-02T15:18:01.491Z
Sanvi Tours And Travels,+,4.5,7 Ratings,"Industrial Road Maddur Mandya, Mandya",,,Travel Agents; Car Rental,true,true,false,false,true,Affordable Prices : Car Rental Services,,Mandya,2025-06-02T15:18:01.491Z
S V Travels,+,4.7,6 Ratings,"Hemavathi Circle Krishnarajapete, Mandya",,,,true,true,false,true,true,Affordable Prices : Car Rental Services,,Mandya,2025-06-02T15:18:01.491Z
S N Enterprises,+,4.6,6 Ratings,"Bannur Road Mandya Ho, Mandya",,,Car Rental; Taxi Services,false,true,false,false,true,Affordable Prices : Car Rental Services,,Mandya,2025-06-02T15:18:01.491Z
R S Tours And Travels,+,4.8,5 Ratings,"Halahalli Road Mandya, Mandya",,,Travel Agents; Car Rental,true,true,false,false,true,Affordable Prices : Car Rental Services,,Mandya,2025-06-02T15:18:01.491Z
Saptagiri Tourist,S,4.6,5 Ratings,"Mellahalli, Mandya",,,Car Rental,false,true,false,false,false,Affordable Prices : Car Rental Services,,Mandya,2025-06-02T15:18:01.491Z
Byraveshwara Tours & Travels,B,3.7,6 Ratings,"BG Nagar Post Nagamangala, Mandya",,,Travel Agents; Car Rental,true,true,false,false,false,Affordable Prices : Car Rental Services,,Mandya,2025-06-02T15:18:01.491Z
Sbs Tours And Travels,+,3.6,6 Ratings,"Old Mc Road Maddur Mandya, Mandya",,,Travel Agents; Car Rental,true,true,false,false,false,Affordable Prices : Car Rental Services,,Mandya,2025-06-02T15:18:01.491Z
G K Tours And Travels,+,5.0,4 Ratings,"Nagamangala Tq Bellur, Mandya",,,Corporate,true,true,false,false,true,Affordable Prices : Car Rental Services,,Mandya,2025-06-02T15:18:01.491Z
Punith Tours and Travel,+,5.0,4 Ratings,"Layout Pes Kyathengere Layout, Mandya",,,Car Rental; Tempo Travellers On Rent,true,true,false,false,true,Affordable Prices : Car Rental Services,,Mandya,2025-06-02T15:18:01.491Z
S K B T Tours and Travels,+,5.0,4 Ratings,"BM ROAD M C Road Mandya, Mandya",,,Travel Agents; Car Rental,true,true,false,false,true,Affordable Prices : Car Rental Services,,Mandya,2025-06-02T15:18:01.491Z
SLN Cabs,+,4.9,4 Ratings,"Feet Road Gandhi Nagar Mandya, Mandya",,,Travel Agents; Car Rental,true,true,false,false,false,Affordable Prices : Car Rental Services,,Mandya,2025-06-02T15:18:01.491Z
Kabbalamma Tours & Travels,+,4.8,4 Ratings,"No.1 Srirangapatna Fort Mandya, Srirangapatna",,,Travel Agents; Car Rental,true,true,false,false,true,Affordable Prices : Car Rental Services,,Mandya,2025-06-02T15:18:01.491Z
Hb Tours And Travels,+,4.5,4 Ratings,"College Gate Complex Mandya City, Mandya",,,Travel Agents; Car Rental,true,true,false,false,false,Affordable Prices : Car Rental Services,,Mandya,2025-06-02T15:18:01.491Z
Dhanu C M,D,4.5,4 Ratings,"Gulooru, Mandya",,,Car Rental,false,true,false,false,false,Affordable Prices : Car Rental Services,,Mandya,2025-06-02T15:18:01.491Z
Annapoonashwari Tourist,+,4.3,4 Ratings,"Kamdoddi Mm Road Bharathinagar, Mandya",,,Travel Agents; Car Rental,true,true,false,false,true,Affordable Prices : Car Rental Services,,Mandya,2025-06-02T15:18:01.491Z
Rohan Travels,R,4.1,4 Ratings,"Hosahalli Road Mandya City, Mandya",,,Self Driven,false,true,false,false,true,Affordable Prices : Car Rental Services,,Mandya,2025-06-02T15:18:01.491Z
Sathya Travels,+,2.6,6 Ratings,"100ft Road Mandya City, Mandya",,,,true,true,false,false,false,Affordable Prices : Car Rental Services,,Mandya,2025-06-02T15:18:01.491Z
Evergreen Tours And Travels,+,5.0,3 Ratings,"Bangalore Road Km Doddi, Mandya",,,Travel Agents; Car Rental,true,true,false,false,true,Affordable Prices : Car Rental Services,,Mandya,2025-06-02T15:18:01.491Z
S R Tours And Travels,+,3.4,4 Ratings,"Ramanagar Mandya Ho, Mandya",,,Self Driven,true,true,false,false,false,Affordable Prices : Car Rental Services,,Mandya,2025-06-02T15:18:01.491Z
Shri Maruthi Tours and Travels,S,4.5,3 Ratings,"100ft Road Gandhi Nagar Mandya, Mandya",,,Travel Agents; Car Rental,true,true,false,false,true,Affordable Prices : Car Rental Services,,Mandya,2025-06-02T15:18:01.492Z
SNG Tours & Travels,S,3.5,3 Ratings,"Pandavapura Pandavapura, Mandya",,,Travel Agents; Car Rental,true,true,false,false,false,Affordable Prices : Car Rental Services,,Mandya,2025-06-02T15:18:01.492Z
Sun Drivers,+,3.5,3 Ratings,"Keragodu, Mandya",,,Self Driven,false,true,false,false,false,Affordable Prices : Car Rental Services,,Mandya,2025-06-02T15:18:01.492Z
Sgr Catering Service,<,4.8,15 Ratings,"Mandya M C Road Mandya, Mandya",,08904260795,,true,true,false,false,true,Caterers,Popular Caterers,Mandya,2025-06-02T15:19:38.770Z
Ruchi Mane Hotel,<,3.7,"8,192 Ratings","BM Road Srirangapatna, Srirangapatna",,07383637348,,false,false,false,true,true,Caterers,Popular Caterers,Mandya,2025-06-02T15:19:38.771Z
Ambari Pure Veg Restaurant,<,3.8,"1,362 Ratings","Road Krishnarajapete, Mandya",,09606157918,,true,true,false,true,true,Caterers,Popular Caterers,Mandya,2025-06-02T15:19:38.771Z
Devu Biriyani Mane And Family Restaurant,<,4.4,17 Ratings,"BM Road 1st Cross Road, Mandya",,,,false,false,false,true,true,Caterers,Popular Caterers,Mandya,2025-06-02T15:19:38.771Z
Green Valley Groups,<,3.8,31 Ratings,"Mysore Main Road Malavalli, Mandya",,,,true,true,false,false,true,Caterers,Popular Caterers,Mandya,2025-06-02T15:19:38.771Z
Ajay Tiffanis and Catering,<,4.7,13 Ratings,"8th Cross Gandhi Nagar Mandya, Mandya",,08460506335,Caterers; Event Organisers,true,true,false,true,true,Caterers,Popular Caterers,Mandya,2025-06-02T15:19:38.772Z
Shivanasiri Hoolige,<,5.0,4 Ratings,"Chikkamandya, Mandya",,09035094279,Caterers; Caterers For Wedding,true,true,false,false,true,Caterers,Popular Caterers,Mandya,2025-06-02T15:19:38.772Z
Puttaraju Catering,<,3.5,2 Ratings,"Main Road Bharathinagar, Mandya",,08460563108,Caterers,true,true,false,false,true,Caterers,Popular Caterers,Mandya,2025-06-02T15:19:38.772Z
H Group & Arbin Caterers,<,5.0,2 Ratings,"2nd Stage Banashankari Road, Tumkur",,,Caterers; Veg Caterers,true,true,false,false,true,Caterers,Popular Caterers,Mandya,2025-06-02T15:19:38.772Z
Sree Durga Parameshwari Catering Service,<,4.5,15 Ratings,"Main Road Hanumantha Nagar, Bangalore",,,Home Delivery,true,true,false,false,true,Caterers,Popular Caterers,Mandya,2025-06-02T15:19:38.773Z
Masters Event Management,+,4.5,85 Ratings,"Ward No 8 Town Hall Sqaure, Chickballapur",,,Event Organisers; Caterers,true,true,false,false,true,Caterers,Popular Caterers,Mandya,2025-06-02T15:19:38.773Z
Majisa Rnm Sweets and Caterers,+,5.0,2 Ratings,"2nd Cross Road Robertsonpet, Kolar",,09972933072,Caterers For Office; Caterers,true,true,false,false,true,Caterers,Popular Caterers,Mandya,2025-06-02T15:19:38.773Z
Sri Karpagarani Kerala Chenda Melam And A To Z Wedding Planners,+,3.8,110 Ratings,"Sabapathy Street Sangliandapuram, Trichy",,,Caterers; Chenda Melam Players,true,true,false,false,true,Caterers,Popular Caterers,Mandya,2025-06-02T15:19:38.773Z
Sri Gulab Caterers & Events,+,4.8,43 Ratings,"Androon Quilla, Raichur",,,,true,true,false,false,true,Caterers,Popular Caterers,Mandya,2025-06-02T15:19:38.774Z
Sri Maa Asapura Caterers,+,4.8,18 Ratings,"Gunj Road M G Road Raichur, Raichur",,,Home Delivery,true,true,false,false,true,Caterers,Popular Caterers,Mandya,2025-06-02T15:19:38.774Z
Sr Events,+,4.4,18 Ratings,"Puduru Palakollu, West Godavari",,08460403938,Event Organisers; Caterers,true,true,false,false,true,Caterers,Popular Caterers,Mandya,2025-06-02T15:19:38.774Z
Enzoey.com,+,4.5,133 Ratings,Mumbai,,08488949380,,true,true,false,true,true,Caterers,Popular Caterers,Mandya,2025-06-02T15:19:38.775Z
Abhinandan Events Pvt. Ltd.,+,4.4,389 Ratings,"Mudhliyar Nagar Rukhmini Nagar, Amravati",,,Book Appointment,true,true,false,true,true,Caterers,Popular Caterers,Mandya,2025-06-02T15:19:38.775Z
Ebk Event Management Pvt Ltd,+,4.6,53 Ratings,"Extension 2 Nangloi Extension, Delhi",,08511787702,,true,true,false,true,true,Caterers,Popular Caterers,Mandya,2025-06-02T15:19:38.775Z
Hotel Dhruvathare,+,4.1,"21,789 Ratings","Mangaluru Highway Hatna, Mandya",,,Wheel Chair Seating; 24 Hour Concierge/Help Desk; Room Service,true,true,false,false,true,Caterers,Popular Caterers,Mandya,2025-06-02T15:19:38.775Z
Hotel Halli Mane Veg Restaurant,+,3.5,"3,726 Ratings","BM Road Srirangapatna, Srirangapatna",,,,false,false,false,false,false,Caterers,Popular Caterers,Mandya,2025-06-02T15:19:38.775Z
Annapoorna Pure Vegetarian Restaurant,+,3.0,"1,315 Ratings","Ganjam Road Srirangapatna, Srirangapatna",,,,true,false,false,false,false,Caterers,Popular Caterers,Mandya,2025-06-02T15:19:38.776Z
Lassi Shop,+,4.1,510 Ratings,"Subash Nagar Mandya, Mandya",,,,true,false,false,false,true,Caterers,Popular Caterers,Mandya,2025-06-02T15:19:38.776Z
Hotel Renuka,+,3.8,285 Ratings,"Krs Road Krishnaraja Sagar, Mandya",,,,true,true,false,false,false,Caterers,Popular Caterers,Mandya,2025-06-02T15:19:38.776Z
New Patel Meltery Hotel,+,3.9,89 Ratings,"Road 1st Subash Nagar Mandya, Mandya",,,,true,true,false,false,false,Caterers,Popular Caterers,Mandya,2025-06-02T15:19:38.776Z
Shiva's Flower Decoration and Events Organizer,+,5.0,7 Ratings,"Aneker Street Mandya HO, Mandya",,,Videography,true,true,false,false,true,Caterers,Popular Caterers,Mandya,2025-06-02T15:19:38.776Z
S S Green Pitch Garden Family Restaurant and Dhaba,+,4.1,91 Ratings,"(Service Road) Maddur Mandya, Mandya",,,,true,true,false,false,true,Caterers,Popular Caterers,Mandya,2025-06-02T15:19:38.776Z
Harini Fish Land,H,3.5,2 Ratings,"Nehru Nagar, Mandya",,,Caterers,true,true,false,false,false,Caterers,Popular Caterers,Mandya,2025-06-02T15:19:38.776Z
Sri Madeswar Mobiles,S,4.3,13 Ratings,"Si Honnalagere Huskur, Mandya",,,Caterers; Mobile Catering Services,true,true,false,false,false,Caterers,Popular Caterers,Mandya,2025-06-02T15:19:38.777Z
Meenakshi Catering,+,4.9,74 Ratings,"Petebeedhi Anekere Beedi, Mandya",,,Caterers; Veg Caterers,true,true,false,false,true,Caterers,Popular Caterers,Mandya,2025-06-02T15:19:38.777Z
Sri Sidda Lingeshwara Hotel,S,4.6,5 Ratings,"Gandhi Nagar  1st Cross Mandya, Mandya",,,,true,true,false,false,true,Caterers,Popular Caterers,Mandya,2025-06-02T15:19:38.777Z
Colourful Events,+,4.7,22 Ratings,"B M Road Mandya, Mandya",,,Balloon Arch; Balloon Sculpture,true,true,false,false,true,Caterers,Popular Caterers,Mandya,2025-06-02T15:19:38.777Z
Shree Anna Poorneshwari Tiffanies and Catering,+,4.0,3 Ratings,"1St Cross Vidya Nagar Mandya, Mandya",,,Caterers; Veg Caterers,true,true,false,false,false,Caterers,Popular Caterers,Mandya,2025-06-02T15:19:38.777Z
Mourya Dum Biryani Hotel,+,4.0,49 Ratings,"V V Road Ashok Nagar Mandya, Mandya",,,,false,false,false,false,false,Caterers,Popular Caterers,Mandya,2025-06-02T15:19:38.777Z
Sri Ranga Enterprises,S,4.3,3 Ratings,"Kadaballi Kadabahalli, Mandya",,,Caterers; Mobile Catering Services,true,true,false,false,false,Caterers,Popular Caterers,Mandya,2025-06-02T15:19:38.777Z
Meenakshi Caterers,M,5.0,5 Ratings,"Bazar Street Mandya Ho, Mandya",,,Caterers; Veg Caterers,true,true,false,false,true,Caterers,Popular Caterers,Mandya,2025-06-02T15:19:38.777Z
Hotel Ramadas Lunch Home,+,4.3,25 Ratings,"Main Road Krishnarajapete, Mandya",,,,true,true,false,false,true,Caterers,Popular Caterers,Mandya,2025-06-02T15:19:38.778Z
Surya Caterers,S,4.5,2 Ratings,"1st  Cross Nehru Nagar, Mandya",,,Caterers; Veg Caterers,true,true,false,false,false,Caterers,Popular Caterers,Mandya,2025-06-02T15:19:38.778Z
S L V Bakery,+,4.7,8 Ratings,"No 1 Kyathanahalli, Mandya",,,Caterers,true,true,false,false,false,Caterers,Popular Caterers,Mandya,2025-06-02T15:19:38.778Z
Sri Lakshmi Venkateshwara Tifanis Center,S,4.1,10 Ratings,"Main Road T M Hosur, Mandya",,,Caterers,true,true,false,false,false,Caterers,Popular Caterers,Mandya,2025-06-02T15:19:38.778Z
Ganesh Catering,G,4.7,7 Ratings,"Temple Road Koppa Mandya, Mandya",,,Caterers,true,true,false,false,false,Caterers,Popular Caterers,Mandya,2025-06-02T15:19:38.778Z
Kishor Fish Stall Kishor,K,4.0,2 Ratings,"Maddur Main Road Maddur Mandya, Mandya",,,Caterers,true,true,false,false,false,Caterers,Popular Caterers,Mandya,2025-06-02T15:19:38.778Z
Siddhu Catering Services,+,5.0,1 Ratings,"Bazaar Street Maddur Mandya, Mandya",,,Caterers; Veg Caterers,true,true,false,false,true,Caterers,Popular Caterers,Mandya,2025-06-02T15:19:38.778Z
Hemanth Kumar Gn,H,3.5,2 Ratings,"Gandehosahalli Gendehosahalli, Mandya",,,Caterers; Mobile Catering Services,false,true,false,false,false,Caterers,Popular Caterers,Mandya,2025-06-02T15:19:38.778Z
Sv Groups,S,5.0,1 Ratings,"MC Road M C Road Mandya, Mandya",,,Caterers,true,true,false,false,false,Caterers,Popular Caterers,Mandya,2025-06-02T15:19:38.778Z
Hotel Ree Gowdru,H,3.6,6 Ratings,"T B Circle Maddur Mandya, Mandya",,,,true,true,false,false,false,Caterers,Popular Caterers,Mandya,2025-06-02T15:19:38.778Z
Janani Garden Family Restaurant,+,3.0,1 Ratings,"Bannur Road Mandya, Mandya",,,,true,false,false,false,false,Caterers,Popular Caterers,Mandya,2025-06-02T15:19:38.778Z
Sambarama Family Restaurant,+,3.8,10 Ratings,"Mysore Road Pandavapura, Mandya",,,,true,true,false,false,false,Caterers,Popular Caterers,Mandya,2025-06-02T15:19:38.778Z
Sri Krishna Gir Goshala,+,5.0,3 Ratings,"Harakana Halli, Mandya",,,Caterers,false,true,false,false,false,Caterers,Popular Caterers,Mandya,2025-06-02T15:19:38.779Z
Sgr Catering Service,<,4.8,15 Ratings,"Mandya M C Road Mandya, Mandya",,08904260795,,true,true,false,false,true,Caterers,Popular Caterers For Birthday Parties,Mandya,2025-06-02T15:20:40.505Z
Devu Biriyani Mane And Family Restaurant,<,4.4,17 Ratings,"BM Road 1st Cross Road, Mandya",,,,false,false,false,true,true,Caterers,Popular Caterers For Birthday Parties,Mandya,2025-06-02T15:20:40.505Z
Ruchi Mane Hotel,<,3.7,"8,192 Ratings","BM Road Srirangapatna, Srirangapatna",,07383637348,,false,false,false,true,true,Caterers,Popular Caterers For Birthday Parties,Mandya,2025-06-02T15:20:40.505Z
Ajay Tiffanis and Catering,<,4.7,13 Ratings,"8th Cross Gandhi Nagar Mandya, Mandya",,08460506335,Caterers; Event Organisers,true,true,false,true,true,Caterers,Popular Caterers For Birthday Parties,Mandya,2025-06-02T15:20:40.505Z
Green Valley Groups,<,3.8,31 Ratings,"Mysore Main Road Malavalli, Mandya",,,,true,true,false,false,true,Caterers,Popular Caterers For Birthday Parties,Mandya,2025-06-02T15:20:40.505Z
Shivanasiri Hoolige,<,5.0,4 Ratings,"Chikkamandya, Mandya",,09035094279,Caterers; Caterers For Wedding,true,true,false,false,true,Caterers,Popular Caterers For Birthday Parties,Mandya,2025-06-02T15:20:40.505Z
Dhanush Catering,<,4.8,2 Ratings,"Housing Board Mandya HO, Mandya",,,Caterers; Veg Caterers,true,true,false,false,true,Caterers,Popular Caterers For Birthday Parties,Mandya,2025-06-02T15:20:40.505Z
Hotel vaibhava,<,4.3,6 Ratings,"Collage Street Mandya City, Mandya",,,,true,true,false,false,true,Caterers,Popular Caterers For Birthday Parties,Mandya,2025-06-02T15:20:40.505Z
Meenakshi Caterers,<,5.0,5 Ratings,"Bazar Street Mandya Ho, Mandya",,,Caterers; Veg Caterers,true,true,false,false,true,Caterers,Popular Caterers For Birthday Parties,Mandya,2025-06-02T15:20:40.506Z
Vadiraj Caterers,<,4.8,2 Ratings,"Janathnagar Mandya HO, Mandya",,,Home Delivery,true,true,false,false,false,Caterers,Popular Caterers For Birthday Parties,Mandya,2025-06-02T15:20:40.506Z
Shekar Caterers,S,5.0,1 Ratings,"T. K. Lay-Out Mandya Ho, Mandya",,,Caterers; Caterers For Parties,false,true,false,false,false,Caterers,Popular Caterers For Birthday Parties,Mandya,2025-06-02T15:20:40.506Z
Swaad Food Express,+,3.6,3 Ratings,"B M Road Gandhi Nagar Mandya, Mandya",,,,false,false,false,false,false,Caterers,Popular Caterers For Birthday Parties,Mandya,2025-06-02T15:20:40.506Z
Guru Catering,+,4.8,2 Ratings,"Market Rod Pandavapura, Mandya",,,Caterers; Veg Caterers,true,true,false,false,true,Caterers,Popular Caterers For Birthday Parties,Mandya,2025-06-02T15:20:40.506Z
Chinmay Mahesh Marriage Contractor Marriage Function and Catering Service,C,4.0,1 Ratings,"Convent Road 7th Cross Malavalli, Mandya",,,Videography,true,true,false,false,false,Caterers,Popular Caterers For Birthday Parties,Mandya,2025-06-02T15:20:40.506Z
Siddhu Catering Services,+,5.0,1 Ratings,"Bazaar Street Maddur Mandya, Mandya",,,Caterers; Veg Caterers,true,true,false,false,true,Caterers,Popular Caterers For Birthday Parties,Mandya,2025-06-02T15:20:40.506Z
Lakshmi Catering Service,L,4.5,1 Ratings,"Nagar Guthal Colony Mandya, Mandya",,,Caterers; Caterers For Wedding,false,true,false,false,false,Caterers,Popular Caterers For Birthday Parties,Mandya,2025-06-02T15:20:40.506Z
Surya Caterers,S,4.5,2 Ratings,"1st  Cross Nehru Nagar, Mandya",,,Caterers; Veg Caterers,true,true,false,false,false,Caterers,Popular Caterers For Birthday Parties,Mandya,2025-06-02T15:20:40.506Z
D Cooking Group,+,5.0,1 Ratings,"K Shettihalli Ca Kere, Mandya",,,Caterers; Veg Caterers,true,true,false,false,true,Caterers,Popular Caterers For Birthday Parties,Mandya,2025-06-02T15:20:40.506Z
Gopi Caterers and Cooking Contractor,G,5.0,2 Ratings,"1st Cross Halahalli, Mandya",,,Home Delivery,true,true,false,false,true,Caterers,Popular Caterers For Birthday Parties,Mandya,2025-06-02T15:20:40.506Z
Ayva Events,+,5.0,90 Ratings,"1st Floor Rajivnagar, Mysore",,,Event Decoration; Corporate; Name Printed Balloon,true,true,false,true,true,Caterers,Popular Caterers For Birthday Parties,Mandya,2025-06-02T15:20:40.506Z
Jujus Kitchen,+,4.3,40 Ratings,"13th Cross Road Rajivnagar, Mysore",,,,true,false,false,false,true,Caterers,Popular Caterers For Birthday Parties,Mandya,2025-06-02T15:20:40.506Z
Sk Cooking & Catering,S,4.5,1 Ratings,"BD COLONY Azeez Sait Nagar, Mysore",,,Home Delivery,true,true,false,false,true,Caterers,Popular Caterers For Birthday Parties,Mandya,2025-06-02T15:20:40.506Z
Sri Maleegera Dharshini Hotel,+,5.0,6 Ratings,"Mysore Road Siddalingapura, Mysore",,,Caterers; Veg Caterers,true,true,false,false,true,Caterers,Popular Caterers For Birthday Parties,Mandya,2025-06-02T15:20:40.506Z
S K Cooking And Caterers,+,4.3,3 Ratings,"Azeez Sait Nagar, Mysore",,,24 Hours; Home Delivery,true,true,false,false,false,Caterers,Popular Caterers For Birthday Parties,Mandya,2025-06-02T15:20:40.506Z
Neha Caterers,N,4.0,3 Ratings,"Kalyanagiri, Mysore",,,Caterers; Caterers For Wedding,false,true,false,false,false,Caterers,Popular Caterers For Birthday Parties,Mandya,2025-06-02T15:20:40.506Z
MD caterers,M,5.0,1 Ratings,"2555 2nd Stage Rajivnagar, Mysore",,,Caterers; Veg Caterers,false,true,false,false,false,Caterers,Popular Caterers For Birthday Parties,Mandya,2025-06-02T15:20:40.506Z
Sufiya Caterers,S,4.0,2 Ratings,"2nd Cross Road Ghousia Nagar, Mysore",,,Caterers; Caterers For Wedding,false,true,false,false,false,Caterers,Popular Caterers For Birthday Parties,Mandya,2025-06-02T15:20:40.506Z
Ibrahim Caterers,I,4.7,9 Ratings,"Rahman Road Christian Colony, Mysore",,,Caterers; Caterers For Wedding,true,true,false,false,false,Caterers,Popular Caterers For Birthday Parties,Mandya,2025-06-02T15:20:40.506Z
Shehnai Event Palnners,S,5.0,1 Ratings,"Masjid Road Rajivnagar, Mysore",,,Banquet Hall Decoration; Car Decoration; Videography,true,true,false,false,true,Caterers,Popular Caterers For Birthday Parties,Mandya,2025-06-02T15:20:40.506Z
Samaa Caterer And Function Organisers,+,4.6,31 Ratings,"1st Main Shanthinagar, Mysore",,,Caterers; Veg Caterers,true,true,false,false,true,Caterers,Popular Caterers For Birthday Parties,Mandya,2025-06-02T15:20:40.506Z
Star Caterers,+,4.7,9 Ratings,"2nd Cross Udayagiri, Mysore",,,Non Veg Caterers Upto 100 Persons; Caterers,true,true,false,false,false,Caterers,Popular Caterers For Birthday Parties,Mandya,2025-06-02T15:20:40.507Z
Royal Mess,R,4.1,347 Ratings,"4th Cross Siddique Nagar, Mysore",,,,false,false,false,false,true,Caterers,Popular Caterers For Birthday Parties,Mandya,2025-06-02T15:20:40.507Z
Nagaraj & Brothers,N,4.7,8 Ratings,"Main Road Rajendranagar, Mysore",,,Caterers; Veg Caterers,true,true,false,false,false,Caterers,Popular Caterers For Birthday Parties,Mandya,2025-06-02T15:20:40.507Z
Faraz Caterers,+,4.0,2 Ratings,"Udayagiri, Mysore",,,Caterers; Caterers For Wedding,true,true,false,false,false,Caterers,Popular Caterers For Birthday Parties,Mandya,2025-06-02T15:20:40.507Z
C R Shravya Tent House,+,4.3,10 Ratings,"Rajkumar Road Yaraganahalli, Mysore",,08511210163,Home Delivery,true,true,false,true,true,Caterers,Popular Caterers For Birthday Parties,Mandya,2025-06-02T15:20:40.507Z
Shariff Caterer,+,4.7,119 Ratings,"Cerle Rajiv Nagar 2nd Stage, Mysore",,,Caterers; Caterers For Wedding,true,true,false,false,true,Caterers,Popular Caterers For Birthday Parties,Mandya,2025-06-02T15:20:40.507Z
Bambooz Food Bay,+,4.2,69 Ratings,"Narasipura Main Road Alanahalli, Mysore",,,,true,true,false,false,true,Caterers,Popular Caterers For Birthday Parties,Mandya,2025-06-02T15:20:40.507Z
Nagaraj Caterers,N,4.6,6 Ratings,"Narasimharaja Mohalla, Mysore",,,Caterers; Caterers For Wedding,true,true,false,false,false,Caterers,Popular Caterers For Birthday Parties,Mandya,2025-06-02T15:20:40.507Z
Brother's Caterers,+,5.0,41 Ratings,"Cross Raghavendranagar Extension, Mysore",,09724742088,Non Veg Caterers; Caterers,true,true,false,false,true,Caterers,Popular Caterers For Birthday Parties,Mandya,2025-06-02T15:20:40.507Z
Prithvi Catering,P,4.0,2 Ratings,"Main Road Siddarthanagar, Mysore",,,Caterers; Veg Caterers,true,true,false,false,false,Caterers,Popular Caterers For Birthday Parties,Mandya,2025-06-02T15:20:40.507Z
Radhe Krishna Catress,+,4.5,1 Ratings,"Siddhartha Layout, Mysore",,,Home Delivery,true,true,false,false,false,Caterers,Popular Caterers For Birthday Parties,Mandya,2025-06-02T15:20:40.507Z
Hotel Nimishambha,+,4.1,951 Ratings,"Road Narasimharaja Mohalla, Mysore",,,,true,true,false,false,true,Caterers,Popular Caterers For Birthday Parties,Mandya,2025-06-02T15:20:40.507Z
Wedding Sweets,+,4.8,53 Ratings,"Shivaji Road N R Mohalla, Mysore",,,Caterers; Caterers For Wedding,true,true,false,false,true,Caterers,Popular Caterers For Birthday Parties,Mandya,2025-06-02T15:20:40.507Z
National Catering,+,4.0,1 Ratings,"Narasimharaja Mohalla, Mysore",,,Caterers; Veg Caterers,true,true,false,false,false,Caterers,Popular Caterers For Birthday Parties,Mandya,2025-06-02T15:20:40.507Z
Paddu's Tiffany'S,P,4.3,3 Ratings,"Bannimantap, Mysore",,,,true,true,false,false,false,Caterers,Popular Caterers For Birthday Parties,Mandya,2025-06-02T15:20:40.507Z
Sgr Events,+,4.9,19 Ratings,"Nagar Main Road Bannimantap, Mysore",,,Videography,true,true,false,false,true,Caterers,Popular Caterers For Birthday Parties,Mandya,2025-06-02T15:20:40.507Z
Mahadev Caterers,M,4.0,2 Ratings,"Gandhi Nagar Gandhinagar, Mysore",,,Caterers; Caterers For Wedding,true,true,false,false,false,Caterers,Popular Caterers For Birthday Parties,Mandya,2025-06-02T15:20:40.507Z
Sgr Catering,+,4.8,357 Ratings,"3rd Stage Bannimantap, Mysore",,08123559536,Caterers; Veg Caterers,true,true,false,true,true,Caterers,Popular Caterers For Birthday Parties,Mandya,2025-06-02T15:20:40.507Z
Ganesha Enterprises,G,3.0,2 Ratings,"1st Cross Nazarbad, Mysore",,,Caterers; Veg Caterers,true,true,false,false,false,Caterers,Popular Caterers For Birthday Parties,Mandya,2025-06-02T15:20:40.507Z
Sgr Catering Service,<,4.8,15 Ratings,"Mandya M C Road Mandya, Mandya",,08904260795,,true,true,false,false,true,Caterers,Popular Caterers For Parties,Mandya,2025-06-02T15:21:42.249Z
Green Valley Groups,<,3.8,31 Ratings,"Mysore Main Road Malavalli, Mandya",,,,true,true,false,false,true,Caterers,Popular Caterers For Parties,Mandya,2025-06-02T15:21:42.249Z
Devu Biriyani Mane And Family Restaurant,<,4.4,17 Ratings,"BM Road 1st Cross Road, Mandya",,,,false,false,false,true,true,Caterers,Popular Caterers For Parties,Mandya,2025-06-02T15:21:42.249Z
Ajay Tiffanis and Catering,<,4.7,13 Ratings,"8th Cross Gandhi Nagar Mandya, Mandya",,08460506335,Caterers; Event Organisers,true,true,false,true,true,Caterers,Popular Caterers For Parties,Mandya,2025-06-02T15:21:42.250Z
Shivanasiri Hoolige,<,5.0,4 Ratings,"Chikkamandya, Mandya",,09035094279,Caterers; Caterers For Wedding,true,true,false,false,true,Caterers,Popular Caterers For Parties,Mandya,2025-06-02T15:21:42.250Z
Meenakshi Catering,<,4.9,74 Ratings,"Petebeedhi Anekere Beedi, Mandya",,,Caterers; Veg Caterers,true,true,false,false,true,Caterers,Popular Caterers For Parties,Mandya,2025-06-02T15:21:42.250Z
Hotel Ramadas Lunch Home,<,4.3,25 Ratings,"Main Road Krishnarajapete, Mandya",,,,true,true,false,false,true,Caterers,Popular Caterers For Parties,Mandya,2025-06-02T15:21:42.251Z
Sri Sidda Lingeshwara Hotel,<,4.6,5 Ratings,"Gandhi Nagar  1st Cross Mandya, Mandya",,,,true,true,false,false,true,Caterers,Popular Caterers For Parties,Mandya,2025-06-02T15:21:42.251Z
Chinmay Mahesh Marriage Contractor Marriage Function and Catering Service,<,4.0,1 Ratings,"Convent Road 7th Cross Malavalli, Mandya",,,Videography,true,true,false,false,false,Caterers,Popular Caterers For Parties,Mandya,2025-06-02T15:21:42.251Z
Surya Caterers,<,4.5,2 Ratings,"1st  Cross Nehru Nagar, Mandya",,,Caterers; Veg Caterers,true,true,false,false,false,Caterers,Popular Caterers For Parties,Mandya,2025-06-02T15:21:42.252Z
appu biryani restaurants and appu party hall,a,4.0,2 Ratings,"Chamundeshwari Nagar Mandya, Mandya",,,,true,true,false,false,false,Caterers,Popular Caterers For Parties,Mandya,2025-06-02T15:21:42.252Z
Swaad Food Express,+,3.6,3 Ratings,"B M Road Gandhi Nagar Mandya, Mandya",,,,false,false,false,false,false,Caterers,Popular Caterers For Parties,Mandya,2025-06-02T15:21:42.253Z
Meenakshi Caterers,M,5.0,5 Ratings,"Bazar Street Mandya Ho, Mandya",,,Caterers; Veg Caterers,true,true,false,false,true,Caterers,Popular Caterers For Parties,Mandya,2025-06-02T15:21:42.253Z
D Cooking Group,+,5.0,1 Ratings,"K Shettihalli Ca Kere, Mandya",,,Caterers; Veg Caterers,true,true,false,false,true,Caterers,Popular Caterers For Parties,Mandya,2025-06-02T15:21:42.253Z
Gopi Caterers and Cooking Contractor,G,5.0,2 Ratings,"1st Cross Halahalli, Mandya",,,Home Delivery,true,true,false,false,true,Caterers,Popular Caterers For Parties,Mandya,2025-06-02T15:21:42.253Z
Hotel vaibhava,+,4.3,6 Ratings,"Collage Street Mandya City, Mandya",,,,true,true,false,false,true,Caterers,Popular Caterers For Parties,Mandya,2025-06-02T15:21:42.253Z
Vadiraj Caterers,V,4.8,2 Ratings,"Janathnagar Mandya HO, Mandya",,,Home Delivery,true,true,false,false,false,Caterers,Popular Caterers For Parties,Mandya,2025-06-02T15:21:42.253Z
Shree Anna Poorneshwari Tiffanies and Catering,+,4.0,3 Ratings,"1St Cross Vidya Nagar Mandya, Mandya",,,Caterers; Veg Caterers,true,true,false,false,false,Caterers,Popular Caterers For Parties,Mandya,2025-06-02T15:21:42.253Z
Dhanush Catering,D,4.8,2 Ratings,"Housing Board Mandya HO, Mandya",,,Caterers; Veg Caterers,true,true,false,false,true,Caterers,Popular Caterers For Parties,Mandya,2025-06-02T15:21:42.253Z
Lakshmi Catering Service,L,4.5,1 Ratings,"Nagar Guthal Colony Mandya, Mandya",,,Caterers; Caterers For Wedding,false,true,false,false,false,Caterers,Popular Caterers For Parties,Mandya,2025-06-02T15:21:42.253Z
Shekar Caterers,S,5.0,1 Ratings,"T. K. Lay-Out Mandya Ho, Mandya",,,Caterers; Caterers For Parties,false,true,false,false,false,Caterers,Popular Caterers For Parties,Mandya,2025-06-02T15:21:42.254Z
Jayashree Caterers,J,4.0,1 Ratings,"Karasvadi Road B M Road Mandya, Mandya",,,Caterers; Caterers For Wedding,true,true,false,false,false,Caterers,Popular Caterers For Parties,Mandya,2025-06-02T15:21:42.254Z
Food Caterers,F,2.5,1 Ratings,"Shantha Hovin Pandavapura, Mandya",,,Caterers; Caterers For Wedding,true,true,false,false,false,Caterers,Popular Caterers For Parties,Mandya,2025-06-02T15:21:42.254Z
Ayva Events,+,5.0,90 Ratings,"1st Floor Rajivnagar, Mysore",,,Event Decoration; Corporate; Name Printed Balloon,true,true,false,true,true,Caterers,Popular Caterers For Parties,Mandya,2025-06-02T15:21:42.254Z
Lokesh S Caterers,L,5.0,1 Ratings,"Cross  Ragavendra Circle ragha, Mysore",,,Caterers; Caterers For Wedding,true,true,false,false,false,Caterers,Popular Caterers For Parties,Mandya,2025-06-02T15:21:42.254Z
Jujus Kitchen,+,4.3,40 Ratings,"13th Cross Road Rajivnagar, Mysore",,,,true,false,false,false,true,Caterers,Popular Caterers For Parties,Mandya,2025-06-02T15:21:42.254Z
Sk Cooking & Catering,S,4.5,1 Ratings,"BD COLONY Azeez Sait Nagar, Mysore",,,Home Delivery,true,true,false,false,true,Caterers,Popular Caterers For Parties,Mandya,2025-06-02T15:21:42.254Z
Sri Maleegera Dharshini Hotel,+,5.0,6 Ratings,"Mysore Road Siddalingapura, Mysore",,,Caterers; Veg Caterers,true,true,false,false,true,Caterers,Popular Caterers For Parties,Mandya,2025-06-02T15:21:42.254Z
S K Cooking And Caterers,+,4.3,3 Ratings,"Azeez Sait Nagar, Mysore",,,24 Hours; Home Delivery,true,true,false,false,false,Caterers,Popular Caterers For Parties,Mandya,2025-06-02T15:21:42.254Z
Neha Caterers,N,4.0,3 Ratings,"Kalyanagiri, Mysore",,,Caterers; Caterers For Wedding,false,true,false,false,false,Caterers,Popular Caterers For Parties,Mandya,2025-06-02T15:21:42.254Z
Sufiya Caterers,S,4.0,2 Ratings,"2nd Cross Road Ghousia Nagar, Mysore",,,Caterers; Caterers For Wedding,false,true,false,false,false,Caterers,Popular Caterers For Parties,Mandya,2025-06-02T15:21:42.255Z
Ibrahim Caterers,I,4.7,9 Ratings,"Rahman Road Christian Colony, Mysore",,,Caterers; Caterers For Wedding,true,true,false,false,false,Caterers,Popular Caterers For Parties,Mandya,2025-06-02T15:21:42.255Z
Shehnai Event Palnners,S,5.0,1 Ratings,"Masjid Road Rajivnagar, Mysore",,,Banquet Hall Decoration; Car Decoration; Videography,true,true,false,false,true,Caterers,Popular Caterers For Parties,Mandya,2025-06-02T15:21:42.255Z
Samaa Caterer And Function Organisers,+,4.6,31 Ratings,"1st Main Shanthinagar, Mysore",,,Caterers; Veg Caterers,true,true,false,false,true,Caterers,Popular Caterers For Parties,Mandya,2025-06-02T15:21:42.255Z
Indian Furnishers,+,4.3,6 Ratings,"2nd Stage Udayagiri, Mysore",,,Banquet Hall Decoration; Event Decoration; 24 Hours,true,true,false,false,true,Caterers,Popular Caterers For Parties,Mandya,2025-06-02T15:21:42.255Z
Sherkhan Caterers,+,4.5,1 Ratings,"C Block Kalyana Girinagar, Mysore",,,Caterers; Veg Caterers,true,true,false,false,false,Caterers,Popular Caterers For Parties,Mandya,2025-06-02T15:21:42.255Z
Royal Mess,R,4.1,347 Ratings,"4th Cross Siddique Nagar, Mysore",,,,false,false,false,false,true,Caterers,Popular Caterers For Parties,Mandya,2025-06-02T15:21:42.255Z
Nagaraj & Brothers,N,4.7,8 Ratings,"Main Road Rajendranagar, Mysore",,,Caterers; Veg Caterers,true,true,false,false,false,Caterers,Popular Caterers For Parties,Mandya,2025-06-02T15:21:42.255Z
Faraz Caterers,+,4.0,2 Ratings,"Udayagiri, Mysore",,,Caterers; Caterers For Wedding,true,true,false,false,false,Caterers,Popular Caterers For Parties,Mandya,2025-06-02T15:21:42.255Z
Al-rabi Furnishers Decorators & Caterers,+,3.3,2 Ratings,"Quba Masjid Road Udayagiri, Mysore",,,Home Delivery,true,true,false,false,false,Caterers,Popular Caterers For Parties,Mandya,2025-06-02T15:21:42.256Z
Mother Caterers,M,4.4,4 Ratings,"Nagar Narasimharaja Mohalla, Mysore",,,Caterers; Veg Caterers,true,true,false,false,true,Caterers,Popular Caterers For Parties,Mandya,2025-06-02T15:21:42.256Z
City Caterers,C,5.0,1 Ratings,"R Mohalla Narasimharaja Mohalla, Mysore",,,Caterers; Caterers For Wedding,true,true,false,false,false,Caterers,Popular Caterers For Parties,Mandya,2025-06-02T15:21:42.256Z
C R Shravya Tent House,+,4.3,10 Ratings,"Rajkumar Road Yaraganahalli, Mysore",,08511210163,Home Delivery,true,true,false,true,true,Caterers,Popular Caterers For Parties,Mandya,2025-06-02T15:21:42.256Z
Shariff Caterer,+,4.7,119 Ratings,"Cerle Rajiv Nagar 2nd Stage, Mysore",,,Caterers; Caterers For Wedding,true,true,false,false,true,Caterers,Popular Caterers For Parties,Mandya,2025-06-02T15:21:42.256Z
Shabnam Catering,S,5.0,1 Ratings,"Mohammedya  Road Ghousia Nagar, Mysore",,,Home Delivery,false,true,false,false,true,Caterers,Popular Caterers For Parties,Mandya,2025-06-02T15:21:42.256Z
Nagaraj Caterers,N,4.6,6 Ratings,"Narasimharaja Mohalla, Mysore",,,Caterers; Caterers For Wedding,true,true,false,false,false,Caterers,Popular Caterers For Parties,Mandya,2025-06-02T15:21:42.256Z
Brother's Caterers,+,5.0,41 Ratings,"Cross Raghavendranagar Extension, Mysore",,09724742088,Non Veg Caterers; Caterers,true,true,false,false,true,Caterers,Popular Caterers For Parties,Mandya,2025-06-02T15:21:42.257Z
Prithvi Catering,P,4.0,2 Ratings,"Main Road Siddarthanagar, Mysore",,,Caterers; Veg Caterers,true,true,false,false,false,Caterers,Popular Caterers For Parties,Mandya,2025-06-02T15:21:42.257Z
M S Furnishers & Decorators,+,4.3,3 Ratings,"Bannur Road Siddhartha Layout, Mysore",,,On Site Services,true,true,false,false,true,Caterers,Popular Caterers For Parties,Mandya,2025-06-02T15:21:42.257Z
Sgr Catering Service,<,4.8,15 Ratings,"Mandya M C Road Mandya, Mandya",,08904260795,,true,true,false,false,true,Caterers,Popular Caterers For House Warming,Mandya,2025-06-02T15:22:46.566Z
D Cooking Group,<,5.0,1 Ratings,"K Shettihalli Ca Kere, Mandya",,,Caterers; Veg Caterers,true,true,false,false,true,Caterers,Popular Caterers For House Warming,Mandya,2025-06-02T15:22:46.566Z
Chinmay Mahesh Marriage Contractor Marriage Function and Catering Service,<,4.0,1 Ratings,"Convent Road 7th Cross Malavalli, Mandya",,,Videography,true,true,false,false,false,Caterers,Popular Caterers For House Warming,Mandya,2025-06-02T15:22:46.567Z
Shehnai Event Palnners,<,5.0,1 Ratings,"Masjid Road Rajivnagar, Mysore",,,Banquet Hall Decoration; Car Decoration; Videography,true,true,false,false,true,Caterers,Popular Caterers For House Warming,Mandya,2025-06-02T15:22:46.567Z
C R Shravya Tent House,<,4.3,10 Ratings,"Rajkumar Road Yaraganahalli, Mysore",,08511210163,Home Delivery,true,true,false,true,true,Caterers,Popular Caterers For House Warming,Mandya,2025-06-02T15:22:46.567Z
Prithvi Catering,<,4.0,2 Ratings,"Main Road Siddarthanagar, Mysore",,,Caterers; Veg Caterers,true,true,false,false,false,Caterers,Popular Caterers For House Warming,Mandya,2025-06-02T15:22:46.567Z
Radhe Krishna Catress,<,4.5,1 Ratings,"Siddhartha Layout, Mysore",,,Home Delivery,true,true,false,false,false,Caterers,Popular Caterers For House Warming,Mandya,2025-06-02T15:22:46.568Z
Suchitha Catering,<,5.0,2 Ratings,"BADAVANE Kumbara Koppal, Mysore",,,Caterers For Function; Caterers,true,true,false,false,true,Caterers,Popular Caterers For House Warming,Mandya,2025-06-02T15:22:46.568Z
Sri Matha Catering Services,<,4.8,25 Ratings,"Ringroad Lokanayakanagara, Mysore",,,Home Delivery,true,true,false,false,true,Caterers,Popular Caterers For House Warming,Mandya,2025-06-02T15:22:46.568Z
Sri Lakshmidevi Caterings,<,5.0,7 Ratings,"Badavane Kumbara Koppal, Mysore",,,Caterers For Farewell; Caterers,true,true,false,false,true,Caterers,Popular Caterers For House Warming,Mandya,2025-06-02T15:22:46.568Z
Chaitanya Caterers,+,4.9,27 Ratings,"Cross Road Vani Vilas Mohalla, Mysore",,08460305168,,true,true,false,false,true,Caterers,Popular Caterers For House Warming,Mandya,2025-06-02T15:22:46.569Z
Rao Catering Services - Pure Veg Brahmins,+,5.0,1 Ratings,"K R Mohalla Agrahara, Mysore",,09054086997,Home Delivery,true,true,false,false,true,Caterers,Popular Caterers For House Warming,Mandya,2025-06-02T15:22:46.569Z
Mohan Caterers And Mohanas Kitchen,+,4.2,60 Ratings,"1st Stage Hebbal, Mysore",,09980762977,Home Delivery,true,true,false,true,true,Caterers,Popular Caterers For House Warming,Mandya,2025-06-02T15:22:46.569Z
Chaithra Caterers,+,4.5,20 Ratings,"C Block J P Nagar, Mysore",,08197228516,Home Delivery,true,true,false,true,true,Caterers,Popular Caterers For House Warming,Mandya,2025-06-02T15:22:46.570Z
Rakshitha Catering,R,5.0,2 Ratings,"Gurur Village Ramabai Nagar, Mysore",,,Caterers; Veg Caterers,true,true,false,false,true,Caterers,Popular Caterers For House Warming,Mandya,2025-06-02T15:22:46.570Z
Shree Hari Caterers,+,4.9,55 Ratings,"I Block Ramakrishnanagar, Mysore",,08511074515,Caterers; Veg Caterers,true,true,false,true,true,Caterers,Popular Caterers For House Warming,Mandya,2025-06-02T15:22:46.570Z
Annapoorneshwari Catering,+,4.7,24 Ratings,"Layout Ramakrishnanagar, Mysore",,,Home Delivery,true,true,false,false,true,Caterers,Popular Caterers For House Warming,Mandya,2025-06-02T15:22:46.570Z
Ramya Caterers - By Vadiraj,+,4.3,53 Ratings,"Beml Layout Rajarajeshwari Nagar, Mysore",,,Caterers; Veg Caterers,true,true,false,true,true,Caterers,Popular Caterers For House Warming,Mandya,2025-06-02T15:22:46.570Z
Nagasri Caterers,N,5.0,12 Ratings,"Layout Sriramapura 2nd Stage, Mysore",,08460451875,Caterers; Veg Caterers,true,true,false,false,true,Caterers,Popular Caterers For House Warming,Mandya,2025-06-02T15:22:46.570Z
Shavai Karavali Thindi Mane and Caterers,S,5.0,2 Ratings,"Layout Sri Rampura 2nd Stage, Mysore",,,Caterers; Veg Caterers,true,true,false,false,false,Caterers,Popular Caterers For House Warming,Mandya,2025-06-02T15:22:46.570Z
Mani Catering Services,+,4.3,4 Ratings,"Mahadeshwara Badavane Kanakapura, Ramanagara",,,Caterers; Caterers Upto 50 Persons,true,true,false,false,false,Caterers,Popular Caterers For House Warming,Mandya,2025-06-02T15:22:46.571Z
Authenthic Udupi Kitchen,A,5.0,1 Ratings,"Industrial Area Ramanagar, Ramanagara",,,Parking Available; Valet Parking Service; 24 Hours,true,true,false,false,true,Caterers,Popular Caterers For House Warming,Mandya,2025-06-02T15:22:46.571Z
Treat O Treat,T,5.0,2 Ratings,"Thagachaguppe Road Kumbalgodu, Bangalore",,,Home Delivery,true,true,false,false,true,Caterers,Popular Caterers For House Warming,Mandya,2025-06-02T15:22:46.571Z
Maruthi Eshwara Catering Service,+,5.0,3 Ratings,"Kengeri, Bangalore",,,Caterers; Caterers Upto 50 Persons,true,true,false,false,true,Caterers,Popular Caterers For House Warming,Mandya,2025-06-02T15:22:46.571Z
Stall Desk Pvt Ltd,+,4.5,4 Ratings,"Mysore Road Kengeri, Bangalore",,,Home Delivery,true,true,false,false,true,Caterers,Popular Caterers For House Warming,Mandya,2025-06-02T15:22:46.571Z
Balaji Catering,+,4.3,7 Ratings,"Layout 2nd Stage Kadabagere, Bangalore",,,Caterers; Veg Caterers,true,true,false,false,false,Caterers,Popular Caterers For House Warming,Mandya,2025-06-02T15:22:46.571Z
Sri Banasankari Catering Services,S,4.2,6 Ratings,"Main 3rd Cross Ullalu Upanagar, Bangalore",,07041692723,Home Delivery,true,true,false,false,true,Caterers,Popular Caterers For House Warming,Mandya,2025-06-02T15:22:46.571Z
Happyrhino Foods,H,3.9,908 Ratings,"100feet Road Vajarahalli, Bangalore",,,,false,false,false,false,false,Caterers,Popular Caterers For House Warming,Mandya,2025-06-02T15:22:46.571Z
Vaishith Catering,+,4.9,397 Ratings,"Mariyappanapalya Gnanabharathi, Bangalore",,,Home Delivery,true,true,false,false,true,Caterers,Popular Caterers For House Warming,Mandya,2025-06-02T15:22:46.571Z
Sba Caterers,+,4.9,38 Ratings,"Layout Rajarajeshwari Nagar, Bangalore",,,Veg Caterers; Caterers For Office,true,true,false,false,true,Caterers,Popular Caterers For House Warming,Mandya,2025-06-02T15:22:46.571Z
S B Hegde Caterers,S,4.3,4 Ratings,"Nagar Rajarajeshwari Nagar, Bangalore",,09845238257,Caterers; Veg Caterers,true,true,false,true,true,Caterers,Popular Caterers For House Warming,Mandya,2025-06-02T15:22:46.572Z
Theraal Kitchens,+,5.0,9 Ratings,"Turahalli Uttarahalli, Bangalore",,,Home Delivery,true,false,false,false,true,Caterers,Popular Caterers For House Warming,Mandya,2025-06-02T15:22:46.572Z
Delight Caterers,D,5.0,3 Ratings,"3rd Block Gnanabharathi, Bangalore",,08971552180,24 Hours; Home Delivery,true,true,false,false,true,Caterers,Popular Caterers For House Warming,Mandya,2025-06-02T15:22:46.572Z
Annapoorneshwari Halli Mane Upahara,+,4.3,233 Ratings,"2nd Stage Bharat Nagar, Bangalore",,,Home Delivery,true,true,false,false,true,Caterers,Popular Caterers For House Warming,Mandya,2025-06-02T15:22:46.572Z
Akshaya Catering Services (Bramins Cafe),+,3.7,140 Ratings,"Kunigal Bypass Nelamangala, Bangalore",,,Home Delivery,true,false,false,false,false,Caterers,Popular Caterers For House Warming,Mandya,2025-06-02T15:22:46.572Z
RC Caterers Groups,+,5.0,1 Ratings,"NGEF Layout Mallathahalli, Bangalore",,,Caterers; Veg Caterers,true,true,false,false,true,Caterers,Popular Caterers For House Warming,Mandya,2025-06-02T15:22:46.572Z
Vijay Photography,+,5.0,1 Ratings,"Main Road C Anjananagar, Bangalore",,,Wedding Photographers; Caterers,true,true,false,false,false,Caterers,Popular Caterers For House Warming,Mandya,2025-06-02T15:22:46.572Z
Srivasasiri Events & Caterers,+,4.6,53 Ratings,"Balaji Layout Uttarahalli, Bangalore",,07405708597,Event Decoration,true,true,false,true,true,Caterers,Popular Caterers For House Warming,Mandya,2025-06-02T15:22:46.572Z
Royal Catering,+,5.0,6 Ratings,"ITI Layout Nagarbhavi 2nd Stage, Bangalore",,,Home Delivery,true,true,false,false,true,Caterers,Popular Caterers For House Warming,Mandya,2025-06-02T15:22:46.572Z
Samanvaya Group,+,5.0,70 Ratings,"Pramod Layout-Nayandahalli, Bangalore",,08123961647,Caterers; Veg Caterers,true,true,false,true,true,Caterers,Popular Caterers For House Warming,Mandya,2025-06-02T15:22:46.573Z
Yeshaka Catering,+,5.0,8 Ratings,"Hoskerahalli Hoskerehalli Cross, Bangalore",,07383829858,24 Hours; Home Delivery,true,true,false,false,false,Caterers,Popular Caterers For House Warming,Mandya,2025-06-02T15:22:46.573Z
Sri Sai Caterers,+,3.5,2 Ratings,"Madeshwara Nagar-Sunkadakatte, Bangalore",,08904264191,Home Delivery,true,true,false,false,false,Caterers,Popular Caterers For House Warming,Mandya,2025-06-02T15:22:46.573Z
Namma Upachar,N,4.5,17 Ratings,"11th Block Nagarbhavi 2nd Stage, Bangalore",,,Caterers For Wedding; Caterers,true,true,false,false,false,Caterers,Popular Caterers For House Warming,Mandya,2025-06-02T15:22:46.573Z
DC VC Events,+,5.0,14 Ratings,"7th Cross Sunkadakatte, Bangalore",,,Videography,true,true,false,false,false,Caterers,Popular Caterers For House Warming,Mandya,2025-06-02T15:22:46.573Z
Aithal Cateres,+,4.8,3 Ratings,"Muneshwara Bsk 3rd Stage, Bangalore",,,Caterers; Veg Caterers,true,true,false,false,true,Caterers,Popular Caterers For House Warming,Mandya,2025-06-02T15:22:46.573Z
Tsr Catering,+,5.0,4 Ratings,"Layout Kumaraswamy Layout, Bangalore",,,Caterers; Veg Caterers,true,true,false,false,true,Caterers,Popular Caterers For House Warming,Mandya,2025-06-02T15:22:46.573Z
Sri Sai Santhosh Caterers,+,4.7,83 Ratings,"10th Cross Banashankari, Bangalore",,08485935991,Home Delivery,true,true,false,true,true,Caterers,Popular Caterers For House Warming,Mandya,2025-06-02T15:22:46.573Z
The Home Made Cook,T,3.8,8 Ratings,"Maruthi Nagar Chandra Layout, Bangalore",,,,true,false,false,false,false,Caterers,Popular Caterers For House Warming,Mandya,2025-06-02T15:22:46.574Z
Girijadri Enterprises,G,4.0,2 Ratings,"4th Main Road Hanumagiri, Bangalore",,,Caterers; Caterers For Wedding,true,true,false,false,false,Caterers,Popular Caterers For House Warming,Mandya,2025-06-02T15:22:46.574Z
Sgr Catering Service,<,4.8,15 Ratings,"Mandya M C Road Mandya, Mandya",,08904260795,,true,true,false,false,true,Caterers,Popular Caterers,Mandya,2025-06-02T15:23:49.461Z
Ruchi Mane Hotel,<,3.7,"8,192 Ratings","BM Road Srirangapatna, Srirangapatna",,07383637348,,false,false,false,true,true,Caterers,Popular Caterers,Mandya,2025-06-02T15:23:49.462Z
Ambari Pure Veg Restaurant,<,3.8,"1,362 Ratings","Road Krishnarajapete, Mandya",,09606157918,,true,true,false,true,true,Caterers,Popular Caterers,Mandya,2025-06-02T15:23:49.462Z
Green Valley Groups,<,3.8,31 Ratings,"Mysore Main Road Malavalli, Mandya",,,,true,true,false,false,true,Caterers,Popular Caterers,Mandya,2025-06-02T15:23:49.462Z
Devu Biriyani Mane And Family Restaurant,<,4.4,17 Ratings,"BM Road 1st Cross Road, Mandya",,,,false,false,false,true,true,Caterers,Popular Caterers,Mandya,2025-06-02T15:23:49.462Z
Shivanasiri Hoolige,<,5.0,4 Ratings,"Chikkamandya, Mandya",,09035094279,Caterers; Caterers For Wedding,true,true,false,false,true,Caterers,Popular Caterers,Mandya,2025-06-02T15:23:49.463Z
Ajay Tiffanis and Catering,<,4.7,13 Ratings,"8th Cross Gandhi Nagar Mandya, Mandya",,08460506335,Caterers; Event Organisers,true,true,false,true,true,Caterers,Popular Caterers,Mandya,2025-06-02T15:23:49.463Z
Puttaraju Catering,<,3.5,2 Ratings,"Main Road Bharathinagar, Mandya",,08460563108,Caterers,true,true,false,false,true,Caterers,Popular Caterers,Mandya,2025-06-02T15:23:49.463Z
H Group & Arbin Caterers,<,5.0,2 Ratings,"2nd Stage Banashankari Road, Tumkur",,,Caterers; Veg Caterers,true,true,false,false,true,Caterers,Popular Caterers,Mandya,2025-06-02T15:23:49.463Z
Sree Durga Parameshwari Catering Service,<,4.5,15 Ratings,"Main Road Hanumantha Nagar, Bangalore",,,Home Delivery,true,true,false,false,true,Caterers,Popular Caterers,Mandya,2025-06-02T15:23:49.463Z
Masters Event Management,+,4.5,85 Ratings,"Ward No 8 Town Hall Sqaure, Chickballapur",,,Event Organisers; Caterers,true,true,false,false,true,Caterers,Popular Caterers,Mandya,2025-06-02T15:23:49.464Z
Majisa Rnm Sweets and Caterers,+,5.0,2 Ratings,"2nd Cross Road Robertsonpet, Kolar",,09972933072,Caterers For Office; Caterers,true,true,false,false,true,Caterers,Popular Caterers,Mandya,2025-06-02T15:23:49.464Z
Sri Karpagarani Kerala Chenda Melam And A To Z Wedding Planners,+,3.8,110 Ratings,"Sabapathy Street Sangliandapuram, Trichy",,,Caterers; Chenda Melam Players,true,true,false,false,true,Caterers,Popular Caterers,Mandya,2025-06-02T15:23:49.464Z
Sri Gulab Caterers & Events,+,4.8,43 Ratings,"Androon Quilla, Raichur",,,,true,true,false,false,true,Caterers,Popular Caterers,Mandya,2025-06-02T15:23:49.464Z
Sri Maa Asapura Caterers,+,4.8,18 Ratings,"Gunj Road M G Road Raichur, Raichur",,,Home Delivery,true,true,false,false,true,Caterers,Popular Caterers,Mandya,2025-06-02T15:23:49.464Z
Sr Events,+,4.4,18 Ratings,"Puduru Palakollu, West Godavari",,08460403938,Event Organisers; Caterers,true,true,false,false,true,Caterers,Popular Caterers,Mandya,2025-06-02T15:23:49.464Z
Enzoey.com,+,4.5,133 Ratings,Mumbai,,08488949380,,true,true,false,true,true,Caterers,Popular Caterers,Mandya,2025-06-02T15:23:49.465Z
Abhinandan Events Pvt. Ltd.,+,4.4,389 Ratings,"Mudhliyar Nagar Rukhmini Nagar, Amravati",,,Book Appointment,true,true,false,true,true,Caterers,Popular Caterers,Mandya,2025-06-02T15:23:49.465Z
Ebk Event Management Pvt Ltd,+,4.6,53 Ratings,"Extension 2 Nangloi Extension, Delhi",,08511787702,,true,true,false,true,true,Caterers,Popular Caterers,Mandya,2025-06-02T15:23:49.465Z
Hotel Dhruvathare,+,4.1,"21,789 Ratings","Mangaluru Highway Hatna, Mandya",,,Wheel Chair Seating; 24 Hour Concierge/Help Desk; Room Service,true,true,false,false,true,Caterers,Popular Caterers,Mandya,2025-06-02T15:23:49.465Z
Annapoorna Pure Vegetarian Restaurant,+,3.0,"1,315 Ratings","Ganjam Road Srirangapatna, Srirangapatna",,,,true,false,false,false,false,Caterers,Popular Caterers,Mandya,2025-06-02T15:23:49.466Z
Lassi Shop,+,4.1,510 Ratings,"Subash Nagar Mandya, Mandya",,,,true,false,false,false,true,Caterers,Popular Caterers,Mandya,2025-06-02T15:23:49.466Z
Hotel Halli Mane Veg Restaurant,+,3.5,"3,726 Ratings","BM Road Srirangapatna, Srirangapatna",,,,false,false,false,false,false,Caterers,Popular Caterers,Mandya,2025-06-02T15:23:49.466Z
Hotel Renuka,+,3.8,285 Ratings,"Krs Road Krishnaraja Sagar, Mandya",,,,true,true,false,false,false,Caterers,Popular Caterers,Mandya,2025-06-02T15:23:49.466Z
Sambarama Family Restaurant,+,3.8,10 Ratings,"Mysore Road Pandavapura, Mandya",,,,true,true,false,false,false,Caterers,Popular Caterers,Mandya,2025-06-02T15:23:49.466Z
S S Green Pitch Garden Family Restaurant and Dhaba,+,4.1,91 Ratings,"(Service Road) Maddur Mandya, Mandya",,,,true,true,false,false,true,Caterers,Popular Caterers,Mandya,2025-06-02T15:23:49.466Z
Mourya Dum Biryani Hotel,+,4.0,49 Ratings,"V V Road Ashok Nagar Mandya, Mandya",,,,false,false,false,false,false,Caterers,Popular Caterers,Mandya,2025-06-02T15:23:49.466Z
New Patel Meltery Hotel,+,3.9,89 Ratings,"Road 1st Subash Nagar Mandya, Mandya",,,,true,true,false,false,false,Caterers,Popular Caterers,Mandya,2025-06-02T15:23:49.466Z
Dhanush Catering,D,4.8,2 Ratings,"Housing Board Mandya HO, Mandya",,,Caterers; Veg Caterers,true,true,false,false,true,Caterers,Popular Caterers,Mandya,2025-06-02T15:23:49.466Z
Hotel Ramadas Lunch Home,+,4.3,25 Ratings,"Main Road Krishnarajapete, Mandya",,,,true,true,false,false,true,Caterers,Popular Caterers,Mandya,2025-06-02T15:23:49.467Z
Dandeneshwari Chicken Center,D,4.0,2 Ratings,Mandya,,,Caterers,true,true,false,false,false,Caterers,Popular Caterers,Mandya,2025-06-02T15:23:49.467Z
Sri Lakshmi Venkateshwara Tifanis Center,S,4.1,10 Ratings,"Main Road T M Hosur, Mandya",,,Caterers,true,true,false,false,false,Caterers,Popular Caterers,Mandya,2025-06-02T15:23:49.467Z
Ganesh Catering,G,4.7,7 Ratings,"Temple Road Koppa Mandya, Mandya",,,Caterers,true,true,false,false,false,Caterers,Popular Caterers,Mandya,2025-06-02T15:23:49.467Z
Colourful Events,+,4.7,22 Ratings,"B M Road Mandya, Mandya",,,Balloon Arch; Balloon Sculpture,true,true,false,false,true,Caterers,Popular Caterers,Mandya,2025-06-02T15:23:49.467Z
Jayashree Caterers,J,4.0,1 Ratings,"Karasvadi Road B M Road Mandya, Mandya",,,Caterers; Caterers For Wedding,true,true,false,false,false,Caterers,Popular Caterers,Mandya,2025-06-02T15:23:49.467Z
Meenakshi Catering,+,4.9,74 Ratings,"Petebeedhi Anekere Beedi, Mandya",,,Caterers; Veg Caterers,true,true,false,false,true,Caterers,Popular Caterers,Mandya,2025-06-02T15:23:49.467Z
Shiva's Flower Decoration and Events Organizer,+,5.0,7 Ratings,"Aneker Street Mandya HO, Mandya",,,Videography,true,true,false,false,true,Caterers,Popular Caterers,Mandya,2025-06-02T15:23:49.468Z
Vadiraj Caterers,V,4.8,2 Ratings,"Janathnagar Mandya HO, Mandya",,,Home Delivery,true,true,false,false,false,Caterers,Popular Caterers,Mandya,2025-06-02T15:23:49.468Z
Ajay Tiffanys And Canteen,A,5.0,1 Ratings,"Subash Nagar Road Subash Nagar, Mandya",,,Caterers,false,true,false,false,false,Caterers,Popular Caterers,Mandya,2025-06-02T15:23:49.468Z
Sri Madeswar Mobiles,S,4.3,13 Ratings,"Si Honnalagere Huskur, Mandya",,,Caterers; Mobile Catering Services,true,true,false,false,false,Caterers,Popular Caterers,Mandya,2025-06-02T15:23:49.468Z
Souza Chicken,S,4.0,2 Ratings,"Market Bannangadi, Mandya",,,Caterers,true,true,false,false,false,Caterers,Popular Caterers,Mandya,2025-06-02T15:23:49.468Z
Meenakshi Caterers,M,5.0,5 Ratings,"Bazar Street Mandya Ho, Mandya",,,Caterers; Veg Caterers,true,true,false,false,true,Caterers,Popular Caterers,Mandya,2025-06-02T15:23:49.468Z
Gopi Caterers and Cooking Contractor,G,5.0,2 Ratings,"1st Cross Halahalli, Mandya",,,Home Delivery,true,true,false,false,true,Caterers,Popular Caterers,Mandya,2025-06-02T15:23:49.468Z
Swaad Food Express,+,3.6,3 Ratings,"B M Road Gandhi Nagar Mandya, Mandya",,,,false,false,false,false,false,Caterers,Popular Caterers,Mandya,2025-06-02T15:23:49.468Z
Siddhu Catering Services,+,5.0,1 Ratings,"Bazaar Street Maddur Mandya, Mandya",,,Caterers; Veg Caterers,true,true,false,false,true,Caterers,Popular Caterers,Mandya,2025-06-02T15:23:49.468Z
Guru Catering,+,4.8,2 Ratings,"Market Rod Pandavapura, Mandya",,,Caterers; Veg Caterers,true,true,false,false,true,Caterers,Popular Caterers,Mandya,2025-06-02T15:23:49.468Z
Hotel vaibhava,+,4.3,6 Ratings,"Collage Street Mandya City, Mandya",,,,true,true,false,false,true,Caterers,Popular Caterers,Mandya,2025-06-02T15:23:49.468Z
S L V Bakery,+,4.7,8 Ratings,"No 1 Kyathanahalli, Mandya",,,Caterers,true,true,false,false,false,Caterers,Popular Caterers,Mandya,2025-06-02T15:23:49.469Z
Lakshita Chicken Centre,L,4.0,2 Ratings,"Gandhinagar, Mandya",,,Caterers,true,true,false,false,false,Caterers,Popular Caterers,Mandya,2025-06-02T15:23:49.469Z
Swaad Food Express,<,3.6,3 Ratings,"B M Road Gandhi Nagar Mandya, Mandya",,,,false,false,false,false,true,Caterers,Popular Andhra Caterers,Mandya,2025-06-02T15:24:44.484Z
Shehnai Event Palnners,<,5.0,1 Ratings,"Masjid Road Rajivnagar, Mysore",,,Banquet Hall Decoration; Car Decoration; Videography,true,false,false,false,true,Caterers,Popular Andhra Caterers,Mandya,2025-06-02T15:24:44.484Z
Chaitanya Caterers,<,4.9,27 Ratings,"Cross Road Vani Vilas Mohalla, Mysore",,08460305168,,true,false,false,false,true,Caterers,Popular Andhra Caterers,Mandya,2025-06-02T15:24:44.485Z
Jeevan Catering,<,4.8,2 Ratings,"Ring Road Bogadi, Mysore",,,Banquet Hall Decoration; Home Delivery,true,false,false,false,true,Caterers,Popular Andhra Caterers,Mandya,2025-06-02T15:24:44.485Z
Annapoorneshwari Catering,<,4.7,24 Ratings,"Layout Ramakrishnanagar, Mysore",,,Home Delivery,true,false,false,false,true,Caterers,Popular Andhra Caterers,Mandya,2025-06-02T15:24:44.485Z
J K Caterers,<,4.7,15 Ratings,"Yadayur Lake Yediyur, Bangalore",,,Caterers; Veg Caterers,true,false,false,false,true,Caterers,Popular Andhra Caterers,Mandya,2025-06-02T15:24:44.485Z
Stall Desk Pvt Ltd,<,4.5,4 Ratings,"Mysore Road Kengeri, Bangalore",,,Home Delivery,true,false,false,false,true,Caterers,Popular Andhra Caterers,Mandya,2025-06-02T15:24:44.485Z
SKP Cooking Contractors,<,4.8,4 Ratings,"Main Road Kanakapura Road, Bangalore",,,Home Delivery,true,false,false,false,true,Caterers,Popular Andhra Caterers,Mandya,2025-06-02T15:24:44.486Z
Mr Gagan,<,4.8,19 Ratings,"Uttarahalli Main Road Mylasandra, Bangalore",,,Videography,true,false,false,false,true,Caterers,Popular Andhra Caterers,Mandya,2025-06-02T15:24:44.486Z
Shri Sai Caters,<,4.6,47 Ratings,"Forest Layout HBCS R V Road, Bangalore",,,Home Delivery,true,false,false,true,true,Caterers,Popular Andhra Caterers,Mandya,2025-06-02T15:24:44.486Z
Vaishith Catering,+,4.9,397 Ratings,"Mariyappanapalya Gnanabharathi, Bangalore",,,Home Delivery,true,false,false,false,true,Caterers,Popular Andhra Caterers,Mandya,2025-06-02T15:24:44.486Z
Koundinya Catering,+,4.9,51 Ratings,"Road Rajarajeshwari Nagar, Bangalore",,,24 Hours; Home Delivery,true,false,false,false,true,Caterers,Popular Andhra Caterers,Mandya,2025-06-02T15:24:44.486Z
Theraal Kitchens,+,5.0,9 Ratings,"Turahalli Uttarahalli, Bangalore",,,Home Delivery,true,false,false,false,true,Caterers,Popular Andhra Caterers,Mandya,2025-06-02T15:24:44.487Z
RC Caterers Groups,+,5.0,1 Ratings,"NGEF Layout Mallathahalli, Bangalore",,,Caterers; Veg Caterers,true,false,false,false,true,Caterers,Popular Andhra Caterers,Mandya,2025-06-02T15:24:44.487Z
Bhuvan Caterers And Wedding Planners,B,4.5,5 Ratings,"Arehalli Subramanyapura, Bangalore",,,Caterers; Veg Caterers,false,false,false,false,true,Caterers,Popular Andhra Caterers,Mandya,2025-06-02T15:24:44.487Z
K R Caters,+,4.3,13 Ratings,"Doddakallasandra Kanakapura Road, Bangalore",,,Caterers; Veg Caterers,true,false,false,false,false,Caterers,Popular Andhra Caterers,Mandya,2025-06-02T15:24:44.488Z
Pallavi Caterers,P,5.0,1 Ratings,"Byadrahalli Sunkadakatte, Bangalore",,,Caterers; Veg Caterers,true,false,false,false,true,Caterers,Popular Andhra Caterers,Mandya,2025-06-02T15:24:44.488Z
Shriram Events Caterer,+,4.7,46 Ratings,"3rd Bolck Narayana Nagar, Bangalore",,,,true,false,false,false,true,Caterers,Popular Andhra Caterers,Mandya,2025-06-02T15:24:44.488Z
Srivasasiri Events & Caterers,+,4.6,53 Ratings,"Balaji Layout Uttarahalli, Bangalore",,07405708597,Event Decoration,true,false,false,true,true,Caterers,Popular Andhra Caterers,Mandya,2025-06-02T15:24:44.489Z
Royal Catering,+,5.0,6 Ratings,"ITI Layout Nagarbhavi 2nd Stage, Bangalore",,,Home Delivery,true,false,false,false,true,Caterers,Popular Andhra Caterers,Mandya,2025-06-02T15:24:44.489Z
Sri Sai Caterers,+,3.5,2 Ratings,"Madeshwara Nagar-Sunkadakatte, Bangalore",,08904264191,Home Delivery,true,false,false,false,false,Caterers,Popular Andhra Caterers,Mandya,2025-06-02T15:24:44.489Z
Nirmala Caterers,N,3.2,7 Ratings,"6th Phase Jp Nagar, Bangalore",,,Home Delivery,false,false,false,false,false,Caterers,Popular Andhra Caterers,Mandya,2025-06-02T15:24:44.489Z
Ms Caterers,+,5.0,6 Ratings,"4th Cross 8th Main Banashankari, Bangalore",,09606423648,Caterers; Veg Caterers,true,false,false,true,true,Caterers,Popular Andhra Caterers,Mandya,2025-06-02T15:24:44.489Z
Nammane Caterers,+,4.0,1 Ratings,"Feet Road Nagarbhavi 2nd Stage, Bangalore",,,Caterers For Chaat; Caterers,true,false,false,false,false,Caterers,Popular Andhra Caterers,Mandya,2025-06-02T15:24:44.489Z
Indraprastha Caterers,I,5.0,3 Ratings,"New Bank Colony Konanakunte, Bangalore",,,Home Delivery,false,false,false,false,true,Caterers,Popular Andhra Caterers,Mandya,2025-06-02T15:24:44.489Z
Bhagavathy Caterers,+,5.0,1 Ratings,"Bda Lyt Nagarbhavi, Bangalore",,,Caterers; Caterers Upto 50 Persons,true,false,false,false,true,Caterers,Popular Andhra Caterers,Mandya,2025-06-02T15:24:44.489Z
Nisarga Catering Services,+,3.0,2 Ratings,"Ring Banashankari 3rd Stage, Bangalore",,,Caterers; Veg Caterers,true,false,false,false,false,Caterers,Popular Andhra Caterers,Mandya,2025-06-02T15:24:44.490Z
Arogya Vindu,+,4.4,131 Ratings,"Complex Nagarabavi Nagarbhavi, Bangalore",,,,false,false,false,false,true,Caterers,Popular Andhra Caterers,Mandya,2025-06-02T15:24:44.490Z
Sri Ganapathi Caterers,+,3.8,13 Ratings,"Bengaluru Uttarahalli, Bangalore",,,Caterers; Veg Caterers,true,false,false,false,false,Caterers,Popular Andhra Caterers,Mandya,2025-06-02T15:24:44.490Z
Messiah Catering,+,4.8,2 Ratings,"1st main Road Hosakerehalli, Bangalore",,,Caterers; Veg Caterers,true,false,false,false,false,Caterers,Popular Andhra Caterers,Mandya,2025-06-02T15:24:44.490Z
Harshitha Catering Services,+,4.8,35 Ratings,"Vigneshwara Nagara Sunkadakatte, Bangalore",,,Home Delivery,true,false,false,false,true,Caterers,Popular Andhra Caterers,Mandya,2025-06-02T15:24:44.491Z
A S Caterers,+,4.5,10 Ratings,"Layout BSK 3rd Stage Kathriguppe, Bangalore",,,Home Delivery,true,false,false,false,true,Caterers,Popular Andhra Caterers,Mandya,2025-06-02T15:24:44.491Z
Sri Mahalasa Enterprises,+,4.4,4 Ratings,"Tank Road Banashankari 3rd Stage, Bangalore",,,Caterers Upto 25 Persons; Caterers,true,false,false,false,true,Caterers,Popular Andhra Caterers,Mandya,2025-06-02T15:24:44.491Z
M N E Catering Service,+,4.8,3 Ratings,"9th Cross Jp Nagar 8th Phase, Bangalore",,,Home Delivery,true,false,false,false,true,Caterers,Popular Andhra Caterers,Mandya,2025-06-02T15:24:44.491Z
Snr Caterings,+,4.4,5 Ratings,"Karihobanahalli, Bangalore",,,Caterers; Veg Caterers,true,false,false,false,false,Caterers,Popular Andhra Caterers,Mandya,2025-06-02T15:24:44.491Z
Purnabrahma Catering Services,+,4.7,539 Ratings,"12th Cross Jp Nagar 7th Phase, Bangalore",,,Home Delivery,true,false,false,false,true,Caterers,Popular Andhra Caterers,Mandya,2025-06-02T15:24:44.491Z
Navadurga Catering,+,5.0,1 Ratings,"Cross Banashankari 3rd Stage, Bangalore",,09725023442,Caterers; Veg Caterers,true,false,false,true,true,Caterers,Popular Andhra Caterers,Mandya,2025-06-02T15:24:44.491Z
SA Caterers,S,5.0,1 Ratings,"Vivekananda Nagar-Banashankari 3rd Stage, Bangalore",,,Caterers; Brahmin Food Caterers,true,false,false,false,true,Caterers,Popular Andhra Caterers,Mandya,2025-06-02T15:24:44.491Z
R A Caterers,+,3.9,4 Ratings,"Kathriguppe, Bangalore",,,Caterers; Veg Caterers,true,false,false,true,false,Caterers,Popular Andhra Caterers,Mandya,2025-06-02T15:24:44.492Z
Shashi Kumar Flower Decorater,+,4.8,7 Ratings,"Main Road Jp Nagar, Bangalore",,,Caterers; Flower Decorators,true,false,false,false,true,Caterers,Popular Andhra Caterers,Mandya,2025-06-02T15:24:44.492Z
Sar Catering,+,4.6,35 Ratings,"JP Nagar Post Jhbcs Layout, Bangalore",,09980917838,Home Delivery,true,false,false,true,true,Caterers,Popular Andhra Caterers,Mandya,2025-06-02T15:24:44.492Z
Annapoorneshwari Caterers,+,4.0,2 Ratings,"7th A Cross Nagarbhavi, Bangalore",,,Home Delivery,false,false,false,false,false,Caterers,Popular Andhra Caterers,Mandya,2025-06-02T15:24:44.492Z
R K Caterers,R,3.3,6 Ratings,"Mn 4th Banashankari 2nd Stage, Bangalore",,,Caterers; Veg Caterers,true,false,false,false,false,Caterers,Popular Andhra Caterers,Mandya,2025-06-02T15:24:44.492Z
Calicut Cravings,C,4.9,9 Ratings,"Anekal Bannerghatta Road, Bangalore",,,,true,false,false,false,true,Caterers,Popular Andhra Caterers,Mandya,2025-06-02T15:24:44.492Z
S R Enterprises,+,4.9,6 Ratings,"Colony Kumaraswamy Layout, Bangalore",,,,true,false,false,false,true,Caterers,Popular Andhra Caterers,Mandya,2025-06-02T15:24:44.492Z
Sri Dns Catering Services,+,4.9,21 Ratings,"Nagar D Group Employees Layout, Bangalore",,,Caterers; Veg Caterers,true,false,false,false,true,Caterers,Popular Andhra Caterers,Mandya,2025-06-02T15:24:44.492Z
Mughal Biryani Darbar Caterers,+,5.0,1 Ratings,"Banashankari 2nd Stage, Bangalore",,,Caterers; Veg Caterers,true,false,false,false,false,Caterers,Popular Andhra Caterers,Mandya,2025-06-02T15:24:44.493Z
Sri Annapoorneshwari Catering Services,+,5.0,4 Ratings,"Srinagar Srinagar, Bangalore",,,Home Delivery,true,false,false,false,true,Caterers,Popular Andhra Caterers,Mandya,2025-06-02T15:24:44.493Z
Sri Annapoorneshwari Catering Services,+,4.6,14 Ratings,"Block Banashankari 3rd Stage, Bangalore",,,Caterers; Veg Caterers,true,false,false,false,true,Caterers,Popular Andhra Caterers,Mandya,2025-06-02T15:24:44.493Z
Sgr Catering Service,<,4.8,15 Ratings,"Mandya M C Road Mandya, Mandya",,08904260795,,true,true,false,false,true,Caterers,Popular Caterers For Birthday Parties,Mandya,2025-06-02T15:25:50.353Z
Ajay Tiffanis and Catering,<,4.7,13 Ratings,"8th Cross Gandhi Nagar Mandya, Mandya",,08460506335,Caterers; Event Organisers,true,true,false,true,true,Caterers,Popular Caterers For Birthday Parties,Mandya,2025-06-02T15:25:50.354Z
Ruchi Mane Hotel,<,3.7,"8,192 Ratings","BM Road Srirangapatna, Srirangapatna",,07383637348,,false,false,false,true,true,Caterers,Popular Caterers For Birthday Parties,Mandya,2025-06-02T15:25:50.354Z
Devu Biriyani Mane And Family Restaurant,<,4.4,17 Ratings,"BM Road 1st Cross Road, Mandya",,,,false,false,false,true,true,Caterers,Popular Caterers For Birthday Parties,Mandya,2025-06-02T15:25:50.354Z
Green Valley Groups,<,3.8,31 Ratings,"Mysore Main Road Malavalli, Mandya",,,,true,true,false,false,true,Caterers,Popular Caterers For Birthday Parties,Mandya,2025-06-02T15:25:50.354Z
Shivanasiri Hoolige,<,5.0,4 Ratings,"Chikkamandya, Mandya",,09035094279,Caterers; Caterers For Wedding,true,true,false,false,true,Caterers,Popular Caterers For Birthday Parties,Mandya,2025-06-02T15:25:50.354Z
Chinmay Mahesh Marriage Contractor Marriage Function and Catering Service,<,4.0,1 Ratings,"Convent Road 7th Cross Malavalli, Mandya",,,Videography,true,true,false,false,false,Caterers,Popular Caterers For Birthday Parties,Mandya,2025-06-02T15:25:50.355Z
Hotel vaibhava,<,4.3,6 Ratings,"Collage Street Mandya City, Mandya",,,,true,true,false,false,true,Caterers,Popular Caterers For Birthday Parties,Mandya,2025-06-02T15:25:50.355Z
Surya Caterers,<,4.5,2 Ratings,"1st  Cross Nehru Nagar, Mandya",,,Caterers; Veg Caterers,true,true,false,false,false,Caterers,Popular Caterers For Birthday Parties,Mandya,2025-06-02T15:25:50.355Z
Meenakshi Caterers,<,5.0,5 Ratings,"Bazar Street Mandya Ho, Mandya",,,Caterers; Veg Caterers,true,true,false,false,true,Caterers,Popular Caterers For Birthday Parties,Mandya,2025-06-02T15:25:50.355Z
Vadiraj Caterers,V,4.8,2 Ratings,"Janathnagar Mandya HO, Mandya",,,Home Delivery,true,true,false,false,false,Caterers,Popular Caterers For Birthday Parties,Mandya,2025-06-02T15:25:50.355Z
Shekar Caterers,S,5.0,1 Ratings,"T. K. Lay-Out Mandya Ho, Mandya",,,Caterers; Caterers For Parties,false,true,false,false,false,Caterers,Popular Caterers For Birthday Parties,Mandya,2025-06-02T15:25:50.355Z
Swaad Food Express,+,3.6,3 Ratings,"B M Road Gandhi Nagar Mandya, Mandya",,,,false,false,false,false,false,Caterers,Popular Caterers For Birthday Parties,Mandya,2025-06-02T15:25:50.355Z
Guru Catering,+,4.8,2 Ratings,"Market Rod Pandavapura, Mandya",,,Caterers; Veg Caterers,true,true,false,false,true,Caterers,Popular Caterers For Birthday Parties,Mandya,2025-06-02T15:25:50.355Z
Gopi Caterers and Cooking Contractor,G,5.0,2 Ratings,"1st Cross Halahalli, Mandya",,,Home Delivery,true,true,false,false,true,Caterers,Popular Caterers For Birthday Parties,Mandya,2025-06-02T15:25:50.356Z
Lakshmi Catering Service,L,4.5,1 Ratings,"Nagar Guthal Colony Mandya, Mandya",,,Caterers; Caterers For Wedding,false,true,false,false,false,Caterers,Popular Caterers For Birthday Parties,Mandya,2025-06-02T15:25:50.356Z
Dhanush Catering,D,4.8,2 Ratings,"Housing Board Mandya HO, Mandya",,,Caterers; Veg Caterers,true,true,false,false,true,Caterers,Popular Caterers For Birthday Parties,Mandya,2025-06-02T15:25:50.356Z
D Cooking Group,+,5.0,1 Ratings,"K Shettihalli Ca Kere, Mandya",,,Caterers; Veg Caterers,true,true,false,false,true,Caterers,Popular Caterers For Birthday Parties,Mandya,2025-06-02T15:25:50.356Z
Siddhu Catering Services,+,5.0,1 Ratings,"Bazaar Street Maddur Mandya, Mandya",,,Caterers; Veg Caterers,true,true,false,false,true,Caterers,Popular Caterers For Birthday Parties,Mandya,2025-06-02T15:25:50.356Z
Ayva Events,+,5.0,90 Ratings,"1st Floor Rajivnagar, Mysore",,,Event Decoration; Corporate; Name Printed Balloon,true,true,false,true,true,Caterers,Popular Caterers For Birthday Parties,Mandya,2025-06-02T15:25:50.357Z
Jujus Kitchen,+,4.3,40 Ratings,"13th Cross Road Rajivnagar, Mysore",,,,true,false,false,false,true,Caterers,Popular Caterers For Birthday Parties,Mandya,2025-06-02T15:25:50.357Z
Sk Cooking & Catering,S,4.5,1 Ratings,"BD COLONY Azeez Sait Nagar, Mysore",,,Home Delivery,true,true,false,false,true,Caterers,Popular Caterers For Birthday Parties,Mandya,2025-06-02T15:25:50.357Z
Sri Maleegera Dharshini Hotel,+,5.0,6 Ratings,"Mysore Road Siddalingapura, Mysore",,,Caterers; Veg Caterers,true,true,false,false,true,Caterers,Popular Caterers For Birthday Parties,Mandya,2025-06-02T15:25:50.357Z
S K Cooking And Caterers,+,4.3,3 Ratings,"Azeez Sait Nagar, Mysore",,,24 Hours; Home Delivery,true,true,false,false,false,Caterers,Popular Caterers For Birthday Parties,Mandya,2025-06-02T15:25:50.357Z
Neha Caterers,N,4.0,3 Ratings,"Kalyanagiri, Mysore",,,Caterers; Caterers For Wedding,false,true,false,false,false,Caterers,Popular Caterers For Birthday Parties,Mandya,2025-06-02T15:25:50.357Z
MD caterers,M,5.0,1 Ratings,"2555 2nd Stage Rajivnagar, Mysore",,,Caterers; Veg Caterers,false,true,false,false,false,Caterers,Popular Caterers For Birthday Parties,Mandya,2025-06-02T15:25:50.357Z
Sufiya Caterers,S,4.0,2 Ratings,"2nd Cross Road Ghousia Nagar, Mysore",,,Caterers; Caterers For Wedding,false,true,false,false,false,Caterers,Popular Caterers For Birthday Parties,Mandya,2025-06-02T15:25:50.358Z
Ibrahim Caterers,I,4.7,9 Ratings,"Rahman Road Christian Colony, Mysore",,,Caterers; Caterers For Wedding,true,true,false,false,false,Caterers,Popular Caterers For Birthday Parties,Mandya,2025-06-02T15:25:50.358Z
Shehnai Event Palnners,S,5.0,1 Ratings,"Masjid Road Rajivnagar, Mysore",,,Banquet Hall Decoration; Car Decoration; Videography,true,true,false,false,true,Caterers,Popular Caterers For Birthday Parties,Mandya,2025-06-02T15:25:50.358Z
Samaa Caterer And Function Organisers,+,4.6,31 Ratings,"1st Main Shanthinagar, Mysore",,,Caterers; Veg Caterers,true,true,false,false,true,Caterers,Popular Caterers For Birthday Parties,Mandya,2025-06-02T15:25:50.358Z
Star Caterers,+,4.7,9 Ratings,"2nd Cross Udayagiri, Mysore",,,Non Veg Caterers Upto 100 Persons; Caterers,true,true,false,false,false,Caterers,Popular Caterers For Birthday Parties,Mandya,2025-06-02T15:25:50.358Z
Royal Mess,R,4.1,347 Ratings,"4th Cross Siddique Nagar, Mysore",,,,false,false,false,false,true,Caterers,Popular Caterers For Birthday Parties,Mandya,2025-06-02T15:25:50.358Z
Nagaraj & Brothers,N,4.7,8 Ratings,"Main Road Rajendranagar, Mysore",,,Caterers; Veg Caterers,true,true,false,false,false,Caterers,Popular Caterers For Birthday Parties,Mandya,2025-06-02T15:25:50.358Z
Faraz Caterers,+,4.0,2 Ratings,"Udayagiri, Mysore",,,Caterers; Caterers For Wedding,true,true,false,false,false,Caterers,Popular Caterers For Birthday Parties,Mandya,2025-06-02T15:25:50.358Z
C R Shravya Tent House,+,4.3,10 Ratings,"Rajkumar Road Yaraganahalli, Mysore",,08511210163,Home Delivery,true,true,false,true,true,Caterers,Popular Caterers For Birthday Parties,Mandya,2025-06-02T15:25:50.358Z
Shariff Caterer,+,4.7,119 Ratings,"Cerle Rajiv Nagar 2nd Stage, Mysore",,,Caterers; Caterers For Wedding,true,true,false,false,true,Caterers,Popular Caterers For Birthday Parties,Mandya,2025-06-02T15:25:50.358Z
Bambooz Food Bay,+,4.2,69 Ratings,"Narasipura Main Road Alanahalli, Mysore",,,,true,true,false,false,true,Caterers,Popular Caterers For Birthday Parties,Mandya,2025-06-02T15:25:50.359Z
Nagaraj Caterers,N,4.6,6 Ratings,"Narasimharaja Mohalla, Mysore",,,Caterers; Caterers For Wedding,true,true,false,false,false,Caterers,Popular Caterers For Birthday Parties,Mandya,2025-06-02T15:25:50.359Z
Brother's Caterers,+,5.0,41 Ratings,"Cross Raghavendranagar Extension, Mysore",,09724742088,Non Veg Caterers; Caterers,true,true,false,false,true,Caterers,Popular Caterers For Birthday Parties,Mandya,2025-06-02T15:25:50.359Z
Prithvi Catering,P,4.0,2 Ratings,"Main Road Siddarthanagar, Mysore",,,Caterers; Veg Caterers,true,true,false,false,false,Caterers,Popular Caterers For Birthday Parties,Mandya,2025-06-02T15:25:50.359Z
Radhe Krishna Catress,+,4.5,1 Ratings,"Siddhartha Layout, Mysore",,,Home Delivery,true,true,false,false,false,Caterers,Popular Caterers For Birthday Parties,Mandya,2025-06-02T15:25:50.359Z
Hotel Nimishambha,+,4.1,951 Ratings,"Road Narasimharaja Mohalla, Mysore",,,,true,true,false,false,true,Caterers,Popular Caterers For Birthday Parties,Mandya,2025-06-02T15:25:50.359Z
Wedding Sweets,+,4.8,53 Ratings,"Shivaji Road N R Mohalla, Mysore",,,Caterers; Caterers For Wedding,true,true,false,false,true,Caterers,Popular Caterers For Birthday Parties,Mandya,2025-06-02T15:25:50.359Z
National Catering,+,4.0,1 Ratings,"Narasimharaja Mohalla, Mysore",,,Caterers; Veg Caterers,true,true,false,false,false,Caterers,Popular Caterers For Birthday Parties,Mandya,2025-06-02T15:25:50.359Z
Paddu's Tiffany'S,P,4.3,3 Ratings,"Bannimantap, Mysore",,,,true,true,false,false,false,Caterers,Popular Caterers For Birthday Parties,Mandya,2025-06-02T15:25:50.359Z
Sgr Events,+,4.9,19 Ratings,"Nagar Main Road Bannimantap, Mysore",,,Videography,true,true,false,false,true,Caterers,Popular Caterers For Birthday Parties,Mandya,2025-06-02T15:25:50.359Z
Mahadev Caterers,M,4.0,2 Ratings,"Gandhi Nagar Gandhinagar, Mysore",,,Caterers; Caterers For Wedding,true,true,false,false,false,Caterers,Popular Caterers For Birthday Parties,Mandya,2025-06-02T15:25:50.359Z
Sgr Catering,+,4.8,357 Ratings,"3rd Stage Bannimantap, Mysore",,08123559536,Caterers; Veg Caterers,true,true,false,true,true,Caterers,Popular Caterers For Birthday Parties,Mandya,2025-06-02T15:25:50.359Z
Ganesha Enterprises,G,3.0,2 Ratings,"1st Cross Nazarbad, Mysore",,,Caterers; Veg Caterers,true,true,false,false,false,Caterers,Popular Caterers For Birthday Parties,Mandya,2025-06-02T15:25:50.360Z
Sgr Catering Service,<,4.8,15 Ratings,"Mandya M C Road Mandya, Mandya",,08904260795,,true,true,false,false,true,Caterers,Popular Brahmin Food Caterers,Mandya,2025-06-02T15:26:49.301Z
Meenakshi Caterers,<,5.0,5 Ratings,"Bazar Street Mandya Ho, Mandya",,,Caterers; Veg Caterers,true,true,false,false,true,Caterers,Popular Brahmin Food Caterers,Mandya,2025-06-02T15:26:49.301Z
D Cooking Group,<,5.0,1 Ratings,"K Shettihalli Ca Kere, Mandya",,,Caterers; Veg Caterers,true,true,false,false,true,Caterers,Popular Brahmin Food Caterers,Mandya,2025-06-02T15:26:49.301Z
Guru Catering,<,4.8,2 Ratings,"Market Rod Pandavapura, Mandya",,,Caterers; Veg Caterers,true,true,false,false,true,Caterers,Popular Brahmin Food Caterers,Mandya,2025-06-02T15:26:49.301Z
Chinmay Mahesh Marriage Contractor Marriage Function and Catering Service,<,4.0,1 Ratings,"Convent Road 7th Cross Malavalli, Mandya",,,Videography,true,true,false,false,false,Caterers,Popular Brahmin Food Caterers,Mandya,2025-06-02T15:26:49.302Z
Shehnai Event Palnners,<,5.0,1 Ratings,"Masjid Road Rajivnagar, Mysore",,,Banquet Hall Decoration; Car Decoration; Videography,true,true,false,false,true,Caterers,Popular Brahmin Food Caterers,Mandya,2025-06-02T15:26:49.302Z
Sgr Events,<,4.9,19 Ratings,"Nagar Main Road Bannimantap, Mysore",,,Videography,true,true,false,false,true,Caterers,Popular Brahmin Food Caterers,Mandya,2025-06-02T15:26:49.302Z
Sgr Catering,<,4.8,357 Ratings,"3rd Stage Bannimantap, Mysore",,08123559536,Caterers; Veg Caterers,true,true,false,true,true,Caterers,Popular Brahmin Food Caterers,Mandya,2025-06-02T15:26:49.302Z
Old Original Vinayaka Mylari Since-1938,<,4.2,"15,507 Ratings","79 Nazarbad Main Road Nazarbad, Mysore",,07801807744,Caterers; Veg Caterers,true,true,false,true,true,Caterers,Popular Brahmin Food Caterers,Mandya,2025-06-02T15:26:49.303Z
Sri Matha Catering Services,<,4.8,25 Ratings,"Ringroad Lokanayakanagara, Mysore",,,Home Delivery,true,true,false,false,true,Caterers,Popular Brahmin Food Caterers,Mandya,2025-06-02T15:26:49.303Z
Bsl Caterers,B,4.6,7 Ratings,"No.987 Tank Bund Road Ittigegud, Mysore",,,Home Delivery,true,true,false,false,true,Caterers,Popular Brahmin Food Caterers,Mandya,2025-06-02T15:26:49.303Z
Ngk and Son Caterers,+,4.5,17 Ratings,"Shivrampet Devaraja Mohalla, Mysore",,,Caterers; Event Organisers,true,true,false,true,true,Caterers,Popular Brahmin Food Caterers,Mandya,2025-06-02T15:26:49.304Z
Chaitanya Caterers,+,4.9,27 Ratings,"Cross Road Vani Vilas Mohalla, Mysore",,08460305168,,true,true,false,false,true,Caterers,Popular Brahmin Food Caterers,Mandya,2025-06-02T15:26:49.304Z
Sri Shabari Catering,+,5.0,2 Ratings,"Kshethyya Road Kr Mohalla, Mysore",,,Home Delivery,true,true,false,false,true,Caterers,Popular Brahmin Food Caterers,Mandya,2025-06-02T15:26:49.305Z
Shabari Caterers,S,4.3,7 Ratings,"1st Cross Kr Mohalla, Mysore",,,Home Delivery,true,true,false,false,true,Caterers,Popular Brahmin Food Caterers,Mandya,2025-06-02T15:26:49.305Z
Rao Catering Services - Pure Veg Brahmins,+,5.0,1 Ratings,"K R Mohalla Agrahara, Mysore",,09054086997,Home Delivery,true,true,false,false,true,Caterers,Popular Brahmin Food Caterers,Mandya,2025-06-02T15:26:49.306Z
BE Harsh Catering Service,B,5.0,5 Ratings,"Vishu Moni Residency Vv Mohalla, Mysore",,,Home Delivery,true,true,false,false,true,Caterers,Popular Brahmin Food Caterers,Mandya,2025-06-02T15:26:49.306Z
Crn Caterers,+,5.0,1 Ratings,"Thyagaraj Road Kr Mohalla, Mysore",,,Caterers; Veg Caterers,false,true,false,false,true,Caterers,Popular Brahmin Food Caterers,Mandya,2025-06-02T15:26:49.306Z
Vismay Veg Restaurant,+,4.4,66 Ratings,"Main 3rd Cross Saraswathipuram, Mysore",,08511015563,,true,false,false,true,true,Caterers,Popular Brahmin Food Caterers,Mandya,2025-06-02T15:26:49.306Z
Butthi Caterers,B,4.6,4 Ratings,"3rd Cross Saraswathipuram, Mysore",,,Caterers; Veg Caterers,true,true,false,false,true,Caterers,Popular Brahmin Food Caterers,Mandya,2025-06-02T15:26:49.306Z
Sarovara Mess,+,4.3,4 Ratings,"Center Road Vishweshwara Nagar, Mysore",,,Home Delivery,false,true,false,false,true,Caterers,Popular Brahmin Food Caterers,Mandya,2025-06-02T15:26:49.307Z
Jeevan Catering,J,4.8,2 Ratings,"Ring Road Bogadi, Mysore",,,Banquet Hall Decoration; Home Delivery,true,true,false,false,true,Caterers,Popular Brahmin Food Caterers,Mandya,2025-06-02T15:26:49.307Z
Slv Corner Tiffens,+,4.0,1 Ratings,"Bandar Circle Saraswathipuram, Mysore",,,,true,true,false,false,false,Caterers,Popular Brahmin Food Caterers,Mandya,2025-06-02T15:26:49.307Z
Shree Hari Caterers,+,4.9,55 Ratings,"I Block Ramakrishnanagar, Mysore",,08511074515,Caterers; Veg Caterers,true,true,false,true,true,Caterers,Popular Brahmin Food Caterers,Mandya,2025-06-02T15:26:49.307Z
Anup Caterers,A,4.8,6 Ratings,"1st Block Ramakrishnanagar, Mysore",,,Caterers; Brahmin Food Caterers,true,true,false,false,true,Caterers,Popular Brahmin Food Caterers,Mandya,2025-06-02T15:26:49.308Z
Niveditha Event Management & Organisers,N,5.0,3 Ratings,"Vinayaka Enclave J P Nagar, Mysore",,,Home Delivery,true,true,false,false,true,Caterers,Popular Brahmin Food Caterers,Mandya,2025-06-02T15:26:49.308Z
Yashas Caterers,Y,4.0,2 Ratings,"Devi Nursing Home Road Bogadi, Mysore",,,Home Delivery,true,true,false,false,false,Caterers,Popular Brahmin Food Caterers,Mandya,2025-06-02T15:26:49.308Z
Shree Caterers,+,4.8,290 Ratings,"6th Phase Kuvempunagar, Mysore",,,Caterers; Veg Caterers,true,true,false,false,true,Caterers,Popular Brahmin Food Caterers,Mandya,2025-06-02T15:26:49.308Z
Siri Cooking And Catering,S,3.8,3 Ratings,"and F Block Ramakrishnanagar, Mysore",,,Home Delivery,true,true,false,true,false,Caterers,Popular Brahmin Food Caterers,Mandya,2025-06-02T15:26:49.309Z
P360,+,4.8,102 Ratings,"6th Block Sriramapura 2nd Stage, Mysore",,08511494857,Banquet Hall Decoration,true,true,false,true,true,Caterers,Popular Brahmin Food Caterers,Mandya,2025-06-02T15:26:49.309Z
Annapoorneshwari Catering,+,4.7,24 Ratings,"Layout Ramakrishnanagar, Mysore",,,Home Delivery,true,true,false,false,true,Caterers,Popular Brahmin Food Caterers,Mandya,2025-06-02T15:26:49.309Z
CSR Catering,+,4.7,116 Ratings,"Layout Main Vijaynagar 4th Stage, Mysore",,,Caterers; Veg Caterers,true,true,false,true,true,Caterers,Popular Brahmin Food Caterers,Mandya,2025-06-02T15:26:49.309Z
S.l.v Veg,S,3.6,28 Ratings,"Datagalli Ramakrishnanagar, Mysore",,,Home Delivery,true,false,false,false,false,Caterers,Popular Brahmin Food Caterers,Mandya,2025-06-02T15:26:49.309Z
Ramya Caterers - By Vadiraj,+,4.3,53 Ratings,"Beml Layout Rajarajeshwari Nagar, Mysore",,,Caterers; Veg Caterers,true,true,false,true,true,Caterers,Popular Brahmin Food Caterers,Mandya,2025-06-02T15:26:49.310Z
Nagasri Caterers,N,5.0,12 Ratings,"Layout Sriramapura 2nd Stage, Mysore",,08460451875,Caterers; Veg Caterers,true,true,false,false,true,Caterers,Popular Brahmin Food Caterers,Mandya,2025-06-02T15:26:49.310Z
Sri Manjunatha Enterprises,+,4.4,131 Ratings,"2nd Stage Rajarajeshwari Nagar, Mysore",,,Home Delivery,true,true,false,false,true,Caterers,Popular Brahmin Food Caterers,Mandya,2025-06-02T15:26:49.310Z
Ramprasad,R,5.0,1 Ratings,"2nd cross Vidyaranyapuram, Mysore",,,Caterers; Veg Caterers,true,true,false,false,true,Caterers,Popular Brahmin Food Caterers,Mandya,2025-06-02T15:26:49.310Z
Nathas Food Court Davangere Benne Dose Hotel,N,4.5,4 Ratings,"Bolare Post Nettigere, Bangalore",,,,true,true,false,false,true,Caterers,Popular Brahmin Food Caterers,Mandya,2025-06-02T15:26:49.310Z
Rajpurohit Caterers,+,5.0,1 Ratings,"Gate Chikka Gollarahatti, Bangalore",,,Caterers; Veg Caterers,true,true,false,false,false,Caterers,Popular Brahmin Food Caterers,Mandya,2025-06-02T15:26:49.311Z
Treat O Treat,T,5.0,2 Ratings,"Thagachaguppe Road Kumbalgodu, Bangalore",,,Home Delivery,true,true,false,false,true,Caterers,Popular Brahmin Food Caterers,Mandya,2025-06-02T15:26:49.311Z
Udupi Bhavan,U,3.8,23 Ratings,"72/74 Kengeri, Bangalore",,,,true,true,false,false,false,Caterers,Popular Brahmin Food Caterers,Mandya,2025-06-02T15:26:49.311Z
Hotel Srinidhi Sagar Deluxe,+,3.9,"4,413 Ratings","Muttappa Complex Kumbalgodu, Bangalore",,,,false,false,false,false,false,Caterers,Popular Brahmin Food Caterers,Mandya,2025-06-02T15:26:49.311Z
Stall Desk Pvt Ltd,+,4.5,4 Ratings,"Mysore Road Kengeri, Bangalore",,,Home Delivery,true,true,false,false,true,Caterers,Popular Brahmin Food Caterers,Mandya,2025-06-02T15:26:49.311Z
Shree Shree Caterers,+,5.0,3 Ratings,"8 A Main Raja Layout, Bangalore",,,Caterers; Veg Caterers,true,true,false,false,true,Caterers,Popular Brahmin Food Caterers,Mandya,2025-06-02T15:26:49.311Z
Sri Gururaja Catering,S,4.1,10 Ratings,"8th Cross Kengeri Satelite Town, Bangalore",,,Caterers; Veg Caterers,true,true,false,false,true,Caterers,Popular Brahmin Food Caterers,Mandya,2025-06-02T15:26:49.312Z
SKP Cooking Contractors,S,4.8,4 Ratings,"Main Road Kanakapura Road, Bangalore",,,Home Delivery,true,true,false,false,true,Caterers,Popular Brahmin Food Caterers,Mandya,2025-06-02T15:26:49.312Z
Balaji Caterers,B,2.8,2 Ratings,"Sonnenahalli, Bangalore",,,Home Delivery,true,true,false,false,false,Caterers,Popular Brahmin Food Caterers,Mandya,2025-06-02T15:26:49.312Z
GJNS Caterers,G,5.0,6 Ratings,"80 Feet Road Kengeri, Bangalore",,,Caterers; Veg Caterers,true,true,false,false,true,Caterers,Popular Brahmin Food Caterers,Mandya,2025-06-02T15:26:49.312Z
Balaji Catering,+,4.3,7 Ratings,"Layout 2nd Stage Kadabagere, Bangalore",,,Caterers; Veg Caterers,true,true,false,false,false,Caterers,Popular Brahmin Food Caterers,Mandya,2025-06-02T15:26:49.312Z
Sgr Catering Service,<,4.8,15 Ratings,"Mandya M C Road Mandya, Mandya",,08904260795,,true,true,false,false,true,Caterers,Popular Chinese Caterers,Mandya,2025-06-02T15:27:43.380Z
Swaad Food Express,<,3.6,3 Ratings,"B M Road Gandhi Nagar Mandya, Mandya",,,,false,false,false,false,false,Caterers,Popular Chinese Caterers,Mandya,2025-06-02T15:27:43.381Z
Chaitanya Caterers,<,4.9,27 Ratings,"Cross Road Vani Vilas Mohalla, Mysore",,08460305168,,true,true,false,false,true,Caterers,Popular Chinese Caterers,Mandya,2025-06-02T15:27:43.381Z
Jeevan Catering,<,4.8,2 Ratings,"Ring Road Bogadi, Mysore",,,Banquet Hall Decoration; Home Delivery,true,true,false,false,true,Caterers,Popular Chinese Caterers,Mandya,2025-06-02T15:27:43.381Z
Rakshitha Catering,<,5.0,2 Ratings,"Gurur Village Ramabai Nagar, Mysore",,,Caterers; Veg Caterers,true,true,false,false,true,Caterers,Popular Chinese Caterers,Mandya,2025-06-02T15:27:43.381Z
KBH Sri Kala Bairava Hotel,<,4.2,103 Ratings,"1St Main Road Kengeri, Bangalore",,,Parking Available; Home Delivery,true,false,false,false,true,Caterers,Popular Chinese Caterers,Mandya,2025-06-02T15:27:43.381Z
Stall Desk Pvt Ltd,<,4.5,4 Ratings,"Mysore Road Kengeri, Bangalore",,,Home Delivery,true,true,false,false,true,Caterers,Popular Chinese Caterers,Mandya,2025-06-02T15:27:43.382Z
Vaishith Catering,<,4.9,397 Ratings,"Mariyappanapalya Gnanabharathi, Bangalore",,,Home Delivery,true,true,false,false,true,Caterers,Popular Chinese Caterers,Mandya,2025-06-02T15:27:43.382Z
Moodala Mane,<,3.9,200 Ratings,"2nd Stage Mallathahalli, Bangalore",,,,false,false,false,false,false,Caterers,Popular Chinese Caterers,Mandya,2025-06-02T15:27:43.382Z
Samanvaya Group,<,5.0,70 Ratings,"Pramod Layout-Nayandahalli, Bangalore",,08123961647,Caterers; Veg Caterers,true,true,false,true,true,Caterers,Popular Chinese Caterers,Mandya,2025-06-02T15:27:43.382Z
Nirmala Caterers,N,3.2,7 Ratings,"6th Phase Jp Nagar, Bangalore",,,Home Delivery,false,true,false,false,false,Caterers,Popular Chinese Caterers,Mandya,2025-06-02T15:27:43.382Z
Indraprastha Caterers,I,5.0,3 Ratings,"New Bank Colony Konanakunte, Bangalore",,,Home Delivery,false,true,false,false,true,Caterers,Popular Chinese Caterers,Mandya,2025-06-02T15:27:43.382Z
Bhagavathy Caterers,+,5.0,1 Ratings,"Bda Lyt Nagarbhavi, Bangalore",,,Caterers; Caterers Upto 50 Persons,true,true,false,false,true,Caterers,Popular Chinese Caterers,Mandya,2025-06-02T15:27:43.382Z
Chavish Events,C,4.2,12 Ratings,"No. 21 Laggere, Bangalore",,,Event Organisers; Caterers,true,true,false,false,true,Caterers,Popular Chinese Caterers,Mandya,2025-06-02T15:27:43.383Z
Sri Ganapathi Caterers,+,3.8,13 Ratings,"Bengaluru Uttarahalli, Bangalore",,,Caterers; Veg Caterers,true,true,false,false,false,Caterers,Popular Chinese Caterers,Mandya,2025-06-02T15:27:43.383Z
Harshitha Catering Services,+,4.8,35 Ratings,"Vigneshwara Nagara Sunkadakatte, Bangalore",,,Home Delivery,true,true,false,false,true,Caterers,Popular Chinese Caterers,Mandya,2025-06-02T15:27:43.383Z
Sharada Caterers,+,4.5,3 Ratings,"Nagar Jp Nagar 7th Phase, Bangalore",,09980941909,Caterers; Veg Caterers,true,true,false,true,true,Caterers,Popular Chinese Caterers,Mandya,2025-06-02T15:27:43.383Z
M N E Catering Service,+,4.8,3 Ratings,"9th Cross Jp Nagar 8th Phase, Bangalore",,,Home Delivery,true,true,false,false,true,Caterers,Popular Chinese Caterers,Mandya,2025-06-02T15:27:43.383Z
Lazeez Foods Catering Services,L,3.9,12 Ratings,"Bannergatta Road Gottigere, Bangalore",,,Home Delivery,true,true,false,false,false,Caterers,Popular Chinese Caterers,Mandya,2025-06-02T15:27:43.383Z
Purnabrahma Catering Services,+,4.7,539 Ratings,"12th Cross Jp Nagar 7th Phase, Bangalore",,,Home Delivery,true,true,false,false,true,Caterers,Popular Chinese Caterers,Mandya,2025-06-02T15:27:43.383Z
SA Caterers,S,5.0,1 Ratings,"Vivekananda Nagar-Banashankari 3rd Stage, Bangalore",,,Caterers; Brahmin Food Caterers,true,true,false,false,true,Caterers,Popular Chinese Caterers,Mandya,2025-06-02T15:27:43.383Z
Annapoorneshwari Caterers,+,4.0,2 Ratings,"7th A Cross Nagarbhavi, Bangalore",,,Home Delivery,false,true,false,false,false,Caterers,Popular Chinese Caterers,Mandya,2025-06-02T15:27:43.383Z
Raghavendra Catering,R,3.8,11 Ratings,"2nd Cross Banashankari, Bangalore",,,Caterers; Veg Caterers,true,true,false,false,false,Caterers,Popular Chinese Caterers,Mandya,2025-06-02T15:27:43.384Z
Sri Gururaghavendra Catering,S,4.1,17 Ratings,"Hanumantha Nagar-Banashankari, Bangalore",,,Home Delivery,true,true,false,false,true,Caterers,Popular Chinese Caterers,Mandya,2025-06-02T15:27:43.384Z
Jagadish Caterers,+,4.5,6 Ratings,"RPC Layout Vijayanagar, Bangalore",,,,true,true,false,false,true,Caterers,Popular Chinese Caterers,Mandya,2025-06-02T15:27:43.384Z
Pooja Caterings,P,3.9,9 Ratings,"M C Layout Vijayanagar, Bangalore",,,Home Delivery,true,true,false,false,false,Caterers,Popular Chinese Caterers,Mandya,2025-06-02T15:27:43.384Z
AK Caterers,+,4.3,9 Ratings,"Bannerghatta Road Arekere Gate, Bangalore",,,Home Delivery,true,true,false,false,true,Caterers,Popular Chinese Caterers,Mandya,2025-06-02T15:27:43.385Z
Sri Vishnu Caterers,S,5.0,3 Ratings,"Banashankari 1st Stage, Bangalore",,,Home Delivery,false,true,false,false,true,Caterers,Popular Chinese Caterers,Mandya,2025-06-02T15:27:43.385Z
R R Caterers,R,2.5,2 Ratings,"Thyagaraja Nagar Thyagaraj Nagar, Bangalore",,,Caterers; Flower Decorators,true,true,false,false,false,Caterers,Popular Chinese Caterers,Mandya,2025-06-02T15:27:43.385Z
Sri Devi Caterers,+,4.7,5 Ratings,"Main Road Banashankari 2nd Stage, Bangalore",,,Caterers; Caterers Upto 50 Persons,true,true,false,false,true,Caterers,Popular Chinese Caterers,Mandya,2025-06-02T15:27:43.385Z
HKC Caterers,+,3.7,13 Ratings,"3rd Phase Bannerghatta Road, Bangalore",,,Caterers For Function; Caterers,true,true,false,false,false,Caterers,Popular Chinese Caterers,Mandya,2025-06-02T15:27:43.385Z
MD Saad & Brothers Catering Point,M,4.4,19 Ratings,"mysore road, Bangalore",,,,true,true,false,false,false,Caterers,Popular Chinese Caterers,Mandya,2025-06-02T15:27:43.385Z
Sri Yakshiamma Caterers,+,3.9,6 Ratings,"8th Jp Nagar 7th Phase, Bangalore",,,Caterers Upto 50 Persons; Caterers,true,true,false,false,false,Caterers,Popular Chinese Caterers,Mandya,2025-06-02T15:27:43.386Z
Sai Kutera,+,4.7,3 Ratings,"Srinagara Main Road Chamarajpet, Bangalore",,,Home Delivery,false,true,false,false,true,Caterers,Popular Chinese Caterers,Mandya,2025-06-02T15:27:43.386Z
Durga Caterers,D,3.0,1 Ratings,"Phase Bus Stop Jp Nagar, Bangalore",,,Caterers; Veg Caterers,true,true,false,false,false,Caterers,Popular Chinese Caterers,Mandya,2025-06-02T15:27:43.386Z
N Chandrashekar And Sons,+,3.9,67 Ratings,"6th Block Banashankari, Bangalore",,,Home Delivery,true,true,false,false,false,Caterers,Popular Chinese Caterers,Mandya,2025-06-02T15:27:43.386Z
Mr Pradeep,+,3.7,330 Ratings,"Dasarahalli Basaveshwara Nagar, Bangalore",,,Home Delivery,false,true,false,true,false,Caterers,Popular Chinese Caterers,Mandya,2025-06-02T15:27:43.386Z
AVS Nagaraj Enterprises,+,4.3,177 Ratings,"Gandhi Bazaar Basavanagudi, Bangalore",,,Caterers; Flower Decorators,true,true,false,true,true,Caterers,Popular Chinese Caterers,Mandya,2025-06-02T15:27:43.386Z
Simply Caterers,+,4.7,231 Ratings,"3rd Stage Basaveshwara Nagar, Bangalore",,08460472079,Caterers; Event Organisers,true,true,false,false,true,Caterers,Popular Chinese Caterers,Mandya,2025-06-02T15:27:43.386Z
Poornachandra Coffee Camp,+,4.5,60 Ratings,"Basavanagudi, Bangalore",,,Caterers; Veg Caterers,true,false,false,false,true,Caterers,Popular Chinese Caterers,Mandya,2025-06-02T15:27:43.386Z
Mr Ananth Nayya,M,4.1,7 Ratings,"No 32 Market Road Basavanagudi, Bangalore",,,Caterers For Events; Caterers,true,true,false,true,false,Caterers,Popular Chinese Caterers,Mandya,2025-06-02T15:27:43.386Z
Vishal Foods,+,3.9,287 Ratings,"Akshay Nagar Dlf New Town, Bangalore",,,Parking Available; Home Delivery,false,false,false,false,false,Caterers,Popular Chinese Caterers,Mandya,2025-06-02T15:27:43.386Z
Venkatesh Caterer,V,4.3,3 Ratings,"2nd Main Gayathri Nagar, Bangalore",,,Home Delivery,false,true,false,false,false,Caterers,Popular Chinese Caterers,Mandya,2025-06-02T15:27:43.386Z
Xiang Shan Restaurant,X,3.8,2 Ratings,"Sounth End Rd Basavanagudi, Bangalore",,,,true,true,false,false,false,Caterers,Popular Chinese Caterers,Mandya,2025-06-02T15:27:43.386Z
Hotel Manvih Nati Style And Family Restaurant,H,3.9,8 Ratings,"Peenya 3rd Stage, Bangalore",,,,true,false,false,false,false,Caterers,Popular Chinese Caterers,Mandya,2025-06-02T15:27:43.387Z
HORA SERVICES,+,4.6,131 Ratings,"Road Bannerghatta Road, Bangalore",,,Caterers; Flower Decorators,true,true,false,false,true,Caterers,Popular Chinese Caterers,Mandya,2025-06-02T15:27:43.387Z
Baba Ka Dhaba,+,3.7,651 Ratings,"4th Main BTM Layout, Bangalore",,,,false,false,false,true,false,Caterers,Popular Chinese Caterers,Mandya,2025-06-02T15:27:43.387Z
Tawa Sagara,+,3.7,"1,082 Ratings","30th Cross Jayanagar 4th T Block, Bangalore",,,,false,false,false,true,false,Caterers,Popular Chinese Caterers,Mandya,2025-06-02T15:27:43.387Z
G K Haridas & Brothers,G,2.5,2 Ratings,"28th Crs Cubbonpet, Bangalore",,,Home Delivery,false,true,false,false,false,Caterers,Popular Chinese Caterers,Mandya,2025-06-02T15:27:43.387Z
Swaad Food Express,<,3.6,3 Ratings,"B M Road Gandhi Nagar Mandya, Mandya",,,,false,false,false,false,true,Caterers,Popular Continental Caterers,Mandya,2025-06-02T15:28:48.086Z
Sri Matha Catering Services,<,4.8,25 Ratings,"Ringroad Lokanayakanagara, Mysore",,,Home Delivery,true,false,false,false,true,Caterers,Popular Continental Caterers,Mandya,2025-06-02T15:28:48.087Z
Jeevan Catering,<,4.8,2 Ratings,"Ring Road Bogadi, Mysore",,,Banquet Hall Decoration; Home Delivery,true,false,false,false,true,Caterers,Popular Continental Caterers,Mandya,2025-06-02T15:28:48.087Z
Balaji Caterers,<,2.8,2 Ratings,"Sonnenahalli, Bangalore",,,Home Delivery,true,false,false,false,false,Caterers,Popular Continental Caterers,Mandya,2025-06-02T15:28:48.088Z
The Up Cycle Cafe,<,4.0,7 Ratings,"IV Stage Rajarajeshwari Nagar, Bangalore",,,Caterers; Veg Caterers,false,false,false,false,false,Caterers,Popular Continental Caterers,Mandya,2025-06-02T15:28:48.088Z
Nirmala Caterers,<,3.2,7 Ratings,"6th Phase Jp Nagar, Bangalore",,,Home Delivery,false,false,false,false,false,Caterers,Popular Continental Caterers,Mandya,2025-06-02T15:28:48.088Z
Bhagavathy Caterers,<,5.0,1 Ratings,"Bda Lyt Nagarbhavi, Bangalore",,,Caterers; Caterers Upto 50 Persons,true,false,false,false,true,Caterers,Popular Continental Caterers,Mandya,2025-06-02T15:28:48.088Z
Chavish Events,<,4.2,12 Ratings,"No. 21 Laggere, Bangalore",,,Event Organisers; Caterers,true,false,false,false,true,Caterers,Popular Continental Caterers,Mandya,2025-06-02T15:28:48.089Z
Sri Annapoorneshwari Catering Services,<,5.0,4 Ratings,"Srinagar Srinagar, Bangalore",,,Home Delivery,true,false,false,false,true,Caterers,Popular Continental Caterers,Mandya,2025-06-02T15:28:48.089Z
Gurukrupa Foods,<,4.2,5 Ratings,"B.B.M.P South Bannerghatta, Bangalore",,,Home Delivery,true,false,false,false,false,Caterers,Popular Continental Caterers,Mandya,2025-06-02T15:28:48.089Z
Srinidhi Catering,+,4.0,1 Ratings,"5th Cross Banashankari 3rd Stage, Bangalore",,,Caterers; Veg Caterers,true,false,false,false,false,Caterers,Popular Continental Caterers,Mandya,2025-06-02T15:28:48.089Z
Sri Vishnu Caterers,S,5.0,3 Ratings,"Banashankari 1st Stage, Bangalore",,,Home Delivery,false,false,false,false,true,Caterers,Popular Continental Caterers,Mandya,2025-06-02T15:28:48.090Z
HKC Caterers,+,3.7,13 Ratings,"3rd Phase Bannerghatta Road, Bangalore",,,Caterers For Function; Caterers,true,false,false,false,false,Caterers,Popular Continental Caterers,Mandya,2025-06-02T15:28:48.090Z
Shree Annapoorneshwari Caterers,+,4.5,30 Ratings,"KHB Calony Basaveshwara Nagar, Bangalore",,,Caterers; Veg Caterers,true,false,false,false,true,Caterers,Popular Continental Caterers,Mandya,2025-06-02T15:28:48.091Z
Sai Kutera,+,4.7,3 Ratings,"Srinagara Main Road Chamarajpet, Bangalore",,,Home Delivery,false,false,false,false,true,Caterers,Popular Continental Caterers,Mandya,2025-06-02T15:28:48.091Z
N Chandrashekar And Sons,+,3.9,67 Ratings,"6th Block Banashankari, Bangalore",,,Home Delivery,true,false,false,false,false,Caterers,Popular Continental Caterers,Mandya,2025-06-02T15:28:48.092Z
Simply Caterers,+,4.7,231 Ratings,"3rd Stage Basaveshwara Nagar, Bangalore",,08460472079,Caterers; Event Organisers,true,false,false,false,true,Caterers,Popular Continental Caterers,Mandya,2025-06-02T15:28:48.092Z
Venkatesh Caterer,V,4.3,3 Ratings,"2nd Main Gayathri Nagar, Bangalore",,,Home Delivery,false,false,false,false,false,Caterers,Popular Continental Caterers,Mandya,2025-06-02T15:28:48.092Z
Bombay Caterers,+,4.2,83 Ratings,"Dispensary Road Kalasipalyam, Bangalore",,,,true,false,false,false,true,Caterers,Popular Continental Caterers,Mandya,2025-06-02T15:28:48.093Z
Gani Caterers,G,3.8,49 Ratings,"Road Krishna Rajendra Market, Bangalore",,,Home Delivery,true,false,false,false,false,Caterers,Popular Continental Caterers,Mandya,2025-06-02T15:28:48.093Z
Fumes Lounge,+,4.5,74 Ratings,"CL Layout Hosur Main Road, Bangalore",,,,true,false,false,true,true,Caterers,Popular Continental Caterers,Mandya,2025-06-02T15:28:48.093Z
The Food Caterers,T,5.0,1 Ratings,"Mathikere Main Road Yeshwanthpur, Bangalore",,,Home Delivery,false,false,false,false,true,Caterers,Popular Continental Caterers,Mandya,2025-06-02T15:28:48.094Z
Sri Lakshmi Mess,+,4.0,1 Ratings,"20 Main Madiwala, Bangalore",,,Home Delivery,false,false,false,false,false,Caterers,Popular Continental Caterers,Mandya,2025-06-02T15:28:48.094Z
Mealswala Food Services,M,4.8,2 Ratings,"1st Main HSR Layout, Bangalore",,,Caterers; Event Organisers,false,false,false,false,true,Caterers,Popular Continental Caterers,Mandya,2025-06-02T15:28:48.094Z
Chefs World,+,4.3,56 Ratings,"18th Main Road HSR Layout, Bangalore",,09980865072,Home Delivery,false,false,false,true,true,Caterers,Popular Continental Caterers,Mandya,2025-06-02T15:28:48.094Z
Foodiction,+,3.8,4 Ratings,"Kudlu Gate Bommanahalli, Bangalore",,,,false,false,false,true,false,Caterers,Popular Continental Caterers,Mandya,2025-06-02T15:28:48.094Z
Nand Gopal Caterers,+,4.3,17 Ratings,"Block A Electronic City Phase 2, Bangalore",,,Home Delivery,true,false,false,false,true,Caterers,Popular Continental Caterers,Mandya,2025-06-02T15:28:48.094Z
Cheftalk Food And Hospitality Services Pvt. Ltd.,+,4.8,519 Ratings,"Mangamana Palya Bommanahalli, Bangalore",,,,true,false,false,true,true,Caterers,Popular Continental Caterers,Mandya,2025-06-02T15:28:48.094Z
Gayland Caterers & Furnitures,G,4.2,26 Ratings,"No.23/2 Richmond Road, Bangalore",,,Home Delivery,true,false,false,false,true,Caterers,Popular Continental Caterers,Mandya,2025-06-02T15:28:48.094Z
Caterish Company,C,4.8,4 Ratings,"Near Axis Bank Benson Town, Bangalore",,,Home Delivery,true,false,false,true,true,Caterers,Popular Continental Caterers,Mandya,2025-06-02T15:28:48.095Z
Sankalp Food Zone,S,5.0,1 Ratings,"2nd Main Vasanth Nagar, Bangalore",,,Home Delivery,false,false,false,false,true,Caterers,Popular Continental Caterers,Mandya,2025-06-02T15:28:48.095Z
Brij Mohan Shambhu Dayal,B,5.0,1 Ratings,"Training Centre Vivek Nagar, Bangalore",,,Home Delivery,true,false,false,true,true,Caterers,Popular Continental Caterers,Mandya,2025-06-02T15:28:48.095Z
Anand Dilli Se,A,4.0,1 Ratings,"Hsr Layout Sector 2 Hsr Layout, Bangalore",,,Home Delivery,false,false,false,false,false,Caterers,Popular Continental Caterers,Mandya,2025-06-02T15:28:48.095Z
Silverline Chocolate & Cakes,S,4.0,6 Ratings,"8th Crs Sadashivanagar, Bangalore",,,,true,false,false,false,false,Caterers,Popular Continental Caterers,Mandya,2025-06-02T15:28:48.095Z
Peter Caterers,P,4.4,42 Ratings,"Vivek Nagar Post Ejipura, Bangalore",,,Home Delivery,true,false,false,false,true,Caterers,Popular Continental Caterers,Mandya,2025-06-02T15:28:48.095Z
Hungrazzy,H,3.8,5 Ratings,"1st C Main Road Koramangala, Bangalore",,,Home Delivery,false,false,false,false,false,Caterers,Popular Continental Caterers,Mandya,2025-06-02T15:28:48.095Z
Sagar Caterers,+,4.3,"3,124 Ratings","Palace Ground Mekhri Circle, Bangalore",,,Home Delivery,true,false,false,false,true,Caterers,Popular Continental Caterers,Mandya,2025-06-02T15:28:48.095Z
Vaishnavi Caterers,V,3.0,1 Ratings,"Naganathapura Electronic City, Bangalore",,,Home Delivery,false,false,false,false,false,Caterers,Popular Continental Caterers,Mandya,2025-06-02T15:28:48.095Z
Shahi Restaurant,S,3.5,510 Ratings,"Chandni Chowk Road Shivaji Nagar, Bangalore",,,,false,false,false,false,false,Caterers,Popular Continental Caterers,Mandya,2025-06-02T15:28:48.095Z
Yadav Chef,Y,2.8,4 Ratings,"24th Hsr Layout Sector 2, Bangalore",,,Home Delivery,false,false,false,false,false,Caterers,Popular Continental Caterers,Mandya,2025-06-02T15:28:48.095Z
Ajaz Royal Caterers,A,4.0,1 Ratings,"Dinnur Mn Rd Rt Nagar, Bangalore",,,Home Delivery,true,false,false,false,false,Caterers,Popular Continental Caterers,Mandya,2025-06-02T15:28:48.096Z
Sirio Hotel,+,3.7,25 Ratings,"2nd Cross Sadananda Nagar, Bangalore",,,,true,false,false,false,false,Caterers,Popular Continental Caterers,Mandya,2025-06-02T15:28:48.096Z
R K Tent House & Caterer,+,3.5,2 Ratings,"1st Cross Ulsoor, Bangalore",,,Home Delivery,false,false,false,false,false,Caterers,Popular Continental Caterers,Mandya,2025-06-02T15:28:48.096Z
Aroma Caterer,A,4.7,3 Ratings,"6th Crs Vidyaranyapura, Bangalore",,,Caterers; Veg Caterers,true,false,false,false,true,Caterers,Popular Continental Caterers,Mandya,2025-06-02T15:28:48.096Z
Johnny Caterers,+,4.6,416 Ratings,"Jeevanahalli Cox Town, Bangalore",,,Home Delivery,true,false,false,false,true,Caterers,Popular Continental Caterers,Mandya,2025-06-02T15:28:48.096Z
The Great Maharaja Caterers,T,5.0,2 Ratings,"No. 805/B Hebbal Agri Farm, Bangalore",,,Home Delivery,true,false,false,false,false,Caterers,Popular Continental Caterers,Mandya,2025-06-02T15:28:48.096Z
Sri Durga Catering,+,4.3,2 Ratings,"Manjunath Layout Rt Nagar, Bangalore",,,Home Delivery,true,false,false,false,true,Caterers,Popular Continental Caterers,Mandya,2025-06-02T15:28:48.096Z
Sharma Caterers,S,4.2,6 Ratings,"Old Madras Road Indiranagar, Bangalore",,,Caterers; Veg Caterers,true,false,false,false,true,Caterers,Popular Continental Caterers,Mandya,2025-06-02T15:28:48.096Z
Rolling Pins,R,5.0,2 Ratings,"Anantharam Layout Lingarajapuram, Bangalore",,,Home Delivery,true,false,false,false,true,Caterers,Popular Continental Caterers,Mandya,2025-06-02T15:28:48.096Z
Swaad Food Express,<,3.6,3 Ratings,"B M Road Gandhi Nagar Mandya, Mandya",,,,false,false,false,false,true,Caterers,Popular Gujarati Caterers,Mandya,2025-06-02T15:29:43.617Z
Mother Caterers,<,4.4,4 Ratings,"Nagar Narasimharaja Mohalla, Mysore",,,Caterers; Veg Caterers,true,false,false,false,true,Caterers,Popular Gujarati Caterers,Mandya,2025-06-02T15:29:43.617Z
Sri Ramdev Caterers Mysore,<,4.6,11 Ratings,"Gandhi Square Lashkar Mohalla, Mysore",,09980204685,Caterers; Veg Caterers,true,false,false,true,true,Caterers,Popular Gujarati Caterers,Mandya,2025-06-02T15:29:43.618Z
Shabari Caterers,<,4.3,7 Ratings,"1st Cross Kr Mohalla, Mysore",,,Home Delivery,true,false,false,false,true,Caterers,Popular Gujarati Caterers,Mandya,2025-06-02T15:29:43.618Z
Jeevan Catering,<,4.8,2 Ratings,"Ring Road Bogadi, Mysore",,,Banquet Hall Decoration; Home Delivery,true,false,false,false,true,Caterers,Popular Gujarati Caterers,Mandya,2025-06-02T15:29:43.618Z
Treat O Treat,<,5.0,2 Ratings,"Thagachaguppe Road Kumbalgodu, Bangalore",,,Home Delivery,true,false,false,false,true,Caterers,Popular Gujarati Caterers,Mandya,2025-06-02T15:29:43.618Z
Stall Desk Pvt Ltd,<,4.5,4 Ratings,"Mysore Road Kengeri, Bangalore",,,Home Delivery,true,false,false,false,true,Caterers,Popular Gujarati Caterers,Mandya,2025-06-02T15:29:43.618Z
Sri Gururaja Catering,<,4.1,10 Ratings,"8th Cross Kengeri Satelite Town, Bangalore",,,Caterers; Veg Caterers,true,false,false,false,true,Caterers,Popular Gujarati Caterers,Mandya,2025-06-02T15:29:43.618Z
Purnabrahma Catering Services,<,4.7,539 Ratings,"12th Cross Jp Nagar 7th Phase, Bangalore",,,Home Delivery,true,false,false,false,true,Caterers,Popular Gujarati Caterers,Mandya,2025-06-02T15:29:43.618Z
Shashi Kumar Flower Decorater,<,4.8,7 Ratings,"Main Road Jp Nagar, Bangalore",,,Caterers; Flower Decorators,true,false,false,false,true,Caterers,Popular Gujarati Caterers,Mandya,2025-06-02T15:29:43.618Z
Sar Catering,+,4.6,35 Ratings,"JP Nagar Post Jhbcs Layout, Bangalore",,09980917838,Home Delivery,true,false,false,true,true,Caterers,Popular Gujarati Caterers,Mandya,2025-06-02T15:29:43.619Z
Elite Corporate Service,+,5.0,1 Ratings,"Srinagar-Banashankari 1st Stage, Bangalore",,,Caterers; Veg Caterers,false,false,false,false,true,Caterers,Popular Gujarati Caterers,Mandya,2025-06-02T15:29:43.619Z
Indhu Ralhand Caterers,I,4.0,1 Ratings,"11th Cross Jp Nagar 3rd Phase, Bangalore",,,Home Delivery,false,false,false,false,false,Caterers,Popular Gujarati Caterers,Mandya,2025-06-02T15:29:43.619Z
Srinidhi Catering,+,4.0,1 Ratings,"5th Cross Banashankari 3rd Stage, Bangalore",,,Caterers; Veg Caterers,true,false,false,false,false,Caterers,Popular Gujarati Caterers,Mandya,2025-06-02T15:29:43.619Z
Jagadish Caterers,+,4.5,6 Ratings,"RPC Layout Vijayanagar, Bangalore",,,,true,false,false,false,true,Caterers,Popular Gujarati Caterers,Mandya,2025-06-02T15:29:43.619Z
Sri Vishnu Caterers,S,5.0,3 Ratings,"Banashankari 1st Stage, Bangalore",,,Home Delivery,false,false,false,false,true,Caterers,Popular Gujarati Caterers,Mandya,2025-06-02T15:29:43.619Z
Sai Kutera,+,4.7,3 Ratings,"Srinagara Main Road Chamarajpet, Bangalore",,,Home Delivery,false,false,false,false,true,Caterers,Popular Gujarati Caterers,Mandya,2025-06-02T15:29:43.619Z
Shri Salaser Balaji Caterers,S,5.0,1 Ratings,"Street Chamarajpet Chamarajpet, Bangalore",,,Caterers; Caterers For Wedding,false,false,false,false,false,Caterers,Popular Gujarati Caterers,Mandya,2025-06-02T15:29:43.619Z
Sri Mayyia Caterers,+,4.0,178 Ratings,"Gandhi Bazaar Basavanagudi, Bangalore",,,Caterers; Veg Caterers,true,false,false,true,true,Caterers,Popular Gujarati Caterers,Mandya,2025-06-02T15:29:43.619Z
Sri Vasavi Kanyaka Parameshwari Catering,S,3.3,5 Ratings,"Kalyana Mantapa Chamarajpet, Bangalore",,,North Indian Brahmin Caterers; Caterers,true,false,false,false,false,Caterers,Popular Gujarati Caterers,Mandya,2025-06-02T15:29:43.619Z
Vishal Foods,+,3.9,287 Ratings,"Akshay Nagar Dlf New Town, Bangalore",,,Parking Available; Home Delivery,false,false,false,false,false,Caterers,Popular Gujarati Caterers,Mandya,2025-06-02T15:29:43.620Z
Venkatesh Caterer,V,4.3,3 Ratings,"2nd Main Gayathri Nagar, Bangalore",,,Home Delivery,false,false,false,false,false,Caterers,Popular Gujarati Caterers,Mandya,2025-06-02T15:29:43.620Z
HORA SERVICES,+,4.6,131 Ratings,"Road Bannerghatta Road, Bangalore",,,Caterers; Flower Decorators,true,false,false,false,true,Caterers,Popular Gujarati Caterers,Mandya,2025-06-02T15:29:43.620Z
Kakaji Caterers,K,4.5,2 Ratings,"Byrasandra Main Road Jayanagar, Bangalore",,,Caterers; Veg Caterers,true,false,false,false,true,Caterers,Popular Gujarati Caterers,Mandya,2025-06-02T15:29:43.620Z
Rajesh Cooking Contractors & Catering Service,+,5.0,8 Ratings,"9th Cross Magadi Road, Bangalore",,,,true,false,false,false,true,Caterers,Popular Gujarati Caterers,Mandya,2025-06-02T15:29:43.620Z
Bombay Caterers,+,4.2,83 Ratings,"Dispensary Road Kalasipalyam, Bangalore",,,,true,false,false,false,true,Caterers,Popular Gujarati Caterers,Mandya,2025-06-02T15:29:43.620Z
G K Haridas & Brothers,G,2.5,2 Ratings,"28th Crs Cubbonpet, Bangalore",,,Home Delivery,false,false,false,false,false,Caterers,Popular Gujarati Caterers,Mandya,2025-06-02T15:29:43.620Z
Annapurna Restaurant,+,3.2,160 Ratings,"Road Electronic City Phase 1, Bangalore",,,,true,false,false,false,false,Caterers,Popular Gujarati Caterers,Mandya,2025-06-02T15:29:43.620Z
Velji Catering,V,3.4,4 Ratings,"D.s.lane Chickpete, Bangalore",,,Caterers; North Indian Caterers,true,false,false,false,false,Caterers,Popular Gujarati Caterers,Mandya,2025-06-02T15:29:43.620Z
Addis Hospitality,+,4.5,14 Ratings,"Msr Mn Rd SP Road, Bangalore",,,,true,false,false,false,true,Caterers,Popular Gujarati Caterers,Mandya,2025-06-02T15:29:43.620Z
Gani Caterers,G,3.8,49 Ratings,"Road Krishna Rajendra Market, Bangalore",,,Home Delivery,true,false,false,false,false,Caterers,Popular Gujarati Caterers,Mandya,2025-06-02T15:29:43.620Z
Rajdhani,+,4.0,11 Ratings,"Palaya Hosur Main Road, Bangalore",,,Caterers; Veg Caterers,true,false,false,false,false,Caterers,Popular Gujarati Caterers,Mandya,2025-06-02T15:29:43.620Z
Rakesh Ladduwala,+,4.0,180 Ratings,"Manipal Country Road Singasandra, Bangalore",,09035019972,Caterers; Veg Caterers,true,false,false,true,true,Caterers,Popular Gujarati Caterers,Mandya,2025-06-02T15:29:43.621Z
Flavours Of INDIA,F,4.0,2 Ratings,"Basappa Road Shanthinagar, Bangalore",,,,false,false,false,false,false,Caterers,Popular Gujarati Caterers,Mandya,2025-06-02T15:29:43.621Z
The Food Caterers,T,5.0,1 Ratings,"Mathikere Main Road Yeshwanthpur, Bangalore",,,Home Delivery,false,false,false,false,true,Caterers,Popular Gujarati Caterers,Mandya,2025-06-02T15:29:43.621Z
Sri Lakshmi Mess,+,4.0,1 Ratings,"20 Main Madiwala, Bangalore",,,Home Delivery,false,false,false,false,false,Caterers,Popular Gujarati Caterers,Mandya,2025-06-02T15:29:43.621Z
Food Factory,F,4.2,5 Ratings,"Seshadripuram, Bangalore",,,Caterers; Andhra Caterers,true,false,false,false,false,Caterers,Popular Gujarati Caterers,Mandya,2025-06-02T15:29:43.621Z
Sri Sai Enterprises,+,5.0,1 Ratings,"No. 86 Bommanahalli, Bangalore",,,Home Delivery,true,false,false,false,true,Caterers,Popular Gujarati Caterers,Mandya,2025-06-02T15:29:43.621Z
Foodiction,+,3.8,4 Ratings,"Kudlu Gate Bommanahalli, Bangalore",,,,false,false,false,true,false,Caterers,Popular Gujarati Caterers,Mandya,2025-06-02T15:29:43.621Z
Nand Gopal Caterers,+,4.3,17 Ratings,"Block A Electronic City Phase 2, Bangalore",,,Home Delivery,true,false,false,false,true,Caterers,Popular Gujarati Caterers,Mandya,2025-06-02T15:29:43.621Z
Cheftalk Food And Hospitality Services Pvt. Ltd.,+,4.8,519 Ratings,"Mangamana Palya Bommanahalli, Bangalore",,,,true,false,false,true,true,Caterers,Popular Gujarati Caterers,Mandya,2025-06-02T15:29:43.621Z
Gayland Caterers & Furnitures,G,4.2,26 Ratings,"No.23/2 Richmond Road, Bangalore",,,Home Delivery,true,false,false,false,true,Caterers,Popular Gujarati Caterers,Mandya,2025-06-02T15:29:43.621Z
Umesh Catering,+,5.0,2 Ratings,"HSR Layout, Bangalore",,,Caterers; Caterers For Birthday Parties,true,false,false,false,false,Caterers,Popular Gujarati Caterers,Mandya,2025-06-02T15:29:43.621Z
Bangalore Kitchen,+,4.4,8 Ratings,"14TH MAIN HSR Layout Sector 3, Bangalore",,,Home Delivery,true,false,false,false,false,Caterers,Popular Gujarati Caterers,Mandya,2025-06-02T15:29:43.621Z
Caterish Company,C,4.8,4 Ratings,"Near Axis Bank Benson Town, Bangalore",,,Home Delivery,true,false,false,true,true,Caterers,Popular Gujarati Caterers,Mandya,2025-06-02T15:29:43.621Z
Sankalp Food Zone,S,5.0,1 Ratings,"2nd Main Vasanth Nagar, Bangalore",,,Home Delivery,false,false,false,false,true,Caterers,Popular Gujarati Caterers,Mandya,2025-06-02T15:29:43.622Z
Brij Mohan Shambhu Dayal,B,5.0,1 Ratings,"Training Centre Vivek Nagar, Bangalore",,,Home Delivery,true,false,false,true,true,Caterers,Popular Gujarati Caterers,Mandya,2025-06-02T15:29:43.622Z
Silverline Chocolate & Cakes,S,4.0,6 Ratings,"8th Crs Sadashivanagar, Bangalore",,,,true,false,false,false,false,Caterers,Popular Gujarati Caterers,Mandya,2025-06-02T15:29:43.622Z
Peter Caterers,P,4.4,42 Ratings,"Vivek Nagar Post Ejipura, Bangalore",,,Home Delivery,true,false,false,false,true,Caterers,Popular Gujarati Caterers,Mandya,2025-06-02T15:29:43.622Z
Sgr Catering Service,<,4.8,15 Ratings,"Mandya M C Road Mandya, Mandya",,08904260795,,true,true,false,false,true,Caterers,Popular Caterers For House Warming,Mandya,2025-06-02T15:30:50.752Z
Chinmay Mahesh Marriage Contractor Marriage Function and Catering Service,<,4.0,1 Ratings,"Convent Road 7th Cross Malavalli, Mandya",,,Videography,true,true,false,false,false,Caterers,Popular Caterers For House Warming,Mandya,2025-06-02T15:30:50.753Z
D Cooking Group,<,5.0,1 Ratings,"K Shettihalli Ca Kere, Mandya",,,Caterers; Veg Caterers,true,true,false,false,true,Caterers,Popular Caterers For House Warming,Mandya,2025-06-02T15:30:50.753Z
Shehnai Event Palnners,<,5.0,1 Ratings,"Masjid Road Rajivnagar, Mysore",,,Banquet Hall Decoration; Car Decoration; Videography,true,true,false,false,true,Caterers,Popular Caterers For House Warming,Mandya,2025-06-02T15:30:50.753Z
C R Shravya Tent House,<,4.3,10 Ratings,"Rajkumar Road Yaraganahalli, Mysore",,08511210163,Home Delivery,true,true,false,true,true,Caterers,Popular Caterers For House Warming,Mandya,2025-06-02T15:30:50.753Z
Prithvi Catering,<,4.0,2 Ratings,"Main Road Siddarthanagar, Mysore",,,Caterers; Veg Caterers,true,true,false,false,false,Caterers,Popular Caterers For House Warming,Mandya,2025-06-02T15:30:50.754Z
Radhe Krishna Catress,<,4.5,1 Ratings,"Siddhartha Layout, Mysore",,,Home Delivery,true,true,false,false,false,Caterers,Popular Caterers For House Warming,Mandya,2025-06-02T15:30:50.754Z
Suchitha Catering,<,5.0,2 Ratings,"BADAVANE Kumbara Koppal, Mysore",,,Caterers For Function; Caterers,true,true,false,false,true,Caterers,Popular Caterers For House Warming,Mandya,2025-06-02T15:30:50.754Z
Sri Matha Catering Services,<,4.8,25 Ratings,"Ringroad Lokanayakanagara, Mysore",,,Home Delivery,true,true,false,false,true,Caterers,Popular Caterers For House Warming,Mandya,2025-06-02T15:30:50.754Z
Sri Lakshmidevi Caterings,<,5.0,7 Ratings,"Badavane Kumbara Koppal, Mysore",,,Caterers For Farewell; Caterers,true,true,false,false,true,Caterers,Popular Caterers For House Warming,Mandya,2025-06-02T15:30:50.754Z
Chaitanya Caterers,+,4.9,27 Ratings,"Cross Road Vani Vilas Mohalla, Mysore",,08460305168,,true,true,false,false,true,Caterers,Popular Caterers For House Warming,Mandya,2025-06-02T15:30:50.755Z
Rao Catering Services - Pure Veg Brahmins,+,5.0,1 Ratings,"K R Mohalla Agrahara, Mysore",,09054086997,Home Delivery,true,true,false,false,true,Caterers,Popular Caterers For House Warming,Mandya,2025-06-02T15:30:50.755Z
Mohan Caterers And Mohanas Kitchen,+,4.2,60 Ratings,"1st Stage Hebbal, Mysore",,09980762977,Home Delivery,true,true,false,true,true,Caterers,Popular Caterers For House Warming,Mandya,2025-06-02T15:30:50.755Z
Chaithra Caterers,+,4.5,20 Ratings,"C Block J P Nagar, Mysore",,08197228516,Home Delivery,true,true,false,true,true,Caterers,Popular Caterers For House Warming,Mandya,2025-06-02T15:30:50.756Z
Rakshitha Catering,R,5.0,2 Ratings,"Gurur Village Ramabai Nagar, Mysore",,,Caterers; Veg Caterers,true,true,false,false,true,Caterers,Popular Caterers For House Warming,Mandya,2025-06-02T15:30:50.756Z
Shree Hari Caterers,+,4.9,55 Ratings,"I Block Ramakrishnanagar, Mysore",,08511074515,Caterers; Veg Caterers,true,true,false,true,true,Caterers,Popular Caterers For House Warming,Mandya,2025-06-02T15:30:50.756Z
Annapoorneshwari Catering,+,4.7,24 Ratings,"Layout Ramakrishnanagar, Mysore",,,Home Delivery,true,true,false,false,true,Caterers,Popular Caterers For House Warming,Mandya,2025-06-02T15:30:50.757Z
Ramya Caterers - By Vadiraj,+,4.3,53 Ratings,"Beml Layout Rajarajeshwari Nagar, Mysore",,,Caterers; Veg Caterers,true,true,false,true,true,Caterers,Popular Caterers For House Warming,Mandya,2025-06-02T15:30:50.757Z
Nagasri Caterers,N,5.0,12 Ratings,"Layout Sriramapura 2nd Stage, Mysore",,08460451875,Caterers; Veg Caterers,true,true,false,false,true,Caterers,Popular Caterers For House Warming,Mandya,2025-06-02T15:30:50.757Z
Shavai Karavali Thindi Mane and Caterers,S,5.0,2 Ratings,"Layout Sri Rampura 2nd Stage, Mysore",,,Caterers; Veg Caterers,true,true,false,false,false,Caterers,Popular Caterers For House Warming,Mandya,2025-06-02T15:30:50.757Z
Mani Catering Services,+,4.3,4 Ratings,"Mahadeshwara Badavane Kanakapura, Ramanagara",,,Caterers; Caterers Upto 50 Persons,true,true,false,false,false,Caterers,Popular Caterers For House Warming,Mandya,2025-06-02T15:30:50.758Z
Authenthic Udupi Kitchen,A,5.0,1 Ratings,"Industrial Area Ramanagar, Ramanagara",,,Parking Available; Valet Parking Service; 24 Hours,true,true,false,false,true,Caterers,Popular Caterers For House Warming,Mandya,2025-06-02T15:30:50.758Z
Treat O Treat,T,5.0,2 Ratings,"Thagachaguppe Road Kumbalgodu, Bangalore",,,Home Delivery,true,true,false,false,true,Caterers,Popular Caterers For House Warming,Mandya,2025-06-02T15:30:50.758Z
Maruthi Eshwara Catering Service,+,5.0,3 Ratings,"Kengeri, Bangalore",,,Caterers; Caterers Upto 50 Persons,true,true,false,false,true,Caterers,Popular Caterers For House Warming,Mandya,2025-06-02T15:30:50.758Z
Stall Desk Pvt Ltd,+,4.5,4 Ratings,"Mysore Road Kengeri, Bangalore",,,Home Delivery,true,true,false,false,true,Caterers,Popular Caterers For House Warming,Mandya,2025-06-02T15:30:50.758Z
Balaji Catering,+,4.3,7 Ratings,"Layout 2nd Stage Kadabagere, Bangalore",,,Caterers; Veg Caterers,true,true,false,false,false,Caterers,Popular Caterers For House Warming,Mandya,2025-06-02T15:30:50.758Z
Sri Banasankari Catering Services,S,4.2,6 Ratings,"Main 3rd Cross Ullalu Upanagar, Bangalore",,07041692723,Home Delivery,true,true,false,false,true,Caterers,Popular Caterers For House Warming,Mandya,2025-06-02T15:30:50.758Z
Happyrhino Foods,H,3.9,908 Ratings,"100feet Road Vajarahalli, Bangalore",,,,false,false,false,false,false,Caterers,Popular Caterers For House Warming,Mandya,2025-06-02T15:30:50.758Z
Vaishith Catering,+,4.9,397 Ratings,"Mariyappanapalya Gnanabharathi, Bangalore",,,Home Delivery,true,true,false,false,true,Caterers,Popular Caterers For House Warming,Mandya,2025-06-02T15:30:50.759Z
Sba Caterers,+,4.9,38 Ratings,"Layout Rajarajeshwari Nagar, Bangalore",,,Veg Caterers; Caterers For Office,true,true,false,false,true,Caterers,Popular Caterers For House Warming,Mandya,2025-06-02T15:30:50.759Z
S B Hegde Caterers,S,4.3,4 Ratings,"Nagar Rajarajeshwari Nagar, Bangalore",,09845238257,Caterers; Veg Caterers,true,true,false,true,true,Caterers,Popular Caterers For House Warming,Mandya,2025-06-02T15:30:50.759Z
Theraal Kitchens,+,5.0,9 Ratings,"Turahalli Uttarahalli, Bangalore",,,Home Delivery,true,false,false,false,true,Caterers,Popular Caterers For House Warming,Mandya,2025-06-02T15:30:50.759Z
Delight Caterers,D,5.0,3 Ratings,"3rd Block Gnanabharathi, Bangalore",,08971552180,24 Hours; Home Delivery,true,true,false,false,true,Caterers,Popular Caterers For House Warming,Mandya,2025-06-02T15:30:50.759Z
Annapoorneshwari Halli Mane Upahara,+,4.3,233 Ratings,"2nd Stage Bharat Nagar, Bangalore",,,Home Delivery,true,true,false,false,true,Caterers,Popular Caterers For House Warming,Mandya,2025-06-02T15:30:50.759Z
Akshaya Catering Services (Bramins Cafe),+,3.7,140 Ratings,"Kunigal Bypass Nelamangala, Bangalore",,,Home Delivery,true,false,false,false,false,Caterers,Popular Caterers For House Warming,Mandya,2025-06-02T15:30:50.760Z
RC Caterers Groups,+,5.0,1 Ratings,"NGEF Layout Mallathahalli, Bangalore",,,Caterers; Veg Caterers,true,true,false,false,true,Caterers,Popular Caterers For House Warming,Mandya,2025-06-02T15:30:50.760Z
Vijay Photography,+,5.0,1 Ratings,"Main Road C Anjananagar, Bangalore",,,Wedding Photographers; Caterers,true,true,false,false,false,Caterers,Popular Caterers For House Warming,Mandya,2025-06-02T15:30:50.760Z
Srivasasiri Events & Caterers,+,4.6,53 Ratings,"Balaji Layout Uttarahalli, Bangalore",,07405708597,Event Decoration,true,true,false,true,true,Caterers,Popular Caterers For House Warming,Mandya,2025-06-02T15:30:50.760Z
Royal Catering,+,5.0,6 Ratings,"ITI Layout Nagarbhavi 2nd Stage, Bangalore",,,Home Delivery,true,true,false,false,true,Caterers,Popular Caterers For House Warming,Mandya,2025-06-02T15:30:50.760Z
Samanvaya Group,+,5.0,70 Ratings,"Pramod Layout-Nayandahalli, Bangalore",,08123961647,Caterers; Veg Caterers,true,true,false,true,true,Caterers,Popular Caterers For House Warming,Mandya,2025-06-02T15:30:50.760Z
Yeshaka Catering,+,5.0,8 Ratings,"Hoskerahalli Hoskerehalli Cross, Bangalore",,07383829858,24 Hours; Home Delivery,true,true,false,false,false,Caterers,Popular Caterers For House Warming,Mandya,2025-06-02T15:30:50.761Z
Sri Sai Caterers,+,3.5,2 Ratings,"Madeshwara Nagar-Sunkadakatte, Bangalore",,08904264191,Home Delivery,true,true,false,false,false,Caterers,Popular Caterers For House Warming,Mandya,2025-06-02T15:30:50.761Z
Namma Upachar,N,4.5,17 Ratings,"11th Block Nagarbhavi 2nd Stage, Bangalore",,,Caterers For Wedding; Caterers,true,true,false,false,false,Caterers,Popular Caterers For House Warming,Mandya,2025-06-02T15:30:50.761Z
DC VC Events,+,5.0,14 Ratings,"7th Cross Sunkadakatte, Bangalore",,,Videography,true,true,false,false,false,Caterers,Popular Caterers For House Warming,Mandya,2025-06-02T15:30:50.761Z
Aithal Cateres,+,4.8,3 Ratings,"Muneshwara Bsk 3rd Stage, Bangalore",,,Caterers; Veg Caterers,true,true,false,false,true,Caterers,Popular Caterers For House Warming,Mandya,2025-06-02T15:30:50.761Z
Tsr Catering,+,5.0,4 Ratings,"Layout Kumaraswamy Layout, Bangalore",,,Caterers; Veg Caterers,true,true,false,false,true,Caterers,Popular Caterers For House Warming,Mandya,2025-06-02T15:30:50.761Z
Sri Sai Santhosh Caterers,+,4.7,83 Ratings,"10th Cross Banashankari, Bangalore",,08485935991,Home Delivery,true,true,false,true,true,Caterers,Popular Caterers For House Warming,Mandya,2025-06-02T15:30:50.761Z
The Home Made Cook,T,3.8,8 Ratings,"Maruthi Nagar Chandra Layout, Bangalore",,,,true,false,false,false,false,Caterers,Popular Caterers For House Warming,Mandya,2025-06-02T15:30:50.762Z
Girijadri Enterprises,G,4.0,2 Ratings,"4th Main Road Hanumagiri, Bangalore",,,Caterers; Caterers For Wedding,true,true,false,false,false,Caterers,Popular Caterers For House Warming,Mandya,2025-06-02T15:30:50.762Z
Swaad Food Express,<,3.6,3 Ratings,"B M Road Gandhi Nagar Mandya, Mandya",,,,false,false,false,false,true,Caterers,Popular Italian Caterers,Mandya,2025-06-02T15:31:52.873Z
Jeevan Catering,<,4.8,2 Ratings,"Ring Road Bogadi, Mysore",,,Banquet Hall Decoration; Home Delivery,true,false,false,false,true,Caterers,Popular Italian Caterers,Mandya,2025-06-02T15:31:52.874Z
Rakshitha Catering,<,5.0,2 Ratings,"Gurur Village Ramabai Nagar, Mysore",,,Caterers; Veg Caterers,true,false,false,false,true,Caterers,Popular Italian Caterers,Mandya,2025-06-02T15:31:52.874Z
Sri Vishnu Caterers,<,5.0,3 Ratings,"Banashankari 1st Stage, Bangalore",,,Home Delivery,false,false,false,false,true,Caterers,Popular Italian Caterers,Mandya,2025-06-02T15:31:52.874Z
HKC Caterers,<,3.7,13 Ratings,"3rd Phase Bannerghatta Road, Bangalore",,,Caterers For Function; Caterers,true,false,false,false,false,Caterers,Popular Italian Caterers,Mandya,2025-06-02T15:31:52.875Z
Shree Annapoorneshwari Caterers,<,4.5,30 Ratings,"KHB Calony Basaveshwara Nagar, Bangalore",,,Caterers; Veg Caterers,true,false,false,false,true,Caterers,Popular Italian Caterers,Mandya,2025-06-02T15:31:52.875Z
Sai Kutera,<,4.7,3 Ratings,"Srinagara Main Road Chamarajpet, Bangalore",,,Home Delivery,false,false,false,false,true,Caterers,Popular Italian Caterers,Mandya,2025-06-02T15:31:52.875Z
Bombay Caterers,<,4.2,83 Ratings,"Dispensary Road Kalasipalyam, Bangalore",,,,true,false,false,false,true,Caterers,Popular Italian Caterers,Mandya,2025-06-02T15:31:52.875Z
Tawa Sagara,<,3.7,"1,082 Ratings","30th Cross Jayanagar 4th T Block, Bangalore",,,,false,false,false,true,true,Caterers,Popular Italian Caterers,Mandya,2025-06-02T15:31:52.876Z
Velji Catering,<,3.4,4 Ratings,"D.s.lane Chickpete, Bangalore",,,Caterers; North Indian Caterers,true,false,false,false,false,Caterers,Popular Italian Caterers,Mandya,2025-06-02T15:31:52.876Z
Addis Hospitality,+,4.5,14 Ratings,"Msr Mn Rd SP Road, Bangalore",,,,true,false,false,false,true,Caterers,Popular Italian Caterers,Mandya,2025-06-02T15:31:52.876Z
The Food Caterers,T,5.0,1 Ratings,"Mathikere Main Road Yeshwanthpur, Bangalore",,,Home Delivery,false,false,false,false,true,Caterers,Popular Italian Caterers,Mandya,2025-06-02T15:31:52.876Z
Foodiction,+,3.8,4 Ratings,"Kudlu Gate Bommanahalli, Bangalore",,,,false,false,false,true,false,Caterers,Popular Italian Caterers,Mandya,2025-06-02T15:31:52.876Z
Asha Melange,+,4.0,16 Ratings,"10th Cross Malleswaram, Bangalore",,,,false,false,false,false,false,Caterers,Popular Italian Caterers,Mandya,2025-06-02T15:31:52.877Z
Nand Gopal Caterers,+,4.3,17 Ratings,"Block A Electronic City Phase 2, Bangalore",,,Home Delivery,true,false,false,false,true,Caterers,Popular Italian Caterers,Mandya,2025-06-02T15:31:52.877Z
Cheftalk Food And Hospitality Services Pvt. Ltd.,+,4.8,519 Ratings,"Mangamana Palya Bommanahalli, Bangalore",,,,true,false,false,true,true,Caterers,Popular Italian Caterers,Mandya,2025-06-02T15:31:52.877Z
Gayland Caterers & Furnitures,G,4.2,26 Ratings,"No.23/2 Richmond Road, Bangalore",,,Home Delivery,true,false,false,false,true,Caterers,Popular Italian Caterers,Mandya,2025-06-02T15:31:52.878Z
Caterish Company,C,4.8,4 Ratings,"Near Axis Bank Benson Town, Bangalore",,,Home Delivery,true,false,false,true,true,Caterers,Popular Italian Caterers,Mandya,2025-06-02T15:31:52.878Z
Sankalp Food Zone,S,5.0,1 Ratings,"2nd Main Vasanth Nagar, Bangalore",,,Home Delivery,false,false,false,false,true,Caterers,Popular Italian Caterers,Mandya,2025-06-02T15:31:52.878Z
Silverline Chocolate & Cakes,S,4.0,6 Ratings,"8th Crs Sadashivanagar, Bangalore",,,,true,false,false,false,false,Caterers,Popular Italian Caterers,Mandya,2025-06-02T15:31:52.879Z
Peter Caterers,P,4.4,42 Ratings,"Vivek Nagar Post Ejipura, Bangalore",,,Home Delivery,true,false,false,false,true,Caterers,Popular Italian Caterers,Mandya,2025-06-02T15:31:52.879Z
Sagar Caterers,+,4.3,"3,124 Ratings","Palace Ground Mekhri Circle, Bangalore",,,Home Delivery,true,false,false,false,true,Caterers,Popular Italian Caterers,Mandya,2025-06-02T15:31:52.879Z
Vaishnavi Caterers,V,3.0,1 Ratings,"Naganathapura Electronic City, Bangalore",,,Home Delivery,false,false,false,false,false,Caterers,Popular Italian Caterers,Mandya,2025-06-02T15:31:52.879Z
Snackeaze,+,4.4,466 Ratings,"Swami Temple Road Hsr Layout, Bangalore",,,,false,false,false,false,true,Caterers,Popular Italian Caterers,Mandya,2025-06-02T15:31:52.879Z
Shahi Restaurant,S,3.5,510 Ratings,"Chandni Chowk Road Shivaji Nagar, Bangalore",,,,false,false,false,false,false,Caterers,Popular Italian Caterers,Mandya,2025-06-02T15:31:52.879Z
Sirio Hotel,+,3.7,25 Ratings,"2nd Cross Sadananda Nagar, Bangalore",,,,true,false,false,false,false,Caterers,Popular Italian Caterers,Mandya,2025-06-02T15:31:52.880Z
R K Tent House & Caterer,+,3.5,2 Ratings,"1st Cross Ulsoor, Bangalore",,,Home Delivery,false,false,false,false,false,Caterers,Popular Italian Caterers,Mandya,2025-06-02T15:31:52.880Z
The Great Maharaja Caterers,T,5.0,2 Ratings,"No. 805/B Hebbal Agri Farm, Bangalore",,,Home Delivery,true,false,false,false,false,Caterers,Popular Italian Caterers,Mandya,2025-06-02T15:31:52.880Z
Plate Up Caterers,+,4.6,6 Ratings,"Kachaharakanahalli Kammanahalli, Bangalore",,,Caterers; Veg Caterers,true,false,false,false,false,Caterers,Popular Italian Caterers,Mandya,2025-06-02T15:31:52.880Z
Sukhdev Caterers,+,4.7,162 Ratings,"Kempapura Hebbal, Bangalore",,,Home Delivery,true,false,false,false,true,Caterers,Popular Italian Caterers,Mandya,2025-06-02T15:31:52.880Z
Ramakanta Caterers,R,4.5,2 Ratings,"#1 Mariyannapalya, Bangalore",,,Caterers; Caterers Upto 50 Persons,true,false,false,false,true,Caterers,Popular Italian Caterers,Mandya,2025-06-02T15:31:52.880Z
Grace Catering Services,+,4.7,6 Ratings,"1st Block Kalyan Nagar, Bangalore",,,Home Delivery,true,false,false,false,true,Caterers,Popular Italian Caterers,Mandya,2025-06-02T15:31:52.880Z
Hicurry Foods INDIA Pvt. Ltd.,+,3.9,11 Ratings,"4th Cross Banaswadi, Bangalore",,,Home Delivery,false,false,false,false,false,Caterers,Popular Italian Caterers,Mandya,2025-06-02T15:31:52.880Z
Bangalore Food Factory,B,4.0,1 Ratings,"Field Road Ramamurthy Nagar, Bangalore",,,,true,false,false,false,false,Caterers,Popular Italian Caterers,Mandya,2025-06-02T15:31:52.880Z
Kitchen Star Caterers,+,4.0,15 Ratings,"Main Road Ramamurthy Nagar, Bangalore",,,Home Delivery,true,false,false,true,false,Caterers,Popular Italian Caterers,Mandya,2025-06-02T15:31:52.881Z
Crescent Food Court,+,3.9,862 Ratings,"Bagalur Road Bagalur Circle, Hosur",,,Home Delivery,true,false,false,false,false,Caterers,Popular Italian Caterers,Mandya,2025-06-02T15:31:52.881Z
The Hub,+,3.4,55 Ratings,"ECC Road Whitefield, Bangalore",,,Caterers; Veg Caterers,true,false,false,false,false,Caterers,Popular Italian Caterers,Mandya,2025-06-02T15:31:52.881Z
Thangam Caterers,+,3.8,9 Ratings,"Anna Salai Anthiyur, Erode",,,,false,false,false,false,false,Caterers,Popular Italian Caterers,Mandya,2025-06-02T15:31:52.881Z
Hotel Kongu Veg And Non Veg,+,4.3,11 Ratings,"Chettikaradu Kavindapadi, Erode",,,,true,false,false,false,true,Caterers,Popular Italian Caterers,Mandya,2025-06-02T15:31:52.881Z
Vijay Agency,+,3.6,17 Ratings,"Municipal Colony Main Road, Erode",,,,true,false,false,false,false,Caterers,Popular Italian Caterers,Mandya,2025-06-02T15:31:52.881Z
Salamath Catering,S,4.0,1 Ratings,"Road Kavundampalayam, Coimbatore",,,Caterers; Veg Caterers,true,false,false,false,false,Caterers,Popular Italian Caterers,Mandya,2025-06-02T15:31:52.881Z
Garden Of Taste,+,4.1,94 Ratings,"Katoor Road Papanaickenpalayam, Coimbatore",,,Home Delivery,true,false,false,false,true,Caterers,Popular Italian Caterers,Mandya,2025-06-02T15:31:52.881Z
Green Apples Food,+,5.0,15 Ratings,"Sanmuga Lay Out Ondipudur, Coimbatore",,,Home Delivery,true,false,false,false,true,Caterers,Popular Italian Caterers,Mandya,2025-06-02T15:31:52.881Z
Breklers Food Joint,+,4.3,854 Ratings,"Eranhipalam, Kozhikode",,,,false,false,false,false,true,Caterers,Popular Italian Caterers,Mandya,2025-06-02T15:31:52.882Z
Choco Truffle,+,4.7,89 Ratings,"Kuttippuram Kuttippuram, Malappuram",,,,true,false,false,false,true,Caterers,Popular Italian Caterers,Mandya,2025-06-02T15:31:52.882Z
Proyal Events & Caterer,+,4.6,151 Ratings,"Thrissur Calicut Road Edappal, Malappuram",,,Corporate; Banquet Hall Decoration; Home Delivery,true,false,false,true,true,Caterers,Popular Italian Caterers,Mandya,2025-06-02T15:31:52.882Z
Shree Vaidhyanatha Caterings,S,5.0,2 Ratings,"Konimar Site Neermarga, Mangalore",,,Home Delivery,true,false,false,false,true,Caterers,Popular Italian Caterers,Mandya,2025-06-02T15:31:52.882Z
Penquin Caterers,P,3.0,1 Ratings,"Bendoorwell, Mangalore",,,Home Delivery,false,false,false,false,false,Caterers,Popular Italian Caterers,Mandya,2025-06-02T15:31:52.882Z
Sri Sai Caterers,+,4.3,3 Ratings,"Street  Bunts Hostel Road, Mangalore",,,,false,false,false,false,true,Caterers,Popular Italian Caterers,Mandya,2025-06-02T15:31:52.882Z
Swaad Food Express,<,3.6,3 Ratings,"B M Road Gandhi Nagar Mandya, Mandya",,,,false,false,false,false,true,Caterers,Popular Jain Caterers,Mandya,2025-06-02T15:32:48.086Z
Sri Ramdev Caterers Mysore,<,4.6,11 Ratings,"Gandhi Square Lashkar Mohalla, Mysore",,09980204685,Caterers; Veg Caterers,true,false,false,true,true,Caterers,Popular Jain Caterers,Mandya,2025-06-02T15:32:48.087Z
SLN Caterers,<,4.4,10 Ratings,"Srinagar Mysore South, Mysore",,,Home Delivery,true,false,false,false,true,Caterers,Popular Jain Caterers,Mandya,2025-06-02T15:32:48.087Z
Treat O Treat,<,5.0,2 Ratings,"Thagachaguppe Road Kumbalgodu, Bangalore",,,Home Delivery,true,false,false,false,true,Caterers,Popular Jain Caterers,Mandya,2025-06-02T15:32:48.087Z
Stall Desk Pvt Ltd,<,4.5,4 Ratings,"Mysore Road Kengeri, Bangalore",,,Home Delivery,true,false,false,false,true,Caterers,Popular Jain Caterers,Mandya,2025-06-02T15:32:48.087Z
Indraprastha Caterers,<,5.0,3 Ratings,"New Bank Colony Konanakunte, Bangalore",,,Home Delivery,false,false,false,false,true,Caterers,Popular Jain Caterers,Mandya,2025-06-02T15:32:48.087Z
Navadurga Catering,<,5.0,1 Ratings,"Cross Banashankari 3rd Stage, Bangalore",,09725023442,Caterers; Veg Caterers,true,false,false,true,true,Caterers,Popular Jain Caterers,Mandya,2025-06-02T15:32:48.087Z
Sar Catering,<,4.6,35 Ratings,"JP Nagar Post Jhbcs Layout, Bangalore",,09980917838,Home Delivery,true,false,false,true,true,Caterers,Popular Jain Caterers,Mandya,2025-06-02T15:32:48.087Z
Golden Moments,<,5.0,7 Ratings,"Chandra Layout Chandra Layout, Bangalore",,,Caterers; Caterers Upto 50 Persons,true,false,false,false,true,Caterers,Popular Jain Caterers,Mandya,2025-06-02T15:32:48.087Z
Srinidhi Catering,<,4.0,1 Ratings,"5th Cross Banashankari 3rd Stage, Bangalore",,,Caterers; Veg Caterers,true,false,false,false,false,Caterers,Popular Jain Caterers,Mandya,2025-06-02T15:32:48.087Z
Jagadish Caterers,+,4.5,6 Ratings,"RPC Layout Vijayanagar, Bangalore",,,,true,false,false,false,true,Caterers,Popular Jain Caterers,Mandya,2025-06-02T15:32:48.088Z
Shree Annapoorneshwari Caterers,+,4.5,30 Ratings,"KHB Calony Basaveshwara Nagar, Bangalore",,,Caterers; Veg Caterers,true,false,false,false,true,Caterers,Popular Jain Caterers,Mandya,2025-06-02T15:32:48.088Z
Chef Udupi Catering & Hospitality Services,+,5.0,13 Ratings,"Road Cross Hanumantha Nagar, Bangalore",,09724806823,24 Hours; Home Delivery,true,false,false,false,true,Caterers,Popular Jain Caterers,Mandya,2025-06-02T15:32:48.088Z
Shri Salaser Balaji Caterers,S,5.0,1 Ratings,"Street Chamarajpet Chamarajpet, Bangalore",,,Caterers; Caterers For Wedding,false,false,false,false,false,Caterers,Popular Jain Caterers,Mandya,2025-06-02T15:32:48.088Z
Swadd Kitchen,+,5.0,81 Ratings,"Dvg Road Basavanagudi, BANGALORE",,,,false,false,false,true,true,Caterers,Popular Jain Caterers,Mandya,2025-06-02T15:32:48.088Z
Sastrys Choice,S,3.7,9 Ratings,"11th Main Jayanagar 4th Block, Bangalore",,,Brahmin Food Caterers Upto 150 Persons; Caterers,false,false,false,false,false,Caterers,Popular Jain Caterers,Mandya,2025-06-02T15:32:48.088Z
HORA SERVICES,+,4.6,131 Ratings,"Road Bannerghatta Road, Bangalore",,,Caterers; Flower Decorators,true,false,false,false,true,Caterers,Popular Jain Caterers,Mandya,2025-06-02T15:32:48.088Z
Addis Hospitality,+,4.5,14 Ratings,"Msr Mn Rd SP Road, Bangalore",,,,true,false,false,false,true,Caterers,Popular Jain Caterers,Mandya,2025-06-02T15:32:48.088Z
Higher Taste Catering,+,4.1,34 Ratings,"Cord Road Rajajinagar, Bangalore",,,Caterers; Veg Caterers,true,false,false,false,true,Caterers,Popular Jain Caterers,Mandya,2025-06-02T15:32:48.088Z
Samruddhi Caterers,+,5.0,10 Ratings,"10th Cross Nagapura, Bangalore",,,Caterers; Veg Caterers,true,false,false,false,true,Caterers,Popular Jain Caterers,Mandya,2025-06-02T15:32:48.088Z
Sri Udupi Food Hub Caterers,+,4.1,460 Ratings,"2nd Main Road Gandhi Nagar, Bangalore",,,,true,false,false,false,true,Caterers,Popular Jain Caterers,Mandya,2025-06-02T15:32:48.088Z
Rakesh Ladduwala,+,4.0,180 Ratings,"Manipal Country Road Singasandra, Bangalore",,09035019972,Caterers; Veg Caterers,true,false,false,true,true,Caterers,Popular Jain Caterers,Mandya,2025-06-02T15:32:48.088Z
Flavours Of INDIA,F,4.0,2 Ratings,"Basappa Road Shanthinagar, Bangalore",,,,false,false,false,false,false,Caterers,Popular Jain Caterers,Mandya,2025-06-02T15:32:48.088Z
Nand Gopal Caterers,+,4.3,17 Ratings,"Block A Electronic City Phase 2, Bangalore",,,Home Delivery,true,false,false,false,true,Caterers,Popular Jain Caterers,Mandya,2025-06-02T15:32:48.088Z
Brij Mohan Shambhu Dayal,B,5.0,1 Ratings,"Training Centre Vivek Nagar, Bangalore",,,Home Delivery,true,false,false,true,true,Caterers,Popular Jain Caterers,Mandya,2025-06-02T15:32:48.088Z
Hungrazzy,H,3.8,5 Ratings,"1st C Main Road Koramangala, Bangalore",,,Home Delivery,false,false,false,false,false,Caterers,Popular Jain Caterers,Mandya,2025-06-02T15:32:48.088Z
Ansuvi Food Club Pvt Ltd,+,4.9,66 Ratings,"Haralur-HSR Layout, Bangalore",,,Home Delivery,true,false,false,false,true,Caterers,Popular Jain Caterers,Mandya,2025-06-02T15:32:48.089Z
Canara Caterers,+,4.9,162 Ratings,"Devanoor Road Vijaynagar, Tumkur",,08904956724,Caterers For Wedding; Caterers,true,false,false,false,true,Caterers,Popular Jain Caterers,Mandya,2025-06-02T15:32:48.089Z
Rajwadi Caterers,+,4.7,109 Ratings,"27Th Main Road HSR Layout, Bangalore",,,Caterers; Event Organisers,true,false,false,false,true,Caterers,Popular Jain Caterers,Mandya,2025-06-02T15:32:48.089Z
Charbhuja Caterers,+,4.8,5 Ratings,"15th Cross SS Puram, Tumkur",,,Home Delivery,true,false,false,false,true,Caterers,Popular Jain Caterers,Mandya,2025-06-02T15:32:48.089Z
Veg- Leaf,V,4.6,13 Ratings,"Moore Road Frazer Town, Bangalore",,,Home Delivery,false,false,false,false,true,Caterers,Popular Jain Caterers,Mandya,2025-06-02T15:32:48.089Z
Sri Brahmi Caterer's,+,5.0,6 Ratings,"Near Indranagar Domlur, Bangalore",,08904265274,Caterers; Caterers Upto 50 Persons,true,false,false,false,true,Caterers,Popular Jain Caterers,Mandya,2025-06-02T15:32:48.089Z
Kailash Parbat,+,4.2,"3,646 Ratings","80 Feet Road Indiranagar, Bangalore",,,,false,false,false,false,true,Caterers,Popular Jain Caterers,Mandya,2025-06-02T15:32:48.089Z
Indian Kitchen,+,4.5,20 Ratings,"Vidyaranyapura, Bangalore",,,Caterers; Veg Caterers,true,false,false,false,true,Caterers,Popular Jain Caterers,Mandya,2025-06-02T15:32:48.089Z
TSM Events and Caterers,+,4.9,37 Ratings,"Oil Mill Road Kammanahalli, Bangalore",,,Home Delivery,true,false,false,false,true,Caterers,Popular Jain Caterers,Mandya,2025-06-02T15:32:48.089Z
Pintu Caterers,+,4.6,59 Ratings,"Reddy Road Mariyanapalya Hebbal, Bangalore",,,Home Delivery,true,false,false,true,true,Caterers,Popular Jain Caterers,Mandya,2025-06-02T15:32:48.089Z
Shivank Caterers,+,4.7,21 Ratings,"Chansandra Main Road Kadugodi, Bangalore",,,Home Delivery,true,false,false,false,true,Caterers,Popular Jain Caterers,Mandya,2025-06-02T15:32:48.089Z
Jai Mataji Farsan And Sweets,+,4.2,"1,770 Ratings","4th Main Banaswadi, Bangalore",,,Home Delivery,true,false,false,false,true,Caterers,Popular Jain Caterers,Mandya,2025-06-02T15:32:48.089Z
Sharma Caterers,+,4.4,57 Ratings,"Chelekere Kalyan Nagar, Bangalore",,,Home Delivery,true,false,false,false,true,Caterers,Popular Jain Caterers,Mandya,2025-06-02T15:32:48.089Z
Bhishmas Restaurant,+,4.4,"2,448 Ratings","Pura Marathahalli, Bangalore",,08460238266,North Indian Caterers; Veg Caterers,true,false,false,true,true,Caterers,Popular Jain Caterers,Mandya,2025-06-02T15:32:48.089Z
Arogya Sambar Kendra,A,3.8,3 Ratings,"9 Th Cross Sampige Road Hassan, Hassan",,,Home Delivery,true,false,false,false,false,Caterers,Popular Jain Caterers,Mandya,2025-06-02T15:32:48.089Z
Biryani Paradise,+,3.6,"1,001 Ratings","Denkanikottai Ring Road Dinnur, Hosur",,,Home Delivery,false,false,false,false,false,Caterers,Popular Jain Caterers,Mandya,2025-06-02T15:32:48.089Z
Mandarin Ming,+,5.0,3 Ratings,"Nallurhalli Whitefield Varthur, Bangalore",,08511899025,Home Delivery,true,false,false,false,true,Caterers,Popular Jain Caterers,Mandya,2025-06-02T15:32:48.090Z
Masala Mantraa,+,4.1,141 Ratings,"Siddapura Road Nallurhalli, Bangalore",,08734963515,Home Delivery,true,false,false,true,true,Caterers,Popular Jain Caterers,Mandya,2025-06-02T15:32:48.090Z
Sri Nandi Utsava,+,4.4,26 Ratings,"Yelahanka Road Doddaballapur, Bangalore",,07048268839,Home Delivery,true,false,false,true,true,Caterers,Popular Jain Caterers,Mandya,2025-06-02T15:32:48.090Z
Bangarpete Chaats and Catering Service,B,3.9,26 Ratings,"Temil Nadu Bank Doddaballapur, Bangalore",,,Home Delivery,false,false,false,false,false,Caterers,Popular Jain Caterers,Mandya,2025-06-02T15:32:48.090Z
Maltose Marriage Village,+,5.0,10 Ratings,"Madeshwara Village Doddaballapur, Bangalore",,,Valet Parking Service; Home Delivery,true,false,false,false,true,Caterers,Popular Jain Caterers,Mandya,2025-06-02T15:32:48.090Z
Hotel House Full,H,3.3,33 Ratings,"Hotel House Full Doddaballapur, Bangalore",,,Home Delivery,true,false,false,false,false,Caterers,Popular Jain Caterers,Mandya,2025-06-02T15:32:48.090Z
B.K EVENTS,+,5.0,15 Ratings,"B.K EVENTS Hoskote, Bangalore",,08904936245,Videography,true,false,false,false,true,Caterers,Popular Jain Caterers,Mandya,2025-06-02T15:32:48.090Z
Swaad Food Express,<,3.6,3 Ratings,"B M Road Gandhi Nagar Mandya, Mandya",,,,false,false,false,false,true,Caterers,Popular Maharashtrian Caterers,Mandya,2025-06-02T15:33:41.790Z
Shabari Caterers,<,4.3,7 Ratings,"1st Cross Kr Mohalla, Mysore",,,Home Delivery,true,false,false,false,true,Caterers,Popular Maharashtrian Caterers,Mandya,2025-06-02T15:33:41.791Z
Jeevan Catering,<,4.8,2 Ratings,"Ring Road Bogadi, Mysore",,,Banquet Hall Decoration; Home Delivery,true,false,false,false,true,Caterers,Popular Maharashtrian Caterers,Mandya,2025-06-02T15:33:41.791Z
Stall Desk Pvt Ltd,<,4.5,4 Ratings,"Mysore Road Kengeri, Bangalore",,,Home Delivery,true,false,false,false,true,Caterers,Popular Maharashtrian Caterers,Mandya,2025-06-02T15:33:41.792Z
Sri Gururaja Catering,<,4.1,10 Ratings,"8th Cross Kengeri Satelite Town, Bangalore",,,Caterers; Veg Caterers,true,false,false,false,true,Caterers,Popular Maharashtrian Caterers,Mandya,2025-06-02T15:33:41.792Z
Shriram Events Caterer,<,4.7,46 Ratings,"3rd Bolck Narayana Nagar, Bangalore",,,,true,false,false,false,true,Caterers,Popular Maharashtrian Caterers,Mandya,2025-06-02T15:33:41.792Z
Sree Laxmi Venkateshwara Catering Services,<,5.0,2 Ratings,"BSK 3rd Stage Hosakerehalli, Bangalore",,,Caterers; Veg Caterers,true,false,false,false,true,Caterers,Popular Maharashtrian Caterers,Mandya,2025-06-02T15:33:41.793Z
Purnabrahma Catering Services,<,4.7,539 Ratings,"12th Cross Jp Nagar 7th Phase, Bangalore",,,Home Delivery,true,false,false,false,true,Caterers,Popular Maharashtrian Caterers,Mandya,2025-06-02T15:33:41.793Z
Shashi Kumar Flower Decorater,<,4.8,7 Ratings,"Main Road Jp Nagar, Bangalore",,,Caterers; Flower Decorators,true,false,false,false,true,Caterers,Popular Maharashtrian Caterers,Mandya,2025-06-02T15:33:41.793Z
Sar Catering,<,4.6,35 Ratings,"JP Nagar Post Jhbcs Layout, Bangalore",,09980917838,Home Delivery,true,false,false,true,true,Caterers,Popular Maharashtrian Caterers,Mandya,2025-06-02T15:33:41.794Z
Elite Corporate Service,+,5.0,1 Ratings,"Srinagar-Banashankari 1st Stage, Bangalore",,,Caterers; Veg Caterers,false,false,false,false,true,Caterers,Popular Maharashtrian Caterers,Mandya,2025-06-02T15:33:41.794Z
Indhu Ralhand Caterers,I,4.0,1 Ratings,"11th Cross Jp Nagar 3rd Phase, Bangalore",,,Home Delivery,false,false,false,false,false,Caterers,Popular Maharashtrian Caterers,Mandya,2025-06-02T15:33:41.795Z
Srinidhi Catering,+,4.0,1 Ratings,"5th Cross Banashankari 3rd Stage, Bangalore",,,Caterers; Veg Caterers,true,false,false,false,false,Caterers,Popular Maharashtrian Caterers,Mandya,2025-06-02T15:33:41.795Z
Jagadish Caterers,+,4.5,6 Ratings,"RPC Layout Vijayanagar, Bangalore",,,,true,false,false,false,true,Caterers,Popular Maharashtrian Caterers,Mandya,2025-06-02T15:33:41.796Z
Sree Durga Parameshwari Catering Service,+,4.5,15 Ratings,"Main Road Hanumantha Nagar, Bangalore",,,Home Delivery,true,false,false,false,true,Caterers,Popular Maharashtrian Caterers,Mandya,2025-06-02T15:33:41.796Z
Sai Kutera,+,4.7,3 Ratings,"Srinagara Main Road Chamarajpet, Bangalore",,,Home Delivery,false,false,false,false,true,Caterers,Popular Maharashtrian Caterers,Mandya,2025-06-02T15:33:41.796Z
Sri Mayyia Caterers,+,4.0,178 Ratings,"Gandhi Bazaar Basavanagudi, Bangalore",,,Caterers; Veg Caterers,true,false,false,true,true,Caterers,Popular Maharashtrian Caterers,Mandya,2025-06-02T15:33:41.797Z
Sri Vasavi Kanyaka Parameshwari Catering,S,3.3,5 Ratings,"Kalyana Mantapa Chamarajpet, Bangalore",,,North Indian Brahmin Caterers; Caterers,true,false,false,false,false,Caterers,Popular Maharashtrian Caterers,Mandya,2025-06-02T15:33:41.797Z
Vishal Foods,+,3.9,287 Ratings,"Akshay Nagar Dlf New Town, Bangalore",,,Parking Available; Home Delivery,false,false,false,false,false,Caterers,Popular Maharashtrian Caterers,Mandya,2025-06-02T15:33:41.798Z
HORA SERVICES,+,4.6,131 Ratings,"Road Bannerghatta Road, Bangalore",,,Caterers; Flower Decorators,true,false,false,false,true,Caterers,Popular Maharashtrian Caterers,Mandya,2025-06-02T15:33:41.798Z
G K Haridas & Brothers,G,2.5,2 Ratings,"28th Crs Cubbonpet, Bangalore",,,Home Delivery,false,false,false,false,false,Caterers,Popular Maharashtrian Caterers,Mandya,2025-06-02T15:33:41.798Z
Annapurna Restaurant,+,3.2,160 Ratings,"Road Electronic City Phase 1, Bangalore",,,,true,false,false,false,false,Caterers,Popular Maharashtrian Caterers,Mandya,2025-06-02T15:33:41.799Z
Sri Durga Catering & Service,+,4.6,27 Ratings,"1st Main Road Nagasandra, Bangalore",,09980544161,Caterers; Veg Caterers,true,false,false,true,true,Caterers,Popular Maharashtrian Caterers,Mandya,2025-06-02T15:33:41.799Z
Foodiction,+,3.8,4 Ratings,"Kudlu Gate Bommanahalli, Bangalore",,,,false,false,false,true,false,Caterers,Popular Maharashtrian Caterers,Mandya,2025-06-02T15:33:41.799Z
Nand Gopal Caterers,+,4.3,17 Ratings,"Block A Electronic City Phase 2, Bangalore",,,Home Delivery,true,false,false,false,true,Caterers,Popular Maharashtrian Caterers,Mandya,2025-06-02T15:33:41.800Z
Cheftalk Food And Hospitality Services Pvt. Ltd.,+,4.8,519 Ratings,"Mangamana Palya Bommanahalli, Bangalore",,,,true,false,false,true,true,Caterers,Popular Maharashtrian Caterers,Mandya,2025-06-02T15:33:41.800Z
Lillys Pg,L,5.0,1 Ratings,"Kammagondahalli-Jalahalli West, Bangalore",,,Home Delivery,true,false,false,false,false,Caterers,Popular Maharashtrian Caterers,Mandya,2025-06-02T15:33:41.800Z
Caterish Company,C,4.8,4 Ratings,"Near Axis Bank Benson Town, Bangalore",,,Home Delivery,true,false,false,true,true,Caterers,Popular Maharashtrian Caterers,Mandya,2025-06-02T15:33:41.800Z
Sankalp Food Zone,S,5.0,1 Ratings,"2nd Main Vasanth Nagar, Bangalore",,,Home Delivery,false,false,false,false,true,Caterers,Popular Maharashtrian Caterers,Mandya,2025-06-02T15:33:41.800Z
Peter Caterers,P,4.4,42 Ratings,"Vivek Nagar Post Ejipura, Bangalore",,,Home Delivery,true,false,false,false,true,Caterers,Popular Maharashtrian Caterers,Mandya,2025-06-02T15:33:41.800Z
Hungrazzy,H,3.8,5 Ratings,"1st C Main Road Koramangala, Bangalore",,,Home Delivery,false,false,false,false,false,Caterers,Popular Maharashtrian Caterers,Mandya,2025-06-02T15:33:41.800Z
Ansuvi Food Club Pvt Ltd,+,4.9,66 Ratings,"Haralur-HSR Layout, Bangalore",,,Home Delivery,true,false,false,false,true,Caterers,Popular Maharashtrian Caterers,Mandya,2025-06-02T15:33:41.800Z
Sagar Caterers,+,4.3,"3,124 Ratings","Palace Ground Mekhri Circle, Bangalore",,,Home Delivery,true,false,false,false,true,Caterers,Popular Maharashtrian Caterers,Mandya,2025-06-02T15:33:41.800Z
Akshaya Deluxe Veg And Non Veg Multicuisine Restaurant,+,4.1,"6,217 Ratings","New Bel Road, Bangalore",,,,false,false,false,false,true,Caterers,Popular Maharashtrian Caterers,Mandya,2025-06-02T15:33:41.801Z
Matbaq Al-Quresh Paradise Catering,+,5.0,11 Ratings,"Shivaji Nagar, Bangalore",,,Banquet Hall Decoration; Car Decoration; Balloon Arch,true,false,false,false,true,Caterers,Popular Maharashtrian Caterers,Mandya,2025-06-02T15:33:41.801Z
B M Catering,+,4.0,1 Ratings,"Old Madras Road Ulsoor, Bangalore",,,Caterers; Non Veg Caterers,true,false,false,false,false,Caterers,Popular Maharashtrian Caterers,Mandya,2025-06-02T15:33:41.801Z
Prem CATRERES,P,5.0,1 Ratings,"Fortune Valley Hebbal, Bangalore",,,Home Delivery,true,false,false,false,true,Caterers,Popular Maharashtrian Caterers,Mandya,2025-06-02T15:33:41.801Z
22 Catering Co,+,4.5,51 Ratings,"Layout Chiranjeevi Layout, Bangalore",,,Home Delivery,true,false,false,false,true,Caterers,Popular Maharashtrian Caterers,Mandya,2025-06-02T15:33:41.801Z
TSM Events and Caterers,+,4.9,37 Ratings,"Oil Mill Road Kammanahalli, Bangalore",,,Home Delivery,true,false,false,false,true,Caterers,Popular Maharashtrian Caterers,Mandya,2025-06-02T15:33:41.801Z
Sukhdev Caterers,+,4.7,162 Ratings,"Kempapura Hebbal, Bangalore",,,Home Delivery,true,false,false,false,true,Caterers,Popular Maharashtrian Caterers,Mandya,2025-06-02T15:33:41.801Z
Pintu Caterers,+,4.6,59 Ratings,"Reddy Road Mariyanapalya Hebbal, Bangalore",,,Home Delivery,true,false,false,true,true,Caterers,Popular Maharashtrian Caterers,Mandya,2025-06-02T15:33:41.801Z
Amazons Caterers,A,4.6,5 Ratings,"Outerring Road Nagawara, Bangalore",,,Home Delivery,true,false,false,false,true,Caterers,Popular Maharashtrian Caterers,Mandya,2025-06-02T15:33:41.801Z
Hicurry Foods INDIA Pvt. Ltd.,+,3.9,11 Ratings,"4th Cross Banaswadi, Bangalore",,,Home Delivery,false,false,false,false,false,Caterers,Popular Maharashtrian Caterers,Mandya,2025-06-02T15:33:41.802Z
Sri annapoorneshwari catering services,S,5.0,2 Ratings,"B Katehalli Hassan City, Hassan",,,Home Delivery,true,false,false,false,true,Caterers,Popular Maharashtrian Caterers,Mandya,2025-06-02T15:33:41.802Z
Mandarin Ming,+,5.0,3 Ratings,"Nallurhalli Whitefield Varthur, Bangalore",,08511899025,Home Delivery,true,false,false,false,true,Caterers,Popular Maharashtrian Caterers,Mandya,2025-06-02T15:33:41.802Z
Masala Mantraa,+,4.1,141 Ratings,"Siddapura Road Nallurhalli, Bangalore",,08734963515,Home Delivery,true,false,false,true,true,Caterers,Popular Maharashtrian Caterers,Mandya,2025-06-02T15:33:41.802Z
Crescent Food Court,+,3.9,862 Ratings,"Bagalur Road Bagalur Circle, Hosur",,,Home Delivery,true,false,false,false,false,Caterers,Popular Maharashtrian Caterers,Mandya,2025-06-02T15:33:41.802Z
Sri Nandi Utsava,+,4.4,26 Ratings,"Yelahanka Road Doddaballapur, Bangalore",,07048268839,Home Delivery,true,false,false,true,true,Caterers,Popular Maharashtrian Caterers,Mandya,2025-06-02T15:33:41.802Z
Bangarpete Chaats and Catering Service,B,3.9,26 Ratings,"Temil Nadu Bank Doddaballapur, Bangalore",,,Home Delivery,false,false,false,false,false,Caterers,Popular Maharashtrian Caterers,Mandya,2025-06-02T15:33:41.802Z
Swaad Food Express,<,3.6,3 Ratings,"B M Road Gandhi Nagar Mandya, Mandya",,,,false,false,false,false,true,Caterers,Popular Mangalorean Caterers,Mandya,2025-06-02T15:34:44.108Z
Chaitanya Caterers,<,4.9,27 Ratings,"Cross Road Vani Vilas Mohalla, Mysore",,08460305168,,true,false,false,false,true,Caterers,Popular Mangalorean Caterers,Mandya,2025-06-02T15:34:44.109Z
Annapoorneshwari Catering,<,4.7,24 Ratings,"Layout Ramakrishnanagar, Mysore",,,Home Delivery,true,false,false,false,true,Caterers,Popular Mangalorean Caterers,Mandya,2025-06-02T15:34:44.109Z
Treat O Treat,<,5.0,2 Ratings,"Thagachaguppe Road Kumbalgodu, Bangalore",,,Home Delivery,true,false,false,false,true,Caterers,Popular Mangalorean Caterers,Mandya,2025-06-02T15:34:44.109Z
J K Caterers,<,4.7,15 Ratings,"Yadayur Lake Yediyur, Bangalore",,,Caterers; Veg Caterers,true,false,false,false,true,Caterers,Popular Mangalorean Caterers,Mandya,2025-06-02T15:34:44.109Z
Hotel Srinidhi Sagar Deluxe,<,3.9,"4,413 Ratings","Muttappa Complex Kumbalgodu, Bangalore",,,,false,false,false,false,true,Caterers,Popular Mangalorean Caterers,Mandya,2025-06-02T15:34:44.109Z
Stall Desk Pvt Ltd,<,4.5,4 Ratings,"Mysore Road Kengeri, Bangalore",,,Home Delivery,true,false,false,false,true,Caterers,Popular Mangalorean Caterers,Mandya,2025-06-02T15:34:44.109Z
SKP Cooking Contractors,<,4.8,4 Ratings,"Main Road Kanakapura Road, Bangalore",,,Home Delivery,true,false,false,false,true,Caterers,Popular Mangalorean Caterers,Mandya,2025-06-02T15:34:44.109Z
Shri Sai Caters,<,4.6,47 Ratings,"Forest Layout HBCS R V Road, Bangalore",,,Home Delivery,true,false,false,true,true,Caterers,Popular Mangalorean Caterers,Mandya,2025-06-02T15:34:44.109Z
New Udupi Kitchen Hotel,<,4.0,"2,157 Ratings","Nagadevanahalli-gnanabharathi, Bangalore",,,,true,false,false,true,true,Caterers,Popular Mangalorean Caterers,Mandya,2025-06-02T15:34:44.109Z
Vaishith Catering,+,4.9,397 Ratings,"Mariyappanapalya Gnanabharathi, Bangalore",,,Home Delivery,true,false,false,false,true,Caterers,Popular Mangalorean Caterers,Mandya,2025-06-02T15:34:44.109Z
Theraal Kitchens,+,5.0,9 Ratings,"Turahalli Uttarahalli, Bangalore",,,Home Delivery,true,false,false,false,true,Caterers,Popular Mangalorean Caterers,Mandya,2025-06-02T15:34:44.109Z
Pallavi Caterers,P,5.0,1 Ratings,"Byadrahalli Sunkadakatte, Bangalore",,,Caterers; Veg Caterers,true,false,false,false,true,Caterers,Popular Mangalorean Caterers,Mandya,2025-06-02T15:34:44.109Z
Sri Hayagreeva Dharmika Mandira,+,4.1,107 Ratings,"Nagar Banashankari 3rd Stage, Bangalore",,,Caterers; Veg Caterers,true,false,false,false,true,Caterers,Popular Mangalorean Caterers,Mandya,2025-06-02T15:34:44.109Z
Ganesh Food Lines,G,5.0,2 Ratings,"Ramanjaneya Nagar Chikkalsandra, Bangalore",,,Caterers; Veg Caterers,true,false,false,false,false,Caterers,Popular Mangalorean Caterers,Mandya,2025-06-02T15:34:44.109Z
Nirmala Caterers,N,3.2,7 Ratings,"6th Phase Jp Nagar, Bangalore",,,Home Delivery,false,false,false,false,false,Caterers,Popular Mangalorean Caterers,Mandya,2025-06-02T15:34:44.109Z
Prakash Bhat (Veg Catering Service),+,4.3,44 Ratings,"BSK 3rd Stage Ittamadu, Bangalore",,,Caterers; Veg Caterers,true,false,false,false,true,Caterers,Popular Mangalorean Caterers,Mandya,2025-06-02T15:34:44.109Z
Bhagavathy Caterers,+,5.0,1 Ratings,"Bda Lyt Nagarbhavi, Bangalore",,,Caterers; Caterers Upto 50 Persons,true,false,false,false,true,Caterers,Popular Mangalorean Caterers,Mandya,2025-06-02T15:34:44.109Z
Sri Ganapathi Caterers,+,3.8,13 Ratings,"Bengaluru Uttarahalli, Bangalore",,,Caterers; Veg Caterers,true,false,false,false,false,Caterers,Popular Mangalorean Caterers,Mandya,2025-06-02T15:34:44.109Z
Meenakshi Catering Services,M,5.0,1 Ratings,"Banashankari 3rd Stage, Bangalore",,,Home Delivery,true,false,false,false,false,Caterers,Popular Mangalorean Caterers,Mandya,2025-06-02T15:34:44.109Z
Harshitha Catering Services,+,4.8,35 Ratings,"Vigneshwara Nagara Sunkadakatte, Bangalore",,,Home Delivery,true,false,false,false,true,Caterers,Popular Mangalorean Caterers,Mandya,2025-06-02T15:34:44.109Z
A S Caterers,+,4.5,10 Ratings,"Layout BSK 3rd Stage Kathriguppe, Bangalore",,,Home Delivery,true,false,false,false,true,Caterers,Popular Mangalorean Caterers,Mandya,2025-06-02T15:34:44.109Z
M N E Catering Service,+,4.8,3 Ratings,"9th Cross Jp Nagar 8th Phase, Bangalore",,,Home Delivery,true,false,false,false,true,Caterers,Popular Mangalorean Caterers,Mandya,2025-06-02T15:34:44.110Z
Navadurga Catering,+,5.0,1 Ratings,"Cross Banashankari 3rd Stage, Bangalore",,09725023442,Caterers; Veg Caterers,true,false,false,true,true,Caterers,Popular Mangalorean Caterers,Mandya,2025-06-02T15:34:44.110Z
Sar Catering,+,4.6,35 Ratings,"JP Nagar Post Jhbcs Layout, Bangalore",,09980917838,Home Delivery,true,false,false,true,true,Caterers,Popular Mangalorean Caterers,Mandya,2025-06-02T15:34:44.110Z
Shree Radhakrishna Catering Services,+,4.8,70 Ratings,"80 Feet Road Banashankari, Bangalore",,07041301973,Caterers; Veg Caterers,true,false,false,false,true,Caterers,Popular Mangalorean Caterers,Mandya,2025-06-02T15:34:44.110Z
Sri Annapoorneshwari Catering Services,+,5.0,4 Ratings,"Srinagar Srinagar, Bangalore",,,Home Delivery,true,false,false,false,true,Caterers,Popular Mangalorean Caterers,Mandya,2025-06-02T15:34:44.110Z
BL CATERERS,B,4.3,21 Ratings,"Block Srinagar Banashankari, Bangalore",,,Caterers; Veg Caterers,true,false,false,false,true,Caterers,Popular Mangalorean Caterers,Mandya,2025-06-02T15:34:44.110Z
Snl Caterers,+,4.7,8 Ratings,"Circle Kathriguppe Main Road, Bangalore",,07041522604,Caterers; Veg Caterers,true,false,false,true,true,Caterers,Popular Mangalorean Caterers,Mandya,2025-06-02T15:34:44.110Z
Raghavendra Catering,R,3.8,11 Ratings,"2nd Cross Banashankari, Bangalore",,,Caterers; Veg Caterers,true,false,false,false,false,Caterers,Popular Mangalorean Caterers,Mandya,2025-06-02T15:34:44.110Z
Sri Gururaghavendra Catering,S,4.1,17 Ratings,"Hanumantha Nagar-Banashankari, Bangalore",,,Home Delivery,true,false,false,false,true,Caterers,Popular Mangalorean Caterers,Mandya,2025-06-02T15:34:44.110Z
Raghavendra A Brahmins Wedding Caterers,+,4.7,139 Ratings,"12th Main Srinagar, Bangalore",,09980541263,Home Delivery,true,false,false,true,true,Caterers,Popular Mangalorean Caterers,Mandya,2025-06-02T15:34:44.110Z
Srinidhi Catering,+,4.0,1 Ratings,"5th Cross Banashankari 3rd Stage, Bangalore",,,Caterers; Veg Caterers,true,false,false,false,false,Caterers,Popular Mangalorean Caterers,Mandya,2025-06-02T15:34:44.110Z
B Madhava Acharya,B,3.0,1 Ratings,"6th Main Banashankari 1st Stage, Bangalore",,,Home Delivery,true,false,false,false,false,Caterers,Popular Mangalorean Caterers,Mandya,2025-06-02T15:34:44.110Z
Upaahara Gruha,U,3.5,2 Ratings,"1st Main Road Thyagaraja Nagar, Bangalore",,,Caterers For Buffet; Caterers,false,false,false,false,false,Caterers,Popular Mangalorean Caterers,Mandya,2025-06-02T15:34:44.110Z
G K Catering Services,+,5.0,2 Ratings,"16th Main Banashankari 1st Stage, Bangalore",,,Caterers; Veg Caterers,true,false,false,false,false,Caterers,Popular Mangalorean Caterers,Mandya,2025-06-02T15:34:44.110Z
Sai Kutera,+,4.7,3 Ratings,"Srinagara Main Road Chamarajpet, Bangalore",,,Home Delivery,false,false,false,false,true,Caterers,Popular Mangalorean Caterers,Mandya,2025-06-02T15:34:44.110Z
Sdp Caterers,S,4.6,6 Ratings,"Kammanahalli Bannerghatta Road, Bangalore",,,Home Delivery,true,false,false,false,false,Caterers,Popular Mangalorean Caterers,Mandya,2025-06-02T15:34:44.110Z
B R S Caterers,+,4.2,26 Ratings,"2nd Cross Basavanagudi, Bangalore",,,Home Delivery,true,false,false,false,false,Caterers,Popular Mangalorean Caterers,Mandya,2025-06-02T15:34:44.110Z
K B Caterers,K,4.0,4 Ratings,"Kempegowda Layout Laggere, Bangalore",,,Caterers; Veg Caterers,true,false,false,true,false,Caterers,Popular Mangalorean Caterers,Mandya,2025-06-02T15:34:44.110Z
The Narayan Suggi Restaurant,T,3.6,90 Ratings,"Inner Ring Rd Jp Nagar, Bangalore",,,,true,false,false,false,false,Caterers,Popular Mangalorean Caterers,Mandya,2025-06-02T15:34:44.110Z
Simply Caterers,+,4.7,231 Ratings,"3rd Stage Basaveshwara Nagar, Bangalore",,08460472079,Caterers; Event Organisers,true,false,false,false,true,Caterers,Popular Mangalorean Caterers,Mandya,2025-06-02T15:34:44.110Z
Sri Maruthi Tent House And Catering Services,+,4.6,6 Ratings,"No.135 Basaveshwara Nagar, Bangalore",,,Caterers; Tent House,true,false,false,false,false,Caterers,Popular Mangalorean Caterers,Mandya,2025-06-02T15:34:44.110Z
Amrutha Catering Services,A,4.4,18 Ratings,"Magadi Road, Bangalore",,07041359728,,true,false,false,true,true,Caterers,Popular Mangalorean Caterers,Mandya,2025-06-02T15:34:44.110Z
HORA SERVICES,+,4.6,131 Ratings,"Road Bannerghatta Road, Bangalore",,,Caterers; Flower Decorators,true,false,false,false,true,Caterers,Popular Mangalorean Caterers,Mandya,2025-06-02T15:34:44.110Z
Rajesh Cooking Contractors & Catering Service,+,5.0,8 Ratings,"9th Cross Magadi Road, Bangalore",,,,true,false,false,false,true,Caterers,Popular Mangalorean Caterers,Mandya,2025-06-02T15:34:44.110Z
Jagli Tindi,+,4.1,438 Ratings,"End Main Jayanagar 9th Block, Bangalore",,,Home Delivery,true,false,false,false,true,Caterers,Popular Mangalorean Caterers,Mandya,2025-06-02T15:34:44.110Z
Sri Ganesh Upahara,+,3.7,796 Ratings,"4th Block Rajajinagar 3rd Block, Bangalore",,,Home Delivery,true,false,false,false,false,Caterers,Popular Mangalorean Caterers,Mandya,2025-06-02T15:34:44.110Z
Sri Raghavendra Caterers,+,4.5,15 Ratings,"Main Woc Mahalakshmipuram Layout, Bangalore",,,Home Delivery,true,false,false,false,true,Caterers,Popular Mangalorean Caterers,Mandya,2025-06-02T15:34:44.111Z
Swaad Food Express,<,3.6,3 Ratings,"B M Road Gandhi Nagar Mandya, Mandya",,,,false,false,false,false,true,Caterers,Popular Marwari Caterers,Mandya,2025-06-02T15:35:38.301Z
Mother Caterers,<,4.4,4 Ratings,"Nagar Narasimharaja Mohalla, Mysore",,,Caterers; Veg Caterers,true,false,false,false,true,Caterers,Popular Marwari Caterers,Mandya,2025-06-02T15:35:38.302Z
Jeevan Catering,<,4.8,2 Ratings,"Ring Road Bogadi, Mysore",,,Banquet Hall Decoration; Home Delivery,true,false,false,false,true,Caterers,Popular Marwari Caterers,Mandya,2025-06-02T15:35:38.302Z
Stall Desk Pvt Ltd,<,4.5,4 Ratings,"Mysore Road Kengeri, Bangalore",,,Home Delivery,true,false,false,false,true,Caterers,Popular Marwari Caterers,Mandya,2025-06-02T15:35:38.303Z
Sar Catering,<,4.6,35 Ratings,"JP Nagar Post Jhbcs Layout, Bangalore",,09980917838,Home Delivery,true,false,false,true,true,Caterers,Popular Marwari Caterers,Mandya,2025-06-02T15:35:38.303Z
Golden Moments,<,5.0,7 Ratings,"Chandra Layout Chandra Layout, Bangalore",,,Caterers; Caterers Upto 50 Persons,true,false,false,false,true,Caterers,Popular Marwari Caterers,Mandya,2025-06-02T15:35:38.303Z
Srinidhi Catering,<,4.0,1 Ratings,"5th Cross Banashankari 3rd Stage, Bangalore",,,Caterers; Veg Caterers,true,false,false,false,false,Caterers,Popular Marwari Caterers,Mandya,2025-06-02T15:35:38.304Z
Jagadish Caterers,<,4.5,6 Ratings,"RPC Layout Vijayanagar, Bangalore",,,,true,false,false,false,true,Caterers,Popular Marwari Caterers,Mandya,2025-06-02T15:35:38.304Z
Sri Vishnu Caterers,<,5.0,3 Ratings,"Banashankari 1st Stage, Bangalore",,,Home Delivery,false,false,false,false,true,Caterers,Popular Marwari Caterers,Mandya,2025-06-02T15:35:38.304Z
Shree Annapoorneshwari Caterers,<,4.5,30 Ratings,"KHB Calony Basaveshwara Nagar, Bangalore",,,Caterers; Veg Caterers,true,false,false,false,true,Caterers,Popular Marwari Caterers,Mandya,2025-06-02T15:35:38.304Z
Swadd Kitchen,+,5.0,81 Ratings,"Dvg Road Basavanagudi, BANGALORE",,,,false,false,false,true,true,Caterers,Popular Marwari Caterers,Mandya,2025-06-02T15:35:38.305Z
HORA SERVICES,+,4.6,131 Ratings,"Road Bannerghatta Road, Bangalore",,,Caterers; Flower Decorators,true,false,false,false,true,Caterers,Popular Marwari Caterers,Mandya,2025-06-02T15:35:38.305Z
Annapurna Restaurant,+,3.2,160 Ratings,"Road Electronic City Phase 1, Bangalore",,,,true,false,false,false,false,Caterers,Popular Marwari Caterers,Mandya,2025-06-02T15:35:38.305Z
Joth Khalsa Caterers,+,4.9,15 Ratings,"3rd Crs Jc Road, Bangalore",,,Caterers; Veg Caterers,true,false,false,true,false,Caterers,Popular Marwari Caterers,Mandya,2025-06-02T15:35:38.306Z
Rakesh Ladduwala,+,4.0,180 Ratings,"Manipal Country Road Singasandra, Bangalore",,09035019972,Caterers; Veg Caterers,true,false,false,true,true,Caterers,Popular Marwari Caterers,Mandya,2025-06-02T15:35:38.307Z
Sri Lakshmi Mess,+,4.0,1 Ratings,"20 Main Madiwala, Bangalore",,,Home Delivery,false,false,false,false,false,Caterers,Popular Marwari Caterers,Mandya,2025-06-02T15:35:38.307Z
Rajwada Kulfi,R,5.0,1 Ratings,"Bomanhalli Bommanahalli, Bangalore",,,,false,false,false,false,false,Caterers,Popular Marwari Caterers,Mandya,2025-06-02T15:35:38.307Z
R K Caterers,R,4.7,20 Ratings,"Nagappa Street Seshadripuram, Bangalore",,,Caterers; Event Organisers,true,false,false,true,true,Caterers,Popular Marwari Caterers,Mandya,2025-06-02T15:35:38.307Z
Mealswala Food Services,M,4.8,2 Ratings,"1st Main HSR Layout, Bangalore",,,Caterers; Event Organisers,false,false,false,false,true,Caterers,Popular Marwari Caterers,Mandya,2025-06-02T15:35:38.307Z
Foodiction,+,3.8,4 Ratings,"Kudlu Gate Bommanahalli, Bangalore",,,,false,false,false,true,false,Caterers,Popular Marwari Caterers,Mandya,2025-06-02T15:35:38.308Z
Nand Gopal Caterers,+,4.3,17 Ratings,"Block A Electronic City Phase 2, Bangalore",,,Home Delivery,true,false,false,false,true,Caterers,Popular Marwari Caterers,Mandya,2025-06-02T15:35:38.308Z
Cheftalk Food And Hospitality Services Pvt. Ltd.,+,4.8,519 Ratings,"Mangamana Palya Bommanahalli, Bangalore",,,,true,false,false,true,true,Caterers,Popular Marwari Caterers,Mandya,2025-06-02T15:35:38.308Z
Gayland Caterers & Furnitures,G,4.2,26 Ratings,"No.23/2 Richmond Road, Bangalore",,,Home Delivery,true,false,false,false,true,Caterers,Popular Marwari Caterers,Mandya,2025-06-02T15:35:38.308Z
Caterish Company,C,4.8,4 Ratings,"Near Axis Bank Benson Town, Bangalore",,,Home Delivery,true,false,false,true,true,Caterers,Popular Marwari Caterers,Mandya,2025-06-02T15:35:38.308Z
Sankalp Food Zone,S,5.0,1 Ratings,"2nd Main Vasanth Nagar, Bangalore",,,Home Delivery,false,false,false,false,true,Caterers,Popular Marwari Caterers,Mandya,2025-06-02T15:35:38.308Z
Brij Mohan Shambhu Dayal,B,5.0,1 Ratings,"Training Centre Vivek Nagar, Bangalore",,,Home Delivery,true,false,false,true,true,Caterers,Popular Marwari Caterers,Mandya,2025-06-02T15:35:38.308Z
Silverline Chocolate & Cakes,S,4.0,6 Ratings,"8th Crs Sadashivanagar, Bangalore",,,,true,false,false,false,false,Caterers,Popular Marwari Caterers,Mandya,2025-06-02T15:35:38.309Z
Peter Caterers,P,4.4,42 Ratings,"Vivek Nagar Post Ejipura, Bangalore",,,Home Delivery,true,false,false,false,true,Caterers,Popular Marwari Caterers,Mandya,2025-06-02T15:35:38.309Z
Flavours Of INDIA,+,4.0,10 Ratings,"Craig Park Layout Ashoknagar, Bangalore",,,,true,false,false,true,false,Caterers,Popular Marwari Caterers,Mandya,2025-06-02T15:35:38.309Z
Hungrazzy,H,3.8,5 Ratings,"1st C Main Road Koramangala, Bangalore",,,Home Delivery,false,false,false,false,false,Caterers,Popular Marwari Caterers,Mandya,2025-06-02T15:35:38.309Z
Ansuvi Food Club Pvt Ltd,+,4.9,66 Ratings,"Haralur-HSR Layout, Bangalore",,,Home Delivery,true,false,false,false,true,Caterers,Popular Marwari Caterers,Mandya,2025-06-02T15:35:38.309Z
Sagar Caterers,+,4.3,"3,124 Ratings","Palace Ground Mekhri Circle, Bangalore",,,Home Delivery,true,false,false,false,true,Caterers,Popular Marwari Caterers,Mandya,2025-06-02T15:35:38.309Z
Shahi Restaurant,S,3.5,510 Ratings,"Chandni Chowk Road Shivaji Nagar, Bangalore",,,,false,false,false,false,false,Caterers,Popular Marwari Caterers,Mandya,2025-06-02T15:35:38.309Z
Rajwadi Caterers,+,4.7,109 Ratings,"27Th Main Road HSR Layout, Bangalore",,,Caterers; Event Organisers,true,false,false,false,true,Caterers,Popular Marwari Caterers,Mandya,2025-06-02T15:35:38.309Z
Charbhuja Caterers,+,4.8,5 Ratings,"15th Cross SS Puram, Tumkur",,,Home Delivery,true,false,false,false,true,Caterers,Popular Marwari Caterers,Mandya,2025-06-02T15:35:38.309Z
Ajaz Royal Caterers,A,4.0,1 Ratings,"Dinnur Mn Rd Rt Nagar, Bangalore",,,Home Delivery,true,false,false,false,false,Caterers,Popular Marwari Caterers,Mandya,2025-06-02T15:35:38.310Z
R K Tent House & Caterer,+,3.5,2 Ratings,"1st Cross Ulsoor, Bangalore",,,Home Delivery,false,false,false,false,false,Caterers,Popular Marwari Caterers,Mandya,2025-06-02T15:35:38.310Z
Prem CATRERES,P,5.0,1 Ratings,"Fortune Valley Hebbal, Bangalore",,,Home Delivery,true,false,false,false,true,Caterers,Popular Marwari Caterers,Mandya,2025-06-02T15:35:38.310Z
Sharma Caterers,S,4.2,6 Ratings,"Old Madras Road Indiranagar, Bangalore",,,Caterers; Veg Caterers,true,false,false,false,true,Caterers,Popular Marwari Caterers,Mandya,2025-06-02T15:35:38.310Z
S 2 V Catering Service,+,4.2,33 Ratings,"Main Road Rt Nagar, Bangalore",,,Home Delivery,true,false,false,false,true,Caterers,Popular Marwari Caterers,Mandya,2025-06-02T15:35:38.310Z
Diamond Cooks And Caterers,+,3.8,3 Ratings,"Rashad Nagar-Govindapura, Bangalore",,,Caterers; Veg Caterers,true,false,false,false,false,Caterers,Popular Marwari Caterers,Mandya,2025-06-02T15:35:38.310Z
Indian Kitchen,+,4.5,20 Ratings,"Vidyaranyapura, Bangalore",,,Caterers; Veg Caterers,true,false,false,false,true,Caterers,Popular Marwari Caterers,Mandya,2025-06-02T15:35:38.310Z
Subodh Caterers,+,5.0,3 Ratings,"Hebbal Hebbal Agri Farm, Bangalore",,,Home Delivery,true,false,false,false,true,Caterers,Popular Marwari Caterers,Mandya,2025-06-02T15:35:38.310Z
TSM Events and Caterers,+,4.9,37 Ratings,"Oil Mill Road Kammanahalli, Bangalore",,,Home Delivery,true,false,false,false,true,Caterers,Popular Marwari Caterers,Mandya,2025-06-02T15:35:38.310Z
Sukhdev Caterers,+,4.7,162 Ratings,"Kempapura Hebbal, Bangalore",,,Home Delivery,true,false,false,false,true,Caterers,Popular Marwari Caterers,Mandya,2025-06-02T15:35:38.311Z
Ramakanta Caterers,R,4.5,2 Ratings,"#1 Mariyannapalya, Bangalore",,,Caterers; Caterers Upto 50 Persons,true,false,false,false,true,Caterers,Popular Marwari Caterers,Mandya,2025-06-02T15:35:38.311Z
Jai Mataji Farsan And Sweets,+,4.2,"1,770 Ratings","4th Main Banaswadi, Bangalore",,,Home Delivery,true,false,false,false,true,Caterers,Popular Marwari Caterers,Mandya,2025-06-02T15:35:38.311Z
Sri Ganesh Caterers,S,2.8,4 Ratings,"Yelahanka Main Road Hebbal, Bangalore",,,Home Delivery,true,false,false,false,false,Caterers,Popular Marwari Caterers,Mandya,2025-06-02T15:35:38.311Z
Grace Catering Services,+,4.7,6 Ratings,"1st Block Kalyan Nagar, Bangalore",,,Home Delivery,true,false,false,false,true,Caterers,Popular Marwari Caterers,Mandya,2025-06-02T15:35:38.311Z
Swaad Food Express,<,3.6,3 Ratings,"B M Road Gandhi Nagar Mandya, Mandya",,,,false,false,false,false,true,Caterers,Popular Multicuisine Caterers,Mandya,2025-06-02T15:36:39.970Z
Jeevan Catering,<,4.8,2 Ratings,"Ring Road Bogadi, Mysore",,,Banquet Hall Decoration; Home Delivery,true,false,false,false,true,Caterers,Popular Multicuisine Caterers,Mandya,2025-06-02T15:36:39.970Z
Mani Catering Services,<,4.3,4 Ratings,"Mahadeshwara Badavane Kanakapura, Ramanagara",,,Caterers; Caterers Upto 50 Persons,true,false,false,false,false,Caterers,Popular Multicuisine Caterers,Mandya,2025-06-02T15:36:39.970Z
Nammura Oota Caterers,<,4.0,59 Ratings,"Raghuvanahalli Kanakapura Road, Bangalore",,,Caterers; Veg Caterers,false,false,false,false,true,Caterers,Popular Multicuisine Caterers,Mandya,2025-06-02T15:36:39.970Z
Alarfe,<,4.9,63 Ratings,"Anjanapura Jp Nagar 9th Phase, Bangalore",,,,true,false,false,false,true,Caterers,Popular Multicuisine Caterers,Mandya,2025-06-02T15:36:39.970Z
Srivasasiri Events & Caterers,<,4.6,53 Ratings,"Balaji Layout Uttarahalli, Bangalore",,07405708597,Event Decoration,true,false,false,true,true,Caterers,Popular Multicuisine Caterers,Mandya,2025-06-02T15:36:39.970Z
Harshitha Catering Services,<,4.8,35 Ratings,"Vigneshwara Nagara Sunkadakatte, Bangalore",,,Home Delivery,true,false,false,false,true,Caterers,Popular Multicuisine Caterers,Mandya,2025-06-02T15:36:39.970Z
Royal Cafe,<,3.5,2 Ratings,"Kumaraswamy Layout, Bangalore",,,,true,false,false,false,false,Caterers,Popular Multicuisine Caterers,Mandya,2025-06-02T15:36:39.970Z
Sriram Catering And Services,<,3.0,1 Ratings,"18th Main Banashankari 1st Stage, Bangalore",,,Indian Caterers Upto 50 Persons; Caterers,false,false,false,false,false,Caterers,Popular Multicuisine Caterers,Mandya,2025-06-02T15:36:39.971Z
Royal Cafe,<,5.0,1 Ratings,"2nd Main Road Jp Nagar, Bangalore",,,,true,false,false,false,true,Caterers,Popular Multicuisine Caterers,Mandya,2025-06-02T15:36:39.971Z
Shree Annapoorneshwari Caterers,+,4.5,30 Ratings,"KHB Calony Basaveshwara Nagar, Bangalore",,,Caterers; Veg Caterers,true,false,false,false,true,Caterers,Popular Multicuisine Caterers,Mandya,2025-06-02T15:36:39.971Z
Sai Kutera,+,4.7,3 Ratings,"Srinagara Main Road Chamarajpet, Bangalore",,,Home Delivery,false,false,false,false,true,Caterers,Popular Multicuisine Caterers,Mandya,2025-06-02T15:36:39.971Z
Royal Cafe,+,4.5,2 Ratings,"Main Road Bannerghatta Road, Bangalore",,,,true,false,false,false,true,Caterers,Popular Multicuisine Caterers,Mandya,2025-06-02T15:36:39.971Z
Tawa Sagara,+,3.7,"1,082 Ratings","30th Cross Jayanagar 4th T Block, Bangalore",,,,false,false,false,true,false,Caterers,Popular Multicuisine Caterers,Mandya,2025-06-02T15:36:39.971Z
Divya Vithika Wedding Planners,D,4.8,16 Ratings,"15th Main BTM Layout 2nd Stage, Bangalore",,,Guest House Management,true,false,false,false,true,Caterers,Popular Multicuisine Caterers,Mandya,2025-06-02T15:36:39.971Z
Lucky Caterers,+,4.4,10 Ratings,"Hamza Saab Lane Doddamavalli, Bangalore",,,Home Delivery,true,false,false,false,true,Caterers,Popular Multicuisine Caterers,Mandya,2025-06-02T15:36:39.971Z
Fumes Lounge,+,4.5,74 Ratings,"CL Layout Hosur Main Road, Bangalore",,,,true,false,false,true,true,Caterers,Popular Multicuisine Caterers,Mandya,2025-06-02T15:36:39.971Z
The Food Caterers,T,5.0,1 Ratings,"Mathikere Main Road Yeshwanthpur, Bangalore",,,Home Delivery,false,false,false,false,true,Caterers,Popular Multicuisine Caterers,Mandya,2025-06-02T15:36:39.971Z
Royal Cafe,+,3.9,8 Ratings,"Maruti Mandir Road Achitnagar, Bangalore",,,,true,false,false,false,false,Caterers,Popular Multicuisine Caterers,Mandya,2025-06-02T15:36:39.971Z
Sri Sai Enterprises,+,5.0,1 Ratings,"No. 86 Bommanahalli, Bangalore",,,Home Delivery,true,false,false,false,true,Caterers,Popular Multicuisine Caterers,Mandya,2025-06-02T15:36:39.971Z
Foodiction,+,3.8,4 Ratings,"Kudlu Gate Bommanahalli, Bangalore",,,,false,false,false,true,false,Caterers,Popular Multicuisine Caterers,Mandya,2025-06-02T15:36:39.971Z
Nand Gopal Caterers,+,4.3,17 Ratings,"Block A Electronic City Phase 2, Bangalore",,,Home Delivery,true,false,false,false,true,Caterers,Popular Multicuisine Caterers,Mandya,2025-06-02T15:36:39.971Z
Cheftalk Food And Hospitality Services Pvt. Ltd.,+,4.8,519 Ratings,"Mangamana Palya Bommanahalli, Bangalore",,,,true,false,false,true,true,Caterers,Popular Multicuisine Caterers,Mandya,2025-06-02T15:36:39.971Z
Nandu Food Service,N,4.0,3 Ratings,"Electronic City, Bangalore",,,Home Delivery,false,false,false,false,false,Caterers,Popular Multicuisine Caterers,Mandya,2025-06-02T15:36:39.971Z
Caterish Company,C,4.8,4 Ratings,"Near Axis Bank Benson Town, Bangalore",,,Home Delivery,true,false,false,true,true,Caterers,Popular Multicuisine Caterers,Mandya,2025-06-02T15:36:39.971Z
Peter Caterers,P,4.4,42 Ratings,"Vivek Nagar Post Ejipura, Bangalore",,,Home Delivery,true,false,false,false,true,Caterers,Popular Multicuisine Caterers,Mandya,2025-06-02T15:36:39.971Z
Flavours Of INDIA,+,4.0,10 Ratings,"Craig Park Layout Ashoknagar, Bangalore",,,,true,false,false,true,false,Caterers,Popular Multicuisine Caterers,Mandya,2025-06-02T15:36:39.971Z
Hungrazzy,H,3.8,5 Ratings,"1st C Main Road Koramangala, Bangalore",,,Home Delivery,false,false,false,false,false,Caterers,Popular Multicuisine Caterers,Mandya,2025-06-02T15:36:39.971Z
Sonakshi Hospitality Services,S,4.0,1 Ratings,"Jakkasandra Road Koramangala, Bangalore",,,Home Delivery,true,false,false,false,false,Caterers,Popular Multicuisine Caterers,Mandya,2025-06-02T15:36:39.971Z
Amika Catering,A,4.4,5 Ratings,"Reddy Koramangala 6th Block, Bangalore",,,Home Delivery,true,false,false,false,true,Caterers,Popular Multicuisine Caterers,Mandya,2025-06-02T15:36:39.971Z
Sagar Caterers,+,4.3,"3,124 Ratings","Palace Ground Mekhri Circle, Bangalore",,,Home Delivery,true,false,false,false,true,Caterers,Popular Multicuisine Caterers,Mandya,2025-06-02T15:36:39.972Z
Vaishnavi Caterers,V,3.0,1 Ratings,"Naganathapura Electronic City, Bangalore",,,Home Delivery,false,false,false,false,false,Caterers,Popular Multicuisine Caterers,Mandya,2025-06-02T15:36:39.972Z
Shahi Restaurant,S,3.5,510 Ratings,"Chandni Chowk Road Shivaji Nagar, Bangalore",,,,false,false,false,false,false,Caterers,Popular Multicuisine Caterers,Mandya,2025-06-02T15:36:39.972Z
Akshaya Deluxe Veg And Non Veg Multicuisine Restaurant,+,4.1,"6,217 Ratings","New Bel Road, Bangalore",,,,false,false,false,false,true,Caterers,Popular Multicuisine Caterers,Mandya,2025-06-02T15:36:39.972Z
Chetan Flower And Decorators,+,4.0,1 Ratings,"Koil Street Shivaji Nagar, Bangalore",,,Car Decoration; Home Delivery,false,false,false,false,false,Caterers,Popular Multicuisine Caterers,Mandya,2025-06-02T15:36:39.972Z
Johnny Caterers,+,4.6,416 Ratings,"Jeevanahalli Cox Town, Bangalore",,,Home Delivery,true,false,false,false,true,Caterers,Popular Multicuisine Caterers,Mandya,2025-06-02T15:36:39.972Z
Sri Durga Catering,+,4.3,2 Ratings,"Manjunath Layout Rt Nagar, Bangalore",,,Home Delivery,true,false,false,false,true,Caterers,Popular Multicuisine Caterers,Mandya,2025-06-02T15:36:39.972Z
Serwel Caterers And Furnishers,+,4.4,76 Ratings,"Saleha Complex Nagawara, Bangalore",,09972943521,Caterers; Tent House,true,false,false,false,true,Caterers,Popular Multicuisine Caterers,Mandya,2025-06-02T15:36:39.972Z
Atmosfire,+,4.1,35 Ratings,"Cmh Road Binnamangala, Bangalore",,,Home Delivery,true,false,false,false,true,Caterers,Popular Multicuisine Caterers,Mandya,2025-06-02T15:36:39.972Z
Sukhdev Caterers,+,4.7,162 Ratings,"Kempapura Hebbal, Bangalore",,,Home Delivery,true,false,false,false,true,Caterers,Popular Multicuisine Caterers,Mandya,2025-06-02T15:36:39.972Z
Venjer Caters,V,3.0,1 Ratings,"1st A Main Amruthahalli, Bangalore",,,Caterers; Veg Caterers,false,false,false,false,false,Caterers,Popular Multicuisine Caterers,Mandya,2025-06-02T15:36:39.972Z
Grace Catering Services,+,4.7,6 Ratings,"1st Block Kalyan Nagar, Bangalore",,,Home Delivery,true,false,false,false,true,Caterers,Popular Multicuisine Caterers,Mandya,2025-06-02T15:36:39.972Z
Cafes World,+,4.1,38 Ratings,"Yemlur Marathahalli, Bangalore",,08460197156,Caterers; Veg Caterers,true,false,false,true,true,Caterers,Popular Multicuisine Caterers,Mandya,2025-06-02T15:36:39.972Z
Hicurry Foods INDIA Pvt. Ltd.,+,3.9,11 Ratings,"4th Cross Banaswadi, Bangalore",,,Home Delivery,false,false,false,false,false,Caterers,Popular Multicuisine Caterers,Mandya,2025-06-02T15:36:39.972Z
Bharathis Caterers,B,3.9,17 Ratings,"Outer Ring Road Panathur, Bangalore",,,Caterers; Veg Caterers,true,false,false,false,false,Caterers,Popular Multicuisine Caterers,Mandya,2025-06-02T15:36:39.972Z
Bangalore Food Factory,B,4.0,1 Ratings,"Field Road Ramamurthy Nagar, Bangalore",,,Caterers; Veg Caterers,true,false,false,false,false,Caterers,Popular Multicuisine Caterers,Mandya,2025-06-02T15:36:39.972Z
Aroma Caterers And Event Managers,+,4.2,137 Ratings,"Thirumala Layout Horamavu Agara, Bangalore",,,Car Decoration; Home Delivery,true,false,false,true,true,Caterers,Popular Multicuisine Caterers,Mandya,2025-06-02T15:36:39.972Z
Sinchana Multicuisine Family Garden Restaurant,S,3.3,99 Ratings,"Palya Main Road Ramamurthy Nagar, Bangalore",,,,true,false,false,false,false,Caterers,Popular Multicuisine Caterers,Mandya,2025-06-02T15:36:39.972Z
Royal Cafe,+,4.0,29 Ratings,"Alameda Aralepet, Hassan",,,,true,false,false,false,false,Caterers,Popular Multicuisine Caterers,Mandya,2025-06-02T15:36:39.972Z
Sk Cooking & Catering,<,4.5,1 Ratings,"BD COLONY Azeez Sait Nagar, Mysore",,,Home Delivery,true,false,false,false,true,Caterers,Popular Muslim Food Caterers,Mandya,2025-06-02T15:37:42.802Z
Shehnai Event Palnners,<,5.0,1 Ratings,"Masjid Road Rajivnagar, Mysore",,,Banquet Hall Decoration; Car Decoration; Videography,true,false,false,false,true,Caterers,Popular Muslim Food Caterers,Mandya,2025-06-02T15:37:42.802Z
Royal Mess,<,4.1,347 Ratings,"4th Cross Siddique Nagar, Mysore",,,,false,false,false,false,true,Caterers,Popular Muslim Food Caterers,Mandya,2025-06-02T15:37:42.803Z
Shabnam Catering,<,5.0,1 Ratings,"Mohammedya  Road Ghousia Nagar, Mysore",,,Home Delivery,false,false,false,false,true,Caterers,Popular Muslim Food Caterers,Mandya,2025-06-02T15:37:42.803Z
Chai Catering,<,5.0,1 Ratings,"Tilak Nagar Mandi Mohalla, Mysore",,,Caterers; Veg Caterers,true,false,false,false,false,Caterers,Popular Muslim Food Caterers,Mandya,2025-06-02T15:37:42.803Z
Hotel Fanoos,<,4.3,18 Ratings,"Sawday Road Mandi Mohalla, Mysore",,,,false,false,false,false,true,Caterers,Popular Muslim Food Caterers,Mandya,2025-06-02T15:37:42.803Z
Function Needs,<,4.8,5 Ratings,Mysore,,,,true,false,false,false,true,Caterers,Popular Muslim Food Caterers,Mandya,2025-06-02T15:37:42.803Z
Biryani Kabab Corner,<,5.0,1 Ratings,"Main Road Lokanayakanagara, Mysore",,,,true,false,false,false,true,Caterers,Popular Muslim Food Caterers,Mandya,2025-06-02T15:37:42.803Z
Thalassery Live Restaurant,<,2.9,856 Ratings,"Highway ) Channapatna Bazar, Channapatna",,,,true,false,false,false,true,Caterers,Popular Muslim Food Caterers,Mandya,2025-06-02T15:37:42.803Z
The Sapid,<,4.1,40 Ratings,"Hudco Badavane Hebbal, Mysore",,,,true,false,false,false,true,Caterers,Popular Muslim Food Caterers,Mandya,2025-06-02T15:37:42.803Z
S R Caterers,S,5.0,3 Ratings,"Hebbal, Mysore",,,Caterers; Veg Caterers,true,false,false,false,true,Caterers,Popular Muslim Food Caterers,Mandya,2025-06-02T15:37:42.803Z
Jeevan Catering,J,4.8,2 Ratings,"Ring Road Bogadi, Mysore",,,Banquet Hall Decoration; Home Delivery,true,false,false,false,true,Caterers,Popular Muslim Food Caterers,Mandya,2025-06-02T15:37:42.803Z
Imperial 75 Restaurant,+,4.9,7 Ratings,"Talekere Hand Post Kunigal, Tumkur",,,,true,false,false,false,true,Caterers,Popular Muslim Food Caterers,Mandya,2025-06-02T15:37:42.803Z
Stall Desk Pvt Ltd,+,4.5,4 Ratings,"Mysore Road Kengeri, Bangalore",,,Home Delivery,true,false,false,false,true,Caterers,Popular Muslim Food Caterers,Mandya,2025-06-02T15:37:42.803Z
SKP Cooking Contractors,S,4.8,4 Ratings,"Main Road Kanakapura Road, Bangalore",,,Home Delivery,true,false,false,false,true,Caterers,Popular Muslim Food Caterers,Mandya,2025-06-02T15:37:42.803Z
Mr Gagan,M,4.8,19 Ratings,"Uttarahalli Main Road Mylasandra, Bangalore",,,Videography,true,false,false,false,true,Caterers,Popular Muslim Food Caterers,Mandya,2025-06-02T15:37:42.803Z
Theraal Kitchens,+,5.0,9 Ratings,"Turahalli Uttarahalli, Bangalore",,,Home Delivery,true,false,false,false,true,Caterers,Popular Muslim Food Caterers,Mandya,2025-06-02T15:37:42.803Z
Sri Sigandur Chowdeshwari Caterers,+,4.6,10 Ratings,"Mantappa Road Srinivasa Nagar, Bangalore",,09980240997,Caterers; Veg Caterers,true,false,false,true,true,Caterers,Popular Muslim Food Caterers,Mandya,2025-06-02T15:37:42.803Z
Kuteera Park Land,+,3.7,"5,084 Ratings","Mariyappana Palya Nagarbhavi, Bangalore",,,,false,false,false,false,false,Caterers,Popular Muslim Food Caterers,Mandya,2025-06-02T15:37:42.803Z
Chavish Events,C,4.2,12 Ratings,"No. 21 Laggere, Bangalore",,,Event Organisers; Caterers,true,false,false,false,true,Caterers,Popular Muslim Food Caterers,Mandya,2025-06-02T15:37:42.803Z
Imperio Restaurant,+,3.5,"1,010 Ratings","Feet Ring Banashankari 3rd Stage, Bangalore",,,,true,false,false,false,false,Caterers,Popular Muslim Food Caterers,Mandya,2025-06-02T15:37:42.803Z
Home Kitchen,H,4.4,27 Ratings,"32th Cross Uttarahalli, Bangalore",,,,true,false,false,false,true,Caterers,Popular Muslim Food Caterers,Mandya,2025-06-02T15:37:42.803Z
Asli Zaikha,A,3.0,1 Ratings,"16th Cross Jp Nagar, Bangalore",,,,true,false,false,false,false,Caterers,Popular Muslim Food Caterers,Mandya,2025-06-02T15:37:42.803Z
Bengaluru Donne Biriyani,+,3.7,66 Ratings,"Colony Kumaraswamy Layout, Bangalore",,,,false,false,false,false,false,Caterers,Popular Muslim Food Caterers,Mandya,2025-06-02T15:37:42.804Z
Sar Catering,+,4.6,35 Ratings,"JP Nagar Post Jhbcs Layout, Bangalore",,09980917838,Home Delivery,true,false,false,true,true,Caterers,Popular Muslim Food Caterers,Mandya,2025-06-02T15:37:42.804Z
Calicut Cravings,C,4.9,9 Ratings,"Anekal Bannerghatta Road, Bangalore",,,,true,false,false,false,true,Caterers,Popular Muslim Food Caterers,Mandya,2025-06-02T15:37:42.804Z
S R Enterprises,+,4.9,6 Ratings,"Colony Kumaraswamy Layout, Bangalore",,,,true,false,false,false,true,Caterers,Popular Muslim Food Caterers,Mandya,2025-06-02T15:37:42.804Z
Mughal Biryani Darbar Caterers,+,5.0,1 Ratings,"Banashankari 2nd Stage, Bangalore",,,Caterers; Veg Caterers,true,false,false,false,false,Caterers,Popular Muslim Food Caterers,Mandya,2025-06-02T15:37:42.804Z
Sri Annapoorneshwari Catering Services,+,5.0,4 Ratings,"Srinagar Srinagar, Bangalore",,,Home Delivery,true,false,false,false,true,Caterers,Popular Muslim Food Caterers,Mandya,2025-06-02T15:37:42.804Z
Imperio Restaurant,+,3.6,"1,049 Ratings","24th Jp Nagar 7th Phase, Bangalore",,,,true,false,false,false,false,Caterers,Popular Muslim Food Caterers,Mandya,2025-06-02T15:37:42.804Z
Al Zam Zam Caterers,+,4.5,2 Ratings,"Nehru Road New Guddadahalli, Bangalore",,,Caterers; Veg Caterers,true,false,false,false,true,Caterers,Popular Muslim Food Caterers,Mandya,2025-06-02T15:37:42.804Z
Hc Caterers,H,5.0,3 Ratings,"Old Guddadahalli, Bangalore",,,Non Veg Caterers Upto 50 Persons; Caterers,true,false,false,false,false,Caterers,Popular Muslim Food Caterers,Mandya,2025-06-02T15:37:42.804Z
Lovely Events,+,5.0,1 Ratings,"9th Cross Bcc Layout, Bangalore",,,Home Delivery,true,false,false,false,true,Caterers,Popular Muslim Food Caterers,Mandya,2025-06-02T15:37:42.804Z
Rajadhani Caterers,R,5.0,14 Ratings,"RK Colony Jp Nagar 2nd Phase, Bangalore",,,Caterers; Veg Caterers,true,false,false,false,true,Caterers,Popular Muslim Food Caterers,Mandya,2025-06-02T15:37:42.804Z
Sri Manjunatha Caterers,S,3.7,7 Ratings,"Jayanagar 2nd Block Jayanagar, Bangalore",,,Caterers; Caterers Upto 50 Persons,true,false,false,false,false,Caterers,Popular Muslim Food Caterers,Mandya,2025-06-02T15:37:42.804Z
Standard Biryani,S,3.5,2 Ratings,"1st Cross Chamarajpet, Bangalore",,,,true,false,false,false,false,Caterers,Popular Muslim Food Caterers,Mandya,2025-06-02T15:37:42.804Z
Btm Caterers,B,3.8,4 Ratings,"Btm Layout 1st Stage, Bangalore",,,Caterers; Veg Caterers,false,false,false,false,false,Caterers,Popular Muslim Food Caterers,Mandya,2025-06-02T15:37:42.804Z
Imperio Restaurant,+,3.6,"1,145 Ratings","Feet BTM Layout 2nd Stage, Bangalore",,,,true,false,false,false,false,Caterers,Popular Muslim Food Caterers,Mandya,2025-06-02T15:37:42.804Z
Swathi Hospitality Services Pvt Ltd,+,4.2,46 Ratings,"Rajajinagar Industrial Estate, Bangalore",,,Caterers; Veg Caterers,true,false,false,false,true,Caterers,Popular Muslim Food Caterers,Mandya,2025-06-02T15:37:42.804Z
Ayaan Caterers,A,5.0,1 Ratings,"Oil Mill Road Mill Road, Bangalore",,,Caterers; Caterers Upto 50 Persons,true,false,false,false,true,Caterers,Popular Muslim Food Caterers,Mandya,2025-06-02T15:37:42.804Z
Tawa Sagara,+,3.7,"1,082 Ratings","30th Cross Jayanagar 4th T Block, Bangalore",,,,false,false,false,true,false,Caterers,Popular Muslim Food Caterers,Mandya,2025-06-02T15:37:42.804Z
Ragoos Kitchen,+,3.7,"1,501 Ratings","1st Main Mahalakshmipuram Layout, Bangalore",,,,true,false,false,false,false,Caterers,Popular Muslim Food Caterers,Mandya,2025-06-02T15:37:42.804Z
Shree Malnad Kai Ruchi,+,4.0,287 Ratings,"Baba Electronic City Phase 1, Bangalore",,,,true,false,false,false,true,Caterers,Popular Muslim Food Caterers,Mandya,2025-06-02T15:37:42.804Z
Fairoz Catering,+,3.9,8 Ratings,"B BTM Layout 1st Stage, Bangalore",,,Caterers; Veg Caterers,true,false,false,false,false,Caterers,Popular Muslim Food Caterers,Mandya,2025-06-02T15:37:42.804Z
Golden Star Tent & Events,+,3.8,5 Ratings,"A BTM Layout 1st Stage, Bangalore",,09980662381,Caterers; Tent House,true,false,false,false,false,Caterers,Popular Muslim Food Caterers,Mandya,2025-06-02T15:37:42.804Z
Ayaz Caterers,+,4.0,4 Ratings,"Masjid Road Bismillahnagar, Bangalore",,,Caterers; Tent House,true,false,false,false,false,Caterers,Popular Muslim Food Caterers,Mandya,2025-06-02T15:37:42.804Z
Moon Star Caterers,+,4.7,13 Ratings,"Tavarekeree B, Bangalore",,,Caterers; Veg Caterers,true,false,false,false,false,Caterers,Popular Muslim Food Caterers,Mandya,2025-06-02T15:37:42.804Z
Lazeez Restaurant,+,3.7,126 Ratings,"1st Cross Btm Layout 2nd Stage, Bangalore",,,,true,false,false,false,false,Caterers,Popular Muslim Food Caterers,Mandya,2025-06-02T15:37:42.805Z
Biryani Paradise,+,3.9,199 Ratings,"Shanthi Nagar Sudhama Nagar, Bangalore",,,,true,false,false,false,false,Caterers,Popular Muslim Food Caterers,Mandya,2025-06-02T15:37:42.805Z
Devu Biriyani Mane And Family Restaurant,<,4.4,17 Ratings,"BM Road 1st Cross Road, Mandya",,,,false,false,false,true,true,Caterers,Popular Non Veg Caterers,Mandya,2025-06-02T15:38:38.233Z
Ajay Tiffanis and Catering,<,4.7,13 Ratings,"8th Cross Gandhi Nagar Mandya, Mandya",,08460506335,Caterers; Event Organisers,true,true,false,true,true,Caterers,Popular Non Veg Caterers,Mandya,2025-06-02T15:38:38.233Z
Hombale Family Restaurant,<,5.0,10 Ratings,"Mysore B M Road Mandya, Mandya",,,,true,true,false,false,true,Caterers,Popular Non Veg Caterers,Mandya,2025-06-02T15:38:38.234Z
New Patel Meltery Hotel,<,3.9,89 Ratings,"Road 1st Subash Nagar Mandya, Mandya",,,,true,true,false,false,false,Caterers,Popular Non Veg Caterers,Mandya,2025-06-02T15:38:38.234Z
Gopi Caterers and Cooking Contractor,<,5.0,2 Ratings,"1st Cross Halahalli, Mandya",,,Home Delivery,true,true,false,false,true,Caterers,Popular Non Veg Caterers,Mandya,2025-06-02T15:38:38.234Z
Meenakshi Catering,<,4.9,74 Ratings,"Petebeedhi Anekere Beedi, Mandya",,,Caterers; Veg Caterers,true,true,false,false,true,Caterers,Popular Non Veg Caterers,Mandya,2025-06-02T15:38:38.234Z
Suvarna Miltry Hotel,<,3.8,15 Ratings,"Mysore Main Road Malavalli, Mandya",,,Non Veg Caterers,true,true,false,false,false,Caterers,Popular Non Veg Caterers,Mandya,2025-06-02T15:38:38.235Z
Hotel Ree Gowdru,<,3.6,6 Ratings,"T B Circle Maddur Mandya, Mandya",,,,true,true,false,false,false,Caterers,Popular Non Veg Caterers,Mandya,2025-06-02T15:38:38.235Z
Sambarama Family Restaurant,<,3.8,10 Ratings,"Mysore Road Pandavapura, Mandya",,,,true,true,false,false,false,Caterers,Popular Non Veg Caterers,Mandya,2025-06-02T15:38:38.235Z
M N Donne Biriyani,<,3.8,14 Ratings,"R R P Road Mandya, Mandya",,,,false,false,false,false,false,Caterers,Popular Non Veg Caterers,Mandya,2025-06-02T15:38:38.235Z
D Cooking Group,+,5.0,1 Ratings,"K Shettihalli Ca Kere, Mandya",,,Caterers; Veg Caterers,true,true,false,false,true,Caterers,Popular Non Veg Caterers,Mandya,2025-06-02T15:38:38.236Z
Hotel Manglore Fish Point,H,3.5,2 Ratings,"BM Road Srinivasapura Mandya, Mandya",,,,true,true,false,false,false,Caterers,Popular Non Veg Caterers,Mandya,2025-06-02T15:38:38.236Z
Hotel vaibhava,+,4.3,6 Ratings,"Collage Street Mandya City, Mandya",,,,true,true,false,false,true,Caterers,Popular Non Veg Caterers,Mandya,2025-06-02T15:38:38.236Z
Guru Catering,+,4.8,2 Ratings,"Market Rod Pandavapura, Mandya",,,Caterers; Veg Caterers,true,true,false,false,true,Caterers,Popular Non Veg Caterers,Mandya,2025-06-02T15:38:38.236Z
appu biryani restaurants and appu party hall,a,4.0,2 Ratings,"Chamundeshwari Nagar Mandya, Mandya",,,,true,true,false,false,false,Caterers,Popular Non Veg Caterers,Mandya,2025-06-02T15:38:38.237Z
Paripoorana Event Management,P,2.5,2 Ratings,"100 Feet Road Hosahalli, Mandya",,,Caterers; Flower Decorators,false,true,false,false,false,Caterers,Popular Non Veg Caterers,Mandya,2025-06-02T15:38:38.237Z
Chinmay Mahesh Marriage Contractor Marriage Function and Catering Service,C,4.0,1 Ratings,"Convent Road 7th Cross Malavalli, Mandya",,,Videography,true,true,false,false,false,Caterers,Popular Non Veg Caterers,Mandya,2025-06-02T15:38:38.237Z
Kathyayini Non-veg Hotel (miltri),K,4.0,1 Ratings,"Old A C Office Road Pandavapura, Mandya",,,Caterers; Non Veg Caterers,true,true,false,false,false,Caterers,Popular Non Veg Caterers,Mandya,2025-06-02T15:38:38.237Z
Dhanush Catering,D,4.8,2 Ratings,"Housing Board Mandya HO, Mandya",,,Caterers; Veg Caterers,true,true,false,false,true,Caterers,Popular Non Veg Caterers,Mandya,2025-06-02T15:38:38.237Z
Siddhu Catering Services,+,5.0,1 Ratings,"Bazaar Street Maddur Mandya, Mandya",,,Caterers; Veg Caterers,true,true,false,false,true,Caterers,Popular Non Veg Caterers,Mandya,2025-06-02T15:38:38.238Z
Janani Garden Family Restaurant,+,3.0,1 Ratings,"Bannur Road Mandya, Mandya",,,,true,false,false,false,false,Caterers,Popular Non Veg Caterers,Mandya,2025-06-02T15:38:38.238Z
Ayva Events,+,5.0,90 Ratings,"1st Floor Rajivnagar, Mysore",,,Event Decoration; Corporate; Name Printed Balloon,true,true,false,true,true,Caterers,Popular Non Veg Caterers,Mandya,2025-06-02T15:38:38.238Z
Jujus Kitchen,+,4.3,40 Ratings,"13th Cross Road Rajivnagar, Mysore",,,,true,false,false,false,true,Caterers,Popular Non Veg Caterers,Mandya,2025-06-02T15:38:38.238Z
Shariff Caterers,+,3.0,1 Ratings,"Main Road Sathagalli Layout, Mysore",,,Caterers; Event Organisers,true,true,false,false,false,Caterers,Popular Non Veg Caterers,Mandya,2025-06-02T15:38:38.238Z
Shariff Caterers,+,4.7,119 Ratings,"Rajivnagar, Mysore",,,Caterers; Event Organisers,true,true,false,false,true,Caterers,Popular Non Veg Caterers,Mandya,2025-06-02T15:38:38.238Z
Sk Cooking & Catering,S,4.5,1 Ratings,"BD COLONY Azeez Sait Nagar, Mysore",,,Home Delivery,true,true,false,false,true,Caterers,Popular Non Veg Caterers,Mandya,2025-06-02T15:38:38.238Z
Indian Furnishers,+,4.5,2 Ratings,"Rajiv Nagar 2nd Stage Rajivnagar, Mysore",,,Caterers; Corporate Companies,true,true,false,false,true,Caterers,Popular Non Veg Caterers,Mandya,2025-06-02T15:38:38.238Z
MD caterers,M,5.0,1 Ratings,"2555 2nd Stage Rajivnagar, Mysore",,,Caterers; Veg Caterers,false,true,false,false,false,Caterers,Popular Non Veg Caterers,Mandya,2025-06-02T15:38:38.239Z
Shehnai Event Palnners,S,5.0,1 Ratings,"Masjid Road Rajivnagar, Mysore",,,Banquet Hall Decoration; Car Decoration; Videography,true,true,false,false,true,Caterers,Popular Non Veg Caterers,Mandya,2025-06-02T15:38:38.239Z
Samaa Caterer And Function Organisers,+,4.6,31 Ratings,"1st Main Shanthinagar, Mysore",,,Caterers; Veg Caterers,true,true,false,false,true,Caterers,Popular Non Veg Caterers,Mandya,2025-06-02T15:38:38.239Z
Indian Furnishers,+,4.3,6 Ratings,"2nd Stage Udayagiri, Mysore",,,Banquet Hall Decoration; Event Decoration; 24 Hours,true,true,false,false,true,Caterers,Popular Non Veg Caterers,Mandya,2025-06-02T15:38:38.239Z
Sherkhan Caterers,+,4.5,1 Ratings,"C Block Kalyana Girinagar, Mysore",,,Caterers; Veg Caterers,true,true,false,false,false,Caterers,Popular Non Veg Caterers,Mandya,2025-06-02T15:38:38.240Z
SHER KHAN Caterers,+,4.5,1 Ratings,"Kalyangiri Road Ghousia Nagar, Mysore",,,Home Delivery,true,true,false,false,false,Caterers,Popular Non Veg Caterers,Mandya,2025-06-02T15:38:38.240Z
Khan Caterers,+,4.1,15 Ratings,"Mandella Road Mandi Mohalla, Mysore",,,Caterers; Non Veg Caterers,true,true,false,false,false,Caterers,Popular Non Veg Caterers,Mandya,2025-06-02T15:38:38.240Z
Suhail Caterers,S,4.8,16 Ratings,"Zakriya Majid Road Udayagiri, Mysore",,08511369702,Non Veg Caterers; Non Veg Caterers Upto 500 Persons,true,true,false,false,true,Caterers,Popular Non Veg Caterers,Mandya,2025-06-02T15:38:38.240Z
Star Caterers,+,4.7,9 Ratings,"2nd Cross Udayagiri, Mysore",,,Non Veg Caterers Upto 100 Persons; Caterers,true,true,false,false,false,Caterers,Popular Non Veg Caterers,Mandya,2025-06-02T15:38:38.240Z
Etihad The New Arabian Restaurant,+,3.9,"4,507 Ratings","2nd Cross Siddique Nagar, Mysore",,09972922082,,false,false,false,true,false,Caterers,Popular Non Veg Caterers,Mandya,2025-06-02T15:38:38.240Z
Royal Mess,R,4.1,347 Ratings,"4th Cross Siddique Nagar, Mysore",,,,false,false,false,false,true,Caterers,Popular Non Veg Caterers,Mandya,2025-06-02T15:38:38.240Z
Al-rabi Furnishers Decorators & Caterers,+,3.3,2 Ratings,"Quba Masjid Road Udayagiri, Mysore",,,Home Delivery,true,true,false,false,false,Caterers,Popular Non Veg Caterers,Mandya,2025-06-02T15:38:38.241Z
Mother Caterers,M,4.4,4 Ratings,"Nagar Narasimharaja Mohalla, Mysore",,,Caterers; Veg Caterers,true,true,false,false,true,Caterers,Popular Non Veg Caterers,Mandya,2025-06-02T15:38:38.241Z
Bi Bi Ameena Caterers,B,5.0,1 Ratings,"Mahadevpura Road Shanthinagar, Mysore",,,Caterers; Veg Caterers,true,true,false,false,false,Caterers,Popular Non Veg Caterers,Mandya,2025-06-02T15:38:38.241Z
C R Shravya Tent House,+,4.3,10 Ratings,"Rajkumar Road Yaraganahalli, Mysore",,08511210163,Home Delivery,true,true,false,true,true,Caterers,Popular Non Veg Caterers,Mandya,2025-06-02T15:38:38.241Z
Shariff Caterers,+,4.7,119 Ratings,"Main Road Kalyana Girinagar, Mysore",,,Caterers; Veg Caterers,true,true,false,false,true,Caterers,Popular Non Veg Caterers,Mandya,2025-06-02T15:38:38.241Z
Bambooz Food Bay,+,4.2,69 Ratings,"Narasipura Main Road Alanahalli, Mysore",,,,true,true,false,false,true,Caterers,Popular Non Veg Caterers,Mandya,2025-06-02T15:38:38.241Z
Shabnam Catering,S,5.0,1 Ratings,"Mohammedya  Road Ghousia Nagar, Mysore",,,Home Delivery,false,true,false,false,true,Caterers,Popular Non Veg Caterers,Mandya,2025-06-02T15:38:38.241Z
Brother's Caterers,+,5.0,41 Ratings,"Cross Raghavendranagar Extension, Mysore",,09724742088,Non Veg Caterers; Caterers,true,true,false,false,true,Caterers,Popular Non Veg Caterers,Mandya,2025-06-02T15:38:38.241Z
Prithvi Catering,P,4.0,2 Ratings,"Main Road Siddarthanagar, Mysore",,,Caterers; Veg Caterers,true,true,false,false,false,Caterers,Popular Non Veg Caterers,Mandya,2025-06-02T15:38:38.242Z
HS Caterers Cooking Service,+,4.9,4 Ratings,"2nd Cross Udayagiri, Mysore",,08460536320,Caterers; Non Veg Caterers,true,true,false,false,true,Caterers,Popular Non Veg Caterers,Mandya,2025-06-02T15:38:38.242Z
Mashallah Catering,M,4.8,31 Ratings,"1 St Cross Subhashnagar, Mysore",,,Caterers; Veg Caterers,true,true,false,false,false,Caterers,Popular Non Veg Caterers,Mandya,2025-06-02T15:38:38.242Z
Sgr Catering Service,<,4.8,15 Ratings,"Mandya M C Road Mandya, Mandya",,08904260795,,true,true,false,false,true,Caterers,Popular North Indian Caterers,Mandya,2025-06-02T15:39:35.161Z
Devu Biriyani Mane And Family Restaurant,<,4.4,17 Ratings,"BM Road 1st Cross Road, Mandya",,,,false,false,false,true,true,Caterers,Popular North Indian Caterers,Mandya,2025-06-02T15:39:35.161Z
Meenakshi Catering,<,4.9,74 Ratings,"Petebeedhi Anekere Beedi, Mandya",,,Caterers; Veg Caterers,true,true,false,false,true,Caterers,Popular North Indian Caterers,Mandya,2025-06-02T15:39:35.162Z
Chinmay Mahesh Marriage Contractor Marriage Function and Catering Service,<,4.0,1 Ratings,"Convent Road 7th Cross Malavalli, Mandya",,,Videography,true,true,false,false,false,Caterers,Popular North Indian Caterers,Mandya,2025-06-02T15:39:35.162Z
Swaad Food Express,<,3.6,3 Ratings,"B M Road Gandhi Nagar Mandya, Mandya",,,,false,false,false,false,false,Caterers,Popular North Indian Caterers,Mandya,2025-06-02T15:39:35.162Z
Shehnai Event Palnners,<,5.0,1 Ratings,"Masjid Road Rajivnagar, Mysore",,,Banquet Hall Decoration; Car Decoration; Videography,true,true,false,false,true,Caterers,Popular North Indian Caterers,Mandya,2025-06-02T15:39:35.162Z
C R Shravya Tent House,<,4.3,10 Ratings,"Rajkumar Road Yaraganahalli, Mysore",,08511210163,Home Delivery,true,true,false,true,true,Caterers,Popular North Indian Caterers,Mandya,2025-06-02T15:39:35.163Z
Sri Ramdev Caterers Mysore,<,4.6,11 Ratings,"Gandhi Square Lashkar Mohalla, Mysore",,09980204685,Caterers; Veg Caterers,true,true,false,true,true,Caterers,Popular North Indian Caterers,Mandya,2025-06-02T15:39:35.163Z
Hotel Desi Ruchi,<,4.8,3 Ratings,"Vishveswarayya Road Mysore HO, Mysore",,,,true,true,false,false,true,Caterers,Popular North Indian Caterers,Mandya,2025-06-02T15:39:35.163Z
Sri Matha Catering Services,<,4.8,25 Ratings,"Ringroad Lokanayakanagara, Mysore",,,Home Delivery,true,true,false,false,true,Caterers,Popular North Indian Caterers,Mandya,2025-06-02T15:39:35.164Z
Nalpak Caterers,+,3.7,"7,451 Ratings","1st Main Vv Mohalla, Mysore",,,Home Delivery,true,true,false,false,false,Caterers,Popular North Indian Caterers,Mandya,2025-06-02T15:39:35.164Z
Sri Shabari Catering,+,5.0,2 Ratings,"Kshethyya Road Kr Mohalla, Mysore",,,Home Delivery,true,true,false,false,true,Caterers,Popular North Indian Caterers,Mandya,2025-06-02T15:39:35.164Z
Shabari Caterers,S,4.3,7 Ratings,"1st Cross Kr Mohalla, Mysore",,,Home Delivery,true,true,false,false,true,Caterers,Popular North Indian Caterers,Mandya,2025-06-02T15:39:35.165Z
K Sridhar Caterers,+,5.0,2 Ratings,"Hale Bandikere Kr Mohalla, Mysore",,,Caterers; Caterers For Wedding,true,true,false,false,false,Caterers,Popular North Indian Caterers,Mandya,2025-06-02T15:39:35.165Z
Rao Catering Services - Pure Veg Brahmins,+,5.0,1 Ratings,"K R Mohalla Agrahara, Mysore",,09054086997,Home Delivery,true,true,false,false,true,Caterers,Popular North Indian Caterers,Mandya,2025-06-02T15:39:35.165Z
Rotti Mane,+,3.8,467 Ratings,"Hebbal, Mysore",,,,false,false,false,false,false,Caterers,Popular North Indian Caterers,Mandya,2025-06-02T15:39:35.165Z
Akashya Siri Caterers,A,4.5,2 Ratings,"3rd Cross Ashram Road Hinkal, Mysore",,,Home Delivery,true,true,false,false,true,Caterers,Popular North Indian Caterers,Mandya,2025-06-02T15:39:35.165Z
Vismay Veg Restaurant,+,4.4,66 Ratings,"Main 3rd Cross Saraswathipuram, Mysore",,08511015563,,true,false,false,true,true,Caterers,Popular North Indian Caterers,Mandya,2025-06-02T15:39:35.165Z
Jeevan Catering,J,4.8,2 Ratings,"Ring Road Bogadi, Mysore",,,Banquet Hall Decoration; Home Delivery,true,true,false,false,true,Caterers,Popular North Indian Caterers,Mandya,2025-06-02T15:39:35.166Z
Chaithra Caterers,+,4.5,20 Ratings,"C Block J P Nagar, Mysore",,08197228516,Home Delivery,true,true,false,true,true,Caterers,Popular North Indian Caterers,Mandya,2025-06-02T15:39:35.166Z
Abhi Caterers,+,5.0,5 Ratings,"Megala Koppal Koorgalli, Mysore",,,Caterers; Veg Caterers,true,true,false,false,true,Caterers,Popular North Indian Caterers,Mandya,2025-06-02T15:39:35.166Z
Prasad Cooking & Catering,+,4.7,20 Ratings,"Road 1st Cross Sharadadevi Nagar, Mysore",,08511318616,Caterers; Veg Caterers,true,true,false,true,true,Caterers,Popular North Indian Caterers,Mandya,2025-06-02T15:39:35.166Z
Sri Annapoorneshwari Caterers,S,4.8,2 Ratings,"Hunsur Main Road Hootagalli, Mysore",,,Home Delivery,false,true,false,false,true,Caterers,Popular North Indian Caterers,Mandya,2025-06-02T15:39:35.166Z
Rakshitha Catering,R,5.0,2 Ratings,"Gurur Village Ramabai Nagar, Mysore",,,Caterers; Veg Caterers,true,true,false,false,true,Caterers,Popular North Indian Caterers,Mandya,2025-06-02T15:39:35.166Z
Niveditha Event Management & Organisers,N,5.0,3 Ratings,"Vinayaka Enclave J P Nagar, Mysore",,,Home Delivery,true,true,false,false,true,Caterers,Popular North Indian Caterers,Mandya,2025-06-02T15:39:35.166Z
Priyadarshan Akkimane & Caterers,+,4.6,29 Ratings,"K H B Colony Hootagalli, Mysore",,08511155294,Home Delivery,true,true,false,true,true,Caterers,Popular North Indian Caterers,Mandya,2025-06-02T15:39:35.166Z
SVK Caterers,S,4.2,14 Ratings,"17th Cross Arvind Nagar, Mysore",,,,true,true,false,false,true,Caterers,Popular North Indian Caterers,Mandya,2025-06-02T15:39:35.166Z
P360,+,4.8,102 Ratings,"6th Block Sriramapura 2nd Stage, Mysore",,08511494857,Banquet Hall Decoration,true,true,false,true,true,Caterers,Popular North Indian Caterers,Mandya,2025-06-02T15:39:35.166Z
Annapoorneshwari Catering,+,4.7,24 Ratings,"Layout Ramakrishnanagar, Mysore",,,Home Delivery,true,true,false,false,true,Caterers,Popular North Indian Caterers,Mandya,2025-06-02T15:39:35.167Z
S.l.v Veg,S,3.6,28 Ratings,"Datagalli Ramakrishnanagar, Mysore",,,Home Delivery,true,false,false,false,false,Caterers,Popular North Indian Caterers,Mandya,2025-06-02T15:39:35.167Z
Ramya Caterers - By Vadiraj,+,4.3,53 Ratings,"Beml Layout Rajarajeshwari Nagar, Mysore",,,Caterers; Veg Caterers,true,true,false,true,true,Caterers,Popular North Indian Caterers,Mandya,2025-06-02T15:39:35.167Z
SHREE PRODUCTS & EVENT MANAGEMENT SERVICES,+,4.6,3 Ratings,"G Black Ramakrishnanagar, Mysore",,,Home Delivery; Videography,true,true,false,false,true,Caterers,Popular North Indian Caterers,Mandya,2025-06-02T15:39:35.167Z
Nagasri Caterers,N,5.0,12 Ratings,"Layout Sriramapura 2nd Stage, Mysore",,08460451875,Caterers; Veg Caterers,true,true,false,false,true,Caterers,Popular North Indian Caterers,Mandya,2025-06-02T15:39:35.167Z
Sri Manjunatha Enterprises,+,4.4,131 Ratings,"2nd Stage Rajarajeshwari Nagar, Mysore",,,Home Delivery,true,true,false,false,true,Caterers,Popular North Indian Caterers,Mandya,2025-06-02T15:39:35.167Z
SLN Caterers,S,4.4,10 Ratings,"Srinagar Mysore South, Mysore",,,Home Delivery,true,true,false,false,true,Caterers,Popular North Indian Caterers,Mandya,2025-06-02T15:39:35.167Z
Mani Catering Services,+,4.3,4 Ratings,"Mahadeshwara Badavane Kanakapura, Ramanagara",,,Caterers; Caterers Upto 50 Persons,true,true,false,false,false,Caterers,Popular North Indian Caterers,Mandya,2025-06-02T15:39:35.167Z
Rajpurohit Caterers,+,5.0,1 Ratings,"Gate Chikka Gollarahatti, Bangalore",,,Caterers; Veg Caterers,true,true,false,false,false,Caterers,Popular North Indian Caterers,Mandya,2025-06-02T15:39:35.167Z
Treat O Treat,T,5.0,2 Ratings,"Thagachaguppe Road Kumbalgodu, Bangalore",,,Home Delivery,true,true,false,false,true,Caterers,Popular North Indian Caterers,Mandya,2025-06-02T15:39:35.167Z
J K Caterers,J,4.7,15 Ratings,"Yadayur Lake Yediyur, Bangalore",,,Caterers; Veg Caterers,true,true,false,false,true,Caterers,Popular North Indian Caterers,Mandya,2025-06-02T15:39:35.167Z
Hotel Srinidhi Sagar Deluxe,+,3.9,"4,413 Ratings","Muttappa Complex Kumbalgodu, Bangalore",,,,false,false,false,false,false,Caterers,Popular North Indian Caterers,Mandya,2025-06-02T15:39:35.168Z
Banasri Grand (Closed Down),+,3.8,50 Ratings,"Anchepalya Kengeri, Bangalore",,,,true,true,false,false,false,Caterers,Popular North Indian Caterers,Mandya,2025-06-02T15:39:35.168Z
Lakshmi Catering & Cooking,L,5.0,3 Ratings,"Road Tavarekere Tavarekere Blr, Bangalore",,,Caterers; Event Organisers,true,true,false,false,false,Caterers,Popular North Indian Caterers,Mandya,2025-06-02T15:39:35.168Z
KBH Sri Kala Bairava Hotel,K,4.2,103 Ratings,"1St Main Road Kengeri, Bangalore",,,Parking Available; Home Delivery,true,false,false,false,true,Caterers,Popular North Indian Caterers,Mandya,2025-06-02T15:39:35.168Z
Mane Adige,+,4.7,26 Ratings,"Building Number 177 Kengeri, Bangalore",,08460563442,Caterers For Office; Caterers,true,true,false,false,true,Caterers,Popular North Indian Caterers,Mandya,2025-06-02T15:39:35.168Z
Stall Desk Pvt Ltd,+,4.5,4 Ratings,"Mysore Road Kengeri, Bangalore",,,Home Delivery,true,true,false,false,true,Caterers,Popular North Indian Caterers,Mandya,2025-06-02T15:39:35.168Z
Sri Gururaja Catering,S,4.1,10 Ratings,"8th Cross Kengeri Satelite Town, Bangalore",,,Caterers; Veg Caterers,true,true,false,false,true,Caterers,Popular North Indian Caterers,Mandya,2025-06-02T15:39:35.168Z
SKP Cooking Contractors,S,4.8,4 Ratings,"Main Road Kanakapura Road, Bangalore",,,Home Delivery,true,true,false,false,true,Caterers,Popular North Indian Caterers,Mandya,2025-06-02T15:39:35.168Z
Balaji Caterers,B,2.8,2 Ratings,"Sonnenahalli, Bangalore",,,Home Delivery,true,true,false,false,false,Caterers,Popular North Indian Caterers,Mandya,2025-06-02T15:39:35.168Z
GJNS Caterers,G,5.0,6 Ratings,"80 Feet Road Kengeri, Bangalore",,,Caterers; Veg Caterers,true,true,false,false,true,Caterers,Popular North Indian Caterers,Mandya,2025-06-02T15:39:35.169Z
Sgr Catering Service,<,4.8,15 Ratings,"Mandya M C Road Mandya, Mandya",,08904260795,,true,false,false,false,true,Caterers,Popular Caterers For Office,Mandya,2025-06-02T15:40:38.171Z
Green Valley Groups,<,3.8,31 Ratings,"Mysore Main Road Malavalli, Mandya",,,,true,false,false,false,true,Caterers,Popular Caterers For Office,Mandya,2025-06-02T15:40:38.171Z
Ajay Tiffanis and Catering,<,4.7,13 Ratings,"8th Cross Gandhi Nagar Mandya, Mandya",,08460506335,Caterers; Event Organisers,true,false,false,true,true,Caterers,Popular Caterers For Office,Mandya,2025-06-02T15:40:38.172Z
Devu Biriyani Mane And Family Restaurant,<,4.4,17 Ratings,"BM Road 1st Cross Road, Mandya",,,,false,false,false,true,true,Caterers,Popular Caterers For Office,Mandya,2025-06-02T15:40:38.172Z
Sree Durga Parameshwari Catering Service,<,4.5,15 Ratings,"Main Road Hanumantha Nagar, Bangalore",,,Home Delivery,true,false,false,false,true,Caterers,Popular Caterers For Office,Mandya,2025-06-02T15:40:38.172Z
Majisa Rnm Sweets and Caterers,<,5.0,2 Ratings,"2nd Cross Road Robertsonpet, Kolar",,09972933072,Caterers For Office; Caterers,true,false,false,false,true,Caterers,Popular Caterers For Office,Mandya,2025-06-02T15:40:38.173Z
Sri Gulab Caterers & Events,<,4.8,43 Ratings,"Androon Quilla, Raichur",,,,true,false,false,false,true,Caterers,Popular Caterers For Office,Mandya,2025-06-02T15:40:38.173Z
Sri Maa Asapura Caterers,<,4.8,18 Ratings,"Gunj Road M G Road Raichur, Raichur",,,Home Delivery,true,false,false,false,true,Caterers,Popular Caterers For Office,Mandya,2025-06-02T15:40:38.173Z
Train Zaika,<,4.1,"1,296 Ratings","Station Road Budhwari Bazar, Bilaspur-Chhattisgarh",,07411587292,,false,false,false,true,true,Caterers,Popular Caterers For Office,Mandya,2025-06-02T15:40:38.173Z
Sab Hospitality Services,<,4.9,144 Ratings,"5 Viram Khand Gomti Nagar, Lucknow",,08460247319,Caterers For Hospital; Caterers For Wedding,true,false,false,true,true,Caterers,Popular Caterers For Office,Mandya,2025-06-02T15:40:38.174Z
Meenakshi Caterers,M,5.0,5 Ratings,"Bazar Street Mandya Ho, Mandya",,,Caterers; Veg Caterers,true,false,false,false,true,Caterers,Popular Caterers For Office,Mandya,2025-06-02T15:40:38.174Z
Swaad Food Express,+,3.6,3 Ratings,"B M Road Gandhi Nagar Mandya, Mandya",,,,false,false,false,false,false,Caterers,Popular Caterers For Office,Mandya,2025-06-02T15:40:38.174Z
Dhanush Catering,D,4.8,2 Ratings,"Housing Board Mandya HO, Mandya",,,Caterers; Veg Caterers,true,false,false,false,true,Caterers,Popular Caterers For Office,Mandya,2025-06-02T15:40:38.175Z
Gopi Caterers and Cooking Contractor,G,5.0,2 Ratings,"1st Cross Halahalli, Mandya",,,Home Delivery,true,false,false,false,true,Caterers,Popular Caterers For Office,Mandya,2025-06-02T15:40:38.175Z
Jayashree Caterers,J,4.0,1 Ratings,"Karasvadi Road B M Road Mandya, Mandya",,,Caterers; Caterers For Wedding,true,false,false,false,false,Caterers,Popular Caterers For Office,Mandya,2025-06-02T15:40:38.175Z
Surya Caterers,S,4.5,2 Ratings,"1st  Cross Nehru Nagar, Mandya",,,Caterers; Veg Caterers,true,false,false,false,false,Caterers,Popular Caterers For Office,Mandya,2025-06-02T15:40:38.175Z
Ayva Events,+,5.0,90 Ratings,"1st Floor Rajivnagar, Mysore",,,Event Decoration; Corporate; Name Printed Balloon,true,false,false,true,true,Caterers,Popular Caterers For Office,Mandya,2025-06-02T15:40:38.175Z
Jujus Kitchen,+,4.3,40 Ratings,"13th Cross Road Rajivnagar, Mysore",,,,true,false,false,false,true,Caterers,Popular Caterers For Office,Mandya,2025-06-02T15:40:38.175Z
Sri Maleegera Dharshini Hotel,+,5.0,6 Ratings,"Mysore Road Siddalingapura, Mysore",,,Caterers; Veg Caterers,true,false,false,false,true,Caterers,Popular Caterers For Office,Mandya,2025-06-02T15:40:38.176Z
MD caterers,M,5.0,1 Ratings,"2555 2nd Stage Rajivnagar, Mysore",,,Caterers; Veg Caterers,false,false,false,false,false,Caterers,Popular Caterers For Office,Mandya,2025-06-02T15:40:38.176Z
Indian Furnishers,+,4.3,6 Ratings,"2nd Stage Udayagiri, Mysore",,,Banquet Hall Decoration; Event Decoration; 24 Hours,true,false,false,false,true,Caterers,Popular Caterers For Office,Mandya,2025-06-02T15:40:38.176Z
Royal Mess,R,4.1,347 Ratings,"4th Cross Siddique Nagar, Mysore",,,,false,false,false,false,true,Caterers,Popular Caterers For Office,Mandya,2025-06-02T15:40:38.176Z
Al-rabi Furnishers Decorators & Caterers,+,3.3,2 Ratings,"Quba Masjid Road Udayagiri, Mysore",,,Home Delivery,true,false,false,false,false,Caterers,Popular Caterers For Office,Mandya,2025-06-02T15:40:38.177Z
Mother Caterers,M,4.4,4 Ratings,"Nagar Narasimharaja Mohalla, Mysore",,,Caterers; Veg Caterers,true,false,false,false,true,Caterers,Popular Caterers For Office,Mandya,2025-06-02T15:40:38.177Z
C R Shravya Tent House,+,4.3,10 Ratings,"Rajkumar Road Yaraganahalli, Mysore",,08511210163,Home Delivery,true,false,false,true,true,Caterers,Popular Caterers For Office,Mandya,2025-06-02T15:40:38.177Z
Shabnam Catering,S,5.0,1 Ratings,"Mohammedya  Road Ghousia Nagar, Mysore",,,Home Delivery,false,false,false,false,true,Caterers,Popular Caterers For Office,Mandya,2025-06-02T15:40:38.177Z
Brother's Caterers,+,5.0,41 Ratings,"Cross Raghavendranagar Extension, Mysore",,09724742088,Non Veg Caterers; Caterers,true,false,false,false,true,Caterers,Popular Caterers For Office,Mandya,2025-06-02T15:40:38.177Z
Prithvi Catering,P,4.0,2 Ratings,"Main Road Siddarthanagar, Mysore",,,Caterers; Veg Caterers,true,false,false,false,false,Caterers,Popular Caterers For Office,Mandya,2025-06-02T15:40:38.177Z
Hotel Nimishambha,+,4.1,951 Ratings,"Road Narasimharaja Mohalla, Mysore",,,,true,false,false,false,true,Caterers,Popular Caterers For Office,Mandya,2025-06-02T15:40:38.177Z
National Catering,+,4.0,1 Ratings,"Narasimharaja Mohalla, Mysore",,,Caterers; Veg Caterers,true,false,false,false,false,Caterers,Popular Caterers For Office,Mandya,2025-06-02T15:40:38.177Z
Dreams Creation,+,4.9,34 Ratings,"2 Main Road Udayagiri, Mysore",,,Event Organisers; Caterers,false,false,false,false,true,Caterers,Popular Caterers For Office,Mandya,2025-06-02T15:40:38.178Z
Sri Srinivasa Tent House,+,5.0,4 Ratings,"Main 1st Gayathripuram 1st Stage, Mysore",,,Tent House; Caterers,true,false,false,false,true,Caterers,Popular Caterers For Office,Mandya,2025-06-02T15:40:38.178Z
Sgr Events,+,4.9,19 Ratings,"Nagar Main Road Bannimantap, Mysore",,,Videography,true,false,false,false,true,Caterers,Popular Caterers For Office,Mandya,2025-06-02T15:40:38.178Z
Sgr Catering,+,4.8,357 Ratings,"3rd Stage Bannimantap, Mysore",,08123559536,Caterers; Veg Caterers,true,false,false,true,true,Caterers,Popular Caterers For Office,Mandya,2025-06-02T15:40:38.178Z
Idli Katte,+,3.7,123 Ratings,"Vasanthmahal Road Nazarbad, Mysore",,08197428064,Home Delivery,true,false,false,false,false,Caterers,Popular Caterers For Office,Mandya,2025-06-02T15:40:38.178Z
Devi Catering Mysore,+,4.7,20 Ratings,"3rd Cross Mandi Mohalla, Mysore",,,24 Hours; Home Delivery,true,false,false,false,true,Caterers,Popular Caterers For Office,Mandya,2025-06-02T15:40:38.178Z
Sri Ramdev Caterers Mysore,+,4.6,11 Ratings,"Gandhi Square Lashkar Mohalla, Mysore",,09980204685,Caterers; Veg Caterers,true,false,false,true,true,Caterers,Popular Caterers For Office,Mandya,2025-06-02T15:40:38.179Z
Swagath Gourmet India Pvt Ltd,S,5.0,1 Ratings,"Industrial Estate Yadavagiri, Mysore",,,Caterers; Veg Caterers,false,false,false,false,false,Caterers,Popular Caterers For Office,Mandya,2025-06-02T15:40:38.179Z
Hotel Anand Vihar,+,4.4,705 Ratings,"YADAvGIRI Yadavagiri, Mysore",,,,true,false,false,false,true,Caterers,Popular Caterers For Office,Mandya,2025-06-02T15:40:38.179Z
Sri Matha Catering Services,+,4.8,25 Ratings,"Ringroad Lokanayakanagara, Mysore",,,Home Delivery,true,false,false,false,true,Caterers,Popular Caterers For Office,Mandya,2025-06-02T15:40:38.179Z
Chandana Catering,C,4.4,8 Ratings,"Main Road Lokanayakanagara, Mysore",,,Caterers; Veg Caterers,true,false,false,false,false,Caterers,Popular Caterers For Office,Mandya,2025-06-02T15:40:38.179Z
Function Needs,+,4.8,5 Ratings,Mysore,,,,true,false,false,false,true,Caterers,Popular Caterers For Office,Mandya,2025-06-02T15:40:38.180Z
Bsl Caterers,B,4.6,7 Ratings,"No.987 Tank Bund Road Ittigegud, Mysore",,,Home Delivery,true,false,false,false,true,Caterers,Popular Caterers For Office,Mandya,2025-06-02T15:40:38.180Z
Thalassery Live Restaurant,+,2.9,856 Ratings,"Highway ) Channapatna Bazar, Channapatna",,,,true,false,false,false,false,Caterers,Popular Caterers For Office,Mandya,2025-06-02T15:40:38.180Z
Iyengar Mess,+,4.2,87 Ratings,"Kr Street Shivarampet, Mysore",,,,true,false,false,false,true,Caterers,Popular Caterers For Office,Mandya,2025-06-02T15:40:38.180Z
Sri Arya Bhavan Sweets And Chats,S,4.0,2 Ratings,"Dhanavantri Road, Mysore",,,Caterers; Veg Caterers,false,false,false,false,false,Caterers,Popular Caterers For Office,Mandya,2025-06-02T15:40:38.180Z
Sri Kheteshwar Caterers,S,4.7,3 Ratings,"Rishab Jewellers Ashoka Road, Mysore",,,Caterers; Veg Caterers,true,false,false,false,true,Caterers,Popular Caterers For Office,Mandya,2025-06-02T15:40:38.181Z
Sri Lakshmidevi Caterings,S,5.0,7 Ratings,"Badavane Kumbara Koppal, Mysore",,,Caterers For Farewell; Caterers,true,false,false,false,true,Caterers,Popular Caterers For Office,Mandya,2025-06-02T15:40:38.181Z
Nalpak Restaurant,+,3.5,"1,517 Ratings","Dewans Road Devaraja Mohalla, Mysore",,,,true,false,false,false,false,Caterers,Popular Caterers For Office,Mandya,2025-06-02T15:40:38.181Z
Sgr Catering Service,<,4.8,15 Ratings,"Mandya M C Road Mandya, Mandya",,08904260795,,true,true,false,false,true,Caterers,Popular Caterers For Parties,Mandya,2025-06-02T15:41:40.132Z
Devu Biriyani Mane And Family Restaurant,<,4.4,17 Ratings,"BM Road 1st Cross Road, Mandya",,,,false,false,false,true,true,Caterers,Popular Caterers For Parties,Mandya,2025-06-02T15:41:40.132Z
Ajay Tiffanis and Catering,<,4.7,13 Ratings,"8th Cross Gandhi Nagar Mandya, Mandya",,08460506335,Caterers; Event Organisers,true,true,false,true,true,Caterers,Popular Caterers For Parties,Mandya,2025-06-02T15:41:40.132Z
Green Valley Groups,<,3.8,31 Ratings,"Mysore Main Road Malavalli, Mandya",,,,true,true,false,false,true,Caterers,Popular Caterers For Parties,Mandya,2025-06-02T15:41:40.132Z
Shivanasiri Hoolige,<,5.0,4 Ratings,"Chikkamandya, Mandya",,09035094279,Caterers; Caterers For Wedding,true,true,false,false,true,Caterers,Popular Caterers For Parties,Mandya,2025-06-02T15:41:40.132Z
Hotel Ramadas Lunch Home,<,4.3,25 Ratings,"Main Road Krishnarajapete, Mandya",,,,true,true,false,false,true,Caterers,Popular Caterers For Parties,Mandya,2025-06-02T15:41:40.132Z
Meenakshi Catering,<,4.9,74 Ratings,"Petebeedhi Anekere Beedi, Mandya",,,Caterers; Veg Caterers,true,true,false,false,true,Caterers,Popular Caterers For Parties,Mandya,2025-06-02T15:41:40.132Z
Gopi Caterers and Cooking Contractor,<,5.0,2 Ratings,"1st Cross Halahalli, Mandya",,,Home Delivery,true,true,false,false,true,Caterers,Popular Caterers For Parties,Mandya,2025-06-02T15:41:40.132Z
Meenakshi Caterers,<,5.0,5 Ratings,"Bazar Street Mandya Ho, Mandya",,,Caterers; Veg Caterers,true,true,false,false,true,Caterers,Popular Caterers For Parties,Mandya,2025-06-02T15:41:40.133Z
Hotel vaibhava,<,4.3,6 Ratings,"Collage Street Mandya City, Mandya",,,,true,true,false,false,true,Caterers,Popular Caterers For Parties,Mandya,2025-06-02T15:41:40.133Z
Sri Sidda Lingeshwara Hotel,S,4.6,5 Ratings,"Gandhi Nagar  1st Cross Mandya, Mandya",,,,true,true,false,false,true,Caterers,Popular Caterers For Parties,Mandya,2025-06-02T15:41:40.133Z
Surya Caterers,S,4.5,2 Ratings,"1st  Cross Nehru Nagar, Mandya",,,Caterers; Veg Caterers,true,true,false,false,false,Caterers,Popular Caterers For Parties,Mandya,2025-06-02T15:41:40.133Z
Shekar Caterers,S,5.0,1 Ratings,"T. K. Lay-Out Mandya Ho, Mandya",,,Caterers; Caterers For Parties,false,true,false,false,false,Caterers,Popular Caterers For Parties,Mandya,2025-06-02T15:41:40.133Z
Dhanush Catering,D,4.8,2 Ratings,"Housing Board Mandya HO, Mandya",,,Caterers; Veg Caterers,true,true,false,false,true,Caterers,Popular Caterers For Parties,Mandya,2025-06-02T15:41:40.133Z
D Cooking Group,+,5.0,1 Ratings,"K Shettihalli Ca Kere, Mandya",,,Caterers; Veg Caterers,true,true,false,false,true,Caterers,Popular Caterers For Parties,Mandya,2025-06-02T15:41:40.133Z
Food Caterers,F,2.5,1 Ratings,"Shantha Hovin Pandavapura, Mandya",,,Caterers; Caterers For Wedding,true,true,false,false,false,Caterers,Popular Caterers For Parties,Mandya,2025-06-02T15:41:40.133Z
Shree Anna Poorneshwari Tiffanies and Catering,+,4.0,3 Ratings,"1St Cross Vidya Nagar Mandya, Mandya",,,Caterers; Veg Caterers,true,true,false,false,false,Caterers,Popular Caterers For Parties,Mandya,2025-06-02T15:41:40.133Z
appu biryani restaurants and appu party hall,a,4.0,2 Ratings,"Chamundeshwari Nagar Mandya, Mandya",,,,true,true,false,false,false,Caterers,Popular Caterers For Parties,Mandya,2025-06-02T15:41:40.133Z
Lakshmi Catering Service,L,4.5,1 Ratings,"Nagar Guthal Colony Mandya, Mandya",,,Caterers; Caterers For Wedding,false,true,false,false,false,Caterers,Popular Caterers For Parties,Mandya,2025-06-02T15:41:40.133Z
Swaad Food Express,+,3.6,3 Ratings,"B M Road Gandhi Nagar Mandya, Mandya",,,,false,false,false,false,false,Caterers,Popular Caterers For Parties,Mandya,2025-06-02T15:41:40.133Z
Chinmay Mahesh Marriage Contractor Marriage Function and Catering Service,C,4.0,1 Ratings,"Convent Road 7th Cross Malavalli, Mandya",,,Videography,true,true,false,false,false,Caterers,Popular Caterers For Parties,Mandya,2025-06-02T15:41:40.133Z
Jayashree Caterers,J,4.0,1 Ratings,"Karasvadi Road B M Road Mandya, Mandya",,,Caterers; Caterers For Wedding,true,true,false,false,false,Caterers,Popular Caterers For Parties,Mandya,2025-06-02T15:41:40.133Z
Vadiraj Caterers,V,4.8,2 Ratings,"Janathnagar Mandya HO, Mandya",,,Home Delivery,true,true,false,false,false,Caterers,Popular Caterers For Parties,Mandya,2025-06-02T15:41:40.133Z
Ayva Events,+,5.0,90 Ratings,"1st Floor Rajivnagar, Mysore",,,Event Decoration; Corporate; Name Printed Balloon,true,true,false,true,true,Caterers,Popular Caterers For Parties,Mandya,2025-06-02T15:41:40.133Z
Lokesh S Caterers,L,5.0,1 Ratings,"Cross  Ragavendra Circle ragha, Mysore",,,Caterers; Caterers For Wedding,true,true,false,false,false,Caterers,Popular Caterers For Parties,Mandya,2025-06-02T15:41:40.133Z
Jujus Kitchen,+,4.3,40 Ratings,"13th Cross Road Rajivnagar, Mysore",,,,true,false,false,false,true,Caterers,Popular Caterers For Parties,Mandya,2025-06-02T15:41:40.133Z
Sk Cooking & Catering,S,4.5,1 Ratings,"BD COLONY Azeez Sait Nagar, Mysore",,,Home Delivery,true,true,false,false,true,Caterers,Popular Caterers For Parties,Mandya,2025-06-02T15:41:40.133Z
Sri Maleegera Dharshini Hotel,+,5.0,6 Ratings,"Mysore Road Siddalingapura, Mysore",,,Caterers; Veg Caterers,true,true,false,false,true,Caterers,Popular Caterers For Parties,Mandya,2025-06-02T15:41:40.133Z
S K Cooking And Caterers,+,4.3,3 Ratings,"Azeez Sait Nagar, Mysore",,,24 Hours; Home Delivery,true,true,false,false,false,Caterers,Popular Caterers For Parties,Mandya,2025-06-02T15:41:40.133Z
Neha Caterers,N,4.0,3 Ratings,"Kalyanagiri, Mysore",,,Caterers; Caterers For Wedding,false,true,false,false,false,Caterers,Popular Caterers For Parties,Mandya,2025-06-02T15:41:40.133Z
Sufiya Caterers,S,4.0,2 Ratings,"2nd Cross Road Ghousia Nagar, Mysore",,,Caterers; Caterers For Wedding,false,true,false,false,false,Caterers,Popular Caterers For Parties,Mandya,2025-06-02T15:41:40.133Z
Ibrahim Caterers,I,4.7,9 Ratings,"Rahman Road Christian Colony, Mysore",,,Caterers; Caterers For Wedding,true,true,false,false,false,Caterers,Popular Caterers For Parties,Mandya,2025-06-02T15:41:40.133Z
Shehnai Event Palnners,S,5.0,1 Ratings,"Masjid Road Rajivnagar, Mysore",,,Banquet Hall Decoration; Car Decoration; Videography,true,true,false,false,true,Caterers,Popular Caterers For Parties,Mandya,2025-06-02T15:41:40.133Z
Samaa Caterer And Function Organisers,+,4.6,31 Ratings,"1st Main Shanthinagar, Mysore",,,Caterers; Veg Caterers,true,true,false,false,true,Caterers,Popular Caterers For Parties,Mandya,2025-06-02T15:41:40.133Z
Indian Furnishers,+,4.3,6 Ratings,"2nd Stage Udayagiri, Mysore",,,Banquet Hall Decoration; Event Decoration; 24 Hours,true,true,false,false,true,Caterers,Popular Caterers For Parties,Mandya,2025-06-02T15:41:40.133Z
Sherkhan Caterers,+,4.5,1 Ratings,"C Block Kalyana Girinagar, Mysore",,,Caterers; Veg Caterers,true,true,false,false,false,Caterers,Popular Caterers For Parties,Mandya,2025-06-02T15:41:40.134Z
Royal Mess,R,4.1,347 Ratings,"4th Cross Siddique Nagar, Mysore",,,,false,false,false,false,true,Caterers,Popular Caterers For Parties,Mandya,2025-06-02T15:41:40.134Z
Nagaraj & Brothers,N,4.7,8 Ratings,"Main Road Rajendranagar, Mysore",,,Caterers; Veg Caterers,true,true,false,false,false,Caterers,Popular Caterers For Parties,Mandya,2025-06-02T15:41:40.134Z
Faraz Caterers,+,4.0,2 Ratings,"Udayagiri, Mysore",,,Caterers; Caterers For Wedding,true,true,false,false,false,Caterers,Popular Caterers For Parties,Mandya,2025-06-02T15:41:40.134Z
Al-rabi Furnishers Decorators & Caterers,+,3.3,2 Ratings,"Quba Masjid Road Udayagiri, Mysore",,,Home Delivery,true,true,false,false,false,Caterers,Popular Caterers For Parties,Mandya,2025-06-02T15:41:40.134Z
Mother Caterers,M,4.4,4 Ratings,"Nagar Narasimharaja Mohalla, Mysore",,,Caterers; Veg Caterers,true,true,false,false,true,Caterers,Popular Caterers For Parties,Mandya,2025-06-02T15:41:40.134Z
City Caterers,C,5.0,1 Ratings,"R Mohalla Narasimharaja Mohalla, Mysore",,,Caterers; Caterers For Wedding,true,true,false,false,false,Caterers,Popular Caterers For Parties,Mandya,2025-06-02T15:41:40.134Z
C R Shravya Tent House,+,4.3,10 Ratings,"Rajkumar Road Yaraganahalli, Mysore",,08511210163,Home Delivery,true,true,false,true,true,Caterers,Popular Caterers For Parties,Mandya,2025-06-02T15:41:40.134Z
Shariff Caterer,+,4.7,119 Ratings,"Cerle Rajiv Nagar 2nd Stage, Mysore",,,Caterers; Caterers For Wedding,true,true,false,false,true,Caterers,Popular Caterers For Parties,Mandya,2025-06-02T15:41:40.134Z
Shabnam Catering,S,5.0,1 Ratings,"Mohammedya  Road Ghousia Nagar, Mysore",,,Home Delivery,false,true,false,false,true,Caterers,Popular Caterers For Parties,Mandya,2025-06-02T15:41:40.134Z
Nagaraj Caterers,N,4.6,6 Ratings,"Narasimharaja Mohalla, Mysore",,,Caterers; Caterers For Wedding,true,true,false,false,false,Caterers,Popular Caterers For Parties,Mandya,2025-06-02T15:41:40.134Z
Brother's Caterers,+,5.0,41 Ratings,"Cross Raghavendranagar Extension, Mysore",,09724742088,Non Veg Caterers; Caterers,true,true,false,false,true,Caterers,Popular Caterers For Parties,Mandya,2025-06-02T15:41:40.134Z
Prithvi Catering,P,4.0,2 Ratings,"Main Road Siddarthanagar, Mysore",,,Caterers; Veg Caterers,true,true,false,false,false,Caterers,Popular Caterers For Parties,Mandya,2025-06-02T15:41:40.134Z
M S Furnishers & Decorators,+,4.3,3 Ratings,"Bannur Road Siddhartha Layout, Mysore",,,On Site Services,true,true,false,false,true,Caterers,Popular Caterers For Parties,Mandya,2025-06-02T15:41:40.134Z
Swaad Food Express,<,3.6,3 Ratings,"B M Road Gandhi Nagar Mandya, Mandya",,,,false,false,false,false,true,Caterers,Popular Rajasthani Caterers,Mandya,2025-06-02T15:42:33.762Z
Mother Caterers,<,4.4,4 Ratings,"Nagar Narasimharaja Mohalla, Mysore",,,Caterers; Veg Caterers,true,false,false,false,true,Caterers,Popular Rajasthani Caterers,Mandya,2025-06-02T15:42:33.762Z
Sri Ramdev Caterers Mysore,<,4.6,11 Ratings,"Gandhi Square Lashkar Mohalla, Mysore",,09980204685,Caterers; Veg Caterers,true,false,false,true,true,Caterers,Popular Rajasthani Caterers,Mandya,2025-06-02T15:42:33.762Z
Jeevan Catering,<,4.8,2 Ratings,"Ring Road Bogadi, Mysore",,,Banquet Hall Decoration; Home Delivery,true,false,false,false,true,Caterers,Popular Rajasthani Caterers,Mandya,2025-06-02T15:42:33.762Z
Sri Chamundeshwari Donne Biriyani Center,<,4.0,2 Ratings,"Bogadi, Mysore",,,,true,false,false,false,false,Caterers,Popular Rajasthani Caterers,Mandya,2025-06-02T15:42:33.762Z
Yashas Caterers,<,4.0,2 Ratings,"Devi Nursing Home Road Bogadi, Mysore",,,Home Delivery,true,false,false,false,false,Caterers,Popular Rajasthani Caterers,Mandya,2025-06-02T15:42:33.762Z
SVK Caterers,<,4.2,14 Ratings,"17th Cross Arvind Nagar, Mysore",,,,true,false,false,false,true,Caterers,Popular Rajasthani Caterers,Mandya,2025-06-02T15:42:33.762Z
Treat O Treat,<,5.0,2 Ratings,"Thagachaguppe Road Kumbalgodu, Bangalore",,,Home Delivery,true,false,false,false,true,Caterers,Popular Rajasthani Caterers,Mandya,2025-06-02T15:42:33.763Z
Stall Desk Pvt Ltd,<,4.5,4 Ratings,"Mysore Road Kengeri, Bangalore",,,Home Delivery,true,false,false,false,true,Caterers,Popular Rajasthani Caterers,Mandya,2025-06-02T15:42:33.763Z
SRI KARNI BHAIRAV CATERERS,<,4.4,9 Ratings,"Beml Layout Rajarajeshwari Nagar, Bangalore",,,Caterers; Caterers For Wedding,true,false,false,false,false,Caterers,Popular Rajasthani Caterers,Mandya,2025-06-02T15:42:33.763Z
Shriram Events Caterer,+,4.7,46 Ratings,"3rd Bolck Narayana Nagar, Bangalore",,,,true,false,false,false,true,Caterers,Popular Rajasthani Caterers,Mandya,2025-06-02T15:42:33.763Z
Purnabrahma Catering Services,+,4.7,539 Ratings,"12th Cross Jp Nagar 7th Phase, Bangalore",,,Home Delivery,true,false,false,false,true,Caterers,Popular Rajasthani Caterers,Mandya,2025-06-02T15:42:33.763Z
Sar Catering,+,4.6,35 Ratings,"JP Nagar Post Jhbcs Layout, Bangalore",,09980917838,Home Delivery,true,false,false,true,true,Caterers,Popular Rajasthani Caterers,Mandya,2025-06-02T15:42:33.763Z
Golden Moments,G,5.0,7 Ratings,"Chandra Layout Chandra Layout, Bangalore",,,Caterers; Caterers Upto 50 Persons,true,false,false,false,true,Caterers,Popular Rajasthani Caterers,Mandya,2025-06-02T15:42:33.763Z
Indhu Ralhand Caterers,I,4.0,1 Ratings,"11th Cross Jp Nagar 3rd Phase, Bangalore",,,Home Delivery,false,false,false,false,false,Caterers,Popular Rajasthani Caterers,Mandya,2025-06-02T15:42:33.763Z
Srinidhi Catering,+,4.0,1 Ratings,"5th Cross Banashankari 3rd Stage, Bangalore",,,Caterers; Veg Caterers,true,false,false,false,false,Caterers,Popular Rajasthani Caterers,Mandya,2025-06-02T15:42:33.763Z
Jagadish Caterers,+,4.5,6 Ratings,"RPC Layout Vijayanagar, Bangalore",,,,true,false,false,false,true,Caterers,Popular Rajasthani Caterers,Mandya,2025-06-02T15:42:33.763Z
HKC Caterers,+,3.7,13 Ratings,"3rd Phase Bannerghatta Road, Bangalore",,,Caterers For Function; Caterers,true,false,false,false,false,Caterers,Popular Rajasthani Caterers,Mandya,2025-06-02T15:42:33.763Z
Sai Kutera,+,4.7,3 Ratings,"Srinagara Main Road Chamarajpet, Bangalore",,,Home Delivery,false,false,false,false,true,Caterers,Popular Rajasthani Caterers,Mandya,2025-06-02T15:42:33.763Z
Mom's Kitchen,+,3.0,1 Ratings,"Purandaradas Road Bts Layout, Bangalore",,,,true,false,false,false,false,Caterers,Popular Rajasthani Caterers,Mandya,2025-06-02T15:42:33.763Z
Shree Savariya Caterers,+,4.9,32 Ratings,"Vijayanagar Cholourpalya, Bangalore",,,Caterers; Veg Caterers,true,false,false,false,true,Caterers,Popular Rajasthani Caterers,Mandya,2025-06-02T15:42:33.763Z
Mom's Kitchen,+,3.5,188 Ratings,"arekere village, Bangalore",,,,true,false,false,false,false,Caterers,Popular Rajasthani Caterers,Mandya,2025-06-02T15:42:33.763Z
Shri Salaser Balaji Caterers,S,5.0,1 Ratings,"Street Chamarajpet Chamarajpet, Bangalore",,,Caterers; Caterers For Wedding,false,false,false,false,false,Caterers,Popular Rajasthani Caterers,Mandya,2025-06-02T15:42:33.763Z
HORA SERVICES,+,4.6,131 Ratings,"Road Bannerghatta Road, Bangalore",,,Caterers; Flower Decorators,true,false,false,false,true,Caterers,Popular Rajasthani Caterers,Mandya,2025-06-02T15:42:33.763Z
Mom's Kitchen,+,5.0,7 Ratings,"Bommanahalli Bommanahalli, Bangalore",,,,true,false,false,false,true,Caterers,Popular Rajasthani Caterers,Mandya,2025-06-02T15:42:33.763Z
Kakaji Caterers,K,4.5,2 Ratings,"Byrasandra Main Road Jayanagar, Bangalore",,,Caterers; Veg Caterers,true,false,false,false,true,Caterers,Popular Rajasthani Caterers,Mandya,2025-06-02T15:42:33.763Z
Bombay Caterers,+,4.2,83 Ratings,"Dispensary Road Kalasipalyam, Bangalore",,,,true,false,false,false,true,Caterers,Popular Rajasthani Caterers,Mandya,2025-06-02T15:42:33.763Z
Mom's Kitchen,+,4.3,62 Ratings,"Main Road Dasarahalli Hebbal, Bangalore",,,,true,false,false,false,true,Caterers,Popular Rajasthani Caterers,Mandya,2025-06-02T15:42:33.764Z
Annapurna Restaurant,+,3.2,160 Ratings,"Road Electronic City Phase 1, Bangalore",,,,true,false,false,false,false,Caterers,Popular Rajasthani Caterers,Mandya,2025-06-02T15:42:33.764Z
Velji Catering,V,3.4,4 Ratings,"D.s.lane Chickpete, Bangalore",,,Caterers; North Indian Caterers,true,false,false,false,false,Caterers,Popular Rajasthani Caterers,Mandya,2025-06-02T15:42:33.764Z
S D Caterers (Temporary Closed Down),S,3.5,1 Ratings,"Muniswamappa Lane Nagarathpet, Bangalore",,,Home Delivery,true,false,false,false,false,Caterers,Popular Rajasthani Caterers,Mandya,2025-06-02T15:42:33.764Z
Higher Taste Catering,+,4.1,34 Ratings,"Cord Road Rajajinagar, Bangalore",,,Caterers; Veg Caterers,true,false,false,false,true,Caterers,Popular Rajasthani Caterers,Mandya,2025-06-02T15:42:33.764Z
Rajdhani,+,4.0,11 Ratings,"Palaya Hosur Main Road, Bangalore",,,Caterers; Veg Caterers,true,false,false,false,false,Caterers,Popular Rajasthani Caterers,Mandya,2025-06-02T15:42:33.764Z
Sri Lakshmi Mess,+,4.0,1 Ratings,"20 Main Madiwala, Bangalore",,,Home Delivery,false,false,false,false,false,Caterers,Popular Rajasthani Caterers,Mandya,2025-06-02T15:42:33.764Z
Rajwada Kulfi,R,5.0,1 Ratings,"Bomanhalli Bommanahalli, Bangalore",,,,false,false,false,false,false,Caterers,Popular Rajasthani Caterers,Mandya,2025-06-02T15:42:33.764Z
Mealswala Food Services,M,4.8,2 Ratings,"1st Main HSR Layout, Bangalore",,,Caterers; Event Organisers,false,false,false,false,true,Caterers,Popular Rajasthani Caterers,Mandya,2025-06-02T15:42:33.764Z
Foodiction,+,3.8,4 Ratings,"Kudlu Gate Bommanahalli, Bangalore",,,,false,false,false,true,false,Caterers,Popular Rajasthani Caterers,Mandya,2025-06-02T15:42:33.764Z
Nand Gopal Caterers,+,4.3,17 Ratings,"Block A Electronic City Phase 2, Bangalore",,,Home Delivery,true,false,false,false,true,Caterers,Popular Rajasthani Caterers,Mandya,2025-06-02T15:42:33.764Z
Cheftalk Food And Hospitality Services Pvt. Ltd.,+,4.8,519 Ratings,"Mangamana Palya Bommanahalli, Bangalore",,,,true,false,false,true,true,Caterers,Popular Rajasthani Caterers,Mandya,2025-06-02T15:42:33.764Z
Gayland Caterers & Furnitures,G,4.2,26 Ratings,"No.23/2 Richmond Road, Bangalore",,,Home Delivery,true,false,false,false,true,Caterers,Popular Rajasthani Caterers,Mandya,2025-06-02T15:42:33.764Z
Mom's Kitchen,+,3.0,1 Ratings,"Bommanahalli, Bangalore",,,Chinese; Punjabi; Mughlai,true,false,false,false,false,Caterers,Popular Rajasthani Caterers,Mandya,2025-06-02T15:42:33.764Z
Caterish Company,C,4.8,4 Ratings,"Near Axis Bank Benson Town, Bangalore",,,Home Delivery,true,false,false,true,true,Caterers,Popular Rajasthani Caterers,Mandya,2025-06-02T15:42:33.764Z
Sankalp Food Zone,S,5.0,1 Ratings,"2nd Main Vasanth Nagar, Bangalore",,,Home Delivery,false,false,false,false,true,Caterers,Popular Rajasthani Caterers,Mandya,2025-06-02T15:42:33.764Z
Silverline Chocolate & Cakes,S,4.0,6 Ratings,"8th Crs Sadashivanagar, Bangalore",,,,true,false,false,false,false,Caterers,Popular Rajasthani Caterers,Mandya,2025-06-02T15:42:33.764Z
Peter Caterers,P,4.4,42 Ratings,"Vivek Nagar Post Ejipura, Bangalore",,,Home Delivery,true,false,false,false,true,Caterers,Popular Rajasthani Caterers,Mandya,2025-06-02T15:42:33.764Z
Flavours Of INDIA,+,4.0,10 Ratings,"Craig Park Layout Ashoknagar, Bangalore",,,,true,false,false,true,false,Caterers,Popular Rajasthani Caterers,Mandya,2025-06-02T15:42:33.764Z
Hungrazzy,H,3.8,5 Ratings,"1st C Main Road Koramangala, Bangalore",,,Home Delivery,false,false,false,false,false,Caterers,Popular Rajasthani Caterers,Mandya,2025-06-02T15:42:33.764Z
Ansuvi Food Club Pvt Ltd,+,4.9,66 Ratings,"Haralur-HSR Layout, Bangalore",,,Home Delivery,true,false,false,false,true,Caterers,Popular Rajasthani Caterers,Mandya,2025-06-02T15:42:33.764Z
Sagar Caterers,+,4.3,"3,124 Ratings","Palace Ground Mekhri Circle, Bangalore",,,Home Delivery,true,false,false,false,true,Caterers,Popular Rajasthani Caterers,Mandya,2025-06-02T15:42:33.764Z
Sgr Catering Service,<,4.8,15 Ratings,"Mandya M C Road Mandya, Mandya",,08904260795,,true,true,false,false,true,Caterers,Popular South Indian Caterers,Mandya,2025-06-02T15:43:27.220Z
Green Valley Groups,<,3.8,31 Ratings,"Mysore Main Road Malavalli, Mandya",,,,true,true,false,false,true,Caterers,Popular South Indian Caterers,Mandya,2025-06-02T15:43:27.220Z
Ruchi Mane Hotel,<,3.7,"8,192 Ratings","BM Road Srirangapatna, Srirangapatna",,07383637348,,false,false,false,true,true,Caterers,Popular South Indian Caterers,Mandya,2025-06-02T15:43:27.220Z
Devu Biriyani Mane And Family Restaurant,<,4.4,17 Ratings,"BM Road 1st Cross Road, Mandya",,,,false,false,false,true,true,Caterers,Popular South Indian Caterers,Mandya,2025-06-02T15:43:27.220Z
Shivanasiri Hoolige,<,5.0,4 Ratings,"Chikkamandya, Mandya",,09035094279,Caterers; Caterers For Wedding,true,true,false,false,true,Caterers,Popular South Indian Caterers,Mandya,2025-06-02T15:43:27.220Z
Swaad Food Express,<,3.6,3 Ratings,"B M Road Gandhi Nagar Mandya, Mandya",,,,false,false,false,false,false,Caterers,Popular South Indian Caterers,Mandya,2025-06-02T15:43:27.220Z
Meenakshi Catering,<,4.9,74 Ratings,"Petebeedhi Anekere Beedi, Mandya",,,Caterers; Veg Caterers,true,true,false,false,true,Caterers,Popular South Indian Caterers,Mandya,2025-06-02T15:43:27.220Z
Gopi Caterers and Cooking Contractor,<,5.0,2 Ratings,"1st Cross Halahalli, Mandya",,,Home Delivery,true,true,false,false,true,Caterers,Popular South Indian Caterers,Mandya,2025-06-02T15:43:27.220Z
Guru Catering,<,4.8,2 Ratings,"Market Rod Pandavapura, Mandya",,,Caterers; Veg Caterers,true,true,false,false,true,Caterers,Popular South Indian Caterers,Mandya,2025-06-02T15:43:27.220Z
Chinmay Mahesh Marriage Contractor Marriage Function and Catering Service,<,4.0,1 Ratings,"Convent Road 7th Cross Malavalli, Mandya",,,Videography,true,true,false,false,false,Caterers,Popular South Indian Caterers,Mandya,2025-06-02T15:43:27.220Z
Dhanush Catering,D,4.8,2 Ratings,"Housing Board Mandya HO, Mandya",,,Caterers; Veg Caterers,true,true,false,false,true,Caterers,Popular South Indian Caterers,Mandya,2025-06-02T15:43:27.220Z
Hotel vaibhava,+,4.3,6 Ratings,"Collage Street Mandya City, Mandya",,,,true,true,false,false,true,Caterers,Popular South Indian Caterers,Mandya,2025-06-02T15:43:27.220Z
Hotel Guruprasdh,H,3.0,1 Ratings,"3rd Cross R P Road Mandya, Mandya",,,Caterers; Indian Caterers,true,true,false,false,false,Caterers,Popular South Indian Caterers,Mandya,2025-06-02T15:43:27.220Z
Jujus Kitchen,+,4.3,40 Ratings,"13th Cross Road Rajivnagar, Mysore",,,,true,false,false,false,true,Caterers,Popular South Indian Caterers,Mandya,2025-06-02T15:43:27.220Z
Sherkhan Caterers,+,4.5,1 Ratings,"C Block Kalyana Girinagar, Mysore",,,Caterers; Veg Caterers,true,true,false,false,false,Caterers,Popular South Indian Caterers,Mandya,2025-06-02T15:43:27.220Z
Nagaraj & Brothers,N,4.7,8 Ratings,"Main Road Rajendranagar, Mysore",,,Caterers; Veg Caterers,true,true,false,false,false,Caterers,Popular South Indian Caterers,Mandya,2025-06-02T15:43:27.220Z
C R Shravya Tent House,+,4.3,10 Ratings,"Rajkumar Road Yaraganahalli, Mysore",,08511210163,Home Delivery,true,true,false,true,true,Caterers,Popular South Indian Caterers,Mandya,2025-06-02T15:43:27.220Z
Shabnam Catering,S,5.0,1 Ratings,"Mohammedya  Road Ghousia Nagar, Mysore",,,Home Delivery,false,true,false,false,true,Caterers,Popular South Indian Caterers,Mandya,2025-06-02T15:43:27.220Z
Prithvi Catering,P,4.0,2 Ratings,"Main Road Siddarthanagar, Mysore",,,Caterers; Veg Caterers,true,true,false,false,false,Caterers,Popular South Indian Caterers,Mandya,2025-06-02T15:43:27.220Z
Mayura Dine In,+,3.3,175 Ratings,"New Banimantap Extension, Mysore",,,,true,false,false,false,false,Caterers,Popular South Indian Caterers,Mandya,2025-06-02T15:43:27.220Z
Dreams Creation,+,4.9,34 Ratings,"2 Main Road Udayagiri, Mysore",,,Event Organisers; Caterers,false,true,false,false,true,Caterers,Popular South Indian Caterers,Mandya,2025-06-02T15:43:27.221Z
Kailash Parbat,+,3.7,167 Ratings,"Nazarbad, Mysore",,,,true,true,false,false,false,Caterers,Popular South Indian Caterers,Mandya,2025-06-02T15:43:27.221Z
Kailash Parbat,+,3.9,10 Ratings,"Ghghg Nazarbad, Mysore",,,,true,false,false,false,false,Caterers,Popular South Indian Caterers,Mandya,2025-06-02T15:43:27.221Z
Sgr Events,+,4.9,19 Ratings,"Nagar Main Road Bannimantap, Mysore",,,Videography,true,true,false,false,true,Caterers,Popular South Indian Caterers,Mandya,2025-06-02T15:43:27.221Z
Sgr Catering,+,4.8,357 Ratings,"3rd Stage Bannimantap, Mysore",,08123559536,Caterers; Veg Caterers,true,true,false,true,true,Caterers,Popular South Indian Caterers,Mandya,2025-06-02T15:43:27.221Z
Ganesha Enterprises,G,3.0,2 Ratings,"1st Cross Nazarbad, Mysore",,,Caterers; Veg Caterers,true,true,false,false,false,Caterers,Popular South Indian Caterers,Mandya,2025-06-02T15:43:27.221Z
Sri Ramdev Caterers Mysore,+,4.6,11 Ratings,"Gandhi Square Lashkar Mohalla, Mysore",,09980204685,Caterers; Veg Caterers,true,true,false,true,true,Caterers,Popular South Indian Caterers,Mandya,2025-06-02T15:43:27.221Z
Hotel Desi Ruchi,+,4.8,3 Ratings,"Vishveswarayya Road Mysore HO, Mysore",,,,true,true,false,false,true,Caterers,Popular South Indian Caterers,Mandya,2025-06-02T15:43:27.221Z
Suchitha Catering,S,5.0,2 Ratings,"BADAVANE Kumbara Koppal, Mysore",,,Caterers For Function; Caterers,true,true,false,false,true,Caterers,Popular South Indian Caterers,Mandya,2025-06-02T15:43:27.221Z
Sri Matha Catering Services,+,4.8,25 Ratings,"Ringroad Lokanayakanagara, Mysore",,,Home Delivery,true,true,false,false,true,Caterers,Popular South Indian Caterers,Mandya,2025-06-02T15:43:27.221Z
Bsl Caterers,B,4.6,7 Ratings,"No.987 Tank Bund Road Ittigegud, Mysore",,,Home Delivery,true,true,false,false,true,Caterers,Popular South Indian Caterers,Mandya,2025-06-02T15:43:27.221Z
Biryani Kabab Corner,+,5.0,1 Ratings,"Main Road Lokanayakanagara, Mysore",,,,true,false,false,false,true,Caterers,Popular South Indian Caterers,Mandya,2025-06-02T15:43:27.221Z
Ngk and Son Caterers,+,4.5,17 Ratings,"Shivrampet Devaraja Mohalla, Mysore",,,Caterers; Event Organisers,true,true,false,true,true,Caterers,Popular South Indian Caterers,Mandya,2025-06-02T15:43:27.221Z
Nalpak Restaurant,+,3.5,"1,517 Ratings","Dewans Road Devaraja Mohalla, Mysore",,,,true,true,false,false,false,Caterers,Popular South Indian Caterers,Mandya,2025-06-02T15:43:27.221Z
Nalpak Restaurant,+,3.9,"7,931 Ratings","1st Main Vani Vilas Mohalla, Mysore",,,,false,false,false,false,false,Caterers,Popular South Indian Caterers,Mandya,2025-06-02T15:43:27.221Z
Chaitanya Caterers,+,4.9,27 Ratings,"Cross Road Vani Vilas Mohalla, Mysore",,08460305168,,true,true,false,false,true,Caterers,Popular South Indian Caterers,Mandya,2025-06-02T15:43:27.221Z
Nalpak Caterers,+,3.7,"7,451 Ratings","1st Main Vv Mohalla, Mysore",,,Home Delivery,true,true,false,false,false,Caterers,Popular South Indian Caterers,Mandya,2025-06-02T15:43:27.221Z
Sri Shabari Catering,+,5.0,2 Ratings,"Kshethyya Road Kr Mohalla, Mysore",,,Home Delivery,true,true,false,false,true,Caterers,Popular South Indian Caterers,Mandya,2025-06-02T15:43:27.221Z
Mysore Veg,+,3.2,"1,282 Ratings","No.342 Krishna Vilas Road, Mysore",,,,false,false,false,false,false,Caterers,Popular South Indian Caterers,Mandya,2025-06-02T15:43:27.221Z
P V R Son & Team,P,4.8,4 Ratings,"Veenasheshanna Road Kr Mohalla, Mysore",,,Home Delivery,true,true,false,false,false,Caterers,Popular South Indian Caterers,Mandya,2025-06-02T15:43:27.221Z
Shabari Caterers,S,4.3,7 Ratings,"1st Cross Kr Mohalla, Mysore",,,Home Delivery,true,true,false,false,true,Caterers,Popular South Indian Caterers,Mandya,2025-06-02T15:43:27.221Z
K Sridhar Caterers,+,5.0,2 Ratings,"Hale Bandikere Kr Mohalla, Mysore",,,Caterers; Caterers For Wedding,true,true,false,false,false,Caterers,Popular South Indian Caterers,Mandya,2025-06-02T15:43:27.221Z
Mysuru Paaka,+,4.6,77 Ratings,"Hebbal Industrial Area Hebbal, Mysore",,,Home Delivery,true,true,false,false,true,Caterers,Popular South Indian Caterers,Mandya,2025-06-02T15:43:27.221Z
Chaithanya Restaurant,C,5.0,1 Ratings,"Chamaraja Double Road Agrahara, Mysore",,,,true,true,false,false,false,Caterers,Popular South Indian Caterers,Mandya,2025-06-02T15:43:27.221Z
BE Harsh Catering Service,B,5.0,5 Ratings,"Vishu Moni Residency Vv Mohalla, Mysore",,,Home Delivery,true,true,false,false,true,Caterers,Popular South Indian Caterers,Mandya,2025-06-02T15:43:27.221Z
YR CATERING,+,5.0,1 Ratings,"Devans Road Ramaswamy Circle, Mysore",,,Veg Caterers; Caterers,true,true,false,false,false,Caterers,Popular South Indian Caterers,Mandya,2025-06-02T15:43:27.221Z
Davanagere Benne Dosa Center,+,3.4,7 Ratings,"Temple Road Vontikoppal, Mysore",,,Home Delivery,true,false,false,false,false,Caterers,Popular South Indian Caterers,Mandya,2025-06-02T15:43:27.222Z
Kailash Parbat,+,4.5,"4,970 Ratings","8th Cross Vani Vilas Mohalla, Mysore",,,,false,false,false,false,true,Caterers,Popular South Indian Caterers,Mandya,2025-06-02T15:43:27.222Z
Vb Food Court,V,3.8,448 Ratings,"2nd Stage Metagalli, Mysore",,,,false,false,false,false,false,Caterers,Popular South Indian Caterers,Mandya,2025-06-02T15:43:27.222Z
Ruchi Mane Hotel,<,3.7,"8,192 Ratings","BM Road Srirangapatna, Srirangapatna",,07383637348,,false,false,false,true,true,Caterers,Popular Veg Caterers,Mandya,2025-06-02T15:44:29.369Z
Ambari Pure Veg Restaurant,<,3.8,"1,362 Ratings","Road Krishnarajapete, Mandya",,09606157918,,true,true,false,true,true,Caterers,Popular Veg Caterers,Mandya,2025-06-02T15:44:29.369Z
Green Valley Groups,<,3.8,31 Ratings,"Mysore Main Road Malavalli, Mandya",,,,true,true,false,false,true,Caterers,Popular Veg Caterers,Mandya,2025-06-02T15:44:29.370Z
Devu Biriyani Mane And Family Restaurant,<,4.4,17 Ratings,"BM Road 1st Cross Road, Mandya",,,,false,false,false,true,true,Caterers,Popular Veg Caterers,Mandya,2025-06-02T15:44:29.370Z
Sgr Catering Service,<,4.8,15 Ratings,"Mandya M C Road Mandya, Mandya",,08904260795,,true,true,false,false,true,Caterers,Popular Veg Caterers,Mandya,2025-06-02T15:44:29.370Z
Ajay Tiffanis and Catering,<,4.7,13 Ratings,"8th Cross Gandhi Nagar Mandya, Mandya",,08460506335,Caterers; Event Organisers,true,true,false,true,true,Caterers,Popular Veg Caterers,Mandya,2025-06-02T15:44:29.370Z
Hotel Halli Mane Veg Restaurant,<,3.5,"3,726 Ratings","BM Road Srirangapatna, Srirangapatna",,,,false,false,false,false,true,Caterers,Popular Veg Caterers,Mandya,2025-06-02T15:44:29.371Z
Annapoorna Pure Vegetarian Restaurant,<,3.0,"1,315 Ratings","Ganjam Road Srirangapatna, Srirangapatna",,,,true,false,false,false,false,Caterers,Popular Veg Caterers,Mandya,2025-06-02T15:44:29.371Z
Meenakshi Catering,<,4.9,74 Ratings,"Petebeedhi Anekere Beedi, Mandya",,,Caterers; Veg Caterers,true,true,false,false,true,Caterers,Popular Veg Caterers,Mandya,2025-06-02T15:44:29.371Z
New Patel Meltery Hotel,<,3.9,89 Ratings,"Road 1st Subash Nagar Mandya, Mandya",,,,true,true,false,false,false,Caterers,Popular Veg Caterers,Mandya,2025-06-02T15:44:29.371Z
Surya Caterers,S,4.5,2 Ratings,"1st  Cross Nehru Nagar, Mandya",,,Caterers; Veg Caterers,true,true,false,false,false,Caterers,Popular Veg Caterers,Mandya,2025-06-02T15:44:29.372Z
Hotel Manglore Fish Point,H,3.5,2 Ratings,"BM Road Srinivasapura Mandya, Mandya",,,,true,true,false,false,false,Caterers,Popular Veg Caterers,Mandya,2025-06-02T15:44:29.372Z
Hotel vaibhava,+,4.3,6 Ratings,"Collage Street Mandya City, Mandya",,,,true,true,false,false,true,Caterers,Popular Veg Caterers,Mandya,2025-06-02T15:44:29.372Z
Paripoorana Event Management,P,2.5,2 Ratings,"100 Feet Road Hosahalli, Mandya",,,Caterers; Flower Decorators,false,true,false,false,false,Caterers,Popular Veg Caterers,Mandya,2025-06-02T15:44:29.372Z
Hotel Ramadas Lunch Home,+,4.3,25 Ratings,"Main Road Krishnarajapete, Mandya",,,,true,true,false,false,true,Caterers,Popular Veg Caterers,Mandya,2025-06-02T15:44:29.373Z
Gopi Caterers and Cooking Contractor,G,5.0,2 Ratings,"1st Cross Halahalli, Mandya",,,Home Delivery,true,true,false,false,true,Caterers,Popular Veg Caterers,Mandya,2025-06-02T15:44:29.373Z
Vadiraj Caterers,V,4.8,2 Ratings,"Janathnagar Mandya HO, Mandya",,,Home Delivery,true,true,false,false,false,Caterers,Popular Veg Caterers,Mandya,2025-06-02T15:44:29.374Z
Meenakshi Caterers,M,5.0,5 Ratings,"Bazar Street Mandya Ho, Mandya",,,Caterers; Veg Caterers,true,true,false,false,true,Caterers,Popular Veg Caterers,Mandya,2025-06-02T15:44:29.374Z
Shree Anna Poorneshwari Tiffanies and Catering,+,4.0,3 Ratings,"1St Cross Vidya Nagar Mandya, Mandya",,,Caterers; Veg Caterers,true,true,false,false,false,Caterers,Popular Veg Caterers,Mandya,2025-06-02T15:44:29.374Z
Siddhu Catering Services,+,5.0,1 Ratings,"Bazaar Street Maddur Mandya, Mandya",,,Caterers; Veg Caterers,true,true,false,false,true,Caterers,Popular Veg Caterers,Mandya,2025-06-02T15:44:29.374Z
Guru Catering,+,4.8,2 Ratings,"Market Rod Pandavapura, Mandya",,,Caterers; Veg Caterers,true,true,false,false,true,Caterers,Popular Veg Caterers,Mandya,2025-06-02T15:44:29.374Z
Sri Sidda Lingeshwara Hotel,S,4.6,5 Ratings,"Gandhi Nagar  1st Cross Mandya, Mandya",,,,true,true,false,false,true,Caterers,Popular Veg Caterers,Mandya,2025-06-02T15:44:29.374Z
D Cooking Group,+,5.0,1 Ratings,"K Shettihalli Ca Kere, Mandya",,,Caterers; Veg Caterers,true,true,false,false,true,Caterers,Popular Veg Caterers,Mandya,2025-06-02T15:44:29.375Z
Swaad Food Express,+,3.6,3 Ratings,"B M Road Gandhi Nagar Mandya, Mandya",,,,false,false,false,false,false,Caterers,Popular Veg Caterers,Mandya,2025-06-02T15:44:29.375Z
Dhanush Catering,D,4.8,2 Ratings,"Housing Board Mandya HO, Mandya",,,Caterers; Veg Caterers,true,true,false,false,true,Caterers,Popular Veg Caterers,Mandya,2025-06-02T15:44:29.375Z
Chinmay Mahesh Marriage Contractor Marriage Function and Catering Service,C,4.0,1 Ratings,"Convent Road 7th Cross Malavalli, Mandya",,,Videography,true,true,false,false,false,Caterers,Popular Veg Caterers,Mandya,2025-06-02T15:44:29.375Z
Ayva Events,+,5.0,90 Ratings,"1st Floor Rajivnagar, Mysore",,,Event Decoration; Corporate; Name Printed Balloon,true,true,false,true,true,Caterers,Popular Veg Caterers,Mandya,2025-06-02T15:44:29.375Z
Jujus Kitchen,+,4.3,40 Ratings,"13th Cross Road Rajivnagar, Mysore",,,,true,false,false,false,true,Caterers,Popular Veg Caterers,Mandya,2025-06-02T15:44:29.375Z
Shariff Caterers,+,3.0,1 Ratings,"Main Road Sathagalli Layout, Mysore",,,Caterers; Event Organisers,true,true,false,false,false,Caterers,Popular Veg Caterers,Mandya,2025-06-02T15:44:29.375Z
Shariff Caterers,+,4.7,119 Ratings,"Rajivnagar, Mysore",,,Caterers; Event Organisers,true,true,false,false,true,Caterers,Popular Veg Caterers,Mandya,2025-06-02T15:44:29.375Z
Sadiq,S,5.0,1 Ratings,"Jss Layout Mysuru Jss Layout, Mysore",,,Caterers; Veg Caterers,true,true,false,false,false,Caterers,Popular Veg Caterers,Mandya,2025-06-02T15:44:29.375Z
Sk Cooking & Catering,S,4.5,1 Ratings,"BD COLONY Azeez Sait Nagar, Mysore",,,Home Delivery,true,true,false,false,true,Caterers,Popular Veg Caterers,Mandya,2025-06-02T15:44:29.375Z
Sri Maleegera Dharshini Hotel,+,5.0,6 Ratings,"Mysore Road Siddalingapura, Mysore",,,Caterers; Veg Caterers,true,true,false,false,true,Caterers,Popular Veg Caterers,Mandya,2025-06-02T15:44:29.376Z
Indian Furnishers,+,4.5,2 Ratings,"Rajiv Nagar 2nd Stage Rajivnagar, Mysore",,,Caterers; Corporate Companies,true,true,false,false,true,Caterers,Popular Veg Caterers,Mandya,2025-06-02T15:44:29.376Z
MD caterers,M,5.0,1 Ratings,"2555 2nd Stage Rajivnagar, Mysore",,,Caterers; Veg Caterers,false,true,false,false,false,Caterers,Popular Veg Caterers,Mandya,2025-06-02T15:44:29.376Z
Shehnai Event Palnners,S,5.0,1 Ratings,"Masjid Road Rajivnagar, Mysore",,,Banquet Hall Decoration; Car Decoration; Videography,true,true,false,false,true,Caterers,Popular Veg Caterers,Mandya,2025-06-02T15:44:29.376Z
Samaa Caterer And Function Organisers,+,4.6,31 Ratings,"1st Main Shanthinagar, Mysore",,,Caterers; Veg Caterers,true,true,false,false,true,Caterers,Popular Veg Caterers,Mandya,2025-06-02T15:44:29.376Z
Indian Furnishers,+,4.3,6 Ratings,"2nd Stage Udayagiri, Mysore",,,Banquet Hall Decoration; Event Decoration; 24 Hours,true,true,false,false,true,Caterers,Popular Veg Caterers,Mandya,2025-06-02T15:44:29.376Z
Sherkhan Caterers,+,4.5,1 Ratings,"C Block Kalyana Girinagar, Mysore",,,Caterers; Veg Caterers,true,true,false,false,false,Caterers,Popular Veg Caterers,Mandya,2025-06-02T15:44:29.376Z
SHER KHAN Caterers,+,4.5,1 Ratings,"Kalyangiri Road Ghousia Nagar, Mysore",,,Home Delivery,true,true,false,false,false,Caterers,Popular Veg Caterers,Mandya,2025-06-02T15:44:29.376Z
Royal Mess,R,4.1,347 Ratings,"4th Cross Siddique Nagar, Mysore",,,,false,false,false,false,true,Caterers,Popular Veg Caterers,Mandya,2025-06-02T15:44:29.376Z
Nagaraj & Brothers,N,4.7,8 Ratings,"Main Road Rajendranagar, Mysore",,,Caterers; Veg Caterers,true,true,false,false,false,Caterers,Popular Veg Caterers,Mandya,2025-06-02T15:44:29.376Z
Al-rabi Furnishers Decorators & Caterers,+,3.3,2 Ratings,"Quba Masjid Road Udayagiri, Mysore",,,Home Delivery,true,true,false,false,false,Caterers,Popular Veg Caterers,Mandya,2025-06-02T15:44:29.377Z
Mother Caterers,M,4.4,4 Ratings,"Nagar Narasimharaja Mohalla, Mysore",,,Caterers; Veg Caterers,true,true,false,false,true,Caterers,Popular Veg Caterers,Mandya,2025-06-02T15:44:29.377Z
Bi Bi Ameena Caterers,B,5.0,1 Ratings,"Mahadevpura Road Shanthinagar, Mysore",,,Caterers; Veg Caterers,true,true,false,false,false,Caterers,Popular Veg Caterers,Mandya,2025-06-02T15:44:29.377Z
C R Shravya Tent House,+,4.3,10 Ratings,"Rajkumar Road Yaraganahalli, Mysore",,08511210163,Home Delivery,true,true,false,true,true,Caterers,Popular Veg Caterers,Mandya,2025-06-02T15:44:29.377Z
Shariff Caterers,+,4.7,119 Ratings,"Main Road Kalyana Girinagar, Mysore",,,Caterers; Veg Caterers,true,true,false,false,true,Caterers,Popular Veg Caterers,Mandya,2025-06-02T15:44:29.377Z
Shabnam Catering,S,5.0,1 Ratings,"Mohammedya  Road Ghousia Nagar, Mysore",,,Home Delivery,false,true,false,false,true,Caterers,Popular Veg Caterers,Mandya,2025-06-02T15:44:29.378Z
Brother's Caterers,+,5.0,41 Ratings,"Cross Raghavendranagar Extension, Mysore",,09724742088,Non Veg Caterers; Caterers,true,true,false,false,true,Caterers,Popular Veg Caterers,Mandya,2025-06-02T15:44:29.378Z
Sgr Catering Service,<,4.8,15 Ratings,"Mandya M C Road Mandya, Mandya",,08904260795,,true,true,false,false,true,Caterers,Popular Caterers For Wedding,Mandya,2025-06-02T15:45:32.187Z
Ambari Pure Veg Restaurant,<,3.8,"1,362 Ratings","Road Krishnarajapete, Mandya",,09606157918,,true,true,false,true,true,Caterers,Popular Caterers For Wedding,Mandya,2025-06-02T15:45:32.187Z
Green Valley Groups,<,3.8,31 Ratings,"Mysore Main Road Malavalli, Mandya",,,,true,true,false,false,true,Caterers,Popular Caterers For Wedding,Mandya,2025-06-02T15:45:32.187Z
Shivanasiri Hoolige,<,5.0,4 Ratings,"Chikkamandya, Mandya",,09035094279,Caterers; Caterers For Wedding,true,true,false,false,true,Caterers,Popular Caterers For Wedding,Mandya,2025-06-02T15:45:32.187Z
Ajay Tiffanis and Catering,<,4.7,13 Ratings,"8th Cross Gandhi Nagar Mandya, Mandya",,08460506335,Caterers; Event Organisers,true,true,false,true,true,Caterers,Popular Caterers For Wedding,Mandya,2025-06-02T15:45:32.187Z
H Group & Arbin Caterers,<,5.0,2 Ratings,"2nd Stage Banashankari Road, Tumkur",,,Caterers; Veg Caterers,true,true,false,false,true,Caterers,Popular Caterers For Wedding,Mandya,2025-06-02T15:45:32.187Z
Sree Durga Parameshwari Catering Service,<,4.5,15 Ratings,"Main Road Hanumantha Nagar, Bangalore",,,Home Delivery,true,true,false,false,true,Caterers,Popular Caterers For Wedding,Mandya,2025-06-02T15:45:32.187Z
Majisa Rnm Sweets and Caterers,<,5.0,2 Ratings,"2nd Cross Road Robertsonpet, Kolar",,09972933072,Caterers For Office; Caterers,true,true,false,false,true,Caterers,Popular Caterers For Wedding,Mandya,2025-06-02T15:45:32.187Z
Sri Gulab Caterers & Events,<,4.8,43 Ratings,"Androon Quilla, Raichur",,,,true,true,false,false,true,Caterers,Popular Caterers For Wedding,Mandya,2025-06-02T15:45:32.187Z
Sri Maa Asapura Caterers,<,4.8,18 Ratings,"Gunj Road M G Road Raichur, Raichur",,,Home Delivery,true,true,false,false,true,Caterers,Popular Caterers For Wedding,Mandya,2025-06-02T15:45:32.187Z
Sr Events,+,4.4,18 Ratings,"Puduru Palakollu, West Godavari",,08460403938,Event Organisers; Caterers,true,true,false,false,true,Caterers,Popular Caterers For Wedding,Mandya,2025-06-02T15:45:32.187Z
Enzoey.com,+,4.5,133 Ratings,Mumbai,,08488949380,,true,true,false,true,true,Caterers,Popular Caterers For Wedding,Mandya,2025-06-02T15:45:32.187Z
Sab Hospitality Services,+,4.9,144 Ratings,"5 Viram Khand Gomti Nagar, Lucknow",,08460247319,Caterers For Hospital; Caterers For Wedding,true,true,false,true,true,Caterers,Popular Caterers For Wedding,Mandya,2025-06-02T15:45:32.187Z
Ebk Event Management Pvt Ltd,+,4.6,53 Ratings,"Extension 2 Nangloi Extension, Delhi",,08511787702,,true,true,false,true,true,Caterers,Popular Caterers For Wedding,Mandya,2025-06-02T15:45:32.187Z
Hotel Halli Mane Veg Restaurant,+,3.5,"3,726 Ratings","BM Road Srirangapatna, Srirangapatna",,,,false,false,false,false,false,Caterers,Popular Caterers For Wedding,Mandya,2025-06-02T15:45:32.187Z
New Patel Meltery Hotel,+,3.9,89 Ratings,"Road 1st Subash Nagar Mandya, Mandya",,,,true,true,false,false,false,Caterers,Popular Caterers For Wedding,Mandya,2025-06-02T15:45:32.188Z
Meenakshi Catering,+,4.9,74 Ratings,"Petebeedhi Anekere Beedi, Mandya",,,Caterers; Veg Caterers,true,true,false,false,true,Caterers,Popular Caterers For Wedding,Mandya,2025-06-02T15:45:32.188Z
Mourya Dum Biryani Hotel,+,4.0,49 Ratings,"V V Road Ashok Nagar Mandya, Mandya",,,,false,false,false,false,false,Caterers,Popular Caterers For Wedding,Mandya,2025-06-02T15:45:32.188Z
Shiva's Flower Decoration and Events Organizer,+,5.0,7 Ratings,"Aneker Street Mandya HO, Mandya",,,Videography,true,true,false,false,true,Caterers,Popular Caterers For Wedding,Mandya,2025-06-02T15:45:32.188Z
Sri Sidda Lingeshwara Hotel,S,4.6,5 Ratings,"Gandhi Nagar  1st Cross Mandya, Mandya",,,,true,true,false,false,true,Caterers,Popular Caterers For Wedding,Mandya,2025-06-02T15:45:32.188Z
Siddhu Catering Services,+,5.0,1 Ratings,"Bazaar Street Maddur Mandya, Mandya",,,Caterers; Veg Caterers,true,true,false,false,true,Caterers,Popular Caterers For Wedding,Mandya,2025-06-02T15:45:32.188Z
Hotel Ramadas Lunch Home,+,4.3,25 Ratings,"Main Road Krishnarajapete, Mandya",,,,true,true,false,false,true,Caterers,Popular Caterers For Wedding,Mandya,2025-06-02T15:45:32.188Z
Lakshmi Catering Service,L,4.5,1 Ratings,"Nagar Guthal Colony Mandya, Mandya",,,Caterers; Caterers For Wedding,false,true,false,false,false,Caterers,Popular Caterers For Wedding,Mandya,2025-06-02T15:45:32.188Z
Gopi Caterers and Cooking Contractor,G,5.0,2 Ratings,"1st Cross Halahalli, Mandya",,,Home Delivery,true,true,false,false,true,Caterers,Popular Caterers For Wedding,Mandya,2025-06-02T15:45:32.188Z
Hotel vaibhava,+,4.3,6 Ratings,"Collage Street Mandya City, Mandya",,,,true,true,false,false,true,Caterers,Popular Caterers For Wedding,Mandya,2025-06-02T15:45:32.188Z
Guru Catering,+,4.8,2 Ratings,"Market Rod Pandavapura, Mandya",,,Caterers; Veg Caterers,true,true,false,false,true,Caterers,Popular Caterers For Wedding,Mandya,2025-06-02T15:45:32.188Z
Sri Durgaparameshwari Marriage Links,S,3.0,1 Ratings,"KR Road Mandya Ho, Mandya",,,,true,true,false,false,false,Caterers,Popular Caterers For Wedding,Mandya,2025-06-02T15:45:32.188Z
Jayashree Caterers,J,4.0,1 Ratings,"Karasvadi Road B M Road Mandya, Mandya",,,Caterers; Caterers For Wedding,true,true,false,false,false,Caterers,Popular Caterers For Wedding,Mandya,2025-06-02T15:45:32.188Z
Food Caterers,F,2.5,1 Ratings,"Shantha Hovin Pandavapura, Mandya",,,Caterers; Caterers For Wedding,true,true,false,false,false,Caterers,Popular Caterers For Wedding,Mandya,2025-06-02T15:45:32.188Z
Shree Anna Poorneshwari Tiffanies and Catering,+,4.0,3 Ratings,"1St Cross Vidya Nagar Mandya, Mandya",,,Caterers; Veg Caterers,true,true,false,false,false,Caterers,Popular Caterers For Wedding,Mandya,2025-06-02T15:45:32.188Z
D Cooking Group,+,5.0,1 Ratings,"K Shettihalli Ca Kere, Mandya",,,Caterers; Veg Caterers,true,true,false,false,true,Caterers,Popular Caterers For Wedding,Mandya,2025-06-02T15:45:32.188Z
Meenakshi Caterers,M,5.0,5 Ratings,"Bazar Street Mandya Ho, Mandya",,,Caterers; Veg Caterers,true,true,false,false,true,Caterers,Popular Caterers For Wedding,Mandya,2025-06-02T15:45:32.188Z
appu biryani restaurants and appu party hall,a,4.0,2 Ratings,"Chamundeshwari Nagar Mandya, Mandya",,,,true,true,false,false,false,Caterers,Popular Caterers For Wedding,Mandya,2025-06-02T15:45:32.188Z
Shekar Caterers,S,5.0,1 Ratings,"T. K. Lay-Out Mandya Ho, Mandya",,,Caterers; Caterers For Parties,false,true,false,false,false,Caterers,Popular Caterers For Wedding,Mandya,2025-06-02T15:45:32.188Z
Vadiraj Caterers,V,4.8,2 Ratings,"Janathnagar Mandya HO, Mandya",,,Home Delivery,true,true,false,false,false,Caterers,Popular Caterers For Wedding,Mandya,2025-06-02T15:45:32.188Z
Swaad Food Express,+,3.6,3 Ratings,"B M Road Gandhi Nagar Mandya, Mandya",,,,false,false,false,false,false,Caterers,Popular Caterers For Wedding,Mandya,2025-06-02T15:45:32.188Z
Paripoorana Event Management,P,2.5,2 Ratings,"100 Feet Road Hosahalli, Mandya",,,Caterers; Flower Decorators,false,true,false,false,false,Caterers,Popular Caterers For Wedding,Mandya,2025-06-02T15:45:32.188Z
Surya Caterers,S,4.5,2 Ratings,"1st  Cross Nehru Nagar, Mandya",,,Caterers; Veg Caterers,true,true,false,false,false,Caterers,Popular Caterers For Wedding,Mandya,2025-06-02T15:45:32.188Z
Dhanush Catering,D,4.8,2 Ratings,"Housing Board Mandya HO, Mandya",,,Caterers; Veg Caterers,true,true,false,false,true,Caterers,Popular Caterers For Wedding,Mandya,2025-06-02T15:45:32.188Z
Chinmay Mahesh Marriage Contractor Marriage Function and Catering Service,C,4.0,1 Ratings,"Convent Road 7th Cross Malavalli, Mandya",,,Videography,true,true,false,false,false,Caterers,Popular Caterers For Wedding,Mandya,2025-06-02T15:45:32.188Z
Ayva Events,+,5.0,90 Ratings,"1st Floor Rajivnagar, Mysore",,,Event Decoration; Corporate; Name Printed Balloon,true,true,false,true,true,Caterers,Popular Caterers For Wedding,Mandya,2025-06-02T15:45:32.188Z
Lokesh S Caterers,L,5.0,1 Ratings,"Cross  Ragavendra Circle ragha, Mysore",,,Caterers; Caterers For Wedding,true,true,false,false,false,Caterers,Popular Caterers For Wedding,Mandya,2025-06-02T15:45:32.188Z
Shariff Caterers,+,3.0,1 Ratings,"Main Road Sathagalli Layout, Mysore",,,Caterers; Event Organisers,true,true,false,false,false,Caterers,Popular Caterers For Wedding,Mandya,2025-06-02T15:45:32.188Z
Shariff Caterers,+,4.7,119 Ratings,"Rajivnagar, Mysore",,,Caterers; Event Organisers,true,true,false,false,true,Caterers,Popular Caterers For Wedding,Mandya,2025-06-02T15:45:32.188Z
Sk Cooking & Catering,S,4.5,1 Ratings,"BD COLONY Azeez Sait Nagar, Mysore",,,Home Delivery,true,true,false,false,true,Caterers,Popular Caterers For Wedding,Mandya,2025-06-02T15:45:32.189Z
Sri Maleegera Dharshini Hotel,+,5.0,6 Ratings,"Mysore Road Siddalingapura, Mysore",,,Caterers; Veg Caterers,true,true,false,false,true,Caterers,Popular Caterers For Wedding,Mandya,2025-06-02T15:45:32.189Z
Pearlscent Events & Entertainment Pvt Ltd,+,3.9,5 Ratings,"College Circle Siddhartha Layout, Mysore",,,Videography,true,true,false,false,false,Caterers,Popular Caterers For Wedding,Mandya,2025-06-02T15:45:32.189Z
S K Cooking And Caterers,+,4.3,3 Ratings,"Azeez Sait Nagar, Mysore",,,24 Hours; Home Delivery,true,true,false,false,false,Caterers,Popular Caterers For Wedding,Mandya,2025-06-02T15:45:32.189Z
Neha Caterers,N,4.0,3 Ratings,"Kalyanagiri, Mysore",,,Caterers; Caterers For Wedding,false,true,false,false,false,Caterers,Popular Caterers For Wedding,Mandya,2025-06-02T15:45:32.189Z
Shankregouda And Associates,<,4.9,4 Ratings,"V V Road, Mandya",,,CA,true,true,false,false,true,Experienced Chartered Accountants and CA Firms,,Mandya,2025-06-02T15:46:39.180Z
M Gopikrishna and Company,<,3.7,3 Ratings,"K R Road Vidya Nagar Mandya, Mandya",,,CA,false,true,false,false,false,Experienced Chartered Accountants and CA Firms,,Mandya,2025-06-02T15:46:39.180Z
Kndc and Associates LLP,<,4.7,37 Ratings,"GHS Road Hampankatta, Mangalore",,,Licence; GST Return; TDS Return,true,true,false,true,true,Experienced Chartered Accountants and CA Firms,,Mandya,2025-06-02T15:46:39.180Z
Mohit Mahajan & Co.,<,3.9,38 Ratings,"Koppikar Road Koppikar Road, Hubli",,,GST Return; TDS Return; Income Tax Return,true,true,false,false,false,Experienced Chartered Accountants and CA Firms,,Mandya,2025-06-02T15:46:39.181Z
Yatesh Renuke & Company,<,4.6,22 Ratings,"Erandwane Kothrud, Pune",,08460426416,GST Return; TDS Return; Income Tax Return,true,true,false,true,true,Experienced Chartered Accountants and CA Firms,,Mandya,2025-06-02T15:46:39.181Z
Yogita S And Company,<,4.7,34 Ratings,"Thane Bhiwandi Road Kasheli, Bhiwandi",,07795682280,Accounting; GST Return; TDS Return,true,true,false,false,true,Experienced Chartered Accountants and CA Firms,,Mandya,2025-06-02T15:46:39.181Z
Mithlesh Pardhi & Co,<,4.3,361 Ratings,"Jaitala Road Jaitala Road, Nagpur",,08511513986,GST Return; TDS Return; Income Tax Return,true,true,false,true,true,Experienced Chartered Accountants and CA Firms,,Mandya,2025-06-02T15:46:39.181Z
B R A H M & Associates,<,4.2,46 Ratings,"Jamnagar HO, Jamnagar",,,Accounting; GST Return; NRI ITR Filing,true,true,false,false,true,Experienced Chartered Accountants and CA Firms,,Mandya,2025-06-02T15:46:39.181Z
TKSA SERVICES PVT LTD,<,3.5,2 Ratings,"Government Place East Esplanade, Kolkata",,08904955304,Licence; GST Return; NRI ITR Filing,true,true,false,false,true,Experienced Chartered Accountants and CA Firms,,Mandya,2025-06-02T15:46:39.181Z
Arpit Gupta & Co,<,4.1,156 Ratings,"Westend Marg Saket, Delhi",,,,true,true,false,false,true,Experienced Chartered Accountants and CA Firms,,Mandya,2025-06-02T15:46:39.181Z
K K K D & CO,+,4.8,53 Ratings,"101 BP BLOCK Pitampura, Delhi",,09731820288,Accounting; GST Return; TDS Return,true,true,false,true,true,Experienced Chartered Accountants and CA Firms,,Mandya,2025-06-02T15:46:39.181Z
V V S V & CO,+,4.2,14 Ratings,"Pandav Nagar Block A, Delhi",,09035176479,GST Return; TDS Return; Income Tax Return,true,true,false,false,true,Experienced Chartered Accountants and CA Firms,,Mandya,2025-06-02T15:46:39.181Z
Equiltax Private Limited,E,,,"Thapar Nagar, Meerut",,08105037165,Business Advisory Services; Name Change; IPO,true,true,false,false,false,Experienced Chartered Accountants and CA Firms,,Mandya,2025-06-02T15:46:39.181Z
Dwarka & Co,D,4.1,97 Ratings,"Barabazar Garikhana, Shillong",,09054867046,GST Return; TDS Return; Income Tax Return,true,true,false,false,true,Experienced Chartered Accountants and CA Firms,,Mandya,2025-06-02T15:46:39.181Z
Kothari S S,K,3.0,2 Ratings,"Rd Subhash Subash Nagar Mandya, Mandya",,,CA,true,true,false,false,false,Experienced Chartered Accountants and CA Firms,,Mandya,2025-06-02T15:46:39.181Z
Shankaregowda Associates,S,2.8,2 Ratings,"V Rd Vishweshwaraiah Road Mandya, Mandya",,,CA,true,true,false,false,false,Experienced Chartered Accountants and CA Firms,,Mandya,2025-06-02T15:46:39.181Z
Tax Consultants A R Kumar,T,5.0,1 Ratings,"Nd Main Ashok Nagar Mandya, Mandya",,,GST Return; TDS Return; Income Tax Return,true,true,false,false,false,Experienced Chartered Accountants and CA Firms,,Mandya,2025-06-02T15:46:39.181Z
Hariharan And Company Ca,H,4.0,1 Ratings,"Narasimharaja Mohalla, Mysore",,,CA,true,true,false,false,false,Experienced Chartered Accountants and CA Firms,,Mandya,2025-06-02T15:46:39.181Z
Mahesh R & Co,M,5.0,8 Ratings,"Street Narasimharaja Mohalla, Mysore",,,GST Return; TDS Return; Income Tax Return,true,true,false,false,true,Experienced Chartered Accountants and CA Firms,,Mandya,2025-06-02T15:46:39.181Z
Hariharan & Co,+,4.6,53 Ratings,"NR Mohalla Narasimharaja Mohalla, Mysore",,,GST Return; TDS Return; Income Tax Return,false,true,false,false,true,Experienced Chartered Accountants and CA Firms,,Mandya,2025-06-02T15:46:39.181Z
K A K And Associates,+,5.0,7 Ratings,"Akbar Road Mandi Mohalla, Mysore",,,ITR Filing; Income Tax Return; TDS Return,true,true,false,false,true,Experienced Chartered Accountants and CA Firms,,Mandya,2025-06-02T15:46:39.181Z
Arogya Raj Loyed,A,2.5,1 Ratings,"Lashkar Mohalla, Mysore",,,CA,false,true,false,false,false,Experienced Chartered Accountants and CA Firms,,Mandya,2025-06-02T15:46:39.182Z
Aradhya & Associates,A,4.6,13 Ratings,"Chandragupta Road, Mysore",,,CA; Auditors,true,true,false,false,true,Experienced Chartered Accountants and CA Firms,,Mandya,2025-06-02T15:46:39.182Z
Gowtham,G,5.0,1 Ratings,"Devaraja Mohalla, Mysore",,,CA,false,true,false,false,false,Experienced Chartered Accountants and CA Firms,,Mandya,2025-06-02T15:46:39.182Z
Wayfin Tax Solutions,W,4.9,16 Ratings,"Kabir Temple Road Iningere, Mysore",,,GST Return; TDS Return; Income Tax Return,true,true,false,false,false,Experienced Chartered Accountants and CA Firms,,Mandya,2025-06-02T15:46:39.182Z
Jain Ranka Associates,J,4.7,5 Ratings,"Soji Street Gandhi Square, Mysore",,,CA,false,true,false,false,false,Experienced Chartered Accountants and CA Firms,,Mandya,2025-06-02T15:46:39.182Z
Manoj R and Associates,M,4.3,3 Ratings,"Shivarampet Road Shivarampet, Mysore",,,Accounting; GST Return; TDS Return,true,true,false,false,false,Experienced Chartered Accountants and CA Firms,,Mandya,2025-06-02T15:46:39.182Z
Pasha & Co,P,4.0,1 Ratings,"Old Bank Rd Gandhi Square, Mysore",,,CA,false,true,false,false,false,Experienced Chartered Accountants and CA Firms,,Mandya,2025-06-02T15:46:39.182Z
M Ashok Kumar,M,4.0,2 Ratings,"Mysore Mysore City, Mysore",,,CA; Associations Of CA,true,true,false,false,false,Experienced Chartered Accountants and CA Firms,,Mandya,2025-06-02T15:46:39.182Z
Shanmukhiah And Pandurang,S,4.7,7 Ratings,"Kr Circle Mysore, Mysore",,,CA; Tax Consultants,false,true,false,false,false,Experienced Chartered Accountants and CA Firms,,Mandya,2025-06-02T15:46:39.182Z
Madhavan & Co,M,4.8,9 Ratings,"Kr Circle Mysore, Mysore",,,CA,false,true,false,false,true,Experienced Chartered Accountants and CA Firms,,Mandya,2025-06-02T15:46:39.182Z
Shanmukhiah & Pandurang,S,4.7,7 Ratings,"Kr Circle, Mysore",,,CA,true,true,false,false,false,Experienced Chartered Accountants and CA Firms,,Mandya,2025-06-02T15:46:39.182Z
Rajesha L And Associates,R,4.3,3 Ratings,"Lokanayaka Nagar Kumbara Koppal, Mysore",,,CA,true,true,false,false,false,Experienced Chartered Accountants and CA Firms,,Mandya,2025-06-02T15:46:39.182Z
Aiyappa & Associates,A,5.0,2 Ratings,"Kr Circle Mysore, Mysore",,,CA,true,true,false,false,false,Experienced Chartered Accountants and CA Firms,,Mandya,2025-06-02T15:46:39.182Z
K Mohan Rao & Co,K,5.0,2 Ratings,"Urs Road Devaraja Mohalla, Mysore",,,CA,true,true,false,false,false,Experienced Chartered Accountants and CA Firms,,Mandya,2025-06-02T15:46:39.182Z
H S Prakash And Company,H,4.9,4 Ratings,"Vinob Road Shivarampet, Mysore",,,CA,true,true,false,false,false,Experienced Chartered Accountants and CA Firms,,Mandya,2025-06-02T15:46:39.182Z
Varun Kumar Jain & Co,V,4.8,15 Ratings,"Road Narayan Shastri Road, Mysore",,,ITR Filing,true,true,false,false,false,Experienced Chartered Accountants and CA Firms,,Mandya,2025-06-02T15:46:39.182Z
Surendra Hegde & Co,S,4.4,17 Ratings,"Gokulam, Mysore",,,GST Return; TDS Return; Income Tax Return,true,true,false,false,true,Experienced Chartered Accountants and CA Firms,,Mandya,2025-06-02T15:46:39.182Z
lakshmi nivas & co,l,5.0,2 Ratings,"Ramavilas Road, Mysore",,,CA,false,true,false,false,false,Experienced Chartered Accountants and CA Firms,,Mandya,2025-06-02T15:46:39.182Z
M B Jain & Co,M,3.0,7 Ratings,"162/1 1st Flour Ramavilas Road, Mysore",,,CA,false,true,false,false,false,Experienced Chartered Accountants and CA Firms,,Mandya,2025-06-02T15:46:39.182Z
Ananthavardhana G N,A,4.4,10 Ratings,"Fort Mohalla, Mysore",,,Wheel Chair Accessible Entrance And Exit,false,true,false,false,true,Experienced Chartered Accountants and CA Firms,,Mandya,2025-06-02T15:46:39.182Z
Jayashri R And Associates,J,3.0,1 Ratings,"3rd A Main Gokulam 2nd Stage, Mysore",,,CA; Associations Of CA,true,true,false,false,false,Experienced Chartered Accountants and CA Firms,,Mandya,2025-06-02T15:46:39.182Z
NIRAJ NIKHIL JAIN & ASSOCIATES,+,5.0,23 Ratings,"Narayan Shastri Road Kr Mohalla, Mysore",,09980768995,Accounting; GST Return; TDS Return,true,true,false,false,true,Experienced Chartered Accountants and CA Firms,,Mandya,2025-06-02T15:46:39.182Z
Gothamachand S,G,5.0,1 Ratings,"MN Jois Road Kr Mohalla, Mysore",,,GST Return; TDS Return; Income Tax Return,true,true,false,false,false,Experienced Chartered Accountants and CA Firms,,Mandya,2025-06-02T15:46:39.182Z
CA Dodda Lingappa,C,4.5,1 Ratings,"Hebbal, Mysore",,,CA,true,true,false,false,false,Experienced Chartered Accountants and CA Firms,,Mandya,2025-06-02T15:46:39.182Z
Umesha R & Associates,U,4.0,2 Ratings,"M G Road Krishnamurthy Puram, Mysore",,,CA,false,true,false,false,false,Experienced Chartered Accountants and CA Firms,,Mandya,2025-06-02T15:46:39.182Z
Rao & Nathan,R,4.5,4 Ratings,"Kr Mohalla, Mysore",,,CA,false,true,false,false,false,Experienced Chartered Accountants and CA Firms,,Mandya,2025-06-02T15:46:39.182Z
B M Nagaraju And Company,B,2.8,2 Ratings,"3rd Cross Kr Mohalla, Mysore",,,CA,true,true,false,false,false,Experienced Chartered Accountants and CA Firms,,Mandya,2025-06-02T15:46:39.182Z
Elite Accountingpro Llp,E,4.8,13 Ratings,"Road2nd Cross Vani Vilas Mohalla, Mysore",,,CA,false,true,false,false,false,Experienced Chartered Accountants and CA Firms,,Mandya,2025-06-02T15:46:39.182Z
Winpoint Computer Centre,<,4.8,31 Ratings,"Guthal Road Guttalu Mandya, Mandya",,07383307719,Accounting Training Institutes; Computer Training Institutes,true,true,false,false,true,Computer Training Institutes,,Mandya,2025-06-02T15:47:49.407Z
Jnanadeepa Institute Of Computer Education,<,4.8,5 Ratings,"Malavalli Main Road Km Doddi, Mandya",,09972210580,Computer Training Institutes; Language Classes For English Conversation,true,true,false,true,true,Computer Training Institutes,,Mandya,2025-06-02T15:47:49.408Z
Smart English and Computer World,<,4.7,119 Ratings,"1st Cross Ashok Nagar Mandya, Mandya",,06366436632,Accounting Training Institutes; Computer Training Institutes,true,true,false,true,true,Computer Training Institutes,,Mandya,2025-06-02T15:47:49.408Z
Emergio Games,<,4.9,150 Ratings,"Airport Road Infopark Kochi, Ernakulam",,08460448972,Computer Training Institutes; Mobile Game Development Training Institutes,true,true,false,false,true,Computer Training Institutes,,Mandya,2025-06-02T15:47:49.408Z
Indian Institute Of Computer Science,<,4.6,251 Ratings,"Vidyanagar Hubli, Hubli",,,Institutes For Distance Education MBA; Computer Training Institutes,true,true,false,false,true,Computer Training Institutes,,Mandya,2025-06-02T15:47:49.408Z
Kj's Trinity Colleges,<,4.0,"1,375 Ratings","Kondhwa Saswad Road Yewalewadi, Pune",,,,true,true,false,false,true,Computer Training Institutes,,Mandya,2025-06-02T15:47:49.409Z
Sir Padampat Singhania University,<,4.3,571 Ratings,"Udaipur Udaipur Surajpole, Udaipur-rajasthan",,,,true,true,false,false,true,Computer Training Institutes,,Mandya,2025-06-02T15:47:49.409Z
Visvesvaraya Foundation,<,4.2,"1,002 Ratings","Main Road Udaipur Surajpole, Udaipur-Rajasthan",,,Computer Engineering Colleges; Schools,true,true,false,false,true,Computer Training Institutes,,Mandya,2025-06-02T15:47:49.409Z
Shri Krishna University,<,4.1,"1,308 Ratings","Sagar Road Chhatrasal Chowk, Chhatarpur",,,,true,true,false,false,true,Computer Training Institutes,,Mandya,2025-06-02T15:47:49.409Z
Aks University (Satna M.p),<,4.0,"1,853 Ratings","Panna Road Sherganj, Satna",,,Colleges; ITI Institutes,true,true,false,false,true,Computer Training Institutes,,Mandya,2025-06-02T15:47:49.409Z
Maa Bhagwati Institute,M,4.0,909 Ratings,"Ratanada, Jodhpur",,,Computer Hardware Training Institutes; Colleges,true,true,false,false,true,Computer Training Institutes,,Mandya,2025-06-02T15:47:49.410Z
Pkr Institute and Recruitment Services,+,4.9,132 Ratings,"Urban Estate Karnal Sector 6, Karnal",,09980200858,Institutes; Computer Training Institutes,true,true,false,true,true,Computer Training Institutes,,Mandya,2025-06-02T15:47:49.410Z
Haridwar University,+,4.5,"2,884 Ratings","Bajuheri, Roorkee",,,,true,true,false,false,true,Computer Training Institutes,,Mandya,2025-06-02T15:47:49.410Z
Miit Mandya (Marvel Institute Of Information Technology),M,5.0,1 Ratings,"1st Cross Vv Road, Mandya",,,Computer Training Institutes; Educational Institutions,true,true,false,false,true,Computer Training Institutes,,Mandya,2025-06-02T15:47:49.410Z
Educadd Mandya,+,4.9,25 Ratings,"1st Subash Nagar Mandya, Mandya",,,Computer Training Institutes For Architectural CAD; Computer Training Institutes,true,true,false,false,true,Computer Training Institutes,,Mandya,2025-06-02T15:47:49.410Z
Raaya Infotech Solutions Pvt Ltd,+,5.0,9 Ratings,"Chamundeshwari Nagar Mandya, Mandya",,,Java Servlet Training Institutes; Computer Training Institutes,true,true,false,false,true,Computer Training Institutes,,Mandya,2025-06-02T15:47:49.410Z
Webnet Solutions,+,4.8,410 Ratings,"Main Chamundeshwari Nagar Mandya, Mandya",,,Advanced Java Training Institutes; Computer Training Institutes,true,true,false,false,true,Computer Training Institutes,,Mandya,2025-06-02T15:47:49.410Z
Vismaya Computer Education,+,4.8,287 Ratings,"RP Road Subash Nagar Mandya, Mandya",,,Computer Hardware Training Institutes; Colleges,true,true,false,false,true,Computer Training Institutes,,Mandya,2025-06-02T15:47:49.410Z
Inspire Academy Mandya,+,4.8,185 Ratings,"M C Complex Mandya Ho, Mandya",,,Computer Training Institutes; Tutorials,true,true,false,false,true,Computer Training Institutes,,Mandya,2025-06-02T15:47:49.410Z
Vega Institute,+,4.8,127 Ratings,"Ashoknagar Ashok Nagar Mandya, Mandya",,,3D Animation Training Institutes; Institutes,true,true,false,false,true,Computer Training Institutes,,Mandya,2025-06-02T15:47:49.410Z
Balc Computer Education,+,4.2,45 Ratings,"RP Road Subash Nagar Mandya, Mandya",,,Computer Training Institutes; Language Classes For English Conversation,true,true,false,false,true,Computer Training Institutes,,Mandya,2025-06-02T15:47:49.411Z
Excl Corporate Training Solutions,+,4.7,32 Ratings,"2nd Main Road Ashok Nagar Mandya, Mandya",,,Computer Training Institutes For Architectural CAD; Computer Training Institutes,true,true,false,false,true,Computer Training Institutes,,Mandya,2025-06-02T15:47:49.411Z
Edit Women's Computer Centre,E,5.0,29 Ratings,"Chamundeshwari Nagara Mandya HO, Mandya",,,3D Animation Training Institutes; Computer Training Institutes,true,true,false,false,true,Computer Training Institutes,,Mandya,2025-06-02T15:47:49.411Z
CADD Focus,+,4.9,24 Ratings,"Chamundeshwari Nagar Mandya, Mandya",,,2D Animation Training Institutes; Institutes,true,true,false,false,true,Computer Training Institutes,,Mandya,2025-06-02T15:47:49.411Z
Hayagreeva Spoken English and Computer Centre,H,4.6,24 Ratings,"Melkote Main Road Pandavapura, Mandya",,,Institutes; Computer Training Institutes,true,true,false,false,true,Computer Training Institutes,,Mandya,2025-06-02T15:47:49.411Z
S P Computer Centre,+,4.8,20 Ratings,"Old M C Road Maddur Mandya, Mandya",,,3D Animation Training Institutes; Computer Training Institutes,true,true,false,false,true,Computer Training Institutes,,Mandya,2025-06-02T15:47:49.411Z
Global Computers Centre,+,4.6,19 Ratings,"Vijaya Bank Road Nagamangala, Mandya",,,Computer Training Institutes; Tally Training Institutes,true,true,false,false,true,Computer Training Institutes,,Mandya,2025-06-02T15:47:49.411Z
Freedom Computers Academy,+,5.0,12 Ratings,"Maddur Main Road Bharathinagar, Mandya",,,Computer Training Institutes; MS Excel Training Institutes,true,true,false,false,false,Computer Training Institutes,,Mandya,2025-06-02T15:47:49.411Z
Impact Academy,+,4.8,10 Ratings,"BM Road M C Road Mandya, Mandya",,,Accounting Training Institutes; Computer Training Institutes,true,true,false,false,true,Computer Training Institutes,,Mandya,2025-06-02T15:47:49.411Z
Global Tech Computer Training Center,G,4.2,11 Ratings,"Complex Krishnarajapete, Mandya",,,Computer Training Institutes; MS Excel Training Institutes,true,true,false,false,false,Computer Training Institutes,,Mandya,2025-06-02T15:47:49.411Z
Disha Dikisuchi,+,4.2,9 Ratings,"100feet Road Vidya Nagar Mandya, Mandya",,,Computer Training Institutes; Government Recognised Computer Training Institutes,true,true,false,false,true,Computer Training Institutes,,Mandya,2025-06-02T15:47:49.411Z
Amogha Computer Centre,+,4.7,8 Ratings,"Old A C Office Road Pandavapura, Mandya",,,Computer Training Institutes,true,true,false,false,false,Computer Training Institutes,,Mandya,2025-06-02T15:47:49.411Z
Livewire,L,4.5,8 Ratings,"Subashnagar Gandhi Nagar Mandya, Mandya",,,Advanced Java Training Institutes; Computer Training Institutes,true,true,false,false,true,Computer Training Institutes,,Mandya,2025-06-02T15:47:49.412Z
Vidya Computer Education And Cyber Cafe,+,4.7,7 Ratings,"Road Nehru Nagar Mandya, Mandya",,,Computer Training Institutes,true,true,false,false,false,Computer Training Institutes,,Mandya,2025-06-02T15:47:49.412Z
Sawday Computer Academy Mandya,+,3.7,8 Ratings,"Cross Road Vidya Nagar Mandya, Mandya",,,2D Animation Training Institutes; Institutes,true,true,false,false,false,Computer Training Institutes,,Mandya,2025-06-02T15:47:49.412Z
Punith Keonics Computers,P,4.7,6 Ratings,"East Bellur Mandya, Mandya",,,Computer Training Institutes,true,true,false,false,false,Computer Training Institutes,,Mandya,2025-06-02T15:47:49.412Z
Balaji computers,B,4.0,7 Ratings,"Old A C office road Pandavapura, Mandya",,,Computer Training Institutes; Hardware Networking Training Institutes,true,true,false,false,false,Computer Training Institutes,,Mandya,2025-06-02T15:47:49.412Z
Shashi Computers And Education Center,S,4.5,6 Ratings,"Halaguru Road Halagur, Mandya",,,Computer Training Institutes; Tutorials,true,true,false,false,false,Computer Training Institutes,,Mandya,2025-06-02T15:47:49.412Z
Sneha Computer Education Center,S,3.8,6 Ratings,"Honakere Chinya Hanakere, Mandya",,,Computer Training Institutes; Computer Networking Training Institutes,true,true,false,false,false,Computer Training Institutes,,Mandya,2025-06-02T15:47:49.412Z
Vivekananda Computer Centre,+,3.5,6 Ratings,"Beedi Srirangapatna Fort Mandya, Srirangapatna",,,Computer Training Institutes,true,true,false,false,false,Computer Training Institutes,,Mandya,2025-06-02T15:47:49.412Z
Bright Instuitute,B,5.0,4 Ratings,"Ft  Ashok Nagar Mandya, Mandya",,,Tutorials; Institutes,true,true,false,false,true,Computer Training Institutes,,Mandya,2025-06-02T15:47:49.412Z
Sri Sai Computer Technology,+,4.5,4 Ratings,"Extension Maddur Mandya, Mandya",,,Accounting Training Institutes; Computer Training Institutes,true,true,false,false,true,Computer Training Institutes,,Mandya,2025-06-02T15:47:49.412Z
Sam Computer Education Center,S,4.5,4 Ratings,"Main Road, Mandya",,,Computer Training Institutes,true,true,false,false,false,Computer Training Institutes,,Mandya,2025-06-02T15:47:49.412Z
Intellect Computer Centre R,I,4.5,4 Ratings,"Kempegowda Road Kempegowda Road, Mandya",,,Computer Training Institutes; Training Centres,true,true,false,false,false,Computer Training Institutes,,Mandya,2025-06-02T15:47:49.412Z
Freedom Computer Academy,F,4.5,4 Ratings,"Doddarasinakere, Mandya",,,Computer Training Institutes,false,true,false,false,false,Computer Training Institutes,,Mandya,2025-06-02T15:47:49.412Z
Keonics Yuva.Com,K,3.9,4 Ratings,Mandya,,,Computer Training Institutes For Basic; Computer Training Institutes,true,true,false,false,false,Computer Training Institutes,,Mandya,2025-06-02T15:47:49.413Z
Bhumika Computers,B,5.0,3 Ratings,"Mandya Malavalli, Mandya",,,Computer Training Institutes,true,true,false,false,false,Computer Training Institutes,,Mandya,2025-06-02T15:47:49.413Z
Edit Computer Center,E,5.0,3 Ratings,"Chamundeshwari Nagar Mandya, Mandya",,,Computer Training Institutes,false,true,false,false,false,Computer Training Institutes,,Mandya,2025-06-02T15:47:49.413Z
Blossom Computers,B,5.0,3 Ratings,"Melkote Main Road Chinakurali, Mandya",,,Computer Training Institutes,true,true,false,false,false,Computer Training Institutes,,Mandya,2025-06-02T15:47:49.413Z
The Professional Couriers,<,3.8,409 Ratings,"Double Road Ashok Nagar Mandya, Mandya",,,Door to Door,true,true,false,false,true,Courier Services,,Mandya,2025-06-02T15:48:51.522Z
The Professional Couriers,<,4.5,64 Ratings,"Srirangapatna, Srirangapatna",,,International Courier; Domestic Courier,true,true,false,false,true,Courier Services,,Mandya,2025-06-02T15:48:51.523Z
Fastmove Courier,<,4.7,3 Ratings,"Kurudusonnenahalli, Bangalore",,08105091177,Corporate Courier; Ecommerce Courier; Cargo Service,true,true,false,false,true,Courier Services,,Mandya,2025-06-02T15:48:51.524Z
Apeksha Logistics Pvt Ltd,<,4.5,1 Ratings,"Main Road Singahalli, Bangalore",,07041967715,Cargo Service; Domestic Courier; Urgent Shipment Delivery,true,true,false,false,true,Courier Services,,Mandya,2025-06-02T15:48:51.524Z
Sri Ganapathy Transport and Traveling Agency,<,4.5,19 Ratings,"Palayam Kalappa Naicken Palayam, Coimbatore",,08123376960,Courier Services; Transporters,true,true,false,true,true,Courier Services,,Mandya,2025-06-02T15:48:51.525Z
Sky Land Xpress Cargo,<,4.0,44 Ratings,"KPN Colony Union Mill Road, Tirupur",,,,true,true,false,true,false,Courier Services,,Mandya,2025-06-02T15:48:51.525Z
Urbx Worldwide,<,4.7,74 Ratings,"Cochin Special Economic Zone, Ernakulam",,08401097476,International Courier; Cargo Service; Domestic Courier,true,true,false,false,true,Courier Services,,Mandya,2025-06-02T15:48:51.525Z
Xpress INDIA,<,4.2,400 Ratings,"Street Industrial Colony Trichy, Trichy",,07383608407,Cargo Service; Trucks On Rent; Bulk Courier,true,true,false,false,true,Courier Services,,Mandya,2025-06-02T15:48:51.526Z
Alleppey Parcel Service L L P,<,4.0,74 Ratings,"Vazhichery Ward Court Road, Alappuzha",,,Commercial Courier; Corporate Courier; Ecommerce Courier,true,true,false,true,true,Courier Services,,Mandya,2025-06-02T15:48:51.527Z
Fastmove Courier & Cargo Services,<,5.0,2 Ratings,"MD Farm Road Kanajiguda, Hyderabad",,08733880985,Corporate Courier; Bulk Courier; Speed Post,true,true,false,false,true,Courier Services,,Mandya,2025-06-02T15:48:51.528Z
Aastik Maharaj Trader,+,5.0,1 Ratings,"Kukatpally Kukatpally, Hyderabad",,07411644350,,true,true,false,false,false,Courier Services,,Mandya,2025-06-02T15:48:51.528Z
Speedman Express,+,3.9,81 Ratings,"Chira Bazar-Kalbadevi, Mumbai",,08128897011,Ecommerce Courier; Domestic Courier; Bulk Courier,true,true,false,true,false,Courier Services,,Mandya,2025-06-02T15:48:51.529Z
South Indian Transport Company,+,3.7,13 Ratings,"Mankoli Road Bhiwandi City, Bhiwandi",,07041943753,Door to Door,true,true,false,false,false,Courier Services,,Mandya,2025-06-02T15:48:51.529Z
Vrltransport Services,+,3.6,10 Ratings,"Masjid Bunder, Mumbai",,09980763661,Electronic,true,true,false,false,true,Courier Services,,Mandya,2025-06-02T15:48:51.530Z
Shubhaam Logistics Services,S,5.0,1 Ratings,"Swadeshi Mill Road Sion, Mumbai",,09606413539,Cargo Service,true,true,false,true,true,Courier Services,,Mandya,2025-06-02T15:48:51.530Z
Fastmove Courier & Cargo Services,+,4.2,9 Ratings,"Sainaka Andheri East, Mumbai",,08123380727,Commercial Courier; Cargo Service; Corporate Courier,true,true,false,false,true,Courier Services,,Mandya,2025-06-02T15:48:51.531Z
Fastmove Courier & Cargo Services,F,3.5,2 Ratings,"Transport Nagar-Nigdi, Pune",,07041651674,Ecommerce Courier; Bulk Courier; Cargo Service,true,true,false,false,false,Courier Services,,Mandya,2025-06-02T15:48:51.531Z
Jpg Logistics,J,4.5,8 Ratings,"SOUTH BAGHSEWANIYA Amrai Parisar, Bhopal",,08460300399,Cargo Service; Domestic Courier,true,true,false,false,true,Courier Services,,Mandya,2025-06-02T15:48:51.531Z
Associated Logistics Corporation Of INDIA,+,4.1,185 Ratings,"Sector - C Sonagiri Indrapuri, Bhopal",,08460280113,Bulk Courier; Domestic Courier; Corporate Courier,true,true,false,true,true,Courier Services,,Mandya,2025-06-02T15:48:51.531Z
Mirai Logistics India Private Limited,+,3.5,279 Ratings,"Kesarwani College Garha Phatak, Jabalpur",,08511256279,International Courier; All India; Cargo Service,true,true,false,false,true,Courier Services,,Mandya,2025-06-02T15:48:51.532Z
Bajrang Roadlines,+,4.5,12 Ratings,"Etaura Rewa Super Bazar, Rewa",,08401896025,Door to Door,true,true,false,false,true,Courier Services,,Mandya,2025-06-02T15:48:51.532Z
Fastmove Courier & Cargo Services,+,4.2,51 Ratings,"Road No. 5K Kishoreganj Chowk, Ranchi",,08197493875,Door to Door,true,true,false,false,true,Courier Services,,Mandya,2025-06-02T15:48:51.533Z
Omshiv Express Courier Cargo,O,3.5,14 Ratings,"Office A1 Khengrapatti, Kolkata",,07041477183,24X7 Customer Care; Door to Door,true,true,false,false,false,Courier Services,,Mandya,2025-06-02T15:48:51.533Z
Engineers Parcel,+,4.2,21 Ratings,"I2H Building IIT ISM Hirapur, Dhanbad",,08971740245,Courier Services; Packers And Movers,true,true,false,false,true,Courier Services,,Mandya,2025-06-02T15:48:51.533Z
India Door to Door Cargo Services,I,3.1,10 Ratings,"SSB Camp Rangamati, Ranchi",,08460507650,Cargo Service; Domestic Courier; Air Courier,true,true,false,false,false,Courier Services,,Mandya,2025-06-02T15:48:51.534Z
Om Sai Angdiya,O,4.3,20 Ratings,"Hana Ansari Road Darya Ganj, Delhi",,07383240726,,true,true,false,true,true,Courier Services,,Mandya,2025-06-02T15:48:51.534Z
Transxpress World Wide,T,3.6,14 Ratings,"Janakpuri B Block, Delhi",,08511712179,Cargo Service,true,true,false,false,false,Courier Services,,Mandya,2025-06-02T15:48:51.534Z
Pooja Logistic,+,4.0,8 Ratings,"Kiran Garden-uttam Nagar, Delhi",,07411590145,Commercial Courier; Domestic Courier; Corporate Courier,true,true,false,false,false,Courier Services,,Mandya,2025-06-02T15:48:51.535Z
Paan India Door 2 Door Cargo Service,+,4.0,115 Ratings,"Gali No-9 Uttam Nagar, Delhi",,09845437538,International Courier; Cargo Service; Domestic Courier,true,true,false,true,true,Courier Services,,Mandya,2025-06-02T15:48:51.535Z
Prime Transport Solution,P,4.1,11 Ratings,"Chandan Hola Chatarpur Noida, Noida",,08460506360,24X7 Customer Care; Door to Door,true,true,false,false,true,Courier Services,,Mandya,2025-06-02T15:48:51.535Z
Mahadev Courier Cargo Services,M,4.7,3 Ratings,"Behind Metro Kashmere Gate, Delhi",,08050623191,Cargo Service; Domestic Courier; Bulk Courier,true,true,false,false,true,Courier Services,,Mandya,2025-06-02T15:48:51.536Z
Priority Premium Courier Services,+,5.0,4 Ratings,"GALI RAJA KEDARNATH Chawri Bazar, Delhi",,08401398590,,true,true,false,false,true,Courier Services,,Mandya,2025-06-02T15:48:51.538Z
Dr Courier Express Pvt. Ltd.,+,3.5,20 Ratings,"Main Vasant Kunj Road Mahipalpur, Delhi",,08460567203,Government Verified; Door to Door,true,true,false,false,false,Courier Services,,Mandya,2025-06-02T15:48:51.540Z
Swiftline Cargo & Express Logistics Pvt. Ltd,S,5.0,16 Ratings,"Uttam Nagar Rewari Bypass Road, Rewari",,08511338696,Government Verified; 24X7 Customer Care; Door to Door,true,true,false,false,true,Courier Services,,Mandya,2025-06-02T15:48:51.541Z
Fastmove Logistics,+,4.3,33 Ratings,"Baguipara Baguiati, Kolkata",,07405327680,Door to Door,true,true,false,false,true,Courier Services,,Mandya,2025-06-02T15:48:51.541Z
Fastmove Courier & Cargo Services,+,4.0,51 Ratings,"NH 30 Adarsh Colony Road, Patna",,09980741983,Commercial Courier; Corporate Courier; Ecommerce Courier,true,true,false,false,true,Courier Services,,Mandya,2025-06-02T15:48:51.544Z
Express India Logistic,E,4.5,13 Ratings,"Khajuri Khas, Delhi",,08460270918,,true,true,false,false,true,Courier Services,,Mandya,2025-06-02T15:48:51.545Z
Door to Door All India Service,+,5.0,4 Ratings,"Bhumi Link Road Link Road, Mathura",,08460406701,Domestic Courier; Air Courier,true,true,false,false,false,Courier Services,,Mandya,2025-06-02T15:48:51.546Z
Gati Cargo Packer and Mover,+,4.8,4 Ratings,"Najafgarh, Delhi",,09008921591,Domestic Courier; Air Cargo; Air Courier,true,true,false,false,true,Courier Services,,Mandya,2025-06-02T15:48:51.546Z
Shakti Transport Company,S,4.3,9 Ratings,"Gorakhpur Road Deoria Sadar, Deoria",,08460434045,All India; Within City,true,true,false,false,true,Courier Services,,Mandya,2025-06-02T15:48:51.546Z
Digital Cargo,D,4.1,16 Ratings,"5 Kaushik Enclave Burari, Delhi",,08792663371,Bulk Courier; Commercial Courier; Corporate Courier,true,true,false,false,false,Courier Services,,Mandya,2025-06-02T15:48:51.547Z
DHL Express Courier,D,4.8,178 Ratings,"Gt Road Anand Avenue, Amritsar",,06366535081,Door to Door,true,true,false,false,true,Courier Services,,Mandya,2025-06-02T15:48:51.547Z
Door 2 Door Cargo Service,+,4.0,69 Ratings,"Poonch Road Akhnoor, Jammu",,09035020896,Door to Door,true,true,false,false,true,Courier Services,,Mandya,2025-06-02T15:48:51.547Z
Deekins Travel Solutions Pvt Ltd,D,4.0,11 Ratings,"Jammu and Kashmir Horzey, Leh Ladakh",,09606165447,Cargo Service; Domestic Courier; Bulk Courier,true,true,false,false,false,Courier Services,,Mandya,2025-06-02T15:48:51.547Z
The Professional Couriers,+,4.0,65 Ratings,"B M Road Nagamangala, Mandya",,,International Courier; Domestic Courier,true,true,false,false,false,Courier Services,,Mandya,2025-06-02T15:48:51.548Z
Guru,G,3.7,54 Ratings,"Krishnarajapete, Mandya",,,Corporate Courier; International Courier; Domestic Courier,true,true,false,false,false,Courier Services,,Mandya,2025-06-02T15:48:51.548Z
Delhivery Pvt Ltd,+,3.5,48 Ratings,"Cross Road Vidya Nagar Mandya, Mandya",,,International Courier; Domestic Courier; Bulk Courier,false,true,false,false,false,Courier Services,,Mandya,2025-06-02T15:48:51.548Z
DTDC Express Ltd,+,3.4,48 Ratings,"Vinobha Road Subash Nagar Mandya, Mandya",,,Door to Door,false,true,false,false,false,Courier Services,,Mandya,2025-06-02T15:48:51.548Z
The Professional Couriers,+,3.5,46 Ratings,"SBI Atm Road Krishnarajapete, Mandya",,,International Courier; Domestic Courier; Corporate Courier,true,true,false,false,false,Courier Services,,Mandya,2025-06-02T15:48:51.549Z
G Vision Technologies,<,4.7,26 Ratings,"SLN Complex Subash Nagar, Mandya",,08401225322,IP; Wireless; Computer Repair,true,true,false,true,true,Laptop Repair & Services,,Mandya,2025-06-02T15:50:03.405Z
Smart Enterprises,<,4.5,10 Ratings,"Road Nehru Nagar Mandya, Mandya",,,DTH TV Broadcast Service Providers; UPS Repair & Services,true,true,false,false,true,Laptop Repair & Services,,Mandya,2025-06-02T15:50:03.405Z
JK CCTV & Security Systems,<,4.7,19 Ratings,"VV Road Vidya Nagar Mandya, Mandya",,09724703625,Mini; Digital; Computer Repair,true,true,false,true,true,Laptop Repair & Services,,Mandya,2025-06-02T15:50:03.405Z
Sri Raghavendra Computers,<,4.0,28 Ratings,"Railway Station Road Jain Street, Mandya",,,Company Authorised Dealer,true,true,false,false,false,Laptop Repair & Services,,Mandya,2025-06-02T15:50:03.405Z
Malleshwara Infotech,<,4.5,2 Ratings,"Near Bus Stop Mandya, Mandya",,,Laptops On Rent; Computer Repair & Services,true,true,false,false,true,Laptop Repair & Services,,Mandya,2025-06-02T15:50:03.405Z
Netpoint,<,4.8,526 Ratings,"Chamundeshwari Nagar Mandya, Mandya",,,Computer Repair & Services; Computer Printer Repair & Services,true,true,false,false,true,Laptop Repair & Services,,Mandya,2025-06-02T15:50:03.405Z
Samruddhi Computers,<,4.7,489 Ratings,"1st Cross Vidya Nagar, Mandya",,,Computer Dealers; Computer Repair & Services,true,true,false,false,true,Laptop Repair & Services,,Mandya,2025-06-02T15:50:03.405Z
Aashirvad Computer Mall,<,4.8,72 Ratings,"2nd Main Road Ashok Nagar, Mandya",,,CCTV Installation Services; CCTV Dealers,true,true,false,false,true,Laptop Repair & Services,,Mandya,2025-06-02T15:50:03.405Z
Shri Computers,<,3.7,91 Ratings,"V V Road Ashok Nagar Mandya, Mandya",,,Computer Dealers-Acer; Computer Repair & Services,true,true,false,false,false,Laptop Repair & Services,,Mandya,2025-06-02T15:50:03.405Z
Sai Computers,<,4.8,65 Ratings,"Guthal Road Gandhi Nagar Mandya, Mandya",,,Computer Repair & Services; Laptop Repair & Services,true,true,false,false,true,Laptop Repair & Services,,Mandya,2025-06-02T15:50:03.405Z
Sun Rise Computers,+,4.6,42 Ratings,"Vv Road Ashok Nagar Mandya, Mandya",,,Computer Repair & Services; Laptop Repair & Services,true,true,false,false,true,Laptop Repair & Services,,Mandya,2025-06-02T15:50:03.405Z
4 Eyes Technologies,+,4.7,35 Ratings,"Pandavapura Kyathanahalli, Mandya",,,4g Internet; Wifi Internet,true,true,false,false,true,Laptop Repair & Services,,Mandya,2025-06-02T15:50:03.405Z
V2 Infotech,+,4.9,21 Ratings,"Gandhinagar Gandhi Nagar Mandya, Mandya",,,Computer Repair & Services; CCTV Installation Services,true,true,false,false,true,Laptop Repair & Services,,Mandya,2025-06-02T15:50:03.405Z
Sun Computers,S,4.0,25 Ratings,"2nd Cross Gandhi Nagar Mandya, Mandya",,,Company Authorised Dealer,true,true,false,false,false,Laptop Repair & Services,,Mandya,2025-06-02T15:50:03.405Z
Shivu Computers And Cyber Cafe,+,4.2,23 Ratings,"K R Road Vidya Nagar Mandya, Mandya",,,Assembled Computer Repair & Services; Computer Repair & Services,true,true,false,false,true,Laptop Repair & Services,,Mandya,2025-06-02T15:50:03.405Z
Mandya IT world,+,3.9,24 Ratings,"Vinobha Road Subash Nagar Mandya, Mandya",,,Company Authorised Dealer,true,true,false,false,false,Laptop Repair & Services,,Mandya,2025-06-02T15:50:03.405Z
Musavir Zone,+,4.8,16 Ratings,"Kiragavalu, Mandya",,,Laptop Repair & Services; Tablet Repair & Services,true,true,false,false,false,Laptop Repair & Services,,Mandya,2025-06-02T15:50:03.405Z
Computer Zone,+,4.5,14 Ratings,"Ashok Nagar Mandya, Mandya",,,Delivery Available; Shop In Store; Same Day Delivery,true,true,false,false,true,Laptop Repair & Services,,Mandya,2025-06-02T15:50:03.406Z
Sai Computers Mandya,+,4.8,12 Ratings,"Road Factory Circle MANDYA CITY, Mandya",,,Computer Repair & Services; Laptop Dealers,true,true,false,false,true,Laptop Repair & Services,,Mandya,2025-06-02T15:50:03.406Z
Yashvitha Computers,+,4.6,12 Ratings,"K R Road Subash Nagar, Mandya",,,Computer Dealers; Computer Repair & Services,true,true,false,false,true,Laptop Repair & Services,,Mandya,2025-06-02T15:50:03.406Z
Sukhi's Mobiles and Belaku Electronice Showroom,+,4.3,12 Ratings,"Krs Road Pandavapura, Mandya",,,Wifi Internet; Company Authorised Dealer; Free installation,true,true,false,true,true,Laptop Repair & Services,,Mandya,2025-06-02T15:50:03.406Z
Impact Academy,+,4.8,10 Ratings,"BM Road M C Road Mandya, Mandya",,,Accounting Training Institutes; Computer Training Institutes,true,true,false,false,true,Laptop Repair & Services,,Mandya,2025-06-02T15:50:03.406Z
Wildflower Laptop Service,+,3.9,10 Ratings,"Colony Subash Nagar Mandya, Mandya",,,Computer Repair & Services-Apple; Computer Repair & Services,true,true,false,false,false,Laptop Repair & Services,,Mandya,2025-06-02T15:50:03.406Z
Vivek Computer Solutions,V,4.2,8 Ratings,"Old SBM Road Pandavapura, Mandya",,,Computer Repair & Services; Laptop Dealers,true,true,false,false,false,Laptop Repair & Services,,Mandya,2025-06-02T15:50:03.406Z
S K Computers And Mobiles,+,3.6,9 Ratings,"RP Road Vidya Nagar Mandya, Mandya",,,Computer Repair & Services; Laptop Dealers,true,true,false,false,false,Laptop Repair & Services,,Mandya,2025-06-02T15:50:03.406Z
Sanjeevini Computers,+,5.0,6 Ratings,"7th Cross Kuvempunagar Mandya, Mandya",,,IP CCTV Dealers; CCTV Installation Services,true,true,false,false,true,Laptop Repair & Services,,Mandya,2025-06-02T15:50:03.406Z
Josh Cyber Cafe,+,4.6,6 Ratings,"Circle Factory Circle Mandya, Mandya",,,Cyber Cafes; Computer Repair & Services,true,true,false,false,true,Laptop Repair & Services,,Mandya,2025-06-02T15:50:03.406Z
Infocity Tech Solutions,+,4.6,6 Ratings,"Shankar Nagar Mandya, Mandya",,,Computer Repair; Computer AMC; Computer Repair At Home,true,true,false,false,false,Laptop Repair & Services,,Mandya,2025-06-02T15:50:03.406Z
Sanvi Computers Repair & Services,+,5.0,4 Ratings,"Bannur Road Mandya Subashnagar, Mandya",,,Computer Repair & Services; Laptop Repair & Services,true,true,false,false,true,Laptop Repair & Services,,Mandya,2025-06-02T15:50:03.406Z
Vydika Computers,+,2.7,7 Ratings,"Vinobha Road Subash Nagar Mandya, Mandya",,,Company Authorised Dealer,true,true,false,false,false,Laptop Repair & Services,,Mandya,2025-06-02T15:50:03.406Z
Shri Bhayalakshmi Communications,+,4.5,4 Ratings,"Hosahalli Mandya City, Mandya",,,Computer Repair & Services; Computer Printer Repair & Services,false,true,false,false,false,Laptop Repair & Services,,Mandya,2025-06-02T15:50:03.406Z
VRSS Mobile Service and Net Point,+,5.0,3 Ratings,"Bannur Road Gandhi Nagar Mandya, Mandya",,,Mobile Phone Repair & Services-Xolo; Mobile Phone Repair & Services,true,true,false,false,true,Laptop Repair & Services,,Mandya,2025-06-02T15:50:03.406Z
BSR Mobiles & Laptop,+,5.0,3 Ratings,"Guthal Road Guttalu Mandya, Mandya",,,Company Authorised Dealer,false,true,false,false,true,Laptop Repair & Services,,Mandya,2025-06-02T15:50:03.406Z
Manu Techno Care,M,4.8,3 Ratings,"Court Road Pandavapura, Mandya",,,Computer Repair & Services; CCTV Dealers,true,true,false,false,false,Laptop Repair & Services,,Mandya,2025-06-02T15:50:03.406Z
Arkeshwara computers,+,4.0,3 Ratings,"Teachers Colony Maddur Mandya, Mandya",,,Computer Repair & Services; Laptop Repair & Services,true,true,false,false,false,Laptop Repair & Services,,Mandya,2025-06-02T15:50:03.406Z
Global Computers,+,3.7,3 Ratings,"1st Cross Vidya Nagar Mandya, Mandya",,,All In One Colour Computer Printer Dealers; Computer Repair & Services,true,true,false,false,false,Laptop Repair & Services,,Mandya,2025-06-02T15:50:03.406Z
A2z Computers and Mobile Service,+,3.5,3 Ratings,"Mandya Road Nagamangala, Mandya",,,Company Authorised Dealer,true,true,false,false,false,Laptop Repair & Services,,Mandya,2025-06-02T15:50:03.406Z
Bhyrava Computers,+,3.3,3 Ratings,"Apmc Road Kallahalli, Mandya",,,Computer Repair,true,true,false,false,false,Laptop Repair & Services,,Mandya,2025-06-02T15:50:03.406Z
Bindu Computer Solutions,B,5.0,1 Ratings,"Maddur Mandya, Mandya",,,Computer Repair & Services; Laptop Dealers,true,true,false,false,false,Laptop Repair & Services,,Mandya,2025-06-02T15:50:03.406Z
SB Entereprises,+,5.0,1 Ratings,"Pandavapura, Mandya",,,Laptop Repair & Services; CCTV Installation Services,true,true,false,false,false,Laptop Repair & Services,,Mandya,2025-06-02T15:50:03.406Z
I-Care,+,5.0,1 Ratings,"Karasavadi Road Hosahalli, Mandya",,,Company Authorised Dealer,true,true,false,false,true,Laptop Repair & Services,,Mandya,2025-06-02T15:50:03.406Z
Lekhana Computers,L,5.0,1 Ratings,"Vinobha Road Mandya Subashnagar, Mandya",,,Company Authorised Dealer,true,true,false,false,true,Laptop Repair & Services,,Mandya,2025-06-02T15:50:03.406Z
Kanvika Computer And Prints,+,5.0,1 Ratings,"Vinobha Road Subash Nagar Mandya, Mandya",,,Computer Repair & Services-Apple; Computer Repair & Services,false,true,false,false,false,Laptop Repair & Services,,Mandya,2025-06-02T15:50:03.406Z
Impression Systems,I,5.0,1 Ratings,"Nm Road Pandavapura, Mandya",,,Laptop Repair & Services; Computer Hardware AMC,true,true,false,false,false,Laptop Repair & Services,,Mandya,2025-06-02T15:50:03.406Z
Sri KB Printer Services,+,4.5,1 Ratings,"1 St Cross Gandhi Nagar, Mandya",,,Computer Repair & Services; Laptop Repair & Services,true,true,false,false,true,Laptop Repair & Services,,Mandya,2025-06-02T15:50:03.407Z
S B Enterprises,+,4.0,1 Ratings,"N M Road Pandavapura, Mandya",,,CCTV Installation Services; CCTV Dealers,true,true,false,false,false,Laptop Repair & Services,,Mandya,2025-06-02T15:50:03.407Z
Manju Computer Sales and Services,+,3.5,1 Ratings,"Karasavadi Road Hosahalli Extn, Mandya",,,Computer Repair & Services; Computer Printer Repair & Services,true,true,false,false,false,Laptop Repair & Services,,Mandya,2025-06-02T15:50:03.407Z
Poojan Enterprises,+,3.0,1 Ratings,"3rd Cross Neharu Nagara Mandya, Mandya",,,Company Authorised Dealer,true,true,false,false,false,Laptop Repair & Services,,Mandya,2025-06-02T15:50:03.407Z
Sky Infotech Mysore,+,4.5,3 Ratings,"3rd Floor Sathagalli Layout, Mysore",,,Assembled Computer Repair & Services; Computer Repair & Services,true,true,false,false,true,Laptop Repair & Services,,Mandya,2025-06-02T15:50:03.407Z
Fast Towing Service,<,4.6,21 Ratings,"Mysore Bangalore Road Kallahalli, Mandya",,08734971568,Towing Services,true,true,false,false,true,Car Repair & Services,,Mandya,2025-06-02T15:51:15.653Z
M S Car Garage,<,4.9,24 Ratings,"B M Road Mandya Rural, Mandya",,08511768244,Car Repair & Services; Car Dealers,true,true,false,false,true,Car Repair & Services,,Mandya,2025-06-02T15:51:15.654Z
Maddur Car Garage Work,<,4.0,5 Ratings,"Bm Road Maddur Mandya, Mandya",,08460261251,Car Repair & Services; Garages,true,true,false,false,true,Car Repair & Services,,Mandya,2025-06-02T15:51:15.654Z
Chiloka Motors,<,3.7,159 Ratings,"B B M Road Mandya, Mandya",,07383637347,Company Authorised Dealer; DoorStep Service; 24x7 Customer Support,true,true,false,false,false,Car Repair & Services,,Mandya,2025-06-02T15:51:15.654Z
C S Car Garage,<,3.1,4 Ratings,"M B Road Mandya Rural, Mandya",,08460533237,Car Repair & Services; Garages,true,true,false,false,false,Car Repair & Services,,Mandya,2025-06-02T15:51:15.654Z
Pragadhishwaran Auto Electrical Works and Garage,<,5.0,6 Ratings,"B M Main Road Maddur Mandya, Mandya",,09980804962,Towing Services,true,true,false,true,true,Car Repair & Services,,Mandya,2025-06-02T15:51:15.654Z
Msk Car Garage,<,4.7,10 Ratings,"Somanahalli Maddur Mandya, Mandya",,09972809085,DoorStep Service,true,true,false,false,true,Car Repair & Services,,Mandya,2025-06-02T15:51:15.654Z
Mandya Towing Service,<,5.0,146 Ratings,"Mohalla Guttalu Mandya, Mandya",,08734937754,Towing Services,true,true,false,false,true,Car Repair & Services,,Mandya,2025-06-02T15:51:15.654Z
Multibrand Automotive,<,5.0,11 Ratings,"BM Road Mandya HO, Mandya",,,Car Repair & Services; Second Hand Car Dealers,true,true,false,false,true,Car Repair & Services,,Mandya,2025-06-02T15:51:15.654Z
A N Car Garage,<,4.4,11 Ratings,"Road Malavalli Malavalli, Mandya",,,Car Repair & Services; Car Repair & Services-Maruti Suzuki,true,true,false,false,true,Car Repair & Services,,Mandya,2025-06-02T15:51:15.654Z
Tumkur Radiator Work,+,4.6,5 Ratings,"Bm Service Road Bellur Cross, Mandya",,,Radiator Repair & Services; Car Repair & Services,true,true,false,false,false,Car Repair & Services,,Mandya,2025-06-02T15:51:15.654Z
Nadeem Car Garage,N,5.0,1 Ratings,"Nagamangla Road Pandavapura, Mandya",,,Car Repair & Services; Garages,true,true,false,false,true,Car Repair & Services,,Mandya,2025-06-02T15:51:15.654Z
Sbs Car Garage,S,4.0,4 Ratings,"Road NH-75 Bellur Mandya, Mandya",,,Car Repair & Services; 24 Hours Car Repair & Services,true,true,false,false,false,Car Repair & Services,,Mandya,2025-06-02T15:51:15.654Z
Karnataka Auto Electrical & Mechanic Works,+,4.8,5 Ratings,"B M Road Baburayanakoppal, Mandya",,,Car Repair & Services; 24 Hours Car Repair & Services,true,true,false,false,true,Car Repair & Services,,Mandya,2025-06-02T15:51:15.654Z
Towing and Mecahnical Indian Deisel and Petrol Works,+,4.8,15 Ratings,"Bm Road Bellur, Mandya",,,Car Repair & Services; 24 Hours Car Repair & Services,true,true,false,false,true,Car Repair & Services,,Mandya,2025-06-02T15:51:15.654Z
ADD Motors,+,4.3,6 Ratings,"M N Road Pandavapura, Mandya",,,Car Repair & Services-Nissan; Car Repair & Services,true,true,false,true,true,Car Repair & Services,,Mandya,2025-06-02T15:51:15.654Z
Advaith Hyundai,+,4.8,897 Ratings,"Kallahalli Road M C Road Mandya, Mandya",,,Delivery Available,true,true,false,true,true,Car Repair & Services,,Mandya,2025-06-02T15:51:15.654Z
India Garage,+,4.6,576 Ratings,"Swarnasandra Colony Mandya, Mandya",,,Delivery Available,true,true,false,false,true,Car Repair & Services,,Mandya,2025-06-02T15:51:15.654Z
Car Repair Shop,C,4.9,269 Ratings,"Krs Main Road Holalu Mandya, Mandya",,,Car Repair & Services,true,true,false,false,true,Car Repair & Services,,Mandya,2025-06-02T15:51:15.654Z
Md Start Auto Works,+,4.9,202 Ratings,"Star M C Road Mandya, Mandya",,,Oil Change; On Site Services; On-site Repair,true,true,false,false,true,Car Repair & Services,,Mandya,2025-06-02T15:51:15.654Z
Chiloka Motors,C,3.7,159 Ratings,"Ashok Nagar Mandya, Mandya",,,Car Repair & Services,true,true,false,false,false,Car Repair & Services,,Mandya,2025-06-02T15:51:15.654Z
Maruti Service Center,M,4.0,131 Ratings,"V V Nagar Azad Nagar Mandya, Mandya",,,Car Repair & Services; Car Electric Work Services,true,true,false,false,true,Car Repair & Services,,Mandya,2025-06-02T15:51:15.654Z
Powerstar Car Mechanic Online Service,P,4.9,56 Ratings,"Mandya Krs Main Road Pandavapura, Mandya",,,Oil Change,false,true,false,false,true,Car Repair & Services,,Mandya,2025-06-02T15:51:15.654Z
Prerana Motors Pvt Ltd,P,3.8,69 Ratings,"Srirangapatna Fort Mandya, Srirangapatna",,,On Site Services,true,true,false,false,false,Car Repair & Services,,Mandya,2025-06-02T15:51:15.654Z
M D STAR AUTO WORKS,+,4.8,43 Ratings,"BM Road M C Road Mandya, Mandya",,,DoorStep Service,true,true,false,false,true,Car Repair & Services,,Mandya,2025-06-02T15:51:15.654Z
Md Star Auto Works,+,4.8,43 Ratings,"Gate Mandya Gandhi Nagar Mandya, Mandya",,,Car Repair & Services; 24 Hours Car Repair & Services,true,true,false,false,false,Car Repair & Services,,Mandya,2025-06-02T15:51:15.655Z
J K Cars Clinic,+,4.0,51 Ratings,"B M Road Maddur Mandya, Mandya",,,Car Repair & Services-Nissan; Car Repair & Services,true,true,false,false,true,Car Repair & Services,,Mandya,2025-06-02T15:51:15.655Z
Jp Motors,+,4.6,32 Ratings,"Cmhxp62 Kirangoor, Mandya",,,On Site Services; DoorStep Service,false,true,false,false,false,Car Repair & Services,,Mandya,2025-06-02T15:51:15.655Z
Indian Auto Garage,+,4.2,33 Ratings,"BM Road M C Road Mandya, Mandya",,,DoorStep Service; Car Pickup And Drop; Customer Friendly Service Stations,true,true,false,false,true,Car Repair & Services,,Mandya,2025-06-02T15:51:15.655Z
City Service Station,+,4.4,30 Ratings,"B M C Road Mandya, Mandya",,,Customer Lounge; Customer Friendly Service Stations; Towing Services,true,true,false,false,true,Car Repair & Services,,Mandya,2025-06-02T15:51:15.655Z
Car Surgeons,+,4.9,24 Ratings,"MC Road M C Road Mandya, Mandya",,,Company Authorised Dealer; Oil Change; On Site Services,true,true,false,false,true,Car Repair & Services,,Mandya,2025-06-02T15:51:15.655Z
Elahi Car and Tractors,+,4.5,22 Ratings,"Kanakapura Main Road Halagur, Mandya",,,Car Restoration Services; Car Repair & Services,true,true,false,false,false,Car Repair & Services,,Mandya,2025-06-02T15:51:15.655Z
Sevanth Motors,S,4.0,24 Ratings,"Sh17 Madduru Maddur Mandya, Mandya",,,Car Repair & Services; Motorcycle Dealers,true,true,false,false,false,Car Repair & Services,,Mandya,2025-06-02T15:51:15.655Z
Siddiq Car Care,+,4.8,19 Ratings,"Bm Road Srirangapatna, Srirangapatna",,,Car Repair & Services; Tyre Puncture Repair,true,true,false,false,false,Car Repair & Services,,Mandya,2025-06-02T15:51:15.655Z
Babu Honda Services,B,3.5,26 Ratings,"Mysore Road Srirangapatna, Srirangapatna",,,Car Repair & Services; Tyre Puncture Repair,true,true,false,false,false,Car Repair & Services,,Mandya,2025-06-02T15:51:15.655Z
Nimishambha Wheel Alignment,+,4.8,18 Ratings,"Nehru Nagar Guttalu Mandya, Mandya",,,Car Repair & Services,true,true,false,false,false,Car Repair & Services,,Mandya,2025-06-02T15:51:15.655Z
Basvesawara Car Garage,B,4.7,15 Ratings,"Baburayanakoppal, Mandya",,,Car Repair & Services; Garages,true,true,false,false,false,Car Repair & Services,,Mandya,2025-06-02T15:51:15.655Z
Jk Car Clinic,+,3.9,17 Ratings,"Mysore Road Shivapura Maddur, Mandya",,,Company Authorised Dealer,true,true,false,false,false,Car Repair & Services,,Mandya,2025-06-02T15:51:15.655Z
Bharath Puncher Shop,B,4.0,15 Ratings,"Gate T M Hosur, Mandya",,,Car Repair & Services; Garages,true,true,false,false,false,Car Repair & Services,,Mandya,2025-06-02T15:51:15.655Z
Sri Rama Water Service Station,+,4.0,15 Ratings,"B M Road Mandya, Mandya",,,Car Repair & Services; Car Polishing Services,true,true,false,false,false,Car Repair & Services,,Mandya,2025-06-02T15:51:15.655Z
Chinni Scooter Garage,C,4.9,12 Ratings,".Nagamangala Road Bellur Cross, Mandya",,,Company Authorised Dealer,true,true,false,false,false,Car Repair & Services,,Mandya,2025-06-02T15:51:15.655Z
Cool Touch Car AC Service,+,4.6,12 Ratings,"M C Road Mandya City, Mandya",,,Car Repair & Services; Car Repair & Services-Mahindra,true,true,false,false,false,Car Repair & Services,,Mandya,2025-06-02T15:51:15.655Z
GoMechanic,+,4.8,11 Ratings,"Road Srirangapatna Fort Mandya, Srirangapatna",,,On Site Services; DoorStep Service; Oil Change,true,true,false,false,false,Car Repair & Services,,Mandya,2025-06-02T15:51:15.655Z
Taj Car Clinic,+,4.2,12 Ratings,"Bellur Cross Arani Mandya, Mandya",,,Oil Change; Customer Lounge,true,true,false,false,true,Car Repair & Services,,Mandya,2025-06-02T15:51:15.655Z
Sri Mahadeswara Towing Services And Recovery,+,5.0,10 Ratings,"Mysore Road Srirangapatna, Srirangapatna",,,Car Repair & Services; Garages,true,true,false,false,false,Car Repair & Services,,Mandya,2025-06-02T15:51:15.655Z
A.M.Auto Works,A,4.4,11 Ratings,"M.c.road Maddur Mandya, Mandya",,,Automobile Electrical Works; Car Repair & Services,true,true,false,false,true,Car Repair & Services,,Mandya,2025-06-02T15:51:15.655Z
Hn Engine Decarbonization Point,H,4.8,10 Ratings,"Madduramma Temple St Maddur, Mandya",,,Car Repair & Services; Garages,true,true,false,false,false,Car Repair & Services,,Mandya,2025-06-02T15:51:15.655Z
4 Chakra,4,4.1,11 Ratings,"Highway Srirangapatna, Srirangapatna",,,Car Repair & Services; Tyre Puncture Repair,true,true,false,false,false,Car Repair & Services,,Mandya,2025-06-02T15:51:15.655Z
New Auto Electricals Works,+,4.7,8 Ratings,"Bandegowda Layout Mandya, Mandya",,,Automobile Electrical Works; Car Repair & Services,true,true,false,false,false,Car Repair & Services,,Mandya,2025-06-02T15:51:15.655Z
Manipal Hospital,<,4.4,13 Ratings,"Mysore Modur, Mandya",,08460461312,,true,true,false,true,true,Best Dermatologists,,Mandya - Book Appointment Online,2025-06-02T15:52:29.057Z
Apollo BGS Hospital,<,4.8,"37,688 Ratings","Mysore M C Road Mandya, Mandya",,08460544018,,true,true,false,false,true,Best Dermatologists,,Mandya - Book Appointment Online,2025-06-02T15:52:29.057Z
Kaveri Nursing Home,<,3.8,68 Ratings,"1st Cross Ashok Nagar Mandya, Mandya",,,,true,true,false,false,true,Best Dermatologists,,Mandya - Book Appointment Online,2025-06-02T15:52:29.057Z
Lifeline Clinic and Research Institute,<,4.2,419 Ratings,"Station Road Station Road, Jalgaon",,,,true,true,false,true,true,Best Dermatologists,,Mandya - Book Appointment Online,2025-06-02T15:52:29.057Z
Lakme Salon,<,4.5,338 Ratings,"Vivekananda Road B M Road Mandya, Mandya",,,,true,true,false,false,true,Best Dermatologists,,Mandya - Book Appointment Online,2025-06-02T15:52:29.058Z
Sparsha Skin Care Clinic,<,3.7,69 Ratings,"VV Road Ashok Nagar Mandya, Mandya",,,,true,true,false,false,false,Best Dermatologists,,Mandya - Book Appointment Online,2025-06-02T15:52:29.058Z
Dr Navyashree S,<,4.7,53 Ratings,"Ashok Nagar, Mandya",,,,true,false,false,false,true,Best Dermatologists,,Mandya - Book Appointment Online,2025-06-02T15:52:29.058Z
Dr Mourya Skin Care,<,4.7,49 Ratings,"Hospital Road Ashok Nagar, Mandya",,,,true,true,false,false,true,Best Dermatologists,,Mandya - Book Appointment Online,2025-06-02T15:52:29.058Z
Big Boss Mens Beauty Parlour,<,4.1,41 Ratings,"6th Cross Subash Nagar Mandya, Mandya",,,,true,true,false,false,true,Best Dermatologists,,Mandya - Book Appointment Online,2025-06-02T15:52:29.058Z
New Trupthi Hair Styles,<,3.7,22 Ratings,"Feet Road Gandhi Nagar Mandya, Mandya",,,Dermatologists,true,true,false,false,false,Best Dermatologists,,Mandya - Book Appointment Online,2025-06-02T15:52:29.058Z
Dr. Shahikumar B M,D,4.5,6 Ratings,"Mandya Ho, Mandya",,,Aesthetic Dermatology Consultation,true,true,false,false,false,Best Dermatologists,,Mandya - Book Appointment Online,2025-06-02T15:52:29.058Z
Dr. Rajashekara M L,D,4.3,3 Ratings,"Malavalli, Mandya",,,Aesthetic Dermatology Consultation,true,true,false,false,true,Best Dermatologists,,Mandya - Book Appointment Online,2025-06-02T15:52:29.058Z
Sri Mahadeswara Clinic,S,3.5,2 Ratings,"Road Maddur Mandya, Mandya",,,,false,true,false,false,false,Best Dermatologists,,Mandya - Book Appointment Online,2025-06-02T15:52:29.058Z
Bro Hair Salon,+,5.0,1 Ratings,"Road Chamundeshwari Nagar Mandya, Mandya",,,Dermatologists,true,true,false,false,true,Best Dermatologists,,Mandya - Book Appointment Online,2025-06-02T15:52:29.059Z
Dr. Venu,D,5.0,1 Ratings,"Nehru Nagar Mandya, Mandya",,,,false,true,false,false,true,Best Dermatologists,,Mandya - Book Appointment Online,2025-06-02T15:52:29.059Z
Dr.Sarda Okram,D,3.0,1 Ratings,"Balagangadaranathnagar, Mandya",,,Aesthetic Dermatology Consultation,false,true,false,false,false,Best Dermatologists,,Mandya - Book Appointment Online,2025-06-02T15:52:29.059Z
Dr Karunakara Nagarajegowda Multispeciality Hospital,+,4.5,90 Ratings,"Ring Road-Rajivnagar, Mysore",,09725553965,,true,true,false,true,true,Best Dermatologists,,Mandya - Book Appointment Online,2025-06-02T15:52:29.059Z
DSC Health Care,D,5.0,562 Ratings,"Mysore-Bannur Road Yaraganahalli, Mysore",,,,true,true,false,false,true,Best Dermatologists,,Mandya - Book Appointment Online,2025-06-02T15:52:29.059Z
Manipal Hospital,+,4.6,"9,139 Ratings","Mysore Ring Road Siddique Nagar, Mysore",,08460270409,,true,true,false,true,true,Best Dermatologists,,Mandya - Book Appointment Online,2025-06-02T15:52:29.059Z
Dr. Ravi S (Manipal Hospital),D,4.1,22 Ratings,"Road Junction Siddique Nagar, Mysore",,,,true,true,false,false,true,Best Dermatologists,,Mandya - Book Appointment Online,2025-06-02T15:52:29.059Z
Bharath Clinic Dr Munavar,B,3.5,4 Ratings,"Main Road Mahadevapura, Mysore",,,,true,true,false,false,false,Best Dermatologists,,Mandya - Book Appointment Online,2025-06-02T15:52:29.059Z
Shubhodaya Multispeciality Hospital,+,3.6,128 Ratings,"Layout Raghavendra Nagar, Mysore",,,,true,true,false,false,false,Best Dermatologists,,Mandya - Book Appointment Online,2025-06-02T15:52:29.059Z
FOREVER Wellness And Aesthetics,+,4.8,38 Ratings,"2nd Cross Rajendranagar, Mysore",,,,true,true,false,false,true,Best Dermatologists,,Mandya - Book Appointment Online,2025-06-02T15:52:29.059Z
Dr. Imtiyaz Muhammed Khan,D,5.0,2 Ratings,"M G Road Udayagiri, Mysore",,,Aesthetic Dermatology Consultation,true,true,false,false,false,Best Dermatologists,,Mandya - Book Appointment Online,2025-06-02T15:52:29.059Z
Mysuru Unani CARE & Hijama Centre,+,4.7,81 Ratings,"M.G. Main Road Udayagiri, Mysore",,,,true,true,false,false,true,Best Dermatologists,,Mandya - Book Appointment Online,2025-06-02T15:52:29.059Z
Cauvery Heart And Multispeciality Hospital,+,4.4,"3,843 Ratings","Yaragna Halli Siddarthanagar, Mysore",,,,true,true,false,false,true,Best Dermatologists,,Mandya - Book Appointment Online,2025-06-02T15:52:29.059Z
Dr Corner,D,4.2,6 Ratings,"Road C/o MZ MEDICLES Udayagiri, Mysore",,,,true,false,false,false,true,Best Dermatologists,,Mandya - Book Appointment Online,2025-06-02T15:52:29.059Z
Dr. Naragaj M K (Benaka Skin Care),D,5.0,1 Ratings,"Road Narasimharaja Mohalla, Mysore",,,,true,true,false,false,true,Best Dermatologists,,Mandya - Book Appointment Online,2025-06-02T15:52:29.060Z
Family Saloon,+,3.8,14 Ratings,"Vinaya Marga Siddarthanagar, Mysore",,,,true,true,false,false,false,Best Dermatologists,,Mandya - Book Appointment Online,2025-06-02T15:52:29.060Z
St. Joseph's Hospital,+,4.2,585 Ratings,"Bangalore Highway Bannimantap, Mysore",,,,true,true,false,false,true,Best Dermatologists,,Mandya - Book Appointment Online,2025-06-02T15:52:29.060Z
Dr. Gokul Naidu G (Radiance Skin Hair & Cosmetology Clinic),D,4.6,5 Ratings,"Mysuru -1 Siddarthanagar, Mysore",,,,false,true,false,false,true,Best Dermatologists,,Mandya - Book Appointment Online,2025-06-02T15:52:29.060Z
Dr. Devakumar Idra B (Skin Clinic),D,4.1,7 Ratings,"Siddarthanagar, Mysore",,,,true,true,false,false,true,Best Dermatologists,,Mandya - Book Appointment Online,2025-06-02T15:52:29.060Z
SLES Hospital,+,3.9,65 Ratings,"Main Road Narasimharaja Mohalla, Mysore",,,,true,true,false,false,false,Best Dermatologists,,Mandya - Book Appointment Online,2025-06-02T15:52:29.060Z
Dr. Shilpa Sharath Kumar (Mediwave Ivf And Fertility Research Hospital),D,3.0,1 Ratings,"Sayyaji New Sayyaji Rao Road, Mysore",,,,true,true,false,false,false,Best Dermatologists,,Mandya - Book Appointment Online,2025-06-02T15:52:29.060Z
Lime Light Family Salon,L,3.0,3 Ratings,"Siddarthanagar, Mysore",,,,true,true,false,false,false,Best Dermatologists,,Mandya - Book Appointment Online,2025-06-02T15:52:29.060Z
Dr Devakumar Indra,+,5.0,1 Ratings,"Ahimsa Marg Siddarthanagar, Mysore",,,,true,true,false,false,false,Best Dermatologists,,Mandya - Book Appointment Online,2025-06-02T15:52:29.060Z
Navarneel Herbal Beauty Care,+,5.0,2 Ratings,"Vinaya Marga Road Siddarthanagar, Mysore",,,,true,true,false,false,true,Best Dermatologists,,Mandya - Book Appointment Online,2025-06-02T15:52:29.060Z
Dr. Subramanyam S,D,4.3,3 Ratings,"Ashoka Road, Mysore",,,,false,true,false,false,false,Best Dermatologists,,Mandya - Book Appointment Online,2025-06-02T15:52:29.060Z
Sait Clinic,+,4.2,21 Ratings,"No 258/A Ashoka Road, Mysore",,08511254566,,true,true,false,false,true,Best Dermatologists,,Mandya - Book Appointment Online,2025-06-02T15:52:29.060Z
Sanjeevini Skin & Laser Centre,S,3.2,22 Ratings,"Mysuru Sayyaji Rao Road, Mysore",,,,true,true,false,false,false,Best Dermatologists,,Mandya - Book Appointment Online,2025-06-02T15:52:29.060Z
Dr. Amarlal K (Hale N Healthy),D,4.8,4 Ratings,"1st Main Devaraja Mohalla, Mysore",,,,false,true,false,false,false,Best Dermatologists,,Mandya - Book Appointment Online,2025-06-02T15:52:29.060Z
Dr. Nagaraj M K (benaka Skin Care),D,5.0,1 Ratings,"St Marys Main Road Mysore Ho, Mysore",,,,true,true,false,false,false,Best Dermatologists,,Mandya - Book Appointment Online,2025-06-02T15:52:29.060Z
Priyadarshini General Hospital,+,4.3,178 Ratings,"4th cross Brindavan Extension, Mysore",,,,true,true,false,false,true,Best Dermatologists,,Mandya - Book Appointment Online,2025-06-02T15:52:29.060Z
Bharat Clinic,B,3.7,3 Ratings,"Bangalore Nilgiri Road Nazarbad, Mysore",,,,true,true,false,false,false,Best Dermatologists,,Mandya - Book Appointment Online,2025-06-02T15:52:29.060Z
Mission Hospital,M,4.0,252 Ratings,"Mandi Mohalla, Mysore",,,,false,true,false,false,true,Best Dermatologists,,Mandya - Book Appointment Online,2025-06-02T15:52:29.060Z
CSI Holdsworth Memorial Hospital & College Of Nursing,+,4.2,8 Ratings,"Post Box No.38 Mandi Mohalla, Mysore",,,,false,true,false,false,true,Best Dermatologists,,Mandya - Book Appointment Online,2025-06-02T15:52:29.061Z
Dr. Savitha T G,D,3.6,16 Ratings,"Irwin Road Mandi Mohalla, Mysore",,,,true,false,false,false,false,Best Dermatologists,,Mandya - Book Appointment Online,2025-06-02T15:52:29.061Z
Mysore Skin Care & Cosmetology Centre,M,3.2,55 Ratings,"1st Cross New Bamboo Bazar, Mysore",,,,true,true,false,false,false,Best Dermatologists,,Mandya - Book Appointment Online,2025-06-02T15:52:29.061Z
Dr. Somasunder Ms (mysore Skin Care And Cosmetology Center),D,4.2,88 Ratings,"New Sayyaji Road Kabir Road, Mysore",,,,false,true,false,false,true,Best Dermatologists,,Mandya - Book Appointment Online,2025-06-02T15:52:29.061Z
K V Shankaragowda Memorial Sahana Dental Clinic,<,5.0,731 Ratings,"Vishweshwaraiah Road Mandya, Mandya",,09724420012,,true,true,false,false,true,Best Dentists,,Mandya - Book Appointment Online,2025-06-02T15:53:41.510Z
Dantha Gudi Super Speciality Dental Clinic,<,4.3,22 Ratings,"K R S Road Pandavapura, Mandya",,08460447752,,true,false,false,true,true,Best Dentists,,Mandya - Book Appointment Online,2025-06-02T15:53:41.510Z
Apollo BGS Hospital,<,4.8,"37,688 Ratings","Mysore M C Road Mandya, Mandya",,08460544018,,true,true,false,false,true,Best Dentists,,Mandya - Book Appointment Online,2025-06-02T15:53:41.510Z
Manipal Hospital,<,4.4,13 Ratings,"Mysore Modur, Mandya",,08460461312,,true,true,false,true,true,Best Dentists,,Mandya - Book Appointment Online,2025-06-02T15:53:41.511Z
Gowrishankara Multispeciality Dental Clinic,<,4.5,32 Ratings,"Sugar Old MC Road Mandya, Mandya",,,,true,true,false,false,true,Best Dentists,,Mandya - Book Appointment Online,2025-06-02T15:53:41.511Z
Padmashree Dental Clinic,<,4.7,10 Ratings,"V V Road Ashok Nagar Mandya, Mandya",,,,true,false,false,false,true,Best Dentists,,Mandya - Book Appointment Online,2025-06-02T15:53:41.511Z
Kumar Dental Clinic,<,4.4,44 Ratings,"2nd Cross Vidya Nagar Mandya, Mandya",,,,true,true,false,false,true,Best Dentists,,Mandya - Book Appointment Online,2025-06-02T15:53:41.511Z
Aster G Madegowda Hospital,<,4.7,956 Ratings,"Malvalli Road Bharathinagar, Mandya",,,,false,true,false,false,true,Best Dentists,,Mandya - Book Appointment Online,2025-06-02T15:53:41.511Z
Clove Dental,<,4.8,481 Ratings,"Uttarahalli Main Road Mandya, Mandya",,,,true,true,false,false,true,Best Dentists,,Mandya - Book Appointment Online,2025-06-02T15:53:41.511Z
Danthaloka,<,4.9,159 Ratings,"Main Road Mandya Subashnagar, Mandya",,,,true,true,false,false,true,Best Dentists,,Mandya - Book Appointment Online,2025-06-02T15:53:41.511Z
Abhi Dental Clinic,+,4.6,160 Ratings,"Road Gandhi Nagar Mandya, Mandya",,,,true,true,false,false,true,Best Dentists,,Mandya - Book Appointment Online,2025-06-02T15:53:41.512Z
B L Family Oro Dental Care,+,4.9,48 Ratings,"Sbm Road Maddur Mandya, Mandya",,,,true,true,false,false,true,Best Dentists,,Mandya - Book Appointment Online,2025-06-02T15:53:41.512Z
Cauvery Dental Clinic & Implant Center,+,4.7,34 Ratings,"Sbm Road Maddur Mandya, Mandya",,,,true,true,false,false,true,Best Dentists,,Mandya - Book Appointment Online,2025-06-02T15:53:41.512Z
Nagu Dental And Polyclinic,N,5.0,30 Ratings,"Kollegal Road Malavalli, Mandya",,,,false,true,false,false,true,Best Dentists,,Mandya - Book Appointment Online,2025-06-02T15:53:41.512Z
Pranav Dental Care,+,4.8,30 Ratings,"Mysore Main Road Malavalli, Mandya",,,,true,true,false,false,true,Best Dentists,,Mandya - Book Appointment Online,2025-06-02T15:53:41.512Z
Jaya Cosmetic Dental Clinic,+,5.0,21 Ratings,"Hospital Nehru Nagar Mandya, Mandya",,,,true,true,false,false,true,Best Dentists,,Mandya - Book Appointment Online,2025-06-02T15:53:41.512Z
BMK MULTISPECIALITY DENTAL CLINIC,+,4.9,20 Ratings,"Gandhi Nagara Mandya Mandya City, Mandya",,,,true,true,false,false,true,Best Dentists,,Mandya - Book Appointment Online,2025-06-02T15:53:41.512Z
Dr. Jayakumar Gc (Kumar Dental Clinic),D,4.8,19 Ratings,"Gandhinagar, Mandya",,,,false,false,false,false,false,Best Dentists,,Mandya - Book Appointment Online,2025-06-02T15:53:41.513Z
Slv Dental Clinic,S,4.8,16 Ratings,"maddur road Malavalli, Mandya",,,,true,true,false,false,true,Best Dentists,,Mandya - Book Appointment Online,2025-06-02T15:53:41.513Z
Olive Dental Care,O,4.9,15 Ratings,"Mc Road Ashok Nagar, Mandya",,,,true,false,false,false,false,Best Dentists,,Mandya - Book Appointment Online,2025-06-02T15:53:41.513Z
Deetya Multuspeciality Dental Clinic,D,4.7,15 Ratings,"Sbm Road Maddur Mandya, Mandya",,,,true,true,false,false,true,Best Dentists,,Mandya - Book Appointment Online,2025-06-02T15:53:41.513Z
Mangala Dental Clinic,M,4.0,17 Ratings,"V V Road Vidya Nagar Mandya, Mandya",,,,true,true,false,false,false,Best Dentists,,Mandya - Book Appointment Online,2025-06-02T15:53:41.513Z
Santhosh Poly Clinic,+,4.5,15 Ratings,"NM Road Pandwapura Pandavapura, Mandya",,,,true,true,false,false,true,Best Dentists,,Mandya - Book Appointment Online,2025-06-02T15:53:41.513Z
Danthaloka Super Speciality Dental Hospital,+,5.0,13 Ratings,"Main Road Mandya Rural, Mandya",,,,true,true,false,false,true,Best Dentists,,Mandya - Book Appointment Online,2025-06-02T15:53:41.514Z
Sumukha Dental Care (Laser And Implant Centre),S,4.7,9 Ratings,"Subash Nagar, Mandya",,,,true,true,false,false,false,Best Dentists,,Mandya - Book Appointment Online,2025-06-02T15:53:41.514Z
Dr. R G Anupama Vivekananda,D,5.0,8 Ratings,"Bandi M C Road Mandya, Mandya",,,,false,true,false,false,true,Best Dentists,,Mandya - Book Appointment Online,2025-06-02T15:53:41.514Z
Smiles Hospitals,+,4.7,7 Ratings,"3rd Cross Ashok Nagar, Mandya",,,Laser Dentistry,true,true,false,false,true,Best Dentists,,Mandya - Book Appointment Online,2025-06-02T15:53:41.514Z
Shri Lakshmi Narasimha Swamy Dental Clinic,+,4.7,7 Ratings,"Maddur Taluk Koppa Mandya, Mandya",,,,true,true,false,false,false,Best Dentists,,Mandya - Book Appointment Online,2025-06-02T15:53:41.514Z
mandya Cosmetic Dental Clinic Specialist Centre,m,5.0,6 Ratings,"V V Road Ashok Nagar Mandya, Mandya",,,,true,true,false,false,true,Best Dentists,,Mandya - Book Appointment Online,2025-06-02T15:53:41.514Z
Sri Krupa Dental Clinic,S,5.0,6 Ratings,"Hosahalli Circle Mandya Ho, Mandya",,,,true,true,false,false,false,Best Dentists,,Mandya - Book Appointment Online,2025-06-02T15:53:41.515Z
Sri Krupa Dental Clinic,S,5.0,6 Ratings,"Vv Road Vidya Nagar, Mandya",,,,true,true,false,false,false,Best Dentists,,Mandya - Book Appointment Online,2025-06-02T15:53:41.515Z
Kushal Dental Clinic,K,4.6,6 Ratings,"Guthal Road Guttalu Mandya, Mandya",,,,true,true,false,false,false,Best Dentists,,Mandya - Book Appointment Online,2025-06-02T15:53:41.515Z
Shivashakthi Dental Clinic And Medicals,S,4.6,5 Ratings,"Old Mysore Road Krishnarajpete, Mandya",,,,false,true,false,false,false,Best Dentists,,Mandya - Book Appointment Online,2025-06-02T15:53:41.515Z
Sneha Dental Clinic,S,4.4,5 Ratings,"100 Feet Road Gandhi Nagar, Mandya",,,,true,true,false,false,true,Best Dentists,,Mandya - Book Appointment Online,2025-06-02T15:53:41.515Z
Jaya Cosmetic Dental Centre,J,4.9,4 Ratings,"G.h Road Mandya Ho, Mandya",,,,true,true,false,false,false,Best Dentists,,Mandya - Book Appointment Online,2025-06-02T15:53:41.515Z
Sanjeevini Dental Clinic,S,4.5,4 Ratings,"Bandi M C Road Mandya, Mandya",,,,false,true,false,false,false,Best Dentists,,Mandya - Book Appointment Online,2025-06-02T15:53:41.515Z
Sahana Dental Clinic,S,4.5,4 Ratings,"V V Road Mandya City, Mandya",,,,true,true,false,false,false,Best Dentists,,Mandya - Book Appointment Online,2025-06-02T15:53:41.515Z
Sr Dental Clinic,S,4.5,4 Ratings,"Ashok Nagar, Mandya",,,,false,true,false,false,false,Best Dentists,,Mandya - Book Appointment Online,2025-06-02T15:53:41.515Z
B K Dental Clinic,B,5.0,3 Ratings,"Beerasettihalli, Mandya",,,,true,true,false,false,false,Best Dentists,,Mandya - Book Appointment Online,2025-06-02T15:53:41.515Z
Poojashree Dental Clinic,+,5.0,3 Ratings,"Bus Stand Road Mandya Ho, Mandya",,,,true,true,false,false,false,Best Dentists,,Mandya - Book Appointment Online,2025-06-02T15:53:41.515Z
Suman Dental Designers,+,5.0,3 Ratings,"Road Ashok Nagar Mandya, Mandya",,,,true,true,false,false,false,Best Dentists,,Mandya - Book Appointment Online,2025-06-02T15:53:41.515Z
Dr. Vijay Kumar B (B K Dental Clinic),D,4.7,3 Ratings,"Mandya Circle Pandavapura, Mandya",,,,true,true,false,false,false,Best Dentists,,Mandya - Book Appointment Online,2025-06-02T15:53:41.516Z
Shanthi Dental Clinic,S,3.5,4 Ratings,"Old Kikkeri Road Krishnarajapete, Mandya",,,,true,true,false,false,false,Best Dentists,,Mandya - Book Appointment Online,2025-06-02T15:53:41.516Z
Nihaal Dental Care,+,4.3,3 Ratings,"Chamundeshwari Nagar Mandya, Mandya",,,,true,false,false,false,true,Best Dentists,,Mandya - Book Appointment Online,2025-06-02T15:53:41.516Z
Dr. Devagowda,D,5.0,2 Ratings,"Ashok Nagar Ashok Nagar Mandya, Mandya",,,Dentists,true,true,false,false,false,Best Dentists,,Mandya - Book Appointment Online,2025-06-02T15:53:41.516Z
Shri Nimishambha Dental Clinic,+,5.0,2 Ratings,"Bm Road Srirangapatna, Srirangapatna",,,,true,true,false,false,false,Best Dentists,,Mandya - Book Appointment Online,2025-06-02T15:53:41.516Z
Dr. Arun Kumar (Kumar Dental Clinic),D,5.0,2 Ratings,"2nd Cross Gandhi Nagar Mandya, Mandya",,,,true,true,false,false,false,Best Dentists,,Mandya - Book Appointment Online,2025-06-02T15:53:41.516Z
Dr. Abhinandan K J Gowda (Abhi Dental Clinic),D,5.0,2 Ratings,"Main Road Gandhi Nagar Mandya, Mandya",,,,false,true,false,false,false,Best Dentists,,Mandya - Book Appointment Online,2025-06-02T15:53:41.516Z
Sagar Dental Clinic,S,3.3,3 Ratings,"Guttal Road Guttalu Mandya, Mandya",,,,false,true,false,false,false,Best Dentists,,Mandya - Book Appointment Online,2025-06-02T15:53:41.516Z
Arunkumar Km Electrician,<,5.0,1 Ratings,"Konanahalli Village Konanahalli, Mandya",,08792486139,Electricians; Electricians For Residence,true,true,false,true,true,Electricians,,Mandya,2025-06-02T15:54:53.323Z
Shri Mallikarjuna Electricals,<,4.0,6 Ratings,"Ashoka Complex Guttalu Mandya, Mandya",,08105650343,Electricians; Electricians For Residence,true,true,false,false,false,Electricians,,Mandya,2025-06-02T15:54:53.324Z
Sree Maruthi Enterprises,<,5.0,5 Ratings,"Old Mysore Road Krishnarajapete, Mandya",,,Electricians; Plumbers,false,true,false,false,true,Electricians,,Mandya,2025-06-02T15:54:53.324Z
Shree Lakshmi Enterprises,<,4.0,2 Ratings,"No 343 Nagamangala, Mandya",,,Electricians; Electrical Contractors,true,true,false,false,false,Electricians,,Mandya,2025-06-02T15:54:53.324Z
Electrical Solutions,<,2.5,2 Ratings,"Holalu Circle Holalu Road, Mandya",,,Electricians; Fan Repair & Services,true,true,false,false,false,Electricians,,Mandya,2025-06-02T15:54:53.324Z
Sri Ramanjaneya Electricals,<,5.0,2 Ratings,"Kalahalli Kallahalli, Mandya",,,Electricians; Labour Contractors,true,true,false,false,true,Electricians,,Mandya,2025-06-02T15:54:53.325Z
Revan Construction,<,5.0,5 Ratings,"Cheeranahalli Road Halahalli, Mandya",,,Industrial; Building,true,true,false,false,true,Electricians,,Mandya,2025-06-02T15:54:53.325Z
Mudasir Electrician,<,4.4,72 Ratings,"9th Cross Halahalli, Mandya",,,Electricians; Electronic Goods Exporters,true,true,false,false,true,Electricians,,Mandya,2025-06-02T15:54:53.325Z
ENERGY TREE,<,4.9,28 Ratings,"3rd Cross Mandya, Mandya",,,Electricians; Electrical Contractors,true,true,false,false,true,Electricians,,Mandya,2025-06-02T15:54:53.325Z
Srinivasa Electrical Contractor,<,4.8,14 Ratings,"Adijambavara Street Ganjam, Mandya",,,24 Hours Open,true,true,false,false,true,Electricians,,Mandya,2025-06-02T15:54:53.325Z
Sukhi's Mobiles and Belaku Electronice Showroom,+,4.3,12 Ratings,"Krs Road Pandavapura, Mandya",,,Wifi Internet; Company Authorised Dealer; Free installation,true,true,false,true,true,Electricians,,Mandya,2025-06-02T15:54:53.326Z
Balaji Electrical Enterprises,+,5.0,10 Ratings,"1st Cross Maddur Mandya, Mandya",,,24 Hours Open; Motor; Motor Pump,true,true,false,false,true,Electricians,,Mandya,2025-06-02T15:54:53.326Z
Cesc(Chamundeshwari Electric Supply Company),C,4.0,9 Ratings,"571 T B Section, Mandya",,,Electricians For Building; Electricians,true,true,false,false,false,Electricians,,Mandya,2025-06-02T15:54:53.326Z
Bharath Electronics,+,4.5,8 Ratings,"Old Old MC Road Mandya, Mandya",,,Electricians; TV Repair & Services,true,true,false,false,true,Electricians,,Mandya,2025-06-02T15:54:53.326Z
Shankar Electricals,S,4.4,5 Ratings,"Koppal Extension Kikkeri, Mandya",,,Industrial Electrical Contractors; Electricians,true,true,false,false,true,Electricians,,Mandya,2025-06-02T15:54:53.327Z
Sri Kalabhyraweshwara Electricals,S,4.1,5 Ratings,"Nagar B M Road Mandya, Mandya",,,Electrical Contractors For Building; Electricians,true,true,false,false,true,Electricians,,Mandya,2025-06-02T15:54:53.327Z
Srinivas Electrical Services,S,4.0,5 Ratings,"Budanur, Mandya",,,Electricians; Electrical Consultants,true,true,false,false,false,Electricians,,Mandya,2025-06-02T15:54:53.327Z
Dhanalakshmi Electricals & Hardware,D,3.3,6 Ratings,"Pete Bidi Malavalli, Mandya",,,Electricians; Electrical Shops,true,true,false,false,false,Electricians,,Mandya,2025-06-02T15:54:53.328Z
Rekha Electricals,+,4.8,4 Ratings,"Mysore Road Gandhi Nagar Mandya, Mandya",,,Company Authorised Dealer,true,true,false,false,true,Electricians,,Mandya,2025-06-02T15:54:53.328Z
Sri Veerbadreshwara Electrical And Hardware,+,4.3,3 Ratings,"Gejjalagere Maddur Mandya, Mandya",,,Electricians; Plumbers,true,true,false,false,true,Electricians,,Mandya,2025-06-02T15:54:53.328Z
Shivashakthi Hardware And Electricals,S,4.0,3 Ratings,"Nagamangala, Mandya",,,Electricians; Hardware Shops,true,true,false,false,false,Electricians,,Mandya,2025-06-02T15:54:53.328Z
A M Constructions,A,3.5,3 Ratings,"Guttalu Mandya, Mandya",,,Building,true,true,false,false,false,Electricians,,Mandya,2025-06-02T15:54:53.328Z
Hi Tech Enterprises,+,5.0,2 Ratings,"Holalu Road Mandya, Mandya",,,Premium,true,true,false,false,true,Electricians,,Mandya,2025-06-02T15:54:53.329Z
Arogya Enterprises,+,5.0,2 Ratings,"Udayagiri Nehru Nagar Mandya, Mandya",,,24 Hours Open,true,true,false,false,true,Electricians,,Mandya,2025-06-02T15:54:53.329Z
Maha Jyothi Electricals & Hardwares,+,3.0,2 Ratings,"Old Bus Stand Road Pandavapura, Mandya",,,Building,true,true,false,false,false,Electricians,,Mandya,2025-06-02T15:54:53.329Z
R.K Electrician,R,3.0,2 Ratings,"236 Hampapura, Srirangapatna",,,Electricians,false,true,false,false,false,Electricians,,Mandya,2025-06-02T15:54:53.329Z
Shuja Arts,S,2.5,2 Ratings,"Nagamangala Taulk Nagamangala, Mandya",,,Flex,true,true,false,false,false,Electricians,,Mandya,2025-06-02T15:54:53.329Z
M G Home Solutions,M,5.0,1 Ratings,"Mandya Subashnagar, Mandya",,,Electrical Contractors; Electricians,true,true,false,false,true,Electricians,,Mandya,2025-06-02T15:54:53.329Z
S M Electricals,S,5.0,1 Ratings,"Ashok Complex Mandya HO, Mandya",,,Electricians; Electricians For Residence,true,true,false,false,false,Electricians,,Mandya,2025-06-02T15:54:53.329Z
Kavya Electronics,K,5.0,1 Ratings,"Doddi Road Pandavapura, Mandya",,,Electricians; Electricians For Residence,false,true,false,false,false,Electricians,,Mandya,2025-06-02T15:54:53.329Z
Padma Electrical Decorators,P,4.5,1 Ratings,"Bazar Street Old Mc Road Mandya, Mandya",,,Electricians; Electricians For Residence,true,true,false,false,false,Electricians,,Mandya,2025-06-02T15:54:53.329Z
Malnad Auto Electricals,M,4.0,1 Ratings,"Shivapura Maddur Mandya, Mandya",,,Electricians; Battery Dealers,true,true,false,false,false,Electricians,,Mandya,2025-06-02T15:54:53.329Z
Karnataka Auto Electrical Works,K,4.0,1 Ratings,"Near Urdu School Nagamangala, Mandya",,,Electricians; Electricians For Residence,true,true,false,false,false,Electricians,,Mandya,2025-06-02T15:54:53.329Z
Suryanarayana,S,4.0,1 Ratings,Mandya,,,Electricians,true,true,false,false,false,Electricians,,Mandya,2025-06-02T15:54:53.329Z
Bismillah Electricals,B,4.0,6 Ratings,"1st  Stage Rajivnagar, Mysore",,,24 Hours Open,true,true,false,false,false,Electricians,,Mandya,2025-06-02T15:54:53.330Z
Sumaya Electricals,S,4.9,3 Ratings,"Devanur Extention Rajivnagar, Mysore",,,Electrical Contractors; Electricians,true,true,false,false,false,Electricians,,Mandya,2025-06-02T15:54:53.330Z
Shariff Auto Electricals,+,4.1,10 Ratings,"Main Road Kalyana Girinagar, Mysore",,,Electricians; Battery Repair & Services,true,true,false,false,false,Electricians,,Mandya,2025-06-02T15:54:53.330Z
ZK Electricals & Hardware,+,4.3,3 Ratings,"Mahadevapura Road Mahadevapura, Mysore",,,Electricians; Plumbers,true,true,false,false,true,Electricians,,Mandya,2025-06-02T15:54:53.330Z
Khadeej Electricals and Electronic,+,4.9,8 Ratings,"1st Stage 2nd Cross Rajivnagar, Mysore",,,Electricians; CCTV Installation Services,true,true,false,false,true,Electricians,,Mandya,2025-06-02T15:54:53.330Z
Dharani Electricals,D,4.5,4 Ratings,"Shakthinagar, Mysore",,,Electricians; Electrical Consultants,true,true,false,false,false,Electricians,,Mandya,2025-06-02T15:54:53.330Z
Alpha Electricals,A,4.0,2 Ratings,"2nd  Stage Devanuru Rajivnagar, Mysore",,,Electrical Contractors; Electricians,true,true,false,false,false,Electricians,,Mandya,2025-06-02T15:54:53.330Z
S. H . Electrical Work,+,4.6,5 Ratings,"Shantinagara North, Mysore",,,Electricians,true,true,false,false,false,Electricians,,Mandya,2025-06-02T15:54:53.330Z
Msr Mahesh Home,M,4.0,2 Ratings,"Meegalapura Madhavagere, Mysore",,,Electricians; Electrical Consultants,true,true,false,false,false,Electricians,,Mandya,2025-06-02T15:54:53.330Z
R K Auto Electrician,+,5.0,1 Ratings,"1st Stage Rajivnagar, Mysore",,,Electricians; Automobile Battery Charging Services,false,true,false,false,false,Electricians,,Mandya,2025-06-02T15:54:53.330Z
STAR Electrical and PLUMBING Services,+,4.9,6 Ratings,"Shanthi Nagar Rajeeva Nagar, Mysore",,,Wiring; 24 Hours Open,true,true,false,false,true,Electricians,,Mandya,2025-06-02T15:54:53.330Z
Rayan Enterprise,R,4.5,1 Ratings,"Azeez Sait Nagar, Mysore",,,Electricians; Fabricators,false,true,false,true,false,Electricians,,Mandya,2025-06-02T15:54:53.331Z
A N ELECTRICAL & PLUMBING WORKS,A,5.0,5 Ratings,"Main Road Shanthinagar, Mysore",,,Electricians; Plumbers,true,true,false,false,true,Electricians,,Mandya,2025-06-02T15:54:53.331Z
Afrid Electrical,+,5.0,8 Ratings,"Udayagiri, Mysore",,,Electricians,false,true,false,false,false,Electricians,,Mandya,2025-06-02T15:54:53.331Z
AS Elecrtical,A,5.0,1 Ratings,"6th Cross Rajivnagar, Mysore",,,Electrical Contractors For Building; Electricians,true,true,false,false,false,Electricians,,Mandya,2025-06-02T15:54:53.331Z
Chinnu Flowers Decoration,<,4.5,17 Ratings,"Neharu Nagara Nehru Nagar Mandya, Mandya",,08460544344,Banquet Hall Decoration; Corporate; Balloon Arch,true,true,false,true,true,Event Organizer,Popular Event Organisers,Mandya,2025-06-02T15:56:39.881Z
Colourful Balloon and Flower Gallery,<,4.5,11 Ratings,"Kappa Circle Maddur Mandya, Mandya",,08050503413,Balloon Arch; Balloon Backdrop; Name Printed Balloon,true,true,false,true,true,Event Organizer,Popular Event Organisers,Mandya,2025-06-02T15:56:39.881Z
Shekar Flower Decoration,<,5.0,15 Ratings,"Old MC Road Maddur Mandya, Mandya",,08485986728,Corporate; Banquet Hall Decoration; Balloon Arch,true,true,false,true,true,Event Organizer,Popular Event Organisers,Mandya,2025-06-02T15:56:39.882Z
Maruthi Shamiyana And Flower Decoration,<,3.5,2 Ratings,"Pu College Krishnarajapete, Mandya",,08460433619,Birthday Party Decorators; Flower Decorators,true,true,false,false,true,Event Organizer,Popular Event Organisers,Mandya,2025-06-02T15:56:39.882Z
Creative Designs & Event Rocker,<,4.6,5 Ratings,"Vent Ashok Nagar Mandya, Mandya",,,Banquet Hall Decoration; Videography,true,true,false,false,true,Event Organizer,Popular Event Organisers,Mandya,2025-06-02T15:56:39.882Z
Dhruva Photography,<,3.0,2 Ratings,"M B M Road Mandya, Mandya",,08904986487,Videography,true,true,false,false,false,Event Organizer,Popular Event Organisers,Mandya,2025-06-02T15:56:39.883Z
Ra Creation,<,4.9,53 Ratings,"2nd Cross Vidya Nagar, Mandya",,09054487418,Videography,true,true,false,true,true,Event Organizer,Popular Event Organisers,Mandya,2025-06-02T15:56:39.883Z
Vinn Events,<,4.0,5 Ratings,"Gandhi Nagar Mandya, Mandya",,,Banquet Hall Decoration,true,true,false,false,true,Event Organizer,Popular Event Organisers,Mandya,2025-06-02T15:56:39.884Z
Vibhava Creations,<,4.5,345 Ratings,"Cross Rajajinagar Srirampuram, Bangalore",,09035152635,Videography,true,true,false,false,true,Event Organizer,Popular Event Organisers,Mandya,2025-06-02T15:56:39.884Z
Nuclear Events,<,4.9,17 Ratings,"Subrub Vidyaranyapuram, Mysore",,08460255672,On Site Services; In Store Collect; Same Day Delivery,true,true,false,false,true,Event Organizer,Popular Event Organisers,Mandya,2025-06-02T15:56:39.884Z
Sangeeth Musics (Paid),+,4.5,45 Ratings,"Horpet Circle SS Puram, Tumkur",,,Bands; Orchestra Bands,true,true,false,false,true,Event Organizer,Popular Event Organisers,Mandya,2025-06-02T15:56:39.885Z
Sree Durga Parameshwari Catering Service,+,4.5,15 Ratings,"Main Road Hanumantha Nagar, Bangalore",,,Home Delivery,true,true,false,false,true,Event Organizer,Popular Event Organisers,Mandya,2025-06-02T15:56:39.885Z
Masters Event Management,+,4.5,85 Ratings,"Ward No 8 Town Hall Sqaure, Chickballapur",,,Event Organisers; Caterers,true,true,false,false,true,Event Organizer,Popular Event Organisers,Mandya,2025-06-02T15:56:39.885Z
Sri Karpagarani Kerala Chenda Melam And A To Z Wedding Planners,+,3.8,110 Ratings,"Sabapathy Street Sangliandapuram, Trichy",,,Caterers; Chenda Melam Players,true,true,false,false,true,Event Organizer,Popular Event Organisers,Mandya,2025-06-02T15:56:39.885Z
Media House,+,4.7,150 Ratings,"Bejai Kapikad Road Bejai, Mangalore",,,Flex,true,true,false,true,true,Event Organizer,Popular Event Organisers,Mandya,2025-06-02T15:56:39.886Z
Shri Sai Events and Orchestra,+,5.0,1 Ratings,"Near Sarvodaya Hotel Keshawapur, Hubli",,08147330577,Orchestra Bands; Event Organisers,true,true,false,false,true,Event Organizer,Popular Event Organisers,Mandya,2025-06-02T15:56:39.886Z
Music Mantra Band,+,3.8,6 Ratings,"Vasco Da Gama, Goa",,09972223490,Event Organisers; Bands,true,true,false,false,true,Event Organizer,Popular Event Organisers,Mandya,2025-06-02T15:56:39.886Z
Picnic Point - An Agri Tourism Center,+,4.5,"1,389 Ratings","Solapur Pune - Highway Mohol, Solapur",,,,true,true,false,false,true,Event Organizer,Popular Event Organisers,Mandya,2025-06-02T15:56:39.886Z
Sri Vijayalakshmi Fireworks and Rakhi Centre,S,4.2,34 Ratings,"Ponnala Ambedkarnagar, Siddipet",,08488940459,Fire Cracker Dealers-Standard; Fire Cracker Dealers,true,true,false,false,true,Event Organizer,Popular Event Organisers,Mandya,2025-06-02T15:56:39.886Z
Sr Events,+,4.4,18 Ratings,"Puduru Palakollu, West Godavari",,08460403938,Event Organisers; Caterers,true,true,false,false,true,Event Organizer,Popular Event Organisers,Mandya,2025-06-02T15:56:39.887Z
AK Casting Production,+,4.2,97 Ratings,"Lodha Mahada Mira Road East, Thane",,08511749628,Individual Performer; Group Peformer; ATM,true,true,false,false,true,Event Organizer,Popular Event Organisers,Mandya,2025-06-02T15:56:39.887Z
Tefla's Experiences,+,3.5,2 Ratings,"Veera Desai Road Andheri West, Mumbai",,08128743075,Event Organisers; Event Organisers For Corporate,true,true,false,false,false,Event Organizer,Popular Event Organisers,Mandya,2025-06-02T15:56:39.887Z
First Choice Bartender Event Management,F,4.0,1 Ratings,"Apollo Bunder, Mumbai",,08050991738,Bartender Services; Cocktail Party Organisers,true,true,false,false,false,Event Organizer,Popular Event Organisers,Mandya,2025-06-02T15:56:39.887Z
Enzoey.com,+,4.5,133 Ratings,Mumbai,,08488949380,,true,true,false,true,true,Event Organizer,Popular Event Organisers,Mandya,2025-06-02T15:56:39.887Z
Fusion Beat Event,+,4.0,104 Ratings,"Kamthee Road Kamptee Road, Nagpur",,08734935362,Event Organisers For Sports; Event Organisers,true,true,false,false,true,Event Organizer,Popular Event Organisers,Mandya,2025-06-02T15:56:39.888Z
Expo Event Services Pvt Ltd,+,3.5,2 Ratings,"Parvati Nagar Road Parvati Nagar, Nagpur",,08460433161,Event Organisers; Event Management Companies,true,true,false,false,false,Event Organizer,Popular Event Organisers,Mandya,2025-06-02T15:56:39.888Z
Abhinandan Events Pvt. Ltd.,+,4.4,389 Ratings,"Mudhliyar Nagar Rukhmini Nagar, Amravati",,,Book Appointment,true,true,false,true,true,Event Organizer,Popular Event Organisers,Mandya,2025-06-02T15:56:39.888Z
All In One Event,+,4.5,27 Ratings,"South Tukoganj, Indore",,08401427254,Sound Systems; Lighting; DJ,true,true,false,false,true,Event Organizer,Popular Event Organisers,Mandya,2025-06-02T15:56:39.888Z
Miqqi Events,+,4.1,71 Ratings,"Sankar Marg Sahkar Marg, Jaipur",,,Event Organisers For Dance Parties; Advertising Agencies,true,true,false,true,true,Event Organizer,Popular Event Organisers,Mandya,2025-06-02T15:56:39.888Z
Estilo Entertainment,+,4.4,216 Ratings,"Rithala Rohini Sector 5, Delhi",,08105246948,,true,true,false,true,true,Event Organizer,Popular Event Organisers,Mandya,2025-06-02T15:56:39.888Z
SRS Green Plant Decor,+,4.6,183 Ratings,"Mandir Marg Gurgaon Sector 26, Gurgaon",,08147094262,Artificial Turf Dealers; Event Organisers,true,true,false,true,true,Event Organizer,Popular Event Organisers,Mandya,2025-06-02T15:56:39.889Z
Satan's Paradise House Of Media,S,4.5,6 Ratings,"13a /10 W.e.a Karol Bagh, Delhi",,09972837765,Event Organisers; Event Management Companies,true,true,false,false,true,Event Organizer,Popular Event Organisers,Mandya,2025-06-02T15:56:39.889Z
Ebk Event Management Pvt Ltd,+,4.6,53 Ratings,"Extension 2 Nangloi Extension, Delhi",,08511787702,,true,true,false,true,true,Event Organizer,Popular Event Organisers,Mandya,2025-06-02T15:56:39.889Z
Design Innovation,+,4.2,13 Ratings,"Kirari Suleman Nagar Aman Vihar, Delhi",,09035209267,Event Organisers; Exhibition Stall Designers,true,true,false,true,true,Event Organizer,Popular Event Organisers,Mandya,2025-06-02T15:56:39.889Z
A One Malwai Gidha,+,4.8,22 Ratings,"Moga Moga Road, Moga",,,Wedding Bands; Dhol Players,true,true,false,false,true,Event Organizer,Popular Event Organisers,Mandya,2025-06-02T15:56:39.889Z
Chinmay Mahesh Marriage Contractor Marriage Function and Catering Service,C,4.0,1 Ratings,"Convent Road 7th Cross Malavalli, Mandya",,,Videography,true,true,false,false,false,Event Organizer,Popular Event Organisers,Mandya,2025-06-02T15:56:39.889Z
Nennapirali Wedding Planners & Events Creations,+,5.0,5 Ratings,"B M Road Mandya, Mandya",,,Banquet Hall Decoration; Car Decoration; Balloon Arch,true,true,false,false,true,Event Organizer,Popular Event Organisers,Mandya,2025-06-02T15:56:39.889Z
Manoghnya Event Decor,+,4.7,3 Ratings,"8th Cross Gandhinagar, Mandya",,,Balloon Arch,true,true,false,false,true,Event Organizer,Popular Event Organisers,Mandya,2025-06-02T15:56:39.889Z
S A Mom Events,+,3.7,5 Ratings,"Halahalli, Mandya",,,Banquet Hall Decoration; Car Decoration; Balloon Arch,true,true,false,false,false,Event Organizer,Popular Event Organisers,Mandya,2025-06-02T15:56:39.889Z
Innovative Events,+,4.9,70 Ratings,"Jpm Badavane Halagur, Mandya",,,Event Organisers,false,true,false,false,true,Event Organizer,Popular Event Organisers,Mandya,2025-06-02T15:56:39.889Z
Birthday Squad,+,4.7,67 Ratings,"Vv Chamundeshwari Nagar Mandya, Mandya",,,Balloon Arch; Balloon Backdrop; Balloon Sculpture,true,true,false,false,true,Event Organizer,Popular Event Organisers,Mandya,2025-06-02T15:56:39.890Z
Humble Events,+,5.0,59 Ratings,"Mandya Gandhinagar, Mandya",,,Event Organisers,true,true,false,false,true,Event Organizer,Popular Event Organisers,Mandya,2025-06-02T15:56:39.890Z
Trendy Celebrations,+,4.5,60 Ratings,"Old Higway Srirangapatna, Srirangapatna",,,Event Organisers; Photographers,true,true,false,false,true,Event Organizer,Popular Event Organisers,Mandya,2025-06-02T15:56:39.890Z
Ashwah Events & Productions,+,4.9,35 Ratings,"Rudrakshi Pura, Mandya",,,Book Appointment,true,true,false,false,true,Event Organizer,Popular Event Organisers,Mandya,2025-06-02T15:56:39.890Z
Colourful Events,+,4.7,22 Ratings,"B M Road Mandya, Mandya",,,Balloon Arch; Balloon Sculpture,true,true,false,false,true,Event Organizer,Popular Event Organisers,Mandya,2025-06-02T15:56:39.890Z
Agastyas Events,+,4.9,20 Ratings,"4th Cross Road Ashok Nagar, Mandya",,,Book Appointment,true,true,false,false,true,Event Organizer,Popular Event Organisers,Mandya,2025-06-02T15:56:39.890Z
Pooja Shamiyana And Tent Works,+,4.9,11 Ratings,"RAPCMS Premises M C Road Mandya, Mandya",,,Shamiyana Dealers; Birthday Party Decorators,true,true,false,false,true,Event Organizer,Popular Event Organisers,Mandya,2025-06-02T15:56:39.890Z
Appennings Events,A,4.8,11 Ratings,"100ft Road Vidya Nagar, Mandya",,,Event Organisers,true,true,false,false,false,Event Organizer,Popular Event Organisers,Mandya,2025-06-02T15:56:39.890Z
Dr B R Ambedkar Colony Dasanadoddi,D,4.7,8 Ratings,"Dasanadoddi, Mandya",,,Event Organisers,false,true,false,false,false,Event Organizer,Popular Event Organisers,Mandya,2025-06-02T15:56:39.891Z
Creative Designs & Event Rocker,<,4.6,5 Ratings,"Vent Ashok Nagar Mandya, Mandya",,,Banquet Hall Decoration; Videography,true,true,false,false,true,Event Organizer,Popular Party Organisers,Mandya,2025-06-02T15:57:17.723Z
R R Party Hall,<,3.8,73 Ratings,"Maddur Maddur Mandya, Mandya",,,Party Organisers,false,true,false,false,false,Event Organizer,Popular Party Organisers,Mandya,2025-06-02T15:57:17.723Z
Vibhava Creations,<,4.5,345 Ratings,"Cross Rajajinagar Srirampuram, Bangalore",,09035152635,Videography,true,true,false,false,true,Event Organizer,Popular Party Organisers,Mandya,2025-06-02T15:57:17.723Z
Sangeeth Musics (Paid),<,4.5,45 Ratings,"Horpet Circle SS Puram, Tumkur",,,Bands; Orchestra Bands,true,true,false,false,true,Event Organizer,Popular Party Organisers,Mandya,2025-06-02T15:57:17.724Z
Masters Event Management,<,4.5,85 Ratings,"Ward No 8 Town Hall Sqaure, Chickballapur",,,Event Organisers; Caterers,true,true,false,false,true,Event Organizer,Popular Party Organisers,Mandya,2025-06-02T15:57:17.724Z
Sri Karpagarani Kerala Chenda Melam And A To Z Wedding Planners,<,3.8,110 Ratings,"Sabapathy Street Sangliandapuram, Trichy",,,Caterers; Chenda Melam Players,true,true,false,false,true,Event Organizer,Popular Party Organisers,Mandya,2025-06-02T15:57:17.724Z
Singer Posh James,<,5.0,7 Ratings,"Hospital Bhayandar West, Thane",,07411948322,Individual Performer; Live Music; Live Performances,true,true,false,false,true,Event Organizer,Popular Party Organisers,Mandya,2025-06-02T15:57:17.725Z
First Choice Bartender Event Management,<,4.0,1 Ratings,"Apollo Bunder, Mumbai",,08050991738,Bartender Services; Cocktail Party Organisers,true,true,false,false,false,Event Organizer,Popular Party Organisers,Mandya,2025-06-02T15:57:17.726Z
Enzoey.com,<,4.5,133 Ratings,Mumbai,,08488949380,,true,true,false,true,true,Event Organizer,Popular Party Organisers,Mandya,2025-06-02T15:57:17.726Z
Abhinandan Events Pvt. Ltd.,<,4.4,389 Ratings,"Mudhliyar Nagar Rukhmini Nagar, Amravati",,,Book Appointment,true,true,false,true,true,Event Organizer,Popular Party Organisers,Mandya,2025-06-02T15:57:17.727Z
All In One Event,+,4.5,27 Ratings,"South Tukoganj, Indore",,08401427254,Sound Systems; Lighting; DJ,true,true,false,false,true,Event Organizer,Popular Party Organisers,Mandya,2025-06-02T15:57:17.727Z
Miqqi Events,+,4.1,71 Ratings,"Sankar Marg Sahkar Marg, Jaipur",,,Event Organisers For Dance Parties; Advertising Agencies,true,true,false,true,true,Event Organizer,Popular Party Organisers,Mandya,2025-06-02T15:57:17.727Z
Ebk Event Management Pvt Ltd,+,4.6,53 Ratings,"Extension 2 Nangloi Extension, Delhi",,08511787702,,true,true,false,true,true,Event Organizer,Popular Party Organisers,Mandya,2025-06-02T15:57:17.728Z
Ashwah Events & Productions,+,4.9,35 Ratings,"Rudrakshi Pura, Mandya",,,Book Appointment,true,true,false,false,true,Event Organizer,Popular Party Organisers,Mandya,2025-06-02T15:57:17.728Z
Shiva's Flower Decoration and Events Organizer,+,5.0,7 Ratings,"Aneker Street Mandya HO, Mandya",,,Videography,true,true,false,false,true,Event Organizer,Popular Party Organisers,Mandya,2025-06-02T15:57:17.728Z
Yjr Balloons Decoration,+,4.6,6 Ratings,"K.R Pet Bookanakere, Mandya",,,Event Organisers; Wedding Planners,true,true,false,false,false,Event Organizer,Popular Party Organisers,Mandya,2025-06-02T15:57:17.728Z
Doddanna Convention Hall,D,3.7,4 Ratings,"Kadathanalu, Mandya",,,Party Organisers,true,true,false,false,false,Event Organizer,Popular Party Organisers,Mandya,2025-06-02T15:57:17.728Z
Manju Dj Sounds And Lighting,M,4.0,2 Ratings,"Chikka Ankanahalli, Mandya",,,Electrical Lighting On Rent; Event Organisers,false,true,false,false,false,Event Organizer,Popular Party Organisers,Mandya,2025-06-02T15:57:17.728Z
Kpn Celebration Hall,K,4.0,2 Ratings,"Old Mysore Road, Mandya",,,Party Organisers,false,true,false,false,false,Event Organizer,Popular Party Organisers,Mandya,2025-06-02T15:57:17.729Z
Ayva Events,+,5.0,90 Ratings,"1st Floor Rajivnagar, Mysore",,,Event Decoration; Corporate; Name Printed Balloon,true,true,false,true,true,Event Organizer,Popular Party Organisers,Mandya,2025-06-02T15:57:17.729Z
Dream Friend'S Creation,+,4.5,8 Ratings,"Rajivnagar, Mysore",,,Event Organisers; Event Management Companies,false,true,false,false,false,Event Organizer,Popular Party Organisers,Mandya,2025-06-02T15:57:17.729Z
Pearlscent Events & Entertainment Pvt Ltd,+,3.9,5 Ratings,"College Circle Siddhartha Layout, Mysore",,,Videography,true,true,false,false,false,Event Organizer,Popular Party Organisers,Mandya,2025-06-02T15:57:17.729Z
24 7 Royal Events,+,4.5,4 Ratings,"Shantinagara North, Mysore",,,Event Organisers; Event Management Companies,false,true,false,false,false,Event Organizer,Popular Party Organisers,Mandya,2025-06-02T15:57:17.729Z
Frozen Celebrationzs,+,4.9,119 Ratings,"Devnur Rajivnagar, Mysore",,08511065527,On Site Services; DJ; Venue Selection,true,true,false,true,true,Event Organizer,Popular Party Organisers,Mandya,2025-06-02T15:57:17.730Z
Royal Events,R,4.8,2 Ratings,"Rajivnagar, Mysore",,,Event Management Companies; Wedding Planners,true,true,false,false,false,Event Organizer,Popular Party Organisers,Mandya,2025-06-02T15:57:17.730Z
Rack Minds Events And Promotion,+,4.0,2 Ratings,"1st Stage Rajivnagar, Mysore",,,Event Organisers For Dance Parties; Event Organisers,true,true,false,false,false,Event Organizer,Popular Party Organisers,Mandya,2025-06-02T15:57:17.730Z
Brand Promotionz,B,3.5,1 Ratings,"Rajivnagar, Mysore",,,Event Organisers; Event Management Companies,false,true,false,false,false,Event Organizer,Popular Party Organisers,Mandya,2025-06-02T15:57:17.730Z
Shehnai Event Palnners,S,5.0,1 Ratings,"Masjid Road Rajivnagar, Mysore",,,Banquet Hall Decoration; Car Decoration; Videography,true,true,false,false,true,Event Organizer,Popular Party Organisers,Mandya,2025-06-02T15:57:17.730Z
Hmp Events,+,5.0,5 Ratings,"1st Cross Road Shanthinagar, Mysore",,,Event Organisers; Wedding Planners,true,true,false,false,false,Event Organizer,Popular Party Organisers,Mandya,2025-06-02T15:57:17.730Z
Red Tie Productions - An Event Management Co.,+,4.3,3 Ratings,"Udayagiri Udayagiri, Mysore",,,Event Organisers; Event Management Companies,false,true,false,false,false,Event Organizer,Popular Party Organisers,Mandya,2025-06-02T15:57:17.730Z
Jashn Party Hall,+,4.6,5 Ratings,"Rajiv Nagar Road Rajivnagar, Mysore",,,Party Organisers,false,true,false,false,false,Event Organizer,Popular Party Organisers,Mandya,2025-06-02T15:57:17.731Z
Ck Event Mysore,+,4.9,32 Ratings,"T Narasipura Road Alanahalli, Mysore",,,Book Appointment,true,true,false,false,false,Event Organizer,Popular Party Organisers,Mandya,2025-06-02T15:57:17.731Z
Daiwik Events,+,4.4,79 Ratings,"Bannur Road Siddarthanagar, Mysore",,,Event Organisers; Birthday Party Organisers,true,true,false,false,true,Event Organizer,Popular Party Organisers,Mandya,2025-06-02T15:57:17.731Z
A M Furnishers,+,4.8,2 Ratings,"Nagar Main Road Rajendranagar, Mysore",,,Event Organisers For Corporate; Event Organisers,true,true,false,false,true,Event Organizer,Popular Party Organisers,Mandya,2025-06-02T15:57:17.732Z
Kgn Furnitures,+,4.9,6 Ratings,"Rajkumar Road Sathagalli Layout, Mysore",,,Flower Decorators; Event Organisers,true,true,false,false,true,Event Organizer,Popular Party Organisers,Mandya,2025-06-02T15:57:17.732Z
Takshak Events,+,5.0,19 Ratings,"Alanahalli Village, Mysore",,,Videography,true,true,false,false,true,Event Organizer,Popular Party Organisers,Mandya,2025-06-02T15:57:17.732Z
Freeda'S Creative Events,+,3.0,10 Ratings,"Bannimantap, Mysore",,,Event Management Companies; Wedding Planners,false,true,false,false,false,Event Organizer,Popular Party Organisers,Mandya,2025-06-02T15:57:17.732Z
Creative Designers & Event Rockers,+,4.7,92 Ratings,"Cross Shivarathreeswara Nagar, Mysore",,,Banquet Hall Decoration; Car Decoration,true,true,false,false,true,Event Organizer,Popular Party Organisers,Mandya,2025-06-02T15:57:17.732Z
Hk Event,+,4.8,20 Ratings,"Udayagiri, Mysore",,,On Site Services,true,true,false,false,false,Event Organizer,Popular Party Organisers,Mandya,2025-06-02T15:57:17.733Z
The Photo Hunter,+,4.0,3 Ratings,"Cross 2nd Main Road Jyothinagar, Mysore",,,Photographers; Wedding Photographers,true,true,false,false,false,Event Organizer,Popular Party Organisers,Mandya,2025-06-02T15:57:17.733Z
Ashwamedha Events,+,4.8,30 Ratings,"Sardar Vallabh Bhai Patel Nagar, Mysore",,,Event Organisers; Event Management Companies,false,true,false,false,false,Event Organizer,Popular Party Organisers,Mandya,2025-06-02T15:57:17.733Z
Fine Edge Studio'S,+,4.0,2 Ratings,"1st Cross Road Raghavendra Nagar, Mysore",,,Event Management Companies; Wedding Planners,true,true,false,false,false,Event Organizer,Popular Party Organisers,Mandya,2025-06-02T15:57:17.734Z
Punjabi Dhol Full Entertainment,+,4.7,33 Ratings,"Mysore N R Mohalla, Mysore",,,Car Rental For Wedding; Birthday Party Decorators,true,true,false,false,true,Event Organizer,Popular Party Organisers,Mandya,2025-06-02T15:57:17.734Z
Sm Events Decoraters,+,4.7,7 Ratings,"Santhepet, Mysore",,,Event Organisers; Event Management Companies,true,true,false,false,false,Event Organizer,Popular Party Organisers,Mandya,2025-06-02T15:57:17.735Z
Zia And Bros Enterprises,+,5.0,2 Ratings,"5th Cross Narasimharaja Mohalla, Mysore",,,Balloon Decorators; Event Organisers,true,true,false,false,false,Event Organizer,Popular Party Organisers,Mandya,2025-06-02T15:57:17.735Z
Livanaa Events,L,4.3,3 Ratings,"Udayagiri, Mysore",,,Birthday Party Decorators; Flower Decorators,true,true,false,false,true,Event Organizer,Popular Party Organisers,Mandya,2025-06-02T15:57:17.735Z
Lakhi Photograpry,+,4.3,3 Ratings,"11th Cross Road-Siddhartha Layout, Mysore",,,Videography,true,true,false,false,true,Event Organizer,Popular Party Organisers,Mandya,2025-06-02T15:57:17.735Z
Abcd Creations,+,4.0,2 Ratings,"Convent Road Lashkar Mohalla, Mysore",,,Event Organisers; Wedding Planners,true,true,false,false,false,Event Organizer,Popular Party Organisers,Mandya,2025-06-02T15:57:17.736Z
Dreams Decoration,D,4.3,3 Ratings,"B M Shree Nagar, Mysore",,,Wedding Planners; Party Organisers,false,true,false,false,false,Event Organizer,Popular Party Organisers,Mandya,2025-06-02T15:57:17.736Z
Manoghnya Event Decor,<,4.7,3 Ratings,"8th Cross Gandhinagar, Mandya",,,Balloon Arch,true,false,false,false,true,Event Organizer,Popular Stage Show Organisers,Mandya,2025-06-02T15:57:34.666Z
Rack Minds Events And Promotion,<,4.0,2 Ratings,"1st Stage Rajivnagar, Mysore",,,Event Organisers For Dance Parties; Event Organisers,true,false,false,false,false,Event Organizer,Popular Stage Show Organisers,Mandya,2025-06-02T15:57:34.666Z
Star Events and Decorators,<,4.6,16 Ratings,"Main Road Narasimharaja Mohalla, Mysore",,08460523195,Banquet Hall Decoration; Car Decoration; Balloon Arch,true,false,false,false,true,Event Organizer,Popular Stage Show Organisers,Mandya,2025-06-02T15:57:34.666Z
Indian Furnishers,<,4.3,6 Ratings,"2nd Stage Udayagiri, Mysore",,,Banquet Hall Decoration; Event Decoration; 24 Hours,true,false,false,false,true,Event Organizer,Popular Stage Show Organisers,Mandya,2025-06-02T15:57:34.666Z
Taj Flower Planet,<,3.8,4 Ratings,"Road Narasimharaja Mohalla, Mysore",,,Banquet Hall Decoration; Car Decoration,true,false,false,false,false,Event Organizer,Popular Stage Show Organisers,Mandya,2025-06-02T15:57:34.666Z
Dreams Creation,<,4.9,34 Ratings,"2 Main Road Udayagiri, Mysore",,,Event Organisers; Caterers,false,false,false,false,true,Event Organizer,Popular Stage Show Organisers,Mandya,2025-06-02T15:57:34.667Z
Zia And Bros Enterprises,<,5.0,2 Ratings,"5th Cross Narasimharaja Mohalla, Mysore",,,Balloon Decorators; Event Organisers,true,false,false,false,false,Event Organizer,Popular Stage Show Organisers,Mandya,2025-06-02T15:57:34.667Z
Party Planner,<,5.0,1 Ratings,"2nd Main Banni Mantap, Mysore",,,Event Organisers For Dance Parties; Event Organisers,true,false,false,false,false,Event Organizer,Popular Stage Show Organisers,Mandya,2025-06-02T15:57:34.667Z
Sound Track Events,<,3.8,9 Ratings,"Thyaga Marga Siddhartha Layout, Mysore",,,Dance Troupe; Flower Decorators,true,false,false,false,false,Event Organizer,Popular Stage Show Organisers,Mandya,2025-06-02T15:57:34.667Z
Popular Electrical & Lighting Decoration,<,4.9,4 Ratings,"3127 Sawday Road Lashkar Mohalla, Mysore",,,Event Organisers; Decorators,true,false,false,false,false,Event Organizer,Popular Stage Show Organisers,Mandya,2025-06-02T15:57:34.667Z
Bhavya Janma Bhoomi Spirito Organic Farms LLP,<,5.0,2 Ratings,Mandya,,,Trade Fair Organisers,false,false,false,false,true,Event Organizer,Popular Trade Fair Organisers,Mandya,2025-06-02T15:57:51.783Z
Blue Sky Events & Exhibitions,<,4.3,3 Ratings,"90 Feet Road Nalasopara East, Palghar",,09036670588,,true,false,false,false,true,Event Organizer,Popular Trade Fair Organisers,Mandya,2025-06-02T15:57:51.783Z
Darla Sales And Agencies,<,4.5,729 Ratings,"No.1516/A Shivarampet, Mysore",,,Same Day Delivery; On Site Services,true,false,false,true,true,Event Organizer,Popular Trade Fair Organisers,Mandya,2025-06-02T15:57:51.784Z
Align Ads And Events,<,3.9,9 Ratings,"Hebbal Main Road Metagalli, Mysore",,,Event Organisers For Dance Parties; Event Organisers,false,false,false,false,false,Event Organizer,Popular Trade Fair Organisers,Mandya,2025-06-02T15:57:51.784Z
Southern Furnishers,<,4.3,26 Ratings,"Madhwachar Circle Kr Mohalla, Mysore",,,Event Organisers For Dance Parties; Event Organisers,true,false,false,true,true,Event Organizer,Popular Trade Fair Organisers,Mandya,2025-06-02T15:57:51.784Z
Flea Fever Events,<,2.5,2 Ratings,"Purva Highland Kanakapura Road, Bangalore",,,Birthday Party Organisers; Flower Decorators,true,false,false,false,false,Event Organizer,Popular Trade Fair Organisers,Mandya,2025-06-02T15:57:51.784Z
Alarfe,<,4.9,63 Ratings,"Anjanapura Jp Nagar 9th Phase, Bangalore",,,,true,false,false,false,true,Event Organizer,Popular Trade Fair Organisers,Mandya,2025-06-02T15:57:51.784Z
Aarka Events,<,4.8,2 Ratings,"Annaporneshwari Nagar Nagarbhavi, Bangalore",,,Event Management Companies For Sports; Corporate Companies,true,false,false,false,true,Event Organizer,Popular Trade Fair Organisers,Mandya,2025-06-02T15:57:51.784Z
Think Big Platforms,<,4.9,23 Ratings,"6th Cross Vijayanagar, Bangalore",,,Exhibition Organisers; Caterers,true,false,false,true,true,Event Organizer,Popular Trade Fair Organisers,Mandya,2025-06-02T15:57:51.784Z
Royal Production House,<,4.4,5 Ratings,"4th Cross Chikkalsandra, Bangalore",,,Decorator,true,false,false,false,true,Event Organizer,Popular Trade Fair Organisers,Mandya,2025-06-02T15:57:51.784Z
Manoghnya Event Decor,<,4.7,3 Ratings,"8th Cross Gandhinagar, Mandya",,,Balloon Arch,true,false,false,false,true,Event Organizer,Popular Wedding Organisers,Mandya,2025-06-02T15:58:09.387Z
Slv Convention Hall,<,4.0,44 Ratings,"Bellur Cross Bellur Cross, Mandya",,,Wedding Organisers,true,false,false,false,false,Event Organizer,Popular Wedding Organisers,Mandya,2025-06-02T15:58:09.387Z
Agastyas Events,<,4.9,20 Ratings,"4th Cross Road Ashok Nagar, Mandya",,,Book Appointment,true,false,false,false,true,Event Organizer,Popular Wedding Organisers,Mandya,2025-06-02T15:58:09.387Z
Yogi Narayana Samudhaya Bhavana,<,3.9,24 Ratings,"Main Road Ashok Nagar Mandya, Mandya",,,Wedding Organisers,false,false,false,false,false,Event Organizer,Popular Wedding Organisers,Mandya,2025-06-02T15:58:09.387Z
Veerabhadreshwara Temple,<,5.0,9 Ratings,"Honnemadu Honnemadu, Mandya",,,Wedding Organisers,true,false,false,false,false,Event Organizer,Popular Wedding Organisers,Mandya,2025-06-02T15:58:09.387Z
Kanchi Varadarajaswamy Kalyana Mantapa,<,3.6,11 Ratings,"Road Bommanayakanahalli, Mandya",,,Wedding Organisers,false,false,false,false,false,Event Organizer,Popular Wedding Organisers,Mandya,2025-06-02T15:58:09.387Z
Sri Srinvasa Samudaya Bhavan,<,3.6,7 Ratings,"Krishnarajpet Rural, Mandya",,,Wedding Organisers,false,false,false,false,false,Event Organizer,Popular Wedding Organisers,Mandya,2025-06-02T15:58:09.387Z
Sri Manjunatha Sounds,<,5.0,3 Ratings,"B M Road Nagamangala, Mandya",,,Balloon Arch; Balloon Backdrop,true,false,false,false,true,Event Organizer,Popular Wedding Organisers,Mandya,2025-06-02T15:58:09.387Z
Ayva Events,<,5.0,90 Ratings,"1st Floor Rajivnagar, Mysore",,,Event Decoration; Corporate; Name Printed Balloon,true,false,false,true,true,Event Organizer,Popular Wedding Organisers,Mandya,2025-06-02T15:58:09.387Z
Frozen Celebrationzs,<,4.9,119 Ratings,"Devnur Rajivnagar, Mysore",,08511065527,On Site Services; DJ; Venue Selection,true,false,false,true,true,Event Organizer,Popular Wedding Organisers,Mandya,2025-06-02T15:58:09.388Z
Sathish Gs Gubbi Real Estate,<,4.1,37 Ratings,"KEB Colony Chamundeshwari Nagar, Mandya",,07383472843,,true,true,false,false,true,Trusted Estate Agents,,"Mandya for Property Buying, Selling & Rentals",2025-06-02T16:01:36.049Z
Sanvi Entreprises,<,4.8,26 Ratings,"Mysore Main Road Malavalli, Mandya",,08487990741,Real Estate Agents; Estate Agents For Land,true,true,false,true,true,Trusted Estate Agents,,"Mandya for Property Buying, Selling & Rentals",2025-06-02T16:01:36.049Z
Bhairveshwar Real Estate,<,4.0,4 Ratings,"Tumkur Road Pandavapura, Mandya",,08123153417,Real Estate Agents; Estate Agents For Residential Rental,true,true,false,false,true,Trusted Estate Agents,,"Mandya for Property Buying, Selling & Rentals",2025-06-02T16:01:36.049Z
Sri Jai Maruthi Real Estate,<,4.3,10 Ratings,"3rd Cross Guttalu Mandya, Mandya",,09725396034,Real Estate Agents; Estate Agents For Residential Rental,true,true,false,true,true,Trusted Estate Agents,,"Mandya for Property Buying, Selling & Rentals",2025-06-02T16:01:36.049Z
Nakul Real-estate ( Maddur ),<,5.0,9 Ratings,"Teacher Colony Maddur Mandya, Mandya",,08904937655,,true,true,false,true,true,Trusted Estate Agents,,"Mandya for Property Buying, Selling & Rentals",2025-06-02T16:01:36.049Z
True Land Surveys,<,4.8,22 Ratings,"BM Road Ashok Nagar Mandya, Mandya",,09731715807,Column Marking; Digital,true,true,false,true,true,Trusted Estate Agents,,"Mandya for Property Buying, Selling & Rentals",2025-06-02T16:01:36.049Z
Hamsa Real Estate,<,5.0,2 Ratings,"Hotel Opposite Bandigowda Layout, Mandya",,08460303572,Real Estate Agents; Estate Agents For Residential Rental,true,true,false,false,true,Trusted Estate Agents,,"Mandya for Property Buying, Selling & Rentals",2025-06-02T16:01:36.049Z
Maharaja Properties,<,4.8,59 Ratings,"Chenapatna Main Road Halagur, Mandya",,,Real Estate Agents; Estate Agents For Residence,false,true,false,false,true,Trusted Estate Agents,,"Mandya for Property Buying, Selling & Rentals",2025-06-02T16:01:36.049Z
Victory Greens,<,4.1,29 Ratings,"1 Shankar Pura, Mandya",,,Real Estate Agents; Estate Agents For Residential Rental,true,true,false,false,true,Trusted Estate Agents,,"Mandya for Property Buying, Selling & Rentals",2025-06-02T16:01:36.049Z
Victory Greens,<,4.2,22 Ratings,"Avverahalli, Mandya",,,Real Estate Agents; Estate Agents For Residence,true,true,false,false,true,Trusted Estate Agents,,"Mandya for Property Buying, Selling & Rentals",2025-06-02T16:01:36.049Z
Saraswathi Steel Fabrication,<,3.0,8 Ratings,"Maddur Mandya, Mandya",,08904392617,Industrial,true,false,false,false,true,Fabricators,,Mandya,2025-06-02T16:04:57.979Z
Ecohouse,<,4.9,17 Ratings,"Circle Gandhi Nagar Mandya, Mandya",,08050196362,Upvc Door; Plywood Door Dealers,true,false,false,true,true,Fabricators,,Mandya,2025-06-02T16:04:57.979Z
Taj ENGINEERING WORK,<,4.5,4 Ratings,"4th Cross RR Ngaar Maddur Mandya, Mandya",,08460450441,Industrial,true,false,false,true,true,Fabricators,,Mandya,2025-06-02T16:04:57.979Z
Sri Paranjyothi Enterprises,<,5.0,2 Ratings,"Barathi Nagar Km Doddi, Mandya",,07383025934,Fabricators; Aluminium Fabricators,true,false,false,true,true,Fabricators,,Mandya,2025-06-02T16:04:57.979Z
D.H.K ENGINEER WORK,<,5.0,3 Ratings,"Old MC Road Maddur Mandya, Mandya",,08904080985,Wpc Door Dealers; Upvc Door,true,false,false,true,true,Fabricators,,Mandya,2025-06-02T16:04:57.980Z
Slv Enterprises,<,4.0,3 Ratings,"Main Road Doddakallasandra, Bangalore",,07041944282,Fabricators; MS Fabricators,true,false,false,false,false,Fabricators,,Mandya,2025-06-02T16:04:57.980Z
F K Tensile Structure and Fabrication,<,3.9,7 Ratings,"4th Cross Jp Nagar 6th Phase, Bangalore",,08401754984,Industrial,true,false,false,false,false,Fabricators,,Mandya,2025-06-02T16:04:57.980Z
Varaha Industries,<,4.3,3 Ratings,"Venkateswara Nagar Sunkadakatte, Bangalore",,08904589791,Powder Coating Services; Fabricators,true,false,false,false,false,Fabricators,,Mandya,2025-06-02T16:04:57.980Z
Trancivilia Constructions Private Limited,<,4.6,14 Ratings,"Feet Ring Banashankari 3rd Stage, Bangalore",,09980942009,Industrial,true,false,false,true,true,Fabricators,,Mandya,2025-06-02T16:04:57.980Z
H L Power Tech Laser Cutting,<,5.0,1 Ratings,"Village Hosur Industrial Complex, Hosur",,07383244439,Fabricators; Engineering Companies,true,false,false,false,true,Fabricators,,Mandya,2025-06-02T16:04:57.980Z
Mahatma Furnitures,<,4.4,144 Ratings,"Ashok Nagar Ashok Nagar Mandya, Mandya",,,Delivery Available; Same Day Delivery,true,true,false,true,true,Furniture Repair & Services,,Mandya,2025-06-02T16:07:55.752Z
Sinchana Enterprises And Furniture,<,3.2,5 Ratings,"Mandya Melukote Road, Mandya",,,On Site Services,true,true,false,false,false,Furniture Repair & Services,,Mandya,2025-06-02T16:07:55.752Z
Cauvery Bedding,<,5.0,1 Ratings,"100 Feet Road Gandhinagar, Mandya",,,Outdoor Furniture Repair & Services; Furniture Dealers,true,true,false,false,true,Furniture Repair & Services,,Mandya,2025-06-02T16:07:55.752Z
At Chusion Work,<,5.0,1 Ratings,"Old Old MC Road Mandya, Mandya",,,Furniture Repair & Services; Sofa Set Manufacturers,true,true,false,false,true,Furniture Repair & Services,,Mandya,2025-06-02T16:07:55.752Z
Vani Shamiyana Centre,<,4.0,1 Ratings,"Shivapura Maddur Mandya, Mandya",,,Furniture Dealers; Furniture Repair & Services,true,true,false,false,false,Furniture Repair & Services,,Mandya,2025-06-02T16:07:55.752Z
A2z Enterprises,<,5.0,"1,083 Ratings","4th Cross Udayagiri, Mysore",,08511239544,Sofa Set Repair & Services; Sofa Repair & Services,true,true,false,true,true,Furniture Repair & Services,,Mandya,2025-06-02T16:07:55.753Z
S F Royal Steel Furnitures,<,5.0,1 Ratings,"H B Colony Kalyana Girinagar, Mysore",,,Furniture Repair & Services; Steel Furniture Repair & Services,false,true,false,false,true,Furniture Repair & Services,,Mandya,2025-06-02T16:07:55.753Z
Subhaniya Furnitures,<,4.9,3 Ratings,"Rajkumar Road Kalyana Girinagar, Mysore",,,Sofa Set Repair & Services; Sofa Repair & Services,true,true,false,false,true,Furniture Repair & Services,,Mandya,2025-06-02T16:07:55.753Z
Luxury Furniture,<,3.8,9 Ratings,"Sulthan Road Udayagiri, Mysore",,,Cane Furniture Dealers; Furniture Dealers,true,true,false,false,false,Furniture Repair & Services,,Mandya,2025-06-02T16:07:55.753Z
F S New Bed,<,5.0,2 Ratings,"Bannur Road Yaraganahalli, Mysore",,,Folding Bed Dealers; Sofa Repair & Services,true,true,false,false,true,Furniture Repair & Services,,Mandya,2025-06-02T16:07:55.753Z
Sheikhs Furnitures,S,4.9,5 Ratings,"No 109 Kalyana Girinagar, Mysore",,08511313235,Furniture Dealers; Sofa Dealers,true,true,false,false,true,Furniture Repair & Services,,Mandya,2025-06-02T16:07:55.753Z
Hindustan Bedding House,+,5.0,1 Ratings,"Vinay Marg Siddarthanagar, Mysore",,,Mattress Dealers; Sofa Dealers,true,true,false,false,true,Furniture Repair & Services,,Mandya,2025-06-02T16:07:55.754Z
Royal Couch Furniture,+,4.9,302 Ratings,"Layout 3rd Stage Alanahalli, Mysore",,07383173215,Parking Available; Same Day Delivery; Service Guarantee,true,true,false,true,true,Furniture Repair & Services,,Mandya,2025-06-02T16:07:55.754Z
Mysore Interiors and Handy Services,+,4.9,60 Ratings,"Yadavagiri Industrial Estate, Mysore",,08460205376,In Store Shopping; Service Guarantee; Delivery Available,true,true,false,true,true,Furniture Repair & Services,,Mandya,2025-06-02T16:07:55.754Z
Kmc Cushion Works and Furnitures,+,4.8,38 Ratings,"Pension Block Rajendranagar, Mysore",,,Same Day Delivery,true,true,false,false,true,Furniture Repair & Services,,Mandya,2025-06-02T16:07:55.754Z
Mysore Carpenters,M,4.8,106 Ratings,"3rd Cross Road N R Mohalla, Mysore",,,Carpenters; Furniture Dealers,true,true,false,false,true,Furniture Repair & Services,,Mandya,2025-06-02T16:07:55.754Z
Chamundeshwari Cushion Works,C,2.9,6 Ratings,"Marga Main Road Siddarthanagar, Mysore",,,Furniture Repair & Services; Sofa Repair & Services,false,true,false,false,false,Furniture Repair & Services,,Mandya,2025-06-02T16:07:55.754Z
F K Cushion Works,+,4.0,7 Ratings,"Road Narasimharaja Mohalla, Mysore",,,Sofa Manufacturers; Sofa Repair & Services,true,true,false,false,false,Furniture Repair & Services,,Mandya,2025-06-02T16:07:55.754Z
New Classic Furniture,+,4.1,46 Ratings,"Industrial Area Santhepet, Mysore",,08511438987,Modular Furniture Dealers; Furniture Dealers,true,true,false,true,false,Furniture Repair & Services,,Mandya,2025-06-02T16:07:55.754Z
Ak Cushion Works,+,4.8,32 Ratings,"Main New Bannimantap Extension, Mysore",,,Sofa Set Repair & Services; Furniture Dealers,true,true,false,false,true,Furniture Repair & Services,,Mandya,2025-06-02T16:07:55.755Z
Wood Craft Furniture,+,5.0,38 Ratings,"Chetty Street Mandi Mohalla, Mysore",,,On Site Services,true,true,false,false,true,Furniture Repair & Services,,Mandya,2025-06-02T16:07:55.755Z
Evergreen Sofas,+,4.8,33 Ratings,"Ashoka Road Mandi Mohalla, Mysore",,08511236072,Sofa Set Repair & Services; Sofa Repair & Services,true,true,false,false,true,Furniture Repair & Services,,Mandya,2025-06-02T16:07:55.755Z
Classic Decorative Furniture,+,4.8,43 Ratings,"Ashok Road Lashkar Mohalla, Mysore",,09606272747,Furniture Dealers; Sofa Dealers,true,true,false,false,true,Furniture Repair & Services,,Mandya,2025-06-02T16:07:55.755Z
A K Furniture,A,2.6,3 Ratings,"No.2763/8 Halladakere, Mysore",,,Carpenters; Furniture Dealers,true,true,false,false,false,Furniture Repair & Services,,Mandya,2025-06-02T16:07:55.755Z
Prabhat Furnitures,+,4.5,35 Ratings,"Irwin Road Irwin Road, Mysore",,,Computer Furniture Dealers; Furniture Dealers,true,true,false,false,true,Furniture Repair & Services,,Mandya,2025-06-02T16:07:55.755Z
Cheluvaraju Handi Craft and Woodworks,+,3.9,7 Ratings,"Brundhavana Metagalli, Mysore",,,Carpenters; Furniture Manufacturers,true,true,false,false,false,Furniture Repair & Services,,Mandya,2025-06-02T16:07:55.755Z
VR Interior Designer,+,4.7,3 Ratings,"Lokanayakanagara, Mysore",,,Building,true,true,false,false,true,Furniture Repair & Services,,Mandya,2025-06-02T16:07:55.755Z
Sri Shivaprasad Furnitures And Wood Works,+,3.7,3 Ratings,"Stage Hebbal Industrial Estate, Mysore",,,Carpenters; Furniture Manufacturers,true,true,false,false,false,Furniture Repair & Services,,Mandya,2025-06-02T16:07:55.755Z
CARPENTER FOR INTERIOR,+,4.8,98 Ratings,"Surya Bakary Hebbal 1st Stage, Mysore",,08511461206,Wpc Door Dealers; PVC Door Dealers; Fireplace,true,true,false,false,true,Furniture Repair & Services,,Mandya,2025-06-02T16:07:55.756Z
Hindustan Bedding Works,+,4.3,4 Ratings,"Vinayaka Nagar Kumbara Koppal, Mysore",,,Bed Dealers; Mosquito Net Dealers,true,true,false,false,true,Furniture Repair & Services,,Mandya,2025-06-02T16:07:55.756Z
Nagendra Carpenter,+,4.3,32 Ratings,"Hebbal Main Road Hebbal, Mysore",,08511370032,2 Seater,true,true,false,true,true,Furniture Repair & Services,,Mandya,2025-06-02T16:07:55.756Z
Basha Bedding Works & Sofa Works,B,4.0,1 Ratings,"Bakery Circle Lokanayakanagara, Mysore",,,Sofa Repair & Services; Furniture Repair & Services,true,true,false,false,false,Furniture Repair & Services,,Mandya,2025-06-02T16:07:55.756Z
Sofa Rahman Ansari,S,4.5,2 Ratings,"Settihalli Mahadebnagar, Channapatna",,,Furniture Repair & Services,true,true,false,false,false,Furniture Repair & Services,,Mandya,2025-06-02T16:07:55.756Z
Elwin Sofas Factory Outlet,+,4.8,118 Ratings,"MG Koppal Main Road Hebbal, Mysore",,,Furniture Manufacturers; Furniture Dealers,true,true,false,false,true,Furniture Repair & Services,,Mandya,2025-06-02T16:07:55.756Z
Samruddi Cane Works And Furnitures,+,4.8,101 Ratings,"Ring Road Hebbal, Mysore",,,Cane Furniture Dealers; Furniture Dealers,true,true,false,false,true,Furniture Repair & Services,,Mandya,2025-06-02T16:07:55.756Z
Indian Links Enterprises,+,4.5,24 Ratings,"M G Koppal Main Road Hebbal, Mysore",,,Cane Furniture Dealers; Furniture Dealers,true,true,false,false,true,Furniture Repair & Services,,Mandya,2025-06-02T16:07:55.756Z
Shiva Supplies,+,5.0,2 Ratings,"Fort Mohalla Kr Mohalla, Mysore",,,Same Day Delivery,true,true,false,false,true,Furniture Repair & Services,,Mandya,2025-06-02T16:07:55.756Z
FLEXI FURNITURES & INTERIOR,+,4.5,4 Ratings,"Main Road Hebbal 1st Stage, Mysore",,,Furniture Dealers; Sofa Dealers,true,true,false,false,false,Furniture Repair & Services,,Mandya,2025-06-02T16:07:55.756Z
Flexi Furnitures & Wallpapers,+,4.5,8 Ratings,"Vijaya Nagara Main Road Hebbal, Mysore",,,PVC; Decorative; Delivery Available,true,true,false,false,true,Furniture Repair & Services,,Mandya,2025-06-02T16:07:55.757Z
Manjunatha Furniture And Cushion Works,+,4.2,22 Ratings,"Railway Layout Hebbal, Mysore",,,Delivery Available; Same Day Delivery,true,true,false,false,true,Furniture Repair & Services,,Mandya,2025-06-02T16:07:55.757Z
Suhana Cushion Crafts,+,5.0,1 Ratings,"Sade Road Mandi Mohalla, Mysore",,,Sofa Cushion Dealers; Sofa Repair & Services,true,true,false,false,true,Furniture Repair & Services,,Mandya,2025-06-02T16:07:55.757Z
Crown Furniture,+,4.4,7 Ratings,"Road Nanjumallige Circle, Mysore",,,Cane Furniture Dealers; Carpenters,true,true,false,true,true,Furniture Repair & Services,,Mandya,2025-06-02T16:07:55.757Z
Hkgn Furniture Works Manufacture,+,4.6,5 Ratings,"Basaveshwara Road Chamundi Extn, Mysore",,,Furniture Repair & Services; Furniture Wholesalers,true,true,false,false,false,Furniture Repair & Services,,Mandya,2025-06-02T16:07:55.757Z
Madeena Furniture,+,4.6,5 Ratings,"Narayan Shasthri Road KR Mohalla, Mysore",,,Office Chair Dealers; Furniture Dealers,true,true,false,false,true,Furniture Repair & Services,,Mandya,2025-06-02T16:07:55.757Z
Kastha Furniture Studio,+,5.0,5 Ratings,"Road Vijaynagar 1st Stage, Mysore",,,Furniture Dealers; Second Hand Furniture Dealers,true,true,false,false,true,Furniture Repair & Services,,Mandya,2025-06-02T16:07:55.757Z
Ravi Furnitures,+,3.5,1 Ratings,"Kanthrajurs Road Saraswathipuram, Mysore",,,Antique Furniture Dealers; Second Hand Furniture Buyers,true,true,false,false,false,Furniture Repair & Services,,Mandya,2025-06-02T16:07:55.757Z
Sri Nanjundeshwara Wood Works and Wood Furniture,+,4.4,6 Ratings,"Ramamandira Road Hinkal, Mysore",,,Wooden Door,true,true,false,false,true,Furniture Repair & Services,,Mandya,2025-06-02T16:07:55.757Z
Visual Furnitures & Services,+,4.8,43 Ratings,"Hinkal, Mysore",,,Office Furniture Repair & Services; Furniture Dealers,true,true,false,false,true,Furniture Repair & Services,,Mandya,2025-06-02T16:07:55.757Z
Modern Bedding and Furnishing Works and Sarvice,+,4.6,6 Ratings,"Hospital Road Saraswathipuram, Mysore",,,Foam Mattress Manufacturers; Mattress Dealers,true,true,false,false,true,Furniture Repair & Services,,Mandya,2025-06-02T16:07:55.757Z
Manipal Hospital,<,4.4,13 Ratings,"Mysore Modur, Mandya",,08460461312,,true,true,false,true,true,Best Hospitals,,Mandya,2025-06-02T16:09:01.815Z
Kangaroo Care Women and Children Hospital and Fertility Center,<,5.0,4 Ratings,"B CROSS Modur, Mandya",,08401988254,,true,true,false,false,true,Best Hospitals,,Mandya,2025-06-02T16:09:01.815Z
Apollo BGS Hospital,<,4.8,"37,688 Ratings","Mysore M C Road Mandya, Mandya",,08460544018,,true,true,false,false,true,Best Hospitals,,Mandya,2025-06-02T16:09:01.815Z
D R M Multispeciality Hospital,<,4.3,57 Ratings,"100 Feet Road Gandhinagar, Mandya",,07947068410,,true,true,false,true,true,Best Hospitals,,Mandya,2025-06-02T16:09:01.815Z
Bethel Medical Mission Hospital & Hosmat Hospital Education Group,<,4.1,158 Ratings,"Preety Nagar Laggere, Bangalore",,07048209067,,true,true,false,false,true,Best Hospitals,,Mandya,2025-06-02T16:09:01.815Z
Shri Tulasigirish Diabetes Hospital & Diabetes Research Foundation,<,4.2,34 Ratings,"Mahaveer Road Bagalkot, Bagalkot",,,,true,true,false,false,true,Best Hospitals,,Mandya,2025-06-02T16:09:01.815Z
Global Health Tourism,<,4.6,38 Ratings,"Lane No 5 Vishwakarma Nagar, Nagpur",,09980635869,,true,true,false,false,true,Best Hospitals,,Mandya,2025-06-02T16:09:01.815Z
Pragati Medcity and Stem Cell Centre,<,4.8,30 Ratings,"Ajay Singh Marg Rohit Nagar, Bhopal",,09035344697,,true,false,false,true,true,Best Hospitals,,Mandya,2025-06-02T16:09:01.815Z
Nephron Kidney Kare Clinic,<,3.9,119 Ratings,"Bariatu Road Bariatu, Ranchi",,,,true,false,false,false,false,Best Hospitals,,Mandya,2025-06-02T16:09:01.815Z
Nangal Cancer Hospital & Research Institute,<,4.7,633 Ratings,"College Road Bikaner Agra Road, Bikaner",,,,true,true,false,true,true,Best Hospitals,,Mandya,2025-06-02T16:09:01.815Z
Sri Basaveshwara Poly Clinic,+,4.5,81 Ratings,"B M Road Maddur Mandya, Mandya",,,,true,false,false,false,true,Best Hospitals,,Mandya,2025-06-02T16:09:01.815Z
Jss Hospital,J,4.4,11 Ratings,"Maddur Mandya, Mandya",,,,true,true,false,false,true,Best Hospitals,,Mandya,2025-06-02T16:09:01.815Z
Sumana Vinayaka Nursing Home,+,3.6,15 Ratings,"100 Feet Road Mandya Ho, Mandya",,,,true,true,false,false,false,Best Hospitals,,Mandya,2025-06-02T16:09:01.815Z
Mandya Smiles S D Jayaram Hospital Mandya,M,4.9,9 Ratings,"3rd Cross Ashok Nagar Mandya, Mandya",,,,true,true,false,false,true,Best Hospitals,,Mandya,2025-06-02T16:09:01.815Z
Seva Nursing Home,+,4.2,25 Ratings,"Jains Colony Ashok Nagar Mandya, Mandya",,,,true,true,false,false,true,Best Hospitals,,Mandya,2025-06-02T16:09:01.815Z
Aster G Madegowda Hospital,+,4.7,956 Ratings,"Malvalli Road Bharathinagar, Mandya",,,,false,true,false,false,true,Best Hospitals,,Mandya,2025-06-02T16:09:01.815Z
Mandya Institute Of Medical Sciences,+,4.1,"1,091 Ratings","Mysuru Main Ashok Nagar Mandya, Mandya",,,,true,true,false,false,true,Best Hospitals,,Mandya,2025-06-02T16:09:01.815Z
Madegauda Super Speciality Hospital,M,4.3,297 Ratings,"Mellahalli, Mandya",,,,true,true,false,false,true,Best Hospitals,,Mandya,2025-06-02T16:09:01.815Z
Ayur Matam Ayurveda Health Village,+,4.4,258 Ratings,"Krs Road Belagola, Mandya",,,,false,true,false,false,true,Best Hospitals,,Mandya,2025-06-02T16:09:01.816Z
Mytree Ayurvedalaya,+,4.8,206 Ratings,"R P Road Subash Nagar, Mandya",,,,true,true,false,false,true,Best Hospitals,,Mandya,2025-06-02T16:09:01.816Z
Mytree Ayurvedalaya,+,4.8,206 Ratings,"Rp Road Vidya Nagar Mandya, Mandya",,,,true,true,false,false,true,Best Hospitals,,Mandya,2025-06-02T16:09:01.816Z
Mandya Multispecialty Hospital,+,4.2,201 Ratings,"3rd Cross Road Ashok Nagar, Mandya",,,,true,false,false,false,true,Best Hospitals,,Mandya,2025-06-02T16:09:01.816Z
Sanjo Hospital,S,3.8,193 Ratings,"NH 275 Ummadahalli, Mandya",,,,true,true,false,false,false,Best Hospitals,,Mandya,2025-06-02T16:09:01.816Z
Sanjo Hospital,S,3.8,193 Ratings,"Sh 17 Acetate Town, Mandya",,,,true,false,false,false,false,Best Hospitals,,Mandya,2025-06-02T16:09:01.816Z
Surabhi Hospital,+,4.4,147 Ratings,"K R Road Ashok Nagar Mandya, Mandya",,,,true,true,false,false,true,Best Hospitals,,Mandya,2025-06-02T16:09:01.816Z
Tara Eye Hospital,+,4.9,104 Ratings,"2nd Cross Ashok Nagar, Mandya",,,,false,true,false,false,true,Best Hospitals,,Mandya,2025-06-02T16:09:01.816Z
Pragathi Hospital,+,3.6,140 Ratings,"G H Road Ashok Nagar Mandya, Mandya",,,,false,true,false,false,false,Best Hospitals,,Mandya,2025-06-02T16:09:01.816Z
Pragathi Hospital,+,3.6,140 Ratings,"2nd Main Road Nehru Nagar Mandya, Mandya",,,,true,true,false,false,false,Best Hospitals,,Mandya,2025-06-02T16:09:01.816Z
Matha Nursing Home,M,4.2,99 Ratings,"Bandigowda Layot M C Road Mandya, Mandya",,,,true,true,false,false,true,Best Hospitals,,Mandya,2025-06-02T16:09:01.816Z
Trinetra Eye Hospital,+,4.0,77 Ratings,"3rd Cross Ashok Nagar Mandya, Mandya",,,,true,true,false,false,true,Best Hospitals,,Mandya,2025-06-02T16:09:01.816Z
Vikram Hospital,V,4.0,76 Ratings,"3rd Cross Ashok Nagar Mandya, Mandya",,,,true,true,false,false,true,Best Hospitals,,Mandya,2025-06-02T16:09:01.816Z
Maddur Medical Centre,M,3.7,75 Ratings,"Maddur Mandya, Mandya",,,,true,true,false,false,false,Best Hospitals,,Mandya,2025-06-02T16:09:01.816Z
Chinmaya Mission,+,4.6,59 Ratings,"Subash Nagar Subash Nagar Mandya, Mandya",,,,true,true,false,false,true,Best Hospitals,,Mandya,2025-06-02T16:09:01.816Z
Avant Bkg Health Care,A,4.9,52 Ratings,"B.M.Road Guttalu Mandya, Mandya",,,,true,true,false,false,true,Best Hospitals,,Mandya,2025-06-02T16:09:01.816Z
District Hospital,D,4.1,59 Ratings,"Mysore Road Nehru Nagar Mandya, Mandya",,,,false,true,false,false,true,Best Hospitals,,Mandya,2025-06-02T16:09:01.816Z
Sri Dayananda Nursing Home,+,4.1,59 Ratings,"Mysore Road Malavalli, Mandya",,,,true,true,false,false,true,Best Hospitals,,Mandya,2025-06-02T16:09:01.816Z
Kaveri Super Speciality Eye Hospital,K,5.0,36 Ratings,"Vivekananda Road Ashok Nagar, Mandya",,,,true,true,false,false,true,Best Hospitals,,Mandya,2025-06-02T16:09:01.816Z
Government Hospital,G,3.6,47 Ratings,"Sh 19 Nagamangala, Mandya",,,,true,true,false,false,false,Best Hospitals,,Mandya,2025-06-02T16:09:01.816Z
Spandana Hospital,+,4.2,37 Ratings,"Cross Road Ashok Nagar Mandya, Mandya",,,,true,true,false,false,false,Best Hospitals,,Mandya,2025-06-02T16:09:01.816Z
Suraksha Nursing Home,+,4.1,34 Ratings,"Road Nehru Nagar Mandya, Mandya",,,,true,true,false,false,true,Best Hospitals,,Mandya,2025-06-02T16:09:01.816Z
Esi Hospital Mandya,E,3.5,38 Ratings,"K R Road Mandya, Mandya",,,,true,true,false,false,false,Best Hospitals,,Mandya,2025-06-02T16:09:01.816Z
Archana Nursing Home,A,4.1,32 Ratings,"K R Road Ashok Nagar Mandya, Mandya",,,,false,true,false,false,true,Best Hospitals,,Mandya,2025-06-02T16:09:01.816Z
K V Shankare Gowda Memorial Hospital,K,4.6,28 Ratings,"Vidya Nagar Mandya, Mandya",,,,false,true,false,false,false,Best Hospitals,,Mandya,2025-06-02T16:09:01.816Z
Mamatha Nursing Home,M,4.2,29 Ratings,"1st M C Road Mandya, Mandya",,,,false,true,false,false,true,Best Hospitals,,Mandya,2025-06-02T16:09:01.816Z
Government Hospital,G,3.2,38 Ratings,"V V Nagar Mandya Mandya HO, Mandya",,,,false,true,false,false,false,Best Hospitals,,Mandya,2025-06-02T16:09:01.816Z
Belaku Eye Hospital,B,4.5,26 Ratings,"2nd Cross Ashok Nagar Mandya, Mandya",,,,true,true,false,false,true,Best Hospitals,,Mandya,2025-06-02T16:09:01.816Z
Government Hospital,G,3.4,34 Ratings,"Kollegal Main Road Malavalli, Mandya",,,,false,true,false,false,false,Best Hospitals,,Mandya,2025-06-02T16:09:01.816Z
Adichunchanagiri Hospital And Research Centre,A,3.9,29 Ratings,"National Highway 48 Mandya HO, Mandya",,,,false,true,false,false,false,Best Hospitals,,Mandya,2025-06-02T16:09:01.816Z
Shankar Eye Nethralaya,S,4.7,23 Ratings,"7th Cross Ashok Nagar Mandya, Mandya",,,,true,true,false,false,true,Best Hospitals,,Mandya,2025-06-02T16:09:01.816Z
Gopi Caterers and Cooking Contractor,<,5.0,2 Ratings,"1st Cross Halahalli, Mandya",,,Home Delivery,true,false,false,false,true,House keeping Services,Culinary Experts at Your Service: Cooks on Rent,Mandya,2025-06-02T16:10:38.700Z
Haneef Shariff,<,3.0,2 Ratings,"1st Stage Rajivnagar, Mysore",,,Cooks; Caterers,true,false,false,false,false,House keeping Services,Culinary Experts at Your Service: Cooks on Rent,Mandya,2025-06-02T16:10:38.701Z
Sri Kheteshwar Caterers,<,4.7,3 Ratings,"Rishab Jewellers Ashoka Road, Mysore",,,Caterers; Veg Caterers,true,false,false,false,true,House keeping Services,Culinary Experts at Your Service: Cooks on Rent,Mandya,2025-06-02T16:10:38.701Z
Bm Catering,<,4.3,3 Ratings,"Ramanuja Road Agrahara, Mysore",,,Caterers; Veg Caterers,true,false,false,false,true,House keeping Services,Culinary Experts at Your Service: Cooks on Rent,Mandya,2025-06-02T16:10:38.701Z
Prem Bahadur Cook,<,2.8,5 Ratings,"Tank Road Vijaynagar 2nd Stage, Mysore",,,Non Veg Food Cooks; Cooks,true,false,false,false,false,House keeping Services,Culinary Experts at Your Service: Cooks on Rent,Mandya,2025-06-02T16:10:38.701Z
Sr Biriyani Palace,<,4.3,3 Ratings,"Krishnamurthy Puram, Mysore",,,Cooks; Non Veg Food Cooks,true,false,false,false,true,House keeping Services,Culinary Experts at Your Service: Cooks on Rent,Mandya,2025-06-02T16:10:38.701Z
Svr Caterers,<,4.4,5 Ratings,"2nd Stage Kuvempunagar, Mysore",,,Caterers; Veg Caterers,true,false,false,false,true,House keeping Services,Culinary Experts at Your Service: Cooks on Rent,Mandya,2025-06-02T16:10:38.701Z
Ravikumar S,<,4.3,3 Ratings,"Subbaiah Road Chamaraja Mohalla, Mysore",,,Cooks,true,false,false,false,true,House keeping Services,Culinary Experts at Your Service: Cooks on Rent,Mandya,2025-06-02T16:10:38.701Z
Seekh Kabab,<,5.0,2 Ratings,"K. P Mohalla Cross Street 1, Chamarajanagar",,,Non Veg Food Cooks; Cooks,true,false,false,false,true,House keeping Services,Culinary Experts at Your Service: Cooks on Rent,Mandya,2025-06-02T16:10:38.702Z
Sri Lakshmi Venkateswara Shamiyana,<,3.5,1 Ratings,"Channarayapatna, Hassan",,,Games On Rent; Caterers,true,false,false,false,false,House keeping Services,Culinary Experts at Your Service: Cooks on Rent,Mandya,2025-06-02T16:10:38.702Z
Adithya Consultancy Services,A,3.4,7 Ratings,"Uttarahalli Main Road Kengeri, Bangalore",,,Housemaid,true,false,false,false,false,House keeping Services,Culinary Experts at Your Service: Cooks on Rent,Mandya,2025-06-02T16:10:38.702Z
Nnr Enterprises,+,4.0,2 Ratings,"Jayanagar 6th Block Yediyur, Bangalore",,,Cooks; Caterers,true,false,false,false,false,House keeping Services,Culinary Experts at Your Service: Cooks on Rent,Mandya,2025-06-02T16:10:38.702Z
Chennappa,C,5.0,1 Ratings,"Ramasandra Kengeri, Bangalore",,,Cooks,true,false,false,false,true,House keeping Services,Culinary Experts at Your Service: Cooks on Rent,Mandya,2025-06-02T16:10:38.702Z
H R Services,H,4.0,1 Ratings,"office Kengeri Satelite Town, Bangalore",,,Cooks,true,false,false,false,false,House keeping Services,Culinary Experts at Your Service: Cooks on Rent,Mandya,2025-06-02T16:10:38.702Z
New Benaka Tent House,+,4.8,3 Ratings,"Main Road Kengeri Satelite Town, Bangalore",,,Tents On Rent; Cooks,true,false,false,false,true,House keeping Services,Culinary Experts at Your Service: Cooks on Rent,Mandya,2025-06-02T16:10:38.702Z
Sri Manjunatha Tent House,+,4.0,1 Ratings,"Main Road Kengeri Satelite Town, Bangalore",,,Cooks; Tent House,true,false,false,false,false,House keeping Services,Culinary Experts at Your Service: Cooks on Rent,Mandya,2025-06-02T16:10:38.703Z
Part Time Cooking Cook In Chansandra,P,4.3,7 Ratings,"Hofarm Chanasandra Layout, Bangalore",,,Cooks,true,false,false,false,true,House keeping Services,Culinary Experts at Your Service: Cooks on Rent,Mandya,2025-06-02T16:10:38.703Z
Sri Dhaneshwari Tent House,S,5.0,1 Ratings,"Ullal Upanagara Post Ullalu, Bangalore",,,Cooks; Caterers,false,false,false,false,true,House keeping Services,Culinary Experts at Your Service: Cooks on Rent,Mandya,2025-06-02T16:10:38.703Z
Vijay Cook Service,V,5.0,1 Ratings,"Rajarajeshwari Nagar, Bangalore",,,Cooks; Non Veg Food Cooks,true,false,false,false,true,House keeping Services,Culinary Experts at Your Service: Cooks on Rent,Mandya,2025-06-02T16:10:38.703Z
Susheela Caterers,S,3.5,2 Ratings,"Beml Layout Rajarajeshwari Nagar, Bangalore",,,Home Delivery,false,false,false,false,false,House keeping Services,Culinary Experts at Your Service: Cooks on Rent,Mandya,2025-06-02T16:10:38.703Z
Devi Cooking Services,D,3.0,2 Ratings,"Store Rajarajeshwari Nagar, Bangalore",,,Cooks; North Indian Food Cooks,true,false,false,false,false,House keeping Services,Culinary Experts at Your Service: Cooks on Rent,Mandya,2025-06-02T16:10:38.703Z
Heaven Enterprises Wedding Celebrations,H,5.0,3 Ratings,"8th Cross Rajarajeshwari Nagar, Bangalore",,,Wedding Organisers; Cooks,true,false,false,true,true,House keeping Services,Culinary Experts at Your Service: Cooks on Rent,Mandya,2025-06-02T16:10:38.703Z
Sri Anjanadhri Tent House,+,3.9,6 Ratings,"80feet Road Nagarbhavi, Bangalore",,,Cooks; Tent House,true,false,false,false,false,House keeping Services,Culinary Experts at Your Service: Cooks on Rent,Mandya,2025-06-02T16:10:38.703Z
Sri Lakshmi Convention Hall,+,3.8,71 Ratings,"Jnana Jyothi Nagar-jnana Bharathi, Bangalore",,,Convention Halls; Cooks,true,false,false,false,false,House keeping Services,Culinary Experts at Your Service: Cooks on Rent,Mandya,2025-06-02T16:10:38.703Z
Karthik Cooking Services,K,4.3,3 Ratings,"Kumarswamy Layout Uttarahalli, Bangalore",,,Cooks,true,false,false,false,true,House keeping Services,Culinary Experts at Your Service: Cooks on Rent,Mandya,2025-06-02T16:10:38.703Z
Sri Manjunatha Enterprises,+,4.8,3 Ratings,"Gottigere Main Road Anjanapura, Bangalore",,,Tables On Rent; Cooks,true,false,false,false,true,House keeping Services,Culinary Experts at Your Service: Cooks on Rent,Mandya,2025-06-02T16:10:38.703Z
Ramchandar Motho,R,4.0,1 Ratings,"Apartment Doddakallasandra, Bangalore",,,Cooks; South Indian Food Cooks,true,false,false,false,false,House keeping Services,Culinary Experts at Your Service: Cooks on Rent,Mandya,2025-06-02T16:10:38.703Z
Prem Cook,P,5.0,1 Ratings,"BHCS Layout Uttarahalli, Bangalore",,,Cooks; North Indian Food Cooks,true,false,false,false,true,House keeping Services,Culinary Experts at Your Service: Cooks on Rent,Mandya,2025-06-02T16:10:38.704Z
Home Cooking Service,H,3.7,3 Ratings,"Munjunath Nagara Subramanyapura, Bangalore",,,Cooks,true,false,false,false,false,House keeping Services,Culinary Experts at Your Service: Cooks on Rent,Mandya,2025-06-02T16:10:38.704Z
Temporary Cooking,T,5.0,1 Ratings,Bangalore,,,Cooks; Female Cooks,true,false,false,false,true,House keeping Services,Culinary Experts at Your Service: Cooks on Rent,Mandya,2025-06-02T16:10:38.704Z
Jaya Srinivasa Tent House,+,3.7,3 Ratings,"Terige Bhavana Road Nagarbhavi, Bangalore",,,Tent House; Cooks,true,false,false,false,false,House keeping Services,Culinary Experts at Your Service: Cooks on Rent,Mandya,2025-06-02T16:10:38.704Z
Jagabandhu Cook Service Rent,+,4.0,4 Ratings,"J. P. Nagar Konanakunte Cross, Bangalore",,,Cooks,true,false,false,false,false,House keeping Services,Culinary Experts at Your Service: Cooks on Rent,Mandya,2025-06-02T16:10:38.704Z
Thilka Chicken Centre,T,2.5,2 Ratings,"Kunduru Channarayapatna, Hassan",,,Caterers; Veg Caterers,true,false,false,false,false,House keeping Services,Culinary Experts at Your Service: Cooks on Rent,Mandya,2025-06-02T16:10:38.704Z
Bappi Cook,B,3.5,2 Ratings,"Banashankari 3rd Stage, Bangalore",,,Cooks; Caterers,true,false,false,false,false,House keeping Services,Culinary Experts at Your Service: Cooks on Rent,Mandya,2025-06-02T16:10:38.704Z
Cook Pramod,C,4.0,1 Ratings,"A Cross Banashankari 3rd Stage, Bangalore",,,Cooks; South Indian Food Cooks,true,false,false,false,false,House keeping Services,Culinary Experts at Your Service: Cooks on Rent,Mandya,2025-06-02T16:10:38.704Z
Hemavathy,H,3.6,4 Ratings,"Badawane Nagarbhavi 2nd Stage, Bangalore",,,Cooks,true,false,false,false,false,House keeping Services,Culinary Experts at Your Service: Cooks on Rent,Mandya,2025-06-02T16:10:38.704Z
Harshitha Catering Services,+,4.8,35 Ratings,"Vigneshwara Nagara Sunkadakatte, Bangalore",,,Home Delivery,true,false,false,false,true,House keeping Services,Culinary Experts at Your Service: Cooks on Rent,Mandya,2025-06-02T16:10:38.704Z
Marathahalli Cook,M,4.3,4 Ratings,"10 Chandra Layout, Bangalore",,,Cooks,true,false,false,false,true,House keeping Services,Culinary Experts at Your Service: Cooks on Rent,Mandya,2025-06-02T16:10:38.704Z
Sri Parvathi Tent House,+,3.3,5 Ratings,"Vinayaka Layout-Nagarbhavi, Bangalore",,,Tents On Rent; Cooks,true,false,false,false,false,House keeping Services,Culinary Experts at Your Service: Cooks on Rent,Mandya,2025-06-02T16:10:38.704Z
Sri Ekadantha Tent House,+,5.0,2 Ratings,"Jigani Harapanahalli Jigani, Bangalore",,,Cooks; Caterers,true,false,false,false,true,House keeping Services,Culinary Experts at Your Service: Cooks on Rent,Mandya,2025-06-02T16:10:38.705Z
Madhava Services,M,3.7,3 Ratings,"Nagar Banashankari 3rd Stage, Bangalore",,,Cooks,true,false,false,false,false,House keeping Services,Culinary Experts at Your Service: Cooks on Rent,Mandya,2025-06-02T16:10:38.705Z
Home Cook,H,3.0,6 Ratings,"Feet Road Banashankari 3rd Stage, Bangalore",,,Cooks; Brahmin Cooks,true,false,false,false,false,House keeping Services,Culinary Experts at Your Service: Cooks on Rent,Mandya,2025-06-02T16:10:38.705Z
North Indian Cook,N,3.8,9 Ratings,"Bannerghatta Road, Bangalore",,,Cooks,false,false,false,false,false,House keeping Services,Culinary Experts at Your Service: Cooks on Rent,Mandya,2025-06-02T16:10:38.705Z
Krishna Cooking Contractor,K,3.0,1 Ratings,"Main Road Kathriguppe, Bangalore",,,Cooks,true,false,false,false,false,House keeping Services,Culinary Experts at Your Service: Cooks on Rent,Mandya,2025-06-02T16:10:38.705Z
Sree Sai Ram Tent House,S,3.5,2 Ratings,"6th Cross Pattegarhpalya, Bangalore",,,Tent House; Cooks,false,false,false,false,false,House keeping Services,Culinary Experts at Your Service: Cooks on Rent,Mandya,2025-06-02T16:10:38.705Z
Good Cook,G,3.6,14 Ratings,"32 Nd Cross Banashankari, Bangalore",,,Cooks,true,false,false,false,false,House keeping Services,Culinary Experts at Your Service: Cooks on Rent,Mandya,2025-06-02T16:10:38.705Z
Cook Service ( Chacha),C,3.5,4 Ratings,"Banashankari, Bangalore",,,Cooks,true,false,false,false,false,House keeping Services,Culinary Experts at Your Service: Cooks on Rent,Mandya,2025-06-02T16:10:38.705Z
Dayanidhi J L,D,4.1,8 Ratings,"Jp Nagar 5th Phase, Bangalore",,,Cooks,true,false,false,false,true,House keeping Services,Culinary Experts at Your Service: Cooks on Rent,Mandya,2025-06-02T16:10:38.705Z
Narayan Das,N,4.9,4 Ratings,"JP Nagar 5th Phase Jp Nagar, Bangalore",,,Cooks,true,false,false,false,true,House keeping Services,Culinary Experts at Your Service: Cooks on Rent,Mandya,2025-06-02T16:10:38.705Z
Naganadoddi Janakamma Mane,<,4.1,13 Ratings,"Mullahalli Mellahalli, Mandya",,,Placement Services For Maids (For Employers),true,false,false,false,true,House keeping Services,Popular Placement Services For Maids For Employers,Mandya,2025-06-02T16:11:33.495Z
Channappa m,<,3.3,3 Ratings,"Annur, Mandya",,,Placement Services For Maids (For Employers),true,false,false,false,false,House keeping Services,Popular Placement Services For Maids For Employers,Mandya,2025-06-02T16:11:33.495Z
Venus Placements,<,3.7,200 Ratings,"Court  Road Adi Udupi, Udupi",,,Interview Room; Offline Aptitude Tests; Online Aptitude Tests,true,false,false,false,false,House keeping Services,Popular Placement Services For Maids For Employers,Mandya,2025-06-02T16:11:33.495Z
Standard Group,<,4.0,218 Ratings,"Nellikai Road Nellikai Road, Mangalore",,,Overseas Placement,true,false,false,false,true,House keeping Services,Popular Placement Services For Maids For Employers,Mandya,2025-06-02T16:11:33.496Z
Yes House Maid Service,<,3.7,203 Ratings,"Kharadi, Pune",,07411586640,Placement Services For Maids (For Employers); Placement Services (For Employers),true,false,false,false,false,House keeping Services,Popular Placement Services For Maids For Employers,Mandya,2025-06-02T16:11:33.496Z
Balaji Manpower Consultancy Services,<,3.6,193 Ratings,"Wagle Industrial Estate-thane West, Thane",,08123860225,Placement Services For Babysitter (Candidate); Placement Services For Driver (Candidate),true,false,false,false,false,House keeping Services,Popular Placement Services For Maids For Employers,Mandya,2025-06-02T16:11:33.496Z
Domestic Help India,<,3.4,27 Ratings,"Front Of Railway Station Mumbra, Thane",,07204989457,Placement Services For Maids (For Employers); Placement Services For Cook (For Employers),true,false,false,false,false,House keeping Services,Popular Placement Services For Maids For Employers,Mandya,2025-06-02T16:11:33.496Z
Great Corporate Solutions,<,3.8,12 Ratings,"Khar Danda Khar West, Mumbai",,08401151953,Overseas Placement,true,false,false,false,false,House keeping Services,Popular Placement Services For Maids For Employers,Mandya,2025-06-02T16:11:33.496Z
Vinayak Placement,<,3.4,52 Ratings,"Service Road No 5 Bagbera, Jamshedpur",,08511498177,Placement Services For Hospital Staff (Candidate); Placement Services For Security Staff (Candidate),true,false,false,false,false,House keeping Services,Popular Placement Services For Maids For Employers,Mandya,2025-06-02T16:11:33.496Z
Rapid Manpower Services,<,3.8,278 Ratings,"Agrico Road New Sitaram Dera, Jamshedpur",,09980756770,Placement Services (Candidate); Placement Services For Driver (Candidate),true,false,false,true,true,House keeping Services,Popular Placement Services For Maids For Employers,Mandya,2025-06-02T16:11:33.496Z
R K Placement Services,R,4.0,158 Ratings,"Dharamgadapur Nasara Narwal, Kanpur",,08734976048,Part Time Placement,true,false,false,false,true,House keeping Services,Popular Placement Services For Maids For Employers,Mandya,2025-06-02T16:11:33.497Z
Directionguru,+,3.9,"3,695 Ratings","Defence Lab Road Ratanada, Jodhpur",,,Overseas Placement,true,false,false,false,false,House keeping Services,Popular Placement Services For Maids For Employers,Mandya,2025-06-02T16:11:33.497Z
Geetanjali Maid Bureau,G,4.2,207 Ratings,"Gali No. 5  Jaitpur Badarpur, Delhi",,08904410463,Placement Services For Maids (For Employers),true,false,false,false,true,House keeping Services,Popular Placement Services For Maids For Employers,Mandya,2025-06-02T16:11:33.497Z
Happy House Maid Bureau,H,4.1,43 Ratings,"Mayur Vihar Phase 3, Delhi",,09845272404,Placement Services For Maids (For Employers); Placement Services For Cook (For Employers),true,false,false,false,true,House keeping Services,Popular Placement Services For Maids For Employers,Mandya,2025-06-02T16:11:33.497Z
Uttam Mart,U,4.8,8 Ratings,"Pandav Nagar Shadipur, Delhi",,08511091734,Placement Services For Maids (For Employers); Placement Services For Patient Care Taker (For Employers),true,false,false,false,true,House keeping Services,Popular Placement Services For Maids For Employers,Mandya,2025-06-02T16:11:33.497Z
Kavya Placement Services,K,4.0,69 Ratings,"Mohan Garden Uttam Nagar, Delhi",,08147080951,Placement Services For Servants (For Employers); Placement Services For Maids (For Employers),true,false,false,true,true,House keeping Services,Popular Placement Services For Maids For Employers,Mandya,2025-06-02T16:11:33.497Z
Aarohi Placement Services,+,3.8,145 Ratings,"Gaon Ki Gali Bakshi Ka Talab, Lucknow",,07487890344,Placement Services For Cook (For Employers); Placement Services For Maids (For Employers),true,false,false,true,false,House keeping Services,Popular Placement Services For Maids For Employers,Mandya,2025-06-02T16:11:33.498Z
Ayush Maid Beuro,A,4.8,31 Ratings,"Inderlok Metro Station Indralok, Delhi",,08904614872,Placement Services (For Employers); Placement Services For Maids (For Employers),true,false,false,false,true,House keeping Services,Popular Placement Services For Maids For Employers,Mandya,2025-06-02T16:11:33.498Z
Sri Basaveshwara Nilaya,S,4.0,2 Ratings,"Cross Shivapura Extension Mandya, Mandya",,,Placement Services For Maids (For Employers),true,false,false,false,false,House keeping Services,Popular Placement Services For Maids For Employers,Mandya,2025-06-02T16:11:33.498Z
Shree Renukacharya Nilaya,S,4.4,5 Ratings,"N R Mohalla, Mysore",,,Placement Services For Maids (For Employers),false,false,false,false,false,House keeping Services,Popular Placement Services For Maids For Employers,Mandya,2025-06-02T16:11:33.498Z
Chands Manzil,C,4.3,6 Ratings,"Udayagiri, Mysore",,,Placement Services For Maids (For Employers),false,false,false,false,false,House keeping Services,Popular Placement Services For Maids For Employers,Mandya,2025-06-02T16:11:33.498Z
Smm House Maid Services,S,4.7,10 Ratings,"Ambedkar Beedi Varuna, Mysore",,,Home Nursing Services; Placement Services (For Employers),true,false,false,false,true,House keeping Services,Popular Placement Services For Maids For Employers,Mandya,2025-06-02T16:11:33.498Z
Wisdomjobs.com,+,3.9,34 Ratings,Mysore,,,Placement Services (Candidate); Placement Services For Driver (Candidate),false,false,false,false,false,House keeping Services,Popular Placement Services For Maids For Employers,Mandya,2025-06-02T16:11:33.499Z
Electric Work Tony,E,4.7,9 Ratings,"Bannimantap, Mysore",,,Placement Services For Maids (For Employers),false,false,false,false,true,House keeping Services,Popular Placement Services For Maids For Employers,Mandya,2025-06-02T16:11:33.499Z
Apex Services,A,3.8,14 Ratings,"5th Cross Saraswathipuram, Mysore",,,Placement Services (Candidate); Placement Services For Driver (Candidate),false,false,false,false,false,House keeping Services,Popular Placement Services For Maids For Employers,Mandya,2025-06-02T16:11:33.500Z
Youth Placement Services,Y,2.8,3 Ratings,"1st Block Ramakrishnanagar, Mysore",,,Placement Services (Candidate); Placement Services For Driver (Candidate),true,false,false,false,false,House keeping Services,Popular Placement Services For Maids For Employers,Mandya,2025-06-02T16:11:33.500Z
Ecode Management System (Gas Safe),+,3.6,10 Ratings,"Dattagalli, Mysore",,,Placement Services For Maids (For Employers),false,false,false,false,false,House keeping Services,Popular Placement Services For Maids For Employers,Mandya,2025-06-02T16:11:33.500Z
Advith Np,A,4.0,2 Ratings,"Nanjangud Kempe Gowda Layout, Nanjangud",,,Placement Services For Maids (For Employers),true,false,false,false,false,House keeping Services,Popular Placement Services For Maids For Employers,Mandya,2025-06-02T16:11:33.500Z
Shwetha Nilaya,S,4.0,5 Ratings,"Krishnarajanagara, Mysore",,,Placement Services For Maids (For Employers),false,false,false,false,false,House keeping Services,Popular Placement Services For Maids For Employers,Mandya,2025-06-02T16:11:33.500Z
Madhu 24,M,3.0,2 Ratings,"Main Road, Chamarajanagar",,,Placement Services For Maids (For Employers),true,false,false,false,false,House keeping Services,Popular Placement Services For Maids For Employers,Mandya,2025-06-02T16:11:33.500Z
Smm House Maid Services,S,2.8,14 Ratings,"Maramma Temple Road Kumbalgodu, Bangalore",,,Placement Services (For Employers); Placement Services For Maids (For Employers),true,false,false,false,false,House keeping Services,Popular Placement Services For Maids For Employers,Mandya,2025-06-02T16:11:33.500Z
Pragathi Info Services,P,4.0,47 Ratings,"1st Mn Kengeri, Bangalore",,,Overseas Placement,false,false,false,false,false,House keeping Services,Popular Placement Services For Maids For Employers,Mandya,2025-06-02T16:11:33.501Z
Sumair Jandal Koppel,S,4.5,17 Ratings,Hassan,,,Placement Services For Maids (For Employers),true,false,false,false,true,House keeping Services,Popular Placement Services For Maids For Employers,Mandya,2025-06-02T16:11:33.501Z
Bharadwaja Multi Service Centre,B,3.6,7 Ratings,"Layout Rajarajeshwari Nagar, Bangalore",,,Placement Services For IT Industry (Candidate); Placement Services (Candidate),true,false,false,false,false,House keeping Services,Popular Placement Services For Maids For Employers,Mandya,2025-06-02T16:11:33.501Z
Likitha Man Power,+,4.3,210 Ratings,"Muneshwara Nagar-Jnana Ganga Nagar, Bangalore",,09980125198,Placement Services (For Employers); Placement Services For Maids (For Employers),true,false,false,false,true,House keeping Services,Popular Placement Services For Maids For Employers,Mandya,2025-06-02T16:11:33.501Z
G K Groups,+,2.6,32 Ratings,"Jnana Jyothi Nagar-Jnana Bharathi, Bangalore",,,Overseas Placement; Staffing Solutions,true,false,false,false,false,House keeping Services,Popular Placement Services For Maids For Employers,Mandya,2025-06-02T16:11:33.501Z
Udogya Dhara,U,3.9,7 Ratings,"7 Th Cross Nagarbhavi 2nd Stage, Bangalore",,,Overseas Placement,false,false,false,false,false,House keeping Services,Popular Placement Services For Maids For Employers,Mandya,2025-06-02T16:11:33.501Z
Shashi Placement Services,S,3.5,41 Ratings,"Byraveshwara Nagar Nagarbhavi, Bangalore",,,Placement Services (Candidate); Placement Services For Driver (Candidate),true,false,false,false,false,House keeping Services,Popular Placement Services For Maids For Employers,Mandya,2025-06-02T16:11:33.501Z
M R Facility Service,+,4.3,204 Ratings,"Sunkadakutte Sunkadakatte, Bangalore",,07383761275,Placement Services For Housekeeping (For Employers); Placement Services For Maids (For Employers),true,false,false,true,true,House keeping Services,Popular Placement Services For Maids For Employers,Mandya,2025-06-02T16:11:33.501Z
Gowthami Nilaya,+,4.7,9 Ratings,"Gangondanahalli, Bangalore",,,Placement Services For Maids (For Employers),true,false,false,false,true,House keeping Services,Popular Placement Services For Maids For Employers,Mandya,2025-06-02T16:11:33.501Z
Nf Bangalore,+,4.3,27 Ratings,"Attiguppe Chandra Layout, Bangalore",,,Placement Services For Cook (Candidate); Placement Services For Maids (For Employers),true,false,false,false,true,House keeping Services,Popular Placement Services For Maids For Employers,Mandya,2025-06-02T16:11:33.501Z
Sai Sarangamani,S,4.3,9 Ratings,"5th C Cross Road Girinagar, Bangalore",,,Placement Services For Maids (For Employers),false,false,false,false,true,House keeping Services,Popular Placement Services For Maids For Employers,Mandya,2025-06-02T16:11:33.502Z
S M Solutions,S,3.6,7 Ratings,"Venkatadasa Road Padmanabhanagar, Bangalore",,,Placement Services For IT Industry (Candidate); Placement Services (Candidate),true,false,false,false,false,House keeping Services,Popular Placement Services For Maids For Employers,Mandya,2025-06-02T16:11:33.502Z
Pavithra House Maid Service,P,4.8,6 Ratings,"Attiguppe Vijayanagar, Bangalore",,,On Call Maid; Housemaid,true,false,false,false,true,House keeping Services,Popular Placement Services For Maids For Employers,Mandya,2025-06-02T16:11:33.502Z
Gaurav Nupur Chopra Home,G,3.0,3 Ratings,"B Cross Road Prashanth Layout, Bangalore",,,Placement Services For Maids (For Employers),false,false,false,false,false,House keeping Services,Popular Placement Services For Maids For Employers,Mandya,2025-06-02T16:11:33.502Z
Light House Man Power,L,4.4,10 Ratings,"Nethaji Nagar-Vijaynagar, Bangalore",,,Placement Services (Candidate); Placement Services (For Employers),true,false,false,false,true,House keeping Services,Popular Placement Services For Maids For Employers,Mandya,2025-06-02T16:11:33.503Z
Sathish Consultancy,S,4.2,6 Ratings,"Banashankari 2nd Stage, Bangalore",,,Placement Services For Mechanical Engineer (Candidate); Placement Services (Candidate),true,false,false,false,true,House keeping Services,Popular Placement Services For Maids For Employers,Mandya,2025-06-02T16:11:33.503Z
Career Point,C,3.9,20 Ratings,"21st Main Vijayanagar, Bangalore",,,Overseas Placement; Resume Building; Interview Room,true,false,false,false,false,House keeping Services,Popular Placement Services For Maids For Employers,Mandya,2025-06-02T16:11:33.503Z
Balaji Enterprises,+,4.1,12 Ratings,"Feet Road Banashankari 1st Stage, Bangalore",,,Provides Recruitment Logistics,false,false,false,false,true,House keeping Services,Popular Placement Services For Maids For Employers,Mandya,2025-06-02T16:11:33.503Z
Deepu Car Driver Service,<,4.6,6 Ratings,"6th Cross Gandhi Nagar Mandya, Mandya",,08460463687,Driver Service Agents; Driver Service Agents For Hourly Basis,true,true,false,false,true,House keeping Services,Popular Driver Service Agents,Mandya,2025-06-02T16:12:35.588Z
Directionguru,<,3.9,"3,695 Ratings","Defence Lab Road Ratanada, Jodhpur",,,Overseas Placement,true,true,false,false,true,House keeping Services,Popular Driver Service Agents,Mandya,2025-06-02T16:12:35.589Z
Sowmya Tours and Travels,<,3.5,2 Ratings,"BM Road Maddur Mandya, Mandya",,,Travel Agents; Car Rental,true,true,false,false,false,House keeping Services,Popular Driver Service Agents,Mandya,2025-06-02T16:12:35.590Z
Shivu Travels,<,5.0,1 Ratings,"Engineering College Mandya City, Mandya",,,Tempo Travellers On Rent; Driver Service Agents,true,true,false,false,true,House keeping Services,Popular Driver Service Agents,Mandya,2025-06-02T16:12:35.590Z
Nagaraj,<,4.5,1 Ratings,"Vadagala Undi Varakodu, Mysore",,,Driver Service Agents; Driver Service Agents For Hourly Basis,true,true,false,false,true,House keeping Services,Popular Driver Service Agents,Mandya,2025-06-02T16:12:35.590Z
Sheetal Travel Point,<,4.2,13 Ratings,"Main Road Raghavendra Nagar, Mysore",,,Travel Agents; Car Rental,true,true,false,false,true,House keeping Services,Popular Driver Service Agents,Mandya,2025-06-02T16:12:35.591Z
Vrsk Spare Driver Service,<,4.8,12 Ratings,"T Narsipura Road Alanahalli, Mysore",,,Driver Service Agents,true,true,false,false,true,House keeping Services,Popular Driver Service Agents,Mandya,2025-06-02T16:12:35.591Z
Spare Driver Mysore,<,4.9,75 Ratings,"Budda Marga Siddhartha Layout, Mysore",,,Car Rental; Tempo Travellers On Rent,true,true,false,false,true,House keeping Services,Popular Driver Service Agents,Mandya,2025-06-02T16:12:35.592Z
Shree Driver Sarvice,<,4.8,4 Ratings,"Rahgavendra Nagar Siddarthanagar, Mysore",,,Driver Service Agents; Driver Service Agents For Hourly Basis,true,true,false,false,true,House keeping Services,Popular Driver Service Agents,Mandya,2025-06-02T16:12:35.592Z
Shafeeq Driving Services,<,4.9,5 Ratings,"Kesre Rajendranagar, Mysore",,,Driver Service Agents For Monthly Basis; Driver Service Agents,true,true,false,false,true,House keeping Services,Popular Driver Service Agents,Mandya,2025-06-02T16:12:35.592Z
Shree Chamundeshwari Tours And Travel,S,3.9,39 Ratings,"Gnanamarga Siddarthanagar, Mysore",,,Self Driven,true,true,false,false,false,House keeping Services,Popular Driver Service Agents,Mandya,2025-06-02T16:12:35.592Z
Fast Driver,F,5.0,1 Ratings,"Fast Cars Banni Mantap, Mysore",,,Car Rental; Car Rental For Outstation,false,true,false,false,true,House keeping Services,Popular Driver Service Agents,Mandya,2025-06-02T16:12:35.593Z
Haniya Travels,H,5.0,3 Ratings,"No.325/1 Metagalli, Mysore",,,Travel Agents; Driver Service Agents,true,true,false,false,true,House keeping Services,Popular Driver Service Agents,Mandya,2025-06-02T16:12:35.593Z
Good Line Cab Service and Spare Driver's,+,4.0,2 Ratings,"KRS Road Metagalli, Mysore",,,Car Rental; Taxi Services,true,true,false,false,false,House keeping Services,Popular Driver Service Agents,Mandya,2025-06-02T16:12:35.593Z
Greenway Tours & Travels,G,4.0,8 Ratings,"Lasker Mohalla Nazarbad, Mysore",,,Travel Agents; Car Rental,true,true,false,false,false,House keeping Services,Popular Driver Service Agents,Mandya,2025-06-02T16:12:35.593Z
Mysore Tours And Travels,M,4.0,3 Ratings,"Hospital Road KR Circle Mysore, Mysore",,,,true,true,false,false,false,House keeping Services,Popular Driver Service Agents,Mandya,2025-06-02T16:12:35.593Z
Ganga Associates,G,5.0,1 Ratings,"Medar Block Mandi Mohalla, Mysore",,,Driver Service Agents,true,true,false,false,true,House keeping Services,Popular Driver Service Agents,Mandya,2025-06-02T16:12:35.593Z
Cab Rental Travel Time,+,3.0,4 Ratings,"Metagalli Hebbal, Mysore",,,,false,true,false,false,false,House keeping Services,Popular Driver Service Agents,Mandya,2025-06-02T16:12:35.593Z
Car Spear Drivers,C,3.7,3 Ratings,"GOKULAM Gokulam, Mysore",,,Car Rental; Driver Service Agents,false,true,false,false,false,House keeping Services,Popular Driver Service Agents,Mandya,2025-06-02T16:12:35.593Z
V Drive INDIA Travel Solutions,+,3.1,4 Ratings,"Vilas Road Devaraja Mohalla, Mysore",,,Travel Agents; Car Rental,true,true,false,false,false,House keeping Services,Popular Driver Service Agents,Mandya,2025-06-02T16:12:35.593Z
Unity Cabs Tours And Travels,+,4.5,329 Ratings,"Railway Layout Vijaynagar Mysore, Mysore",,,Car Rental; Car Rental For Outstation,true,true,false,true,true,House keeping Services,Popular Driver Service Agents,Mandya,2025-06-02T16:12:35.593Z
Sun Drivers,S,4.3,27 Ratings,"4th Main Road Vani Vilas Mohalla, Mysore",,,24 Hours Driver Service Agents; Driver Service Agents,true,true,false,false,true,House keeping Services,Popular Driver Service Agents,Mandya,2025-06-02T16:12:35.593Z
U Dzire We Drive,U,5.0,1 Ratings,"Ramanuja Road, Mysore",,,Driver Service Agents,true,true,false,false,true,House keeping Services,Popular Driver Service Agents,Mandya,2025-06-02T16:12:35.593Z
Bhaskar H V,B,5.0,2 Ratings,"3rd Cross Kr Mohalla, Mysore",,,Driver Service Agents; Driver Service Agents For Hourly Basis,true,true,false,false,true,House keeping Services,Popular Driver Service Agents,Mandya,2025-06-02T16:12:35.593Z
Oyster Cab Pvt Ltd,+,4.5,257 Ratings,"Cross Hosabandikeri Kr Mohalla, Mysore",,,Travel Agents; Car Rental,true,true,false,true,true,House keeping Services,Popular Driver Service Agents,Mandya,2025-06-02T16:12:35.594Z
Snp Consultant And Services,S,4.4,19 Ratings,"Service Road Hinkal, Mysore",,08511461909,Driver Service Agents; Driver Service Agents For Hourly Basis,true,true,false,true,true,House keeping Services,Popular Driver Service Agents,Mandya,2025-06-02T16:12:35.594Z
Bharath Spare Driver,B,4.8,24 Ratings,"Sarvajanika Road Vidyaranyapuram, Mysore",,,Driver Service Agents; Driver Service Agents For Hourly Basis,true,true,false,false,true,House keeping Services,Popular Driver Service Agents,Mandya,2025-06-02T16:12:35.594Z
Nature Tours And Travels,+,5.0,4 Ratings,"Bar Vijaynagar 2nd Stage, Mysore",,,Car Rental; Tempo Travellers On Rent,true,true,false,false,true,House keeping Services,Popular Driver Service Agents,Mandya,2025-06-02T16:12:35.594Z
Liberty Driver Agency,L,4.0,4 Ratings,"Cross 5th Main Saraswathipuram, Mysore",,09054464385,Driver Service Agents; Driver Service Agents For Hourly Basis,true,true,false,false,false,House keeping Services,Popular Driver Service Agents,Mandya,2025-06-02T16:12:35.595Z
Fly Away Tours & Travels,+,4.5,14 Ratings,"1st Main Jayanagar, Mysore",,,Car Rental; Car Rental For Outstation,true,true,false,false,true,House keeping Services,Popular Driver Service Agents,Mandya,2025-06-02T16:12:35.595Z
Sri Annapurneshwari Tours & Travels,S,5.0,1 Ratings,"Circle Vijaynagar Mysore, Mysore",,,Travel Agents; Car Rental,true,true,false,false,true,House keeping Services,Popular Driver Service Agents,Mandya,2025-06-02T16:12:35.595Z
Rachitha Travel Link,R,4.7,3 Ratings,"Road Ramakrishnanagar, Mysore",,,Travel Agents; Driver Service Agents,true,true,false,false,true,House keeping Services,Popular Driver Service Agents,Mandya,2025-06-02T16:12:35.595Z
Dinesh Driving Services,D,4.0,1 Ratings,"M Block Kuvempunagar, Mysore",,,Driver Service Agents; Driver Service Agents For Hourly Basis,false,true,false,false,false,House keeping Services,Popular Driver Service Agents,Mandya,2025-06-02T16:12:35.595Z
Raghavendra Spare Driving Service,R,5.0,7 Ratings,"Chennaiah Road Janatha Nagar, Mysore",,,Travel Agents; Car Rental,true,true,false,false,true,House keeping Services,Popular Driver Service Agents,Mandya,2025-06-02T16:12:35.595Z
Sri Durgaparameshwari Tours & Travels,S,5.0,1 Ratings,"6th Phase Sharada Nagar, Mysore",,,Self Driven; Corporate,false,true,false,false,true,House keeping Services,Popular Driver Service Agents,Mandya,2025-06-02T16:12:35.595Z
Satish Driver Services,S,4.7,5 Ratings,"S J H Road Vidyaranyapuram, Mysore",,,Driver Service Agents; 24 Hours Driver Service Agents,true,true,false,false,true,House keeping Services,Popular Driver Service Agents,Mandya,2025-06-02T16:12:35.596Z
MM Tours & Travels,M,4.2,11 Ratings,"Bogadi, Mysore",,07405393783,Travel Agents; Car Rental,true,true,false,true,true,House keeping Services,Popular Driver Service Agents,Mandya,2025-06-02T16:12:35.596Z
Avila Tours And Travels,+,3.6,25 Ratings,"Road Kuvempunagar, Mysore",,,Travel Agents; Car Rental,true,true,false,false,false,House keeping Services,Popular Driver Service Agents,Mandya,2025-06-02T16:12:35.596Z
A D S Pvt Ltd,A,4.7,3 Ratings,"KHB Colony Hootagalli, Mysore",,,Driver Service Agents,true,true,false,false,true,House keeping Services,Popular Driver Service Agents,Mandya,2025-06-02T16:12:35.596Z
Bhuvan Hollidays Mysore,B,5.0,1 Ratings,"Near Indian ATM Hootagalli, Mysore",,,Travel Agents; Car Rental,false,true,false,false,true,House keeping Services,Popular Driver Service Agents,Mandya,2025-06-02T16:12:35.596Z
Just Perfect Drive Mysore,J,4.7,34 Ratings,"7th Cross Janatha Nagar, Mysore",,,Driver Service Agents; Driver Service Agents For Hourly Basis,true,true,false,false,true,House keeping Services,Popular Driver Service Agents,Mandya,2025-06-02T16:12:35.596Z
Murugan Tours and Travels,M,4.3,13 Ratings,"7th Cross Janatha Nagar, Mysore",,,Corporate,false,true,false,false,true,House keeping Services,Popular Driver Service Agents,Mandya,2025-06-02T16:12:35.596Z
Spare Drivers,S,5.0,1 Ratings,"Channiya Road Saraswathipuram, Mysore",,,Driver Service Agents; Driver Service Agents For Outstation,true,true,false,false,true,House keeping Services,Popular Driver Service Agents,Mandya,2025-06-02T16:12:35.596Z
Mysore Spare Driver,+,4.8,355 Ratings,"Kuvempunagar, Mysore",,08511319872,Car Rental; Taxi Services,true,true,false,false,true,House keeping Services,Popular Driver Service Agents,Mandya,2025-06-02T16:12:35.597Z
Sri Vignesh Tours and Travels,+,4.8,27 Ratings,"Gaddige Main Road Bogadi, Mysore",,,Car Rental; Tempo Travellers On Rent,true,true,false,false,true,House keeping Services,Popular Driver Service Agents,Mandya,2025-06-02T16:12:35.597Z
Cs Tours And Travels,C,5.0,13 Ratings,"Housing Boarding Hootagalli, Mysore",,,Travel Agents; Car Rental,true,true,false,false,false,House keeping Services,Popular Driver Service Agents,Mandya,2025-06-02T16:12:35.597Z
Shanthi Raj Travels,+,4.9,104 Ratings,"Block Sriramapura 2nd Stage, Mysore",,,Car Rental; Tempo Travellers On Rent,false,true,false,false,true,House keeping Services,Popular Driver Service Agents,Mandya,2025-06-02T16:12:35.597Z
Rupesh Driver Service Agents,R,4.8,15 Ratings,"12th Cross J P Nagar, Mysore",,,Car Rental For Outstation; Driver Service Agents,true,true,false,false,true,House keeping Services,Popular Driver Service Agents,Mandya,2025-06-02T16:12:35.597Z
Self Driving Assistance,S,5.0,1 Ratings,"Temple Road Ramakrishnanagar, Mysore",,,Driver Service Agents; Driver Service Agents For Hourly Basis,true,true,false,false,false,House keeping Services,Popular Driver Service Agents,Mandya,2025-06-02T16:12:35.597Z
Sri Sai Classic Suit,<,4.8,8 Ratings,"Vinobha Road Subash Nagar, Mandya",,,Ironing,true,false,false,false,true,House keeping Services,Popular Laundry Services,Mandya,2025-06-02T16:13:29.460Z
Anitha Rajinikanth House,<,4.7,7 Ratings,"Kodihalli Hosur, Mandya",,,Laundry Services,false,false,false,false,true,House keeping Services,Popular Laundry Services,Mandya,2025-06-02T16:13:29.460Z
Shre Lakshmi Venkateshwara Dry Cleaners,<,4.4,7 Ratings,"Guthal Road Mandya, Mandya",,,Laundry Services; Dry Cleaners,true,false,false,false,true,House keeping Services,Popular Laundry Services,Mandya,2025-06-02T16:13:29.461Z
Sanjaya Electrical Dry Cleaners,<,5.0,3 Ratings,"R.P Road Gandhi Nagar Mandya, Mandya",,,Laundry Services; Dry Cleaners,true,false,false,false,true,House keeping Services,Popular Laundry Services,Mandya,2025-06-02T16:13:29.461Z
Sls Steam Iron Laundru,<,4.0,2 Ratings,"Pura Main Road, Mandya",,,Laundry Services,false,false,false,false,false,House keeping Services,Popular Laundry Services,Mandya,2025-06-02T16:13:29.461Z
Slv Dry Cleaners B2,<,4.0,2 Ratings,"Kalamma Gudi Street, Srirangapatna",,,Laundry Services,false,false,false,false,false,House keeping Services,Popular Laundry Services,Mandya,2025-06-02T16:13:29.461Z
Gajanan dry cleaner,<,5.0,1 Ratings,"Karsawadhi Road Hosahalli, Mandya",,,Dry Clean Up,true,false,false,false,true,House keeping Services,Popular Laundry Services,Mandya,2025-06-02T16:13:29.461Z
Adhunika Marata Kendra,<,5.0,1 Ratings,"Mysore Road Pandavapura, Mandya",,,Laundry Services; Shoe Laundry Services,true,false,false,false,true,House keeping Services,Popular Laundry Services,Mandya,2025-06-02T16:13:29.462Z
Naveen Dry Cleaners,<,4.5,1 Ratings,"1003 Rajivnagar, Mysore",,,Dry Clean Up,true,false,false,false,true,House keeping Services,Popular Laundry Services,Mandya,2025-06-02T16:13:29.462Z
Shubam Dry Cleaner,<,4.5,2 Ratings,"Abdul Rahman Road Rajivnagar, Mysore",,,Home Delivery; Dry Clean Up,true,false,false,false,true,House keeping Services,Popular Laundry Services,Mandya,2025-06-02T16:13:29.462Z
Welcome Iron Shop,W,4.2,6 Ratings,"Abdul Rahman Road Rajivnagar, Mysore",,,Dry Clean Up,true,false,false,false,true,House keeping Services,Popular Laundry Services,Mandya,2025-06-02T16:13:29.462Z
Laundry Lounge,L,4.5,16 Ratings,"Mysuru Moulim Nagar, Mysore",,,Laundry Services,false,false,false,false,true,House keeping Services,Popular Laundry Services,Mandya,2025-06-02T16:13:29.462Z
Sri byraveshwara dry cleaners,S,5.0,1 Ratings,"Bannur Road Yaraganahalli, Mysore",,,Home Delivery; 24 Hours; Dry Clean Up,true,false,false,false,true,House keeping Services,Popular Laundry Services,Mandya,2025-06-02T16:13:29.462Z
Bhavani Dry Cleaning,B,4.0,2 Ratings,"Nagar Narasimharaja Mohalla, Mysore",,,Laundry Services,false,false,false,false,false,House keeping Services,Popular Laundry Services,Mandya,2025-06-02T16:13:29.463Z
Wrinkle Free Automatic Ironing,W,5.0,1 Ratings,"Raghavendra Nagar, Mysore",,,Home Delivery; Ironing; Dry Clean Up,true,false,false,false,true,House keeping Services,Popular Laundry Services,Mandya,2025-06-02T16:13:29.463Z
Mp Dry Cleaners,M,4.8,4 Ratings,"Quba Masjid Road Udayagiri, Mysore",,,Home Delivery; Dry Clean Up,true,false,false,false,true,House keeping Services,Popular Laundry Services,Mandya,2025-06-02T16:13:29.463Z
Laundry Express,+,5.0,20 Ratings,"Rajkumar Main Road Yaraganahalli, Mysore",,08511427792,Ironing; Home Delivery; Stain Removal,true,false,false,false,true,House keeping Services,Popular Laundry Services,Mandya,2025-06-02T16:13:29.463Z
Raju Dry Cleaners,R,3.2,4 Ratings,"Siddarthanagar, Mysore",,,Dry Clean Up,true,false,false,false,false,House keeping Services,Popular Laundry Services,Mandya,2025-06-02T16:13:29.463Z
Sri Manjunath Cloth Ironing Shop,S,4.0,2 Ratings,"8th Cross Road Adishakthi Rasthe, Mysore",,,Laundry Services,false,false,false,false,false,House keeping Services,Popular Laundry Services,Mandya,2025-06-02T16:13:29.464Z
S K Laundry,S,4.3,3 Ratings,"Mahadevapura, Mysore",,,Laundry Services; Dry Cleaners,true,false,false,false,false,House keeping Services,Popular Laundry Services,Mandya,2025-06-02T16:13:29.464Z
Five Star Dry Cleaners,+,4.0,35 Ratings,"Mahadevapura Main Road Udayagiri, Mysore",,,Home Delivery; Washing; Whitening Treatment,true,false,false,false,false,House keeping Services,Popular Laundry Services,Mandya,2025-06-02T16:13:29.464Z
S R Electrical Dry Cleaner,S,4.0,2 Ratings,"Nagar Main Road Rajendranagar, Mysore",,,Dry Clean Up,true,false,false,false,false,House keeping Services,Popular Laundry Services,Mandya,2025-06-02T16:13:29.464Z
Sharan Landry,+,4.0,2 Ratings,"3rd Main Road Alan Halli Layout, Mysore",,,Dry Clean Up,true,false,false,false,false,House keeping Services,Popular Laundry Services,Mandya,2025-06-02T16:13:29.464Z
Laundry World,+,3.3,32 Ratings,"2nd A Cross Road Bannimantap, Mysore",,,Laundry Services; Dry Cleaners,true,false,false,false,false,House keeping Services,Popular Laundry Services,Mandya,2025-06-02T16:13:29.464Z
Ravi Dry Cleaners,R,4.0,1 Ratings,"Gayathripuram, Mysore",,,Dry Clean Up,true,false,false,false,false,House keeping Services,Popular Laundry Services,Mandya,2025-06-02T16:13:29.465Z
Fabric Care,+,3.0,5 Ratings,"Vinay Marga Siddarthanagar, Mysore",,,Dry Clean Up,false,false,false,false,false,House keeping Services,Popular Laundry Services,Mandya,2025-06-02T16:13:29.465Z
Metro Dry Cleners,+,4.8,50 Ratings,"Narasimharaja Mohalla, Mysore",,,Dry Clean Up,true,false,false,false,true,House keeping Services,Popular Laundry Services,Mandya,2025-06-02T16:13:29.465Z
Fabricare,+,3.6,35 Ratings,"Vinaya Marga Siddarthanagar, Mysore",,,Ironing; Anti-Bacterial Laundry Service; Whitening Treatment,true,false,false,false,false,House keeping Services,Popular Laundry Services,Mandya,2025-06-02T16:13:29.466Z
Snow White Laundry And Steam Press Isaq Baig A So Late,S,4.0,2 Ratings,"Rajendranagar, Mysore",,,Laundry Services,true,false,false,false,false,House keeping Services,Popular Laundry Services,Mandya,2025-06-02T16:13:29.466Z
Vinayaka Electric Dry Cleaners,+,4.5,1 Ratings,"Anand Marga Siddarthanagar, Mysore",,,Home Delivery; Dry Clean Up,true,false,false,false,false,House keeping Services,Popular Laundry Services,Mandya,2025-06-02T16:13:29.466Z
Zam Zam Wash Zone,Z,4.0,2 Ratings,"Mysuru Bannimantap, Mysore",,,Laundry Services,false,false,false,false,false,House keeping Services,Popular Laundry Services,Mandya,2025-06-02T16:13:29.466Z
Fabric Spa,+,4.5,4 Ratings,"Marga Main Road Siddarthanagar, Mysore",,,Home Delivery; Dry Clean Up,true,false,false,false,true,House keeping Services,Popular Laundry Services,Mandya,2025-06-02T16:13:29.466Z
Decocare,+,4.9,131 Ratings,"KRS Road Metagalli, Mysore",,,Laundry Services,true,false,false,false,true,House keeping Services,Popular Laundry Services,Mandya,2025-06-02T16:13:29.466Z
Wash Junction,+,4.9,56 Ratings,"BB Mill Road Bannimantap, Mysore",,,Home Delivery; Dry Clean Up,true,false,false,false,true,House keeping Services,Popular Laundry Services,Mandya,2025-06-02T16:13:29.466Z
Sri Vinayaka Dry Cleaners,S,4.8,2 Ratings,"Banni Mantap, Mysore",,,Ironing; Dry Clean Up,true,false,false,false,true,House keeping Services,Popular Laundry Services,Mandya,2025-06-02T16:13:29.466Z
K A T S,+,5.0,1 Ratings,"Yadavagiri Industrial Estate, Mysore",,,Home Delivery; Dry Clean Up,true,false,false,false,true,House keeping Services,Popular Laundry Services,Mandya,2025-06-02T16:13:29.466Z
Vasim Zigsa Cutter,V,5.0,1 Ratings,"Mandi Mohalla, Mysore",,,Laundry Services,true,false,false,false,false,House keeping Services,Popular Laundry Services,Mandya,2025-06-02T16:13:29.466Z
Sri Ganesh Laundry,S,4.0,2 Ratings,"Mysuru Kc Layout, Mysore",,,Laundry Services,false,false,false,false,false,House keeping Services,Popular Laundry Services,Mandya,2025-06-02T16:13:29.467Z
Kamal Dry Cleaners,+,3.0,2 Ratings,"Industrial estate Yadavagiri, Mysore",,,Home Delivery; 24 Hours; Dry Clean Up,true,false,false,false,false,House keeping Services,Popular Laundry Services,Mandya,2025-06-02T16:13:29.467Z
Mahadeshwara Dry Cleaner,+,5.0,1 Ratings,"Sri Nagar Road Metagalli, Mysore",,,Home Delivery; Dry Clean Up,true,false,false,false,false,House keeping Services,Popular Laundry Services,Mandya,2025-06-02T16:13:29.467Z
Sel Dry Cleaners,S,3.5,2 Ratings,"Mysore Ho, Mysore",,,Dry Clean Up,false,false,false,false,false,House keeping Services,Popular Laundry Services,Mandya,2025-06-02T16:13:29.467Z
Meisters Laundromats Pvt Ltd,+,4.3,85 Ratings,"Yadavagiri Industrial Estate, Mysore",,,Laundry Services; Shoe Laundry Services,true,false,false,false,true,House keeping Services,Popular Laundry Services,Mandya,2025-06-02T16:13:29.467Z
5 Star Dry Cleaners & Dying,+,2.6,19 Ratings,"Ashoka Road, Mysore",,,Laundry Services; Dry Cleaners,true,false,false,false,false,House keeping Services,Popular Laundry Services,Mandya,2025-06-02T16:13:29.467Z
New Alankar Electrical Dry Cleaners,N,5.0,2 Ratings,"K T Street KT Street, Mysore",,,Dry Clean Up,true,false,false,false,false,House keeping Services,Popular Laundry Services,Mandya,2025-06-02T16:13:29.467Z
Ultra Kleenz Launderette,U,4.5,10 Ratings,"Brindavan Extension, Mysore",,,Laundry Services,false,false,false,true,false,House keeping Services,Popular Laundry Services,Mandya,2025-06-02T16:13:29.467Z
New Mohan Electrical Dry Cleaner,N,3.9,4 Ratings,"Akbar Road Mandi Mohalla, Mysore",,,Laundry Services,true,false,false,false,false,House keeping Services,Popular Laundry Services,Mandya,2025-06-02T16:13:29.467Z
My Laundry,+,4.8,10 Ratings,"Lokaranjan Mahal Road Ittigegud, Mysore",,08511400558,Stain Removal; Ironing; Home Delivery,true,false,false,false,true,House keeping Services,Popular Laundry Services,Mandya,2025-06-02T16:13:29.468Z
Ihateironing,I,4.5,4 Ratings,"Yadavagiri, Mysore",,,Laundry Services,false,false,false,false,false,House keeping Services,Popular Laundry Services,Mandya,2025-06-02T16:13:29.468Z
Mycity Dry Clean and Premium Laundry,+,4.6,584 Ratings,"Main Hebbal Industrial Estate, Mysore",,,Home Delivery; 24 Hours; Dry Clean Up,true,false,false,false,true,House keeping Services,Popular Laundry Services,Mandya,2025-06-02T16:13:29.468Z
Kanasu Jalasuchi,<,4.3,26 Ratings,"Karasawadi Ashok Nagar Mandya, Mandya",,08487851447,Cleaning Services; Plumbers,true,true,false,false,true,House keeping Services,Popular Cleaning Services,Mandya,2025-06-02T16:14:23.302Z
Shri Bannariyamma Enterprises,<,4.6,12 Ratings,"Ashok Nagar Mandya, Mandya",,08460421875,Toilet Deep Cleaning Services; Water Tank Cleaning Services,true,true,false,true,true,House keeping Services,Popular Cleaning Services,Mandya,2025-06-02T16:14:23.302Z
Sri Rangaswamy Enterprises,<,4.3,16 Ratings,"Mandya Subashnagar, Mandya",,08734996940,,true,true,false,true,true,House keeping Services,Popular Cleaning Services,Mandya,2025-06-02T16:14:23.302Z
Home Deep Cleaning Solution Services,<,4.3,12 Ratings,"Feet Road Gandhi Nagar Mandya, Mandya",,08460208378,Housekeeping Services; Toilet Cleaning Services,true,true,false,false,true,House keeping Services,Popular Cleaning Services,Mandya,2025-06-02T16:14:23.302Z
Sri Maruthi Water Tank And Sump Cleaning,<,4.9,33 Ratings,"2nd Cross Guthal Colony Mandya, Mandya",,,Water Tank Cleaning Services; Septic Tank Cleaning Services,true,true,false,false,true,House keeping Services,Popular Cleaning Services,Mandya,2025-06-02T16:14:23.302Z
Sri Ranga Swamy Enterprises,<,4.7,8 Ratings,"K M Doddi Bharathinagar, Mandya",,,Cleaning Services; Construction Contractors,true,true,false,false,true,House keeping Services,Popular Cleaning Services,Mandya,2025-06-02T16:14:23.302Z
Helping Hand Services,<,4.7,3 Ratings,"Kote Bidhi Srirangapatna, Srirangapatna",,,Eco Friendly Housekeeping,true,true,false,false,true,House keeping Services,Popular Cleaning Services,Mandya,2025-06-02T16:14:23.302Z
Sri Bannariyamma Hi-Tech Septic Cleaning Services,<,3.7,3 Ratings,"Mandya City, Mandya",,,Toilet Cleaning Services; Septic Tank Cleaning Services,true,true,false,false,false,House keeping Services,Popular Cleaning Services,Mandya,2025-06-02T16:14:23.302Z
Swach Bharath Hi-Tech Pit Cleaning,<,4.0,2 Ratings,"Srirangapatna Fort Mandya, Srirangapatna",,,Water Tank Cleaning Services; Toilet Cleaning Services,true,true,false,false,false,House keeping Services,Popular Cleaning Services,Mandya,2025-06-02T16:14:23.302Z
A A Enterprises,<,4.0,8 Ratings,"Udayagiri Udayagiri, Mysore",,,Car Upholstery Cleaning Services; Sofa Cleaning Services,false,true,false,false,false,House keeping Services,Popular Cleaning Services,Mandya,2025-06-02T16:14:23.303Z
P S P SERVICES,+,4.4,13 Ratings,"TEACHER COLONY Jyothinagar, Mysore",,,Water Tank Cleaning Services; Residential Cleaning Services,true,true,false,false,true,House keeping Services,Popular Cleaning Services,Mandya,2025-06-02T16:14:23.303Z
Chandana Drainage Services,+,5.0,2 Ratings,"Bharath Nagara Sathagalli Layout, Mysore",,,Toilet Cleaning Services; Bathroom Cleaning Services,true,true,false,false,true,House keeping Services,Popular Cleaning Services,Mandya,2025-06-02T16:14:23.303Z
Adc Services,A,4.5,4 Ratings,"Shakthinagar, Mysore",,,Water Tank Cleaning Services; Cleaning Services,true,true,false,false,true,House keeping Services,Popular Cleaning Services,Mandya,2025-06-02T16:14:23.303Z
M D S Drainage Cleaning Service,M,5.0,1 Ratings,"Kuri Mandi Circle Naidunagar, Mysore",,,Water Tank Cleaning Services; Residential Cleaning Services,true,true,false,false,true,House keeping Services,Popular Cleaning Services,Mandya,2025-06-02T16:14:23.303Z
Sri Manjunatha Tank,+,4.0,5 Ratings,"Naidunagar, Mysore",,,Cleaning Services,true,true,false,false,false,House keeping Services,Popular Cleaning Services,Mandya,2025-06-02T16:14:23.303Z
Manju Cleaning Service,M,4.2,13 Ratings,"Main Road Udayagiri, Mysore",,,Cleaning Services,false,true,false,false,false,House keeping Services,Popular Cleaning Services,Mandya,2025-06-02T16:14:23.303Z
Sgs Enterprises,S,4.7,19 Ratings,"Cnm School Road Mahadevapura, Mysore",,,Bodyguard; Bouncer Services,true,true,false,false,true,House keeping Services,Popular Cleaning Services,Mandya,2025-06-02T16:14:23.303Z
A M Tank Purifier,+,4.8,26 Ratings,"Alanahalli, Mysore",,,Water Tank Cleaning Services; Cleaning Services,true,true,false,false,true,House keeping Services,Popular Cleaning Services,Mandya,2025-06-02T16:14:23.303Z
Ts Deep Clean Service,T,4.4,5 Ratings,"4th Cross Road Naidunagar, Mysore",,,Cleaning Services,false,true,false,false,false,House keeping Services,Popular Cleaning Services,Mandya,2025-06-02T16:14:23.303Z
The Fivestar Carpet and Sofa Cleaners,+,4.5,2 Ratings,"Al Badar Circle Rajivnagar, Mysore",,,Foam Cleaning,true,true,false,false,true,House keeping Services,Popular Cleaning Services,Mandya,2025-06-02T16:14:23.303Z
Innovativepro Sales And Service,I,4.3,3 Ratings,"School Road Devegowda Circle, Mysore",,,Water Tank Cleaning Services; Cleaning Services,false,true,false,false,true,House keeping Services,Popular Cleaning Services,Mandya,2025-06-02T16:14:23.303Z
R R Cleaning Services,+,4.0,5 Ratings,"Jyothi Nagar Udayagiri, Mysore",,09035178951,Residential Cleaning Services; Toilet Cleaning Services,true,true,false,false,false,House keeping Services,Popular Cleaning Services,Mandya,2025-06-02T16:14:23.303Z
I Shine,I,4.0,1 Ratings,"4th Cross Udayagiri, Mysore",,,Sofa Cleaning Services; Cleaning Services,true,true,false,false,false,House keeping Services,Popular Cleaning Services,Mandya,2025-06-02T16:14:23.303Z
Innovative Pro,I,4.9,45 Ratings,"Bannur Road Yaraganahalli, Mysore",,,Dry Clean Up,true,true,false,false,true,House keeping Services,Popular Cleaning Services,Mandya,2025-06-02T16:14:23.303Z
Manju Cleaning And Drainage Services,+,4.7,102 Ratings,"Mahadevpura Road Shanthinagar, Mysore",,,Cleaning Services For Building; Residential Cleaning Services,true,true,false,false,true,House keeping Services,Popular Cleaning Services,Mandya,2025-06-02T16:14:23.303Z
Arjun Tank Purifiers,A,4.7,18 Ratings,"1st cross road Alan Halli Layout, Mysore",,,Water Tank Cleaning Services; Cleaning Services,true,true,false,false,true,House keeping Services,Popular Cleaning Services,Mandya,2025-06-02T16:14:23.303Z
Clean Rooms Engineering,+,3.5,4 Ratings,"Kalyana Girinagar, Mysore",,,Ducting Contractors; Cleaning Services,true,true,false,false,false,House keeping Services,Popular Cleaning Services,Mandya,2025-06-02T16:14:23.303Z
Mantra Properties And Solutions,M,4.3,6 Ratings,"Shakthinagar, Mysore",,,Cleaning Services,false,true,false,false,false,House keeping Services,Popular Cleaning Services,Mandya,2025-06-02T16:14:23.303Z
Sri Chamundeshwari Agency,S,2.5,2 Ratings,"Ring Road Alanahalli, Mysore",,,Water Tank Cleaning Services; Housekeeping Services,false,true,false,false,false,House keeping Services,Popular Cleaning Services,Mandya,2025-06-02T16:14:23.303Z
Rise And Shine Drain Cleaners,+,3.9,6 Ratings,"Nagara Boogathagalli Alanahalli, Mysore",,08511275935,Cleaning Services For Drainage; Cleaning Services,true,true,false,false,false,House keeping Services,Popular Cleaning Services,Mandya,2025-06-02T16:14:23.303Z
Bright & Shine Cleaning Services,B,4.6,5 Ratings,"Hill Road Siddarthanagar, Mysore",,,Residential Cleaning Services; Cleaning Services,true,true,false,false,true,House keeping Services,Popular Cleaning Services,Mandya,2025-06-02T16:14:23.303Z
Pralok Pets & Aquariums,+,4.3,59 Ratings,"Bannur Main Road Siddarthanagar, Mysore",,,,true,true,false,true,true,House keeping Services,Popular Cleaning Services,Mandya,2025-06-02T16:14:23.303Z
Moder Sum Cleaners,M,4.3,3 Ratings,"Main Road Giridarshini Layout, Mysore",,,Cleaning Services,false,true,false,false,false,House keeping Services,Popular Cleaning Services,Mandya,2025-06-02T16:14:23.303Z
A K Y Z Enterprises,+,4.6,21 Ratings,"Nagar Main Road Rajendranagar, Mysore",,,Gas Stove Repair & Services; Geyser Repair & Services,true,true,false,false,true,House keeping Services,Popular Cleaning Services,Mandya,2025-06-02T16:14:23.303Z
Nirmaladhare Tank Cleaners Mysore,N,4.8,62 Ratings,"Narasimharaja Mohalla, Mysore",,,Water Tank Cleaning Services; Cleaning Services,true,true,false,false,true,House keeping Services,Popular Cleaning Services,Mandya,2025-06-02T16:14:23.303Z
Sri Vinayaka Tank Cleaning Services,+,4.8,12 Ratings,"Jayalakshmipuram Bannimantap, Mysore",,,Water Tank Cleaning Services; Cleaning Services,true,true,false,false,true,House keeping Services,Popular Cleaning Services,Mandya,2025-06-02T16:14:23.303Z
Sri Lakshmidevi Enterprises,S,4.0,5 Ratings,"Rajkumar Road Siddhartha Layout, Mysore",,,Housekeeping Services For Residential; Water Tank Cleaning Services,true,true,false,false,false,House keeping Services,Popular Cleaning Services,Mandya,2025-06-02T16:14:23.303Z
Nirmaladhare Solutions,N,3.9,13 Ratings,"Kalam Azad Road Kptcl Colony, Mysore",,,Water Tank Cleaning Services; Cleaning Services,true,true,false,false,false,House keeping Services,Popular Cleaning Services,Mandya,2025-06-02T16:14:23.303Z
Mahadeswara Tank Cleaning Service,M,5.0,6 Ratings,"Siddarthanagar, Mysore",,,Water Tank Cleaning Services; Cleaning Services,false,true,false,false,false,House keeping Services,Popular Cleaning Services,Mandya,2025-06-02T16:14:23.303Z
A1 Services,A,5.0,1 Ratings,"Tersia College Siddarthanagar, Mysore",,,Water Tank Cleaning Services; Cleaning Services,true,true,false,false,false,House keeping Services,Popular Cleaning Services,Mandya,2025-06-02T16:14:23.304Z
Harini Hygenic Services,+,4.7,15 Ratings,"Rajkumar Road Siddarthanagar, Mysore",,,Cleaning Services; Water Tank Cleaning Services,true,true,false,false,true,House keeping Services,Popular Cleaning Services,Mandya,2025-06-02T16:14:23.304Z
Mysore Choice Aquarium and Pet Centre,+,3.8,166 Ratings,"3rd Stage Main Road Bannimantap, Mysore",,,Same Day Delivery; Shop In Store; Pet Care,true,true,false,true,false,House keeping Services,Popular Cleaning Services,Mandya,2025-06-02T16:14:23.304Z
Durga Drainage Cleaning Services,+,4.7,120 Ratings,"Mahadevpura Road Gandhinagar, Mysore",,08147460679,Water Tank Cleaning Services; Residential Cleaning Services,true,true,false,false,true,House keeping Services,Popular Cleaning Services,Mandya,2025-06-02T16:14:23.304Z
Ganga Enterprises,G,3.5,2 Ratings,"Shyadanahally, Mysore",,08511420610,Residential Cleaning Services; Deep Cleaning Services,true,true,false,false,false,House keeping Services,Popular Cleaning Services,Mandya,2025-06-02T16:14:23.304Z
Shwetha Cleaning Services,+,4.8,96 Ratings,"B M Sri Nagara Metagalli, Mysore",,,Water Tank Cleaning Services; Residential Cleaning Services,true,true,false,false,true,House keeping Services,Popular Cleaning Services,Mandya,2025-06-02T16:14:23.304Z
Madeshwara Cleaning and Drinage Services,+,4.5,22 Ratings,"MCC Colony Jyothinagar, Mysore",,08511715184,Cleaning Services For Drainage; Residential Cleaning Services,true,true,false,false,true,House keeping Services,Popular Cleaning Services,Mandya,2025-06-02T16:14:23.304Z
Tejaswini Water Tank And Sump Cleaning Service,T,5.0,2 Ratings,"No 112 Metagalli, Mysore",,,Water Tank Cleaning Services; Cleaning Services,false,true,false,false,true,House keeping Services,Popular Cleaning Services,Mandya,2025-06-02T16:14:23.304Z
Kumar Drainage Clearing Service,+,5.0,1 Ratings,"No 44 Metagalli, Mysore",,,Plumbers; Toilet Cleaning Services,false,true,false,false,true,House keeping Services,Popular Cleaning Services,Mandya,2025-06-02T16:14:23.304Z
Prajeeth Facility Management Private Limited,+,4.5,32 Ratings,"M SRi Nagar Maetagalli Metagalli, Mysore",,09054473149,Eco Friendly Housekeeping; Foam Cleaning,true,true,false,true,true,House keeping Services,Popular Cleaning Services,Mandya,2025-06-02T16:14:23.304Z
I Care Pest Control,<,5.0,1 Ratings,"Station Road Ashok Nagar Mandya, Mandya",,08460497605,24 Hours,true,true,false,false,true,House keeping Services,Trusted Pest Control Services,Mandya,2025-06-02T16:15:26.414Z
Pqgs Solutions Opc Pvt Ltd,<,4.0,14 Ratings,"Kacharakana Halli Hbr Layout, Bangalore",,09035175226,24 Hours,true,true,false,true,true,House keeping Services,Trusted Pest Control Services,Mandya,2025-06-02T16:15:26.415Z
Southland Group Of Companies,<,4.2,115 Ratings,"PAPPANAICKENPALAYAM Gandhipuram, Coimbatore",,07022607720,Waterproofing; Wall Tiles,true,true,false,true,true,House keeping Services,Trusted Pest Control Services,Mandya,2025-06-02T16:15:26.415Z
Fumigation Services Pvt Ltd,<,4.3,122 Ratings,"Buddu Street Parrys, Chennai",,08460425863,Residential Pest Control Services; Pest Control Services,true,true,false,false,true,House keeping Services,Trusted Pest Control Services,Mandya,2025-06-02T16:15:26.416Z
Transparent Pest Control,<,4.6,55 Ratings,"Sanmarg Nagar Airport Road Hubli, Hubli",,08401209692,24 Hours,true,true,false,true,true,House keeping Services,Trusted Pest Control Services,Mandya,2025-06-02T16:15:26.416Z
Misckin Pest Management Co,<,4.8,177 Ratings,"Gunj Road Gunj Road Raichur, Raichur",,08460536134,Commercial Pest Control Services; Waterproofing Contractors,true,true,false,true,true,House keeping Services,Trusted Pest Control Services,Mandya,2025-06-02T16:15:26.416Z
Ingle Pest Control,<,4.1,45 Ratings,"Jain Colony Ekta Nagar Karond, Bhopal",,08401133470,,true,true,false,true,true,House keeping Services,Trusted Pest Control Services,Mandya,2025-06-02T16:15:26.417Z
Total Solution & Pest Control Service,<,4.8,"1,089 Ratings","M G Road Bhawar Kuan, Indore",,08511358979,24 Hours,true,true,false,true,true,House keeping Services,Trusted Pest Control Services,Mandya,2025-06-02T16:15:26.417Z
City Clap,<,4.0,652 Ratings,"Main Road Namkum, Ranchi",,,,true,true,false,true,true,House keeping Services,Trusted Pest Control Services,Mandya,2025-06-02T16:15:26.418Z
Active Pest Control,<,4.5,8 Ratings,"Prakash Nagar Krishna Nagar, Mathura",,08401673962,Fumigant Wholesalers; Pest Control Services,true,true,false,false,true,House keeping Services,Trusted Pest Control Services,Mandya,2025-06-02T16:15:26.418Z
Kiran Pest Control,K,5.0,2 Ratings,"Saptagiri BSK Bangalore, Mysore",,,24 Hours,true,true,false,false,true,House keeping Services,Trusted Pest Control Services,Mandya,2025-06-02T16:15:26.418Z
Green INDIA Herbal Pest Control,+,4.6,14 Ratings,"Siddhartha Layout, Mysore",,,Commercial Pest Control Services; Pest Control Services,true,true,false,false,true,House keeping Services,Trusted Pest Control Services,Mandya,2025-06-02T16:15:26.418Z
Maruthi Pest Control Service,+,4.5,14 Ratings,"100 Fit Road Kr Mohalla, Mysore",,09972944299,24 Hours,true,true,false,false,true,House keeping Services,Trusted Pest Control Services,Mandya,2025-06-02T16:15:26.419Z
Heritage Pest Solutions,+,4.7,29 Ratings,"Main Road Lashkar Mohalla, Mysore",,06366959768,Commercial Pest Control Services; Pest Control Services,true,true,false,false,true,House keeping Services,Trusted Pest Control Services,Mandya,2025-06-02T16:15:26.419Z
Raghavendra Pest Control Services,+,4.5,12 Ratings,"Road Narayan Shastri Road, Mysore",,08511136285,Commercial Pest Control Services; Pest Control Services,true,true,false,true,true,House keeping Services,Trusted Pest Control Services,Mandya,2025-06-02T16:15:26.419Z
Hygiene Pest Control,+,4.9,247 Ratings,"Devmani Agrahara Agrahara, Mysore",,08511315773,Commercial Pest Control Services; Pest Control Services,true,true,false,true,true,House keeping Services,Trusted Pest Control Services,Mandya,2025-06-02T16:15:26.419Z
Raghavendra Pest Control Services,+,4.5,41 Ratings,"Raghavendra Mutt N S Road, Mysore",,08511155349,Pre Construction Pest Control Services; Pest Control Services,true,true,false,true,true,House keeping Services,Trusted Pest Control Services,Mandya,2025-06-02T16:15:26.419Z
Indoor Pest Control,+,4.9,69 Ratings,"Cross Hebbal, Mysore",,,Pest Control Services; Residential Pest Control Services,true,true,false,false,true,House keeping Services,Trusted Pest Control Services,Mandya,2025-06-02T16:15:26.420Z
Sign In Services,S,4.1,4 Ratings,"13th Cross Gokulam 2nd Stage, Mysore",,08511519716,24 Hours,true,true,false,true,true,House keeping Services,Trusted Pest Control Services,Mandya,2025-06-02T16:15:26.420Z
Sai Herbal Pest Control Services (Since 1994),+,4.3,6 Ratings,"Railway Layout Vijaynagar Mysore, Mysore",,,24 Hours,true,true,false,false,true,House keeping Services,Trusted Pest Control Services,Mandya,2025-06-02T16:15:26.420Z
Activ-i Pest Solutions,+,4.9,36 Ratings,"Cross Road Krishnamurthy Puram, Mysore",,08511908190,24 Hours,true,true,false,false,true,House keeping Services,Trusted Pest Control Services,Mandya,2025-06-02T16:15:26.420Z
Assured Services - Herbal Pest Control Service,+,4.7,178 Ratings,"8th Main Vijaynagar 1st Stage, Mysore",,,Commercial Pest Control Services; Pest Control Services,true,true,false,true,true,House keeping Services,Trusted Pest Control Services,Mandya,2025-06-02T16:15:26.420Z
Yashas Pest Control and Allied Service Private Limited,Y,3.5,2 Ratings,"6th Cross Vidyaranyapuram, Mysore",,09035079085,Pest Control Services; Residential Pest Control Services,true,true,false,false,false,House keeping Services,Trusted Pest Control Services,Mandya,2025-06-02T16:15:26.420Z
I Care Pest Control,+,4.1,69 Ratings,"Urs Road Saraswathipuram, Mysore",,08511531878,Pest Control Services; Residential Pest Control Services,true,true,false,true,true,House keeping Services,Trusted Pest Control Services,Mandya,2025-06-02T16:15:26.421Z
Protech Pest Control Services,+,4.6,182 Ratings,"Milk Centre Road Vidyaranyapuram, Mysore",,08904938970,,true,true,false,true,true,House keeping Services,Trusted Pest Control Services,Mandya,2025-06-02T16:15:26.421Z
Kiran Enterprises Pest Control Services,+,4.7,14 Ratings,"10th Cross Road Jp Nagar, Mysore",,,24 Hours,true,true,false,false,true,House keeping Services,Trusted Pest Control Services,Mandya,2025-06-02T16:15:26.421Z
Pest Control Services Hindustan,+,4.3,16 Ratings,"D Subbaih Road Chamaraja Mohalla, Mysore",,08511325849,24 Hours,true,true,false,false,true,House keeping Services,Trusted Pest Control Services,Mandya,2025-06-02T16:15:26.421Z
ARCHAKARAHALLI SHIVARUDRAIAH MAHESH,A,5.0,7 Ratings,"Archakarahalli Ijoor, Ramanagara",,,Pest Control Services,true,true,false,false,true,House keeping Services,Trusted Pest Control Services,Mandya,2025-06-02T16:15:26.421Z
CMP Pest Control Services,+,4.3,11 Ratings,"Babasabarapalya Kengeri, Bangalore",,,Commercial Pest Control Services; Pest Control Services,true,true,false,false,true,House keeping Services,Trusted Pest Control Services,Mandya,2025-06-02T16:15:26.421Z
ASHWA SOLUTIONS (PEST CONTROL),+,4.0,5 Ratings,"Lakshmisagara Bidadi, Bangalore",,,24 Hours,true,true,false,false,false,House keeping Services,Trusted Pest Control Services,Mandya,2025-06-02T16:15:26.422Z
Rentokil PCI,+,4.8,385 Ratings,"3rd Stage Hejjala, Bangalore",,,Pest Control Services; Residential Pest Control Services,true,true,false,false,true,House keeping Services,Trusted Pest Control Services,Mandya,2025-06-02T16:15:26.422Z
Pleasant Pest Control,P,5.0,1 Ratings,"Tata Silk Farm Circle Yediyur, Bangalore",,07947061202,Pest Control Services,true,true,false,false,true,House keeping Services,Trusted Pest Control Services,Mandya,2025-06-02T16:15:26.422Z
Sujith Pest Control and Sanitaizing Center,+,4.0,4 Ratings,"Main Road Kengeri Kengeri, Bangalore",,,,true,true,false,false,false,House keeping Services,Trusted Pest Control Services,Mandya,2025-06-02T16:15:26.422Z
Intellipest,+,3.6,89 Ratings,"Hosahalli Kanakapura Road, Bangalore",,,Pest Control Services; Commercial Pest Control Services,true,true,false,false,false,House keeping Services,Trusted Pest Control Services,Mandya,2025-06-02T16:15:26.422Z
Ideal Pest Control,+,4.1,139 Ratings,"Layout Rajarajeshwari Nagar, Bangalore",,09980224007,24 Hours,true,true,false,true,true,House keeping Services,Trusted Pest Control Services,Mandya,2025-06-02T16:15:26.422Z
V-Care Solutions,+,4.9,8 Ratings,"Jnana Bharathi Gnanabharathi, Bangalore",,,Commercial Pest Control Services; Pest Control Services,true,true,false,false,true,House keeping Services,Trusted Pest Control Services,Mandya,2025-06-02T16:15:26.423Z
Godrej I Care Pest Control Services,+,4.7,241 Ratings,"Main Road Rajarajeshwari Nagar, Bangalore",,,Pest Control Services; Residential Pest Control Services,true,true,false,false,true,House keeping Services,Trusted Pest Control Services,Mandya,2025-06-02T16:15:26.423Z
S L V Pest Control,S,4.6,5 Ratings,"POORNAPRAGNA LAYOUT Uttarahalli, Bangalore",,,Pest Control Services; Residential Pest Control Services,true,true,false,false,true,House keeping Services,Trusted Pest Control Services,Mandya,2025-06-02T16:15:26.423Z
Kwality Pest Control,K,5.0,1 Ratings,"Magadi Road Bharat Nagar, Bangalore",,08147448313,Residential Pest Control Services; Pest Control Services,true,true,false,false,true,House keeping Services,Trusted Pest Control Services,Mandya,2025-06-02T16:15:26.423Z
Transparent Pest Control,T,3.7,4 Ratings,"3rd Cross Road Subramanyapura, Bangalore",,,Pest Control Services,true,true,false,false,false,House keeping Services,Trusted Pest Control Services,Mandya,2025-06-02T16:15:26.423Z
Clean Dreamz,+,4.6,108 Ratings,"Temple Road Uttarahalli, Bangalore",,09980915008,24 Hours,true,true,false,false,true,House keeping Services,Trusted Pest Control Services,Mandya,2025-06-02T16:15:26.423Z
Global Pest Solutions,+,4.8,870 Ratings,"Nagarbhavi 2nd Stage, Bangalore",,07383690925,Residential Pest Control Services; Pest Control Services,true,true,false,false,true,House keeping Services,Trusted Pest Control Services,Mandya,2025-06-02T16:15:26.423Z
Professional Pest Control Services,+,4.9,276 Ratings,"2nd Main Banashankari 3rd Stage, Bangalore",,06366949203,24 Hours,true,true,false,false,true,House keeping Services,Trusted Pest Control Services,Mandya,2025-06-02T16:15:26.423Z
Shree Aishwarya Enterprises,+,5.0,3 Ratings,"Pipeline Road Sunkadakatte, Bangalore",,,Security Services; Housekeeping Services,true,true,false,true,true,House keeping Services,Trusted Pest Control Services,Mandya,2025-06-02T16:15:26.423Z
Shrijaya Pest Control Services,+,5.0,3 Ratings,"Nagarbhavi Main Road Nagarbhavi, Bangalore",,,Pest Control Services,true,true,false,false,true,House keeping Services,Trusted Pest Control Services,Mandya,2025-06-02T16:15:26.424Z
Yashas Pest Control & Allied Service Pvt Ltd,+,4.3,8 Ratings,"Nagasandra, Bangalore",,07411812784,Pest Control Services; Residential Pest Control Services,true,true,false,false,true,House keeping Services,Trusted Pest Control Services,Mandya,2025-06-02T16:15:26.424Z
Vinayaka Pest Control Services,+,4.9,26 Ratings,"Main Road Banashankari 2nd Stage, Bangalore",,09980686374,Quick Visit; 24 Hours,true,true,false,false,true,House keeping Services,Trusted Pest Control Services,Mandya,2025-06-02T16:15:26.424Z
Go Green Pest Control Services,+,4.7,16 Ratings,"Nagar Basaveshwara Nagar, Bangalore",,,Pest Control Services; Residential Pest Control Services,true,true,false,false,true,House keeping Services,Trusted Pest Control Services,Mandya,2025-06-02T16:15:26.424Z
Sai Suchith Pest Control,+,5.0,7 Ratings,"2nd Cross Nelamangala, Bangalore",,08511749631,Residential Pest Control Services; Pest Control Services,true,true,false,true,false,House keeping Services,Trusted Pest Control Services,Mandya,2025-06-02T16:15:26.424Z
Ananya Creations,<,5.0,1 Ratings,"Annasandrapalya Ganesh Nagar, Mysore",,,Hobby Classes,true,false,false,false,true,Hobby Classes,,Mandya,2025-06-02T16:16:34.155Z
Curiocity - School Of Creative Art and Design,<,4.6,39 Ratings,"7th Cross Narasimharaja Mohalla, Mysore",,,Art Schools; Mehendi Artists,true,false,false,false,true,Hobby Classes,,Mandya,2025-06-02T16:16:34.155Z
Soni's Daycare & Richa's Art Club,<,4.8,44 Ratings,"2nd Cross Gokulam, Mysore",,,Dance Classes; Language Classes For English Conversation,true,false,false,false,true,Hobby Classes,,Mandya,2025-06-02T16:16:34.155Z
Rajinis Hobby Classes,<,5.0,16 Ratings,"10 Th Main Gokulam 3rd Stage, Mysore",,,Soft Toy Making Classes; Tailoring Classes,true,false,false,false,true,Hobby Classes,,Mandya,2025-06-02T16:16:34.155Z
Curio City,<,5.0,3 Ratings,"Vv Mohalla, Mysore",,,Hobby Classes; Hobby Classes For Children,true,false,false,false,true,Hobby Classes,,Mandya,2025-06-02T16:16:34.155Z
The Hobby Place,<,4.6,458 Ratings,"Vivekananda Road Yadavagiri, Mysore",,,Fabric Painting Classes; Music Classes,true,false,false,false,true,Hobby Classes,,Mandya,2025-06-02T16:16:34.156Z
Clay Canvas Mysuru,<,4.9,31 Ratings,"Gokulam 3rd Stage Gokulam, Mysore",,,Drawing Classes; Handwriting Classes,true,false,false,false,true,Hobby Classes,,Mandya,2025-06-02T16:16:34.156Z
Kalakuteera Mysore,<,4.1,35 Ratings,"6th Cross Kr Mohalla, Mysore",,,Arts & Crafts Classes For Children; Summer Camps,true,false,false,false,true,Hobby Classes,,Mandya,2025-06-02T16:16:34.156Z
Chinmaya Vidyalaya,<,4.1,58 Ratings,"4th Cross Jayalakshmipuram, Mysore",,,Hobby Classes,false,false,false,false,true,Hobby Classes,,Mandya,2025-06-02T16:16:34.156Z
Eats N Treats Cooking Classes,<,4.5,14 Ratings,"Hospital Road Kuvempunagar, Mysore",,,Cookery Classes For Cake; Cookery Classes,true,false,false,false,true,Hobby Classes,,Mandya,2025-06-02T16:16:34.156Z
Champaka Academy,+,4.8,123 Ratings,"E & F Block Ramakrishnanagar, Mysore",,,Dance Classes; Pre Schools,true,false,false,false,true,Hobby Classes,,Mandya,2025-06-02T16:16:34.156Z
All For Kids,+,4.5,3 Ratings,"Banavadi, Bangalore",,,Hobby Classes,true,false,false,false,true,Hobby Classes,,Mandya,2025-06-02T16:16:34.156Z
Swetha Geetha Tailoring Class,S,3.9,4 Ratings,"Kothnoor Post. Konanakunte, Bangalore",,,Arts & Crafts Classes; Tailoring Classes,true,false,false,false,false,Hobby Classes,,Mandya,2025-06-02T16:16:34.156Z
Ninaadrang,+,5.0,8 Ratings,"Main Road Rajarajeshwari Nagar, Bangalore",,,Dance Classes; Music Classes,true,false,false,false,true,Hobby Classes,,Mandya,2025-06-02T16:16:34.156Z
Pinwheel Montessori School And Activity Centre,P,4.8,4 Ratings,"BEML Layout Rajarajeshwari Nagar, Bangalore",,,Nursery Schools; Schools,true,false,false,false,true,Hobby Classes,,Mandya,2025-06-02T16:16:34.156Z
Little Daffodils,+,4.6,18 Ratings,"3rd Stage Rajarajeshwari Nagar, Bangalore",,,Schools; Day Care Centres,true,false,false,false,true,Hobby Classes,,Mandya,2025-06-02T16:16:34.156Z
Divya's Art Room,D,5.0,1 Ratings,"Layout Rajarajeshwari Nagar, Bangalore",,,Arts & Crafts Classes; Hobby Classes,false,false,false,false,true,Hobby Classes,,Mandya,2025-06-02T16:16:34.156Z
Little Woods School,+,4.8,66 Ratings,"No 451 Uttarahalli, Bangalore",,,Montessori Schools; Schools,true,false,false,false,true,Hobby Classes,,Mandya,2025-06-02T16:16:34.156Z
National School Of Drama Bengaluru Centre,+,4.3,164 Ratings,"Kajana Mallathahalli, Bangalore",,,Drama Classes; Acting Classes,false,false,false,true,true,Hobby Classes,,Mandya,2025-06-02T16:16:34.156Z
Creative Art Classes,+,4.2,14 Ratings,"2nd Stage Nagarbhavi, Bangalore",,,Fabric Painting Classes; Tutorials,true,false,false,false,true,Hobby Classes,,Mandya,2025-06-02T16:16:34.156Z
Aim Montessori,+,4.8,95 Ratings,"Bank Colony Uttarahalli, Bangalore",,,Baby Sitters; Language Classes For Kannada,true,false,false,false,true,Hobby Classes,,Mandya,2025-06-02T16:16:34.156Z
Masterpiece International Preschool,+,4.8,64 Ratings,"NRI Layout Kalkere, Bangalore",,,Abacus Classes; Schools,true,false,false,false,true,Hobby Classes,,Mandya,2025-06-02T16:16:34.156Z
Lakshmi Tailoring Classes And Ladies Tailors,+,3.3,6 Ratings,"Magadi Main Road Sunkadakatte, Bangalore",,,Tailoring Classes; Hobby Classes,true,false,false,false,false,Hobby Classes,,Mandya,2025-06-02T16:16:34.156Z
Music Kids,M,3.2,6 Ratings,"9th Block Nagarbhavi 2nd Stage, Bangalore",,,Music Classes; Music Classes For Guitar,true,false,false,false,false,Hobby Classes,,Mandya,2025-06-02T16:16:34.156Z
Natya Niketan,+,4.6,30 Ratings,"10th Crs Padmanabhanagar, Bangalore",,,Dance Classes; Dance Classes For Bharatnatyam,true,false,false,false,true,Hobby Classes,,Mandya,2025-06-02T16:16:34.156Z
Kidzee Pre School,+,4.8,39 Ratings,"Layout Jp Nagar 8th Phase, Bangalore",,09724389963,Pre Schools; Dance Classes,true,false,false,false,true,Hobby Classes,,Mandya,2025-06-02T16:16:34.157Z
R A Study Center,+,5.0,8 Ratings,"BG ROAD Gottigere, Bangalore",,08511750571,Assignment Writing Services; School Project Model Manufacturers,true,false,false,false,true,Hobby Classes,,Mandya,2025-06-02T16:16:34.157Z
SRS Abacus,S,5.0,1 Ratings,"Lay Out Vijayanagar Attiguppe, Bangalore",,,Summer Camps; Abacus Classes,true,false,false,false,true,Hobby Classes,,Mandya,2025-06-02T16:16:34.157Z
Myndea,+,3.5,2 Ratings,"Rbi Layout Jp Nagar, Bangalore",,,Hobby Classes; Creativity Training Centres,false,false,false,false,false,Hobby Classes,,Mandya,2025-06-02T16:16:34.157Z
Young Innovators Educational Services Pvt Ltd,+,4.9,93 Ratings,"21st Main Vijayanagar, Bangalore",,,Hobby Classes For Children; Hobby Classes,true,false,false,true,true,Hobby Classes,,Mandya,2025-06-02T16:16:34.157Z
Towering Heights Kindergarten,T,3.7,16 Ratings,"2nd Stage Vijayanagar, Bangalore",,,Hobby Classes; Nursery Schools,true,false,false,false,false,Hobby Classes,,Mandya,2025-06-02T16:16:34.157Z
Sai Cubes,+,4.8,14 Ratings,"Bull Temple Road Thyagaraj Nagar, Bangalore",,,Arts & Crafts Classes; Abacus Classes,true,false,false,false,true,Hobby Classes,,Mandya,2025-06-02T16:16:34.157Z
Deeptanshu Art And Hobby Classes,+,4.0,1 Ratings,"3rd Main Jp Nagar 1st Phase, Bangalore",,,Hobby Classes; Arts & Crafts Classes,true,false,false,false,false,Hobby Classes,,Mandya,2025-06-02T16:16:34.157Z
Gayatri Music Classes,G,4.7,66 Ratings,"Nagar Jp Nagar 6th Phase, Bangalore",,,Hobby Classes,true,false,false,false,true,Hobby Classes,,Mandya,2025-06-02T16:16:34.157Z
Jayanthi Arts,J,5.0,2 Ratings,"8th Cross Jayanagar 7th Block, Bangalore",,,Flower Decorators; Hobby Classes,true,false,false,false,true,Hobby Classes,,Mandya,2025-06-02T16:16:34.157Z
Natya Taranga Nrithyalaya,N,4.0,2 Ratings,"Rpc Layout Vijayanagar, Bangalore",,,Dance Classes; Dance Classes For Bharatnatyam,true,false,false,false,false,Hobby Classes,,Mandya,2025-06-02T16:16:34.157Z
Ingene Skills Academy,+,4.8,126 Ratings,"Bank Layout Bannerghatta Road, Bangalore",,09980231023,Summer Camps; Handwriting Classes,true,false,false,true,true,Hobby Classes,,Mandya,2025-06-02T16:16:34.157Z
The Structural School Of Fine Arts,+,4.5,103 Ratings,"17th Cross Vijayanagar, Bangalore",,,Music Classes; Tutorials,true,false,false,false,true,Hobby Classes,,Mandya,2025-06-02T16:16:34.157Z
Handwriting A One.com,+,4.8,357 Ratings,Bangalore,,09972952858,Summer Camps; Handwriting Classes,true,false,false,false,true,Hobby Classes,,Mandya,2025-06-02T16:16:34.157Z
Young Creators Den,Y,4.5,9 Ratings,"7th Cross Banashankari 1st Stage, Bangalore",,,Summer Camps; Libraries,false,false,false,false,true,Hobby Classes,,Mandya,2025-06-02T16:16:34.157Z
Honey Herbal Beauty Parlour,H,4.3,4 Ratings,"9th K Main Road Vijayanagar, Bangalore",,,Beauty Parlours; Women Beauty Parlours,true,false,false,false,false,Hobby Classes,,Mandya,2025-06-02T16:16:34.157Z
Anamika Choudhary,A,3.0,1 Ratings,"6th Main Road Thyagaraj Nagar, Bangalore",,,Drawing Classes; Hobby Classes,true,false,false,false,false,Hobby Classes,,Mandya,2025-06-02T16:16:34.157Z
Magic Touch School Of Arts,M,4.0,11 Ratings,"10th Cross Hanumantha Nagar, Bangalore",,,Hobby Classes; Arts & Crafts Classes,true,false,false,false,false,Hobby Classes,,Mandya,2025-06-02T16:16:34.157Z
Little Millennium,+,4.7,425 Ratings,"Channanayakanapalya Nagasandra, Bangalore",,,Business Owned By Women,true,false,false,false,true,Hobby Classes,,Mandya,2025-06-02T16:16:34.157Z
Kids To Chefs,+,3.5,6 Ratings,"A Cross Banashankari 2nd Stage, Bangalore",,,Hobby Classes For Children; Cookery Classes,true,false,false,false,false,Hobby Classes,,Mandya,2025-06-02T16:16:34.157Z
Tarana Institute,T,5.0,2 Ratings,"B G Road Hulimavu, Bangalore",,,Dance Classes; Music Classes,true,false,false,false,false,Hobby Classes,,Mandya,2025-06-02T16:16:34.157Z
Gyanpro,+,4.7,192 Ratings,"38th Cross Jayanagar 5th Block, Bangalore",,,Workshop For Science; Acting Classes,true,false,false,true,true,Hobby Classes,,Mandya,2025-06-02T16:16:34.158Z
Utsaha Summer Camp,+,4.8,18 Ratings,"B Main Jayanagar 7th Block, Bangalore",,,Summer Camps; Drawing Classes,true,false,false,false,true,Hobby Classes,,Mandya,2025-06-02T16:16:34.158Z
School Project Kart,+,4.5,22 Ratings,"2nd Banashankari 2nd Stage, Bangalore",,,Education Consultants; School Project Model Manufacturers,true,false,false,false,true,Hobby Classes,,Mandya,2025-06-02T16:16:34.158Z
DC CONSTRUCTIONS & GROUPS,<,4.9,14 Ratings,"Mandya Main RoaD Km Doddi, Mandya",,08488913997,Residential; Building,true,true,false,false,true,Interior Designers,Expert Architect Consultants,Mandya,2025-06-02T16:18:10.133Z
Kanva Construction,<,4.3,3 Ratings,"Road Mandya Ashok Nagar Mandya, Mandya",,09054052245,Building,true,true,false,true,true,Interior Designers,Expert Architect Consultants,Mandya,2025-06-02T16:18:10.133Z
Design Garage,<,5.0,23 Ratings,"Old MC ROAD Maddur Mandya, Mandya",,,Interior Designers; Architects,true,true,false,true,true,Interior Designers,Expert Architect Consultants,Mandya,2025-06-02T16:18:10.133Z
Arun Construction,<,5.0,7 Ratings,"Arunkumar Malavalli, Mandya",,08147903724,,true,true,false,false,false,Interior Designers,Expert Architect Consultants,Mandya,2025-06-02T16:18:10.133Z
Baron Chambers,<,5.0,2 Ratings,"Nagar IV Mandya Subashnagar, Mandya",,08460220369,Quick Visit,true,true,false,false,true,Interior Designers,Expert Architect Consultants,Mandya,2025-06-02T16:18:10.133Z
Prime Designs,<,4.3,3 Ratings,"Temple Road Maddur Mandya, Mandya",,07411667810,Building,true,true,false,false,false,Interior Designers,Expert Architect Consultants,Mandya,2025-06-02T16:18:10.133Z
Shree Arkeshwara Civil Consultants,<,4.8,12 Ratings,"Old Bus Stand Maddur Mandya, Mandya",,08460206162,Building,true,true,false,false,false,Interior Designers,Expert Architect Consultants,Mandya,2025-06-02T16:18:10.134Z
Ecohouse,<,4.9,17 Ratings,"Circle Gandhi Nagar Mandya, Mandya",,08050196362,Upvc Door; Plywood Door Dealers,true,true,false,true,true,Interior Designers,Expert Architect Consultants,Mandya,2025-06-02T16:18:10.134Z
Srinivasa Constructions,<,5.0,25 Ratings,"Chamundeshwari Nagar Mandya, Mandya",,08123677115,Building,true,true,false,false,true,Interior Designers,Expert Architect Consultants,Mandya,2025-06-02T16:18:10.134Z
Sri Guru Raghavendra Architect and Designs,<,4.0,3 Ratings,"Binny Layout Vijayanagar, Bangalore",,08511420672,Building,true,true,false,true,false,Interior Designers,Expert Architect Consultants,Mandya,2025-06-02T16:18:10.134Z
Checkmate Cubes,C,4.8,8 Ratings,"7th Cross Malleswaram, Bangalore",,08460529491,Civil Engineering Consultants; Architects,true,true,false,false,true,Interior Designers,Expert Architect Consultants,Mandya,2025-06-02T16:18:10.134Z
Swastik Consultants,+,4.3,32 Ratings,"Urs Road Saraswathipuram, Mysore",,08792509307,Digital; Building,true,true,false,true,true,Interior Designers,Expert Architect Consultants,Mandya,2025-06-02T16:18:10.134Z
Advaith Design Studio,A,3.5,2 Ratings,"Main 2nd Cross Ramakrishnanagar, Mysore",,09724677932,Building,true,true,false,false,true,Interior Designers,Expert Architect Consultants,Mandya,2025-06-02T16:18:10.134Z
Enif Designs,+,4.5,65 Ratings,"Bluecross Chambers Infantry Road, Bangalore",,08511266914,Architects; Civil Contractors,true,true,false,true,true,Interior Designers,Expert Architect Consultants,Mandya,2025-06-02T16:18:10.134Z
Logic Builders,+,5.0,13 Ratings,"Mahadeshwara Badavane Layout, Mysore",,09980764075,Residential; Building,true,true,false,true,true,Interior Designers,Expert Architect Consultants,Mandya,2025-06-02T16:18:10.134Z
DELTA ARCHITECTS,+,4.8,77 Ratings,"80 Feet Hunsinkere Main Road, Hassan",,08460214152,Industrial; Residential,true,true,false,true,true,Interior Designers,Expert Architect Consultants,Mandya,2025-06-02T16:18:10.134Z
Concept Interior Architects,+,4.6,19 Ratings,"2nd Cross Csi Layout, Tumkur",,,Architects; Civil Contractors,true,true,false,false,true,Interior Designers,Expert Architect Consultants,Mandya,2025-06-02T16:18:10.134Z
K Concepts,+,3.7,3 Ratings,"City Market Hassan City Market, Hassan",,09725531062,,true,false,false,false,false,Interior Designers,Expert Architect Consultants,Mandya,2025-06-02T16:18:10.134Z
Design Ethics,+,4.9,159 Ratings,"BM Road Kushalnagar, Coorg",,,Industrial; Building; Online Appointments,true,true,false,true,true,Interior Designers,Expert Architect Consultants,Mandya,2025-06-02T16:18:10.134Z
Chinitic Industries,+,5.0,2 Ratings,"Idikarai Main Road Idigarai, Coimbatore",,08460308699,Building; Industrial,true,true,false,true,true,Interior Designers,Expert Architect Consultants,Mandya,2025-06-02T16:18:10.134Z
Srhin Industry Private Limited,+,4.7,23 Ratings,"Nanthavanapatty Ns Nagar, Dindigul",,08460474960,Residential; Building,true,true,false,false,true,Interior Designers,Expert Architect Consultants,Mandya,2025-06-02T16:18:10.134Z
Brick& Stone Architects& Interiors,+,4.8,29 Ratings,"Kk Junction Ponnani Ponnani, Malappuram",,09054648562,Building; Industrial,true,true,false,false,true,Interior Designers,Expert Architect Consultants,Mandya,2025-06-02T16:18:10.134Z
Take Shape Interiors & Design Studio,+,4.5,28 Ratings,"Amman Nagar Sivathapuram, Salem",,07383601908,False Ceiling Contractors; Interior Designers,true,true,false,false,true,Interior Designers,Expert Architect Consultants,Mandya,2025-06-02T16:18:10.134Z
Maqsood Traders and Contractors,+,3.9,15 Ratings,"Old State Bank Road Udupi Courts, Udupi",,08401894224,Residential; Building,true,true,false,true,false,Interior Designers,Expert Architect Consultants,Mandya,2025-06-02T16:18:10.134Z
Acha Homes Pvt Ltd,+,4.4,73 Ratings,"Periya Road Junction Pallikere, Kasaragod",,,Architects; Interior Designers,true,true,false,false,true,Interior Designers,Expert Architect Consultants,Mandya,2025-06-02T16:18:10.134Z
Shree ShivaNandi Constructions & Interiors,+,5.0,8 Ratings,"Bhadavane Davalagiri Badavane, Chitradurga",,07043941132,Building,true,true,false,false,true,Interior Designers,Expert Architect Consultants,Mandya,2025-06-02T16:18:10.134Z
Usk Constructions,+,3.9,55 Ratings,"Banashankari Badavane Biet, Davangere",,,Residential; Building,true,true,false,true,false,Interior Designers,Expert Architect Consultants,Mandya,2025-06-02T16:18:10.134Z
Krupa Builders & Infra Develpers PVT LTD,+,4.7,109 Ratings,"Nagar Sharavathi Nagar, Shimoga",,,Industrial; Residential,true,true,false,false,true,Interior Designers,Expert Architect Consultants,Mandya,2025-06-02T16:18:10.134Z
Planning Point ( Mangalore ),+,4.7,30 Ratings,"Gurunagara Konchady, Mangalore",,,Industrial; Building,true,true,false,true,true,Interior Designers,Expert Architect Consultants,Mandya,2025-06-02T16:18:10.135Z
Arch Hub,+,4.9,8 Ratings,"Nava Nagar, Bagalkot",,08488859472,Building,true,true,false,false,true,Interior Designers,Expert Architect Consultants,Mandya,2025-06-02T16:18:10.135Z
Pragnya Design Studio,+,4.3,31 Ratings,"Pb Road Vidyanagar, Hubli",,,Industrial; Building,true,true,false,false,true,Interior Designers,Expert Architect Consultants,Mandya,2025-06-02T16:18:10.135Z
Aieem Architects,A,3.8,5 Ratings,"Park Road Vidyanagar Hubli, Hubli",,,Architects For Bungalow; Interior Designers,true,true,false,false,false,Interior Designers,Expert Architect Consultants,Mandya,2025-06-02T16:18:10.135Z
Pentagram Design Studio,+,4.9,30 Ratings,"Warje, Pune",,09972242495,Industrial; Building,true,true,false,true,true,Interior Designers,Expert Architect Consultants,Mandya,2025-06-02T16:18:10.135Z
Jagtap Miniature,+,5.0,3 Ratings,"Navghar Road Vasai East, Palghar",,09606214480,Architectural Model Makers; Architects,true,true,false,false,true,Interior Designers,Expert Architect Consultants,Mandya,2025-06-02T16:18:10.135Z
A Cube B Structural & Project Management Consultants,+,2.6,5 Ratings,"Gangapur Road, Nashik",,09606240458,Building,true,true,false,false,false,Interior Designers,Expert Architect Consultants,Mandya,2025-06-02T16:18:10.135Z
Vastukala Associates,+,4.0,2 Ratings,"Anjur Road Mankoli, Bhiwandi",,09980884003,Industrial; Building,true,true,false,false,false,Interior Designers,Expert Architect Consultants,Mandya,2025-06-02T16:18:10.135Z
Gauritra Arts,+,4.2,6 Ratings,"Naupada-thane West, Thane",,09724676546,Building,true,true,false,false,true,Interior Designers,Expert Architect Consultants,Mandya,2025-06-02T16:18:10.135Z
Maurya Shejav Architects,M,3.1,7 Ratings,"Sector 19 KAMOTHE SECTOR 19, Navi Mumbai",,07048117368,,true,true,false,false,false,Interior Designers,Expert Architect Consultants,Mandya,2025-06-02T16:18:10.135Z
Shree Decors,+,4.3,62 Ratings,"Gymkhana Road Dombivli East, Thane",,08511493514,Upvc Door; Bathroom Door Dealers; Apartment,true,true,false,true,true,Interior Designers,Expert Architect Consultants,Mandya,2025-06-02T16:18:10.135Z
Vishvakarama Consultancy Services Pvt. Ltd.,+,4.3,44 Ratings,"Harni Road, Vadodara",,07411589776,Industrial; Car Valuation,true,true,false,true,true,Interior Designers,Expert Architect Consultants,Mandya,2025-06-02T16:18:10.135Z
Pramukh Test House & Consultancy Services LLP,+,4.7,124 Ratings,"Puna Patiya, Surat",,08401772159,Industrial Land Surveyors; Building,true,true,false,true,true,Interior Designers,Expert Architect Consultants,Mandya,2025-06-02T16:18:10.135Z
Khare Desiging and Development,+,5.0,9 Ratings,"Omaxe City 1, Indore",,07048447411,Building,true,true,false,false,true,Interior Designers,Expert Architect Consultants,Mandya,2025-06-02T16:18:10.135Z
Tec Materials Testing Lab,+,4.6,121 Ratings,"Chakkargadh Road Chakkargadh, Amreli",,,Industrial; Building,true,true,false,true,true,Interior Designers,Expert Architect Consultants,Mandya,2025-06-02T16:18:10.135Z
Design Module Architect,+,5.0,15 Ratings,"Opp. Ice Factory Juhapura, Ahmedabad",,09606171075,Building,true,true,false,false,true,Interior Designers,Expert Architect Consultants,Mandya,2025-06-02T16:18:10.135Z
Vastukar Architect and Project Consultant,+,4.4,187 Ratings,"Nageswar Tangi Bhubaneswar, Bhubaneshwar",,,Industrial; Building,true,true,false,true,true,Interior Designers,Expert Architect Consultants,Mandya,2025-06-02T16:18:10.135Z
Zns Design & Interior Studio,+,4.8,15 Ratings,"Shopping Centre Aerodrome Circle, Kota-Rajasthan",,08488092760,Building,true,true,false,false,true,Interior Designers,Expert Architect Consultants,Mandya,2025-06-02T16:18:10.135Z
Hindustan Projects,+,4.1,14 Ratings,"VIVEKANAD NAGAR Baba Dham, Bhilwara",,,Farm; Industrial Land Surveyors,true,true,false,false,true,Interior Designers,Expert Architect Consultants,Mandya,2025-06-02T16:18:10.135Z
Sai Nath Construction,+,5.0,11 Ratings,"Gandhi Road Thatipur, Gwalior",,08511026941,,true,true,false,false,true,Interior Designers,Expert Architect Consultants,Mandya,2025-06-02T16:18:10.135Z
OAU Objects Architecture Urbanism,O,5.0,20 Ratings,"Bani Park, Jaipur",,08460513254,Industrial; Building,true,true,false,false,true,Interior Designers,Expert Architect Consultants,Mandya,2025-06-02T16:18:10.135Z
Dhanya Swaroopa Interiors Works,<,4.0,3 Ratings,"Kaveri Nagara Hosahalli Extn, Mandya",,07411949723,Carpenters; Interior Designers,true,true,false,true,true,Interior Designers,Residence Interior Designers,Mandya - Elevate Your Living Space,2025-06-02T16:19:23.871Z
Kanva Construction,<,4.3,3 Ratings,"Road Mandya Ashok Nagar Mandya, Mandya",,09054052245,Building,true,true,false,true,true,Interior Designers,Residence Interior Designers,Mandya - Elevate Your Living Space,2025-06-02T16:19:23.871Z
Srinivasa Constructions,<,5.0,25 Ratings,"Chamundeshwari Nagar Mandya, Mandya",,08123677115,Building,true,true,false,false,true,Interior Designers,Residence Interior Designers,Mandya - Elevate Your Living Space,2025-06-02T16:19:23.872Z
My Home,<,4.4,9 Ratings,"Old Mc Road Maddur, Mandya",,,Interior Designers For Beauty Parlour; Interior Designers,true,true,false,false,true,Interior Designers,Residence Interior Designers,Mandya - Elevate Your Living Space,2025-06-02T16:19:23.872Z
Ecohouse,<,4.9,17 Ratings,"Circle Gandhi Nagar Mandya, Mandya",,08050196362,Upvc Door; Plywood Door Dealers,true,true,false,true,true,Interior Designers,Residence Interior Designers,Mandya - Elevate Your Living Space,2025-06-02T16:19:23.872Z
Prime Designs,<,4.3,3 Ratings,"Temple Road Maddur Mandya, Mandya",,07411667810,Building,true,true,false,false,false,Interior Designers,Residence Interior Designers,Mandya - Elevate Your Living Space,2025-06-02T16:19:23.872Z
DC CONSTRUCTIONS & GROUPS,<,4.9,14 Ratings,"Mandya Main RoaD Km Doddi, Mandya",,08488913997,Residential; Building,true,true,false,false,true,Interior Designers,Residence Interior Designers,Mandya - Elevate Your Living Space,2025-06-02T16:19:23.873Z
Svg Construction,<,3.5,2 Ratings,"VV Road Malavalli, Mandya",,08460196304,Textured Wall Painting,true,true,false,false,false,Interior Designers,Residence Interior Designers,Mandya - Elevate Your Living Space,2025-06-02T16:19:23.873Z
Shree Arkeshwara Civil Consultants,<,4.8,12 Ratings,"Old Bus Stand Maddur Mandya, Mandya",,08460206162,Building,true,true,false,false,false,Interior Designers,Residence Interior Designers,Mandya - Elevate Your Living Space,2025-06-02T16:19:23.873Z
Kuberan Home Interior,<,5.0,3 Ratings,"Police Station Road Pandavapura, Mandya",,08123055709,Interior Designers; Pop Contractors,true,true,false,false,true,Interior Designers,Residence Interior Designers,Mandya - Elevate Your Living Space,2025-06-02T16:19:23.873Z
Ssi Furniture,+,3.5,20 Ratings,"Doddanna Industrial Estate-Hegganahalli, Bangalore",,,Furniture Manufacturers; Interior Designers,true,true,false,true,false,Interior Designers,Residence Interior Designers,Mandya - Elevate Your Living Space,2025-06-02T16:19:23.874Z
Goodline Interior,+,5.0,1 Ratings,"Main Road Ullal Upkar Layout, Bangalore",,08735891921,Modular Kitchen Dealers; Interior Designers,true,true,false,false,false,Interior Designers,Residence Interior Designers,Mandya - Elevate Your Living Space,2025-06-02T16:19:23.874Z
Advaith Design Studio,A,3.5,2 Ratings,"Main 2nd Cross Ramakrishnanagar, Mysore",,09724677932,Building,true,true,false,false,true,Interior Designers,Residence Interior Designers,Mandya - Elevate Your Living Space,2025-06-02T16:19:23.874Z
Royal Silvia Constructions And Interiors Pvt Ltd,R,5.0,12 Ratings,"Salagame Road Rangoli Halla, Hassan",,07411563299,Residential; Apartment,true,true,false,false,true,Interior Designers,Residence Interior Designers,Mandya - Elevate Your Living Space,2025-06-02T16:19:23.875Z
Logic Builders,+,5.0,13 Ratings,"Mahadeshwara Badavane Layout, Mysore",,09980764075,Residential; Building,true,true,false,true,true,Interior Designers,Residence Interior Designers,Mandya - Elevate Your Living Space,2025-06-02T16:19:23.875Z
DELTA ARCHITECTS,+,4.8,77 Ratings,"80 Feet Hunsinkere Main Road, Hassan",,08460214152,Industrial; Residential,true,true,false,true,true,Interior Designers,Residence Interior Designers,Mandya - Elevate Your Living Space,2025-06-02T16:19:23.876Z
HN Groups HN Homes Interiors Artful,+,4.6,30 Ratings,"Banglore Rural Thanniruhalla, Hassan",,09035031473,Upvc Door; 3D Painting,true,true,false,false,true,Interior Designers,Residence Interior Designers,Mandya - Elevate Your Living Space,2025-06-02T16:19:23.876Z
Sri Kanteshwara Interior Design Studio,+,3.5,2 Ratings,"Hassan City Market, Hassan",,09980240465,Interior Designers; Upvc Window Dealers,true,true,false,false,false,Interior Designers,Residence Interior Designers,Mandya - Elevate Your Living Space,2025-06-02T16:19:23.877Z
Kcreative Dizayn,K,4.1,5 Ratings,"22nd Cross Hsr Layout Sector 3, Bangalore",,,Interior Designers For Bungalow; Interior Designers,true,true,false,false,true,Interior Designers,Residence Interior Designers,Mandya - Elevate Your Living Space,2025-06-02T16:19:23.877Z
AIE Buildtec Ind,+,4.5,14 Ratings,"Ganesh Temple Road Kundalahalli, Bangalore",,,Acoustic Insulation; Interior Designers,true,true,false,true,true,Interior Designers,Residence Interior Designers,Mandya - Elevate Your Living Space,2025-06-02T16:19:23.877Z
Creative Home Galleria,+,4.4,35 Ratings,"KD Circle Vijaynagar 2nd Stage, Mysore",,,Interior Decorators; Interior Designers,true,true,false,true,true,Interior Designers,Residence Interior Designers,Mandya - Elevate Your Living Space,2025-06-02T16:19:23.878Z
Design Ethics,+,4.9,159 Ratings,"BM Road Kushalnagar, Coorg",,,Industrial; Building; Online Appointments,true,true,false,true,true,Interior Designers,Residence Interior Designers,Mandya - Elevate Your Living Space,2025-06-02T16:19:23.878Z
Brick& Stone Architects& Interiors,+,4.8,29 Ratings,"Kk Junction Ponnani Ponnani, Malappuram",,09054648562,Building; Industrial,true,true,false,false,true,Interior Designers,Residence Interior Designers,Mandya - Elevate Your Living Space,2025-06-02T16:19:23.878Z
Royal Wood Designz,+,4.8,9 Ratings,"Harur Main Road Valasaiyur, Salem",,08460485960,Upvc Door; Bathroom Door Dealers,true,true,false,false,true,Interior Designers,Residence Interior Designers,Mandya - Elevate Your Living Space,2025-06-02T16:19:23.878Z
Take Shape Interiors & Design Studio,+,4.5,28 Ratings,"Amman Nagar Sivathapuram, Salem",,07383601908,False Ceiling Contractors; Interior Designers,true,true,false,false,true,Interior Designers,Residence Interior Designers,Mandya - Elevate Your Living Space,2025-06-02T16:19:23.878Z
V B Viraaaj Builders And Developers,+,4.3,164 Ratings,"R F Road R F Road, Anantapur",,,Builders; Construction Companies,true,true,false,true,true,Interior Designers,Residence Interior Designers,Mandya - Elevate Your Living Space,2025-06-02T16:19:23.878Z
Shree ShivaNandi Constructions & Interiors,+,5.0,8 Ratings,"Bhadavane Davalagiri Badavane, Chitradurga",,07043941132,Building,true,true,false,false,true,Interior Designers,Residence Interior Designers,Mandya - Elevate Your Living Space,2025-06-02T16:19:23.879Z
Padmashali Aluminium Fabricators,+,4.7,10 Ratings,"Sagri Kunjibettu, Udupi",,,Door Fabricators; Interior Designers,true,true,false,true,true,Interior Designers,Residence Interior Designers,Mandya - Elevate Your Living Space,2025-06-02T16:19:23.879Z
Krupa Builders & Infra Develpers PVT LTD,+,4.7,109 Ratings,"Nagar Sharavathi Nagar, Shimoga",,,Industrial; Residential,true,true,false,false,true,Interior Designers,Residence Interior Designers,Mandya - Elevate Your Living Space,2025-06-02T16:19:23.879Z
Angel & Ana's Aluminium,+,4.6,12 Ratings,"Industrial Area Baikampady, Mangalore",,,Interior Designers For Apartment; Interior Designers,true,true,false,false,true,Interior Designers,Residence Interior Designers,Mandya - Elevate Your Living Space,2025-06-02T16:19:23.879Z
Shivapur Constructions,+,4.4,34 Ratings,"Vidyanagar P B Road Haveri, Haveri",,,Residential,true,true,false,false,true,Interior Designers,Residence Interior Designers,Mandya - Elevate Your Living Space,2025-06-02T16:19:23.879Z
Planning Point ( Mangalore ),+,4.7,30 Ratings,"Gurunagara Konchady, Mangalore",,,Industrial; Building,true,true,false,true,true,Interior Designers,Residence Interior Designers,Mandya - Elevate Your Living Space,2025-06-02T16:19:23.879Z
Swarna Interiors,+,5.0,23 Ratings,"Cotton Market New Cotton Market, Hubli",,08511398922,Interior Designers; Interior Decorators,true,true,false,false,true,Interior Designers,Residence Interior Designers,Mandya - Elevate Your Living Space,2025-06-02T16:19:23.879Z
Pragnya Design Studio,+,4.3,31 Ratings,"Pb Road Vidyanagar, Hubli",,,Industrial; Building,true,true,false,false,true,Interior Designers,Residence Interior Designers,Mandya - Elevate Your Living Space,2025-06-02T16:19:23.879Z
Vivek Associates - Swing (Unjal) Plank & Chain Accessories,+,4.8,962 Ratings,"Colony Korattur Chennai North, Chennai",,,Wooden furniture dealers; Wooden swing dealers,true,true,false,true,true,Interior Designers,Residence Interior Designers,Mandya - Elevate Your Living Space,2025-06-02T16:19:23.880Z
B Mahendra And Brothers,+,4.0,157 Ratings,"Fort Road Durgadbail, Hubli",,,Imported; Upvc Door; Same Day Delivery,true,true,false,false,true,Interior Designers,Residence Interior Designers,Mandya - Elevate Your Living Space,2025-06-02T16:19:23.880Z
Aieem Architects,A,3.8,5 Ratings,"Park Road Vidyanagar Hubli, Hubli",,,Architects For Bungalow; Interior Designers,true,true,false,false,false,Interior Designers,Residence Interior Designers,Mandya - Elevate Your Living Space,2025-06-02T16:19:23.880Z
Mahamaya Industries,+,3.9,23 Ratings,"Venkatapura Road Shirali Bazar, Shirali",,,Wooden Door,true,true,false,true,false,Interior Designers,Residence Interior Designers,Mandya - Elevate Your Living Space,2025-06-02T16:19:23.880Z
Vola Art Escape,+,4.8,359 Ratings,"Alto Porvorim, Goa",,,3D Painting,true,true,false,true,true,Interior Designers,Residence Interior Designers,Mandya - Elevate Your Living Space,2025-06-02T16:19:23.880Z
Pentagram Design Studio,+,4.9,30 Ratings,"Warje, Pune",,09972242495,Industrial; Building,true,true,false,true,true,Interior Designers,Residence Interior Designers,Mandya - Elevate Your Living Space,2025-06-02T16:19:23.880Z
Shankh Swapna Interiors,+,4.6,28 Ratings,"Kathe Galli, Nashik",,08460565997,,true,true,false,true,true,Interior Designers,Residence Interior Designers,Mandya - Elevate Your Living Space,2025-06-02T16:19:23.880Z
Vastukala Associates,+,4.0,2 Ratings,"Anjur Road Mankoli, Bhiwandi",,09980884003,Industrial; Building,true,true,false,false,false,Interior Designers,Residence Interior Designers,Mandya - Elevate Your Living Space,2025-06-02T16:19:23.880Z
Gauritra Arts,+,4.2,6 Ratings,"Naupada-thane West, Thane",,09724676546,Building,true,true,false,false,true,Interior Designers,Residence Interior Designers,Mandya - Elevate Your Living Space,2025-06-02T16:19:23.881Z
Maurya Shejav Architects,M,3.1,7 Ratings,"Sector 19 KAMOTHE SECTOR 19, Navi Mumbai",,07048117368,,true,true,false,false,false,Interior Designers,Residence Interior Designers,Mandya - Elevate Your Living Space,2025-06-02T16:19:23.881Z
MAYFOAM PRIVATE LIMITED,+,4.4,108 Ratings,"JALNA AURANGABAD ROAD Modikhana, Jalna",,,Pu Foam Manufacturers; Furniture Dealers,true,true,false,true,true,Interior Designers,Residence Interior Designers,Mandya - Elevate Your Living Space,2025-06-02T16:19:23.881Z
Shree Decors,+,4.3,62 Ratings,"Gymkhana Road Dombivli East, Thane",,08511493514,Upvc Door; Bathroom Door Dealers; Apartment,true,true,false,true,true,Interior Designers,Residence Interior Designers,Mandya - Elevate Your Living Space,2025-06-02T16:19:23.881Z
Khare Desiging and Development,+,5.0,9 Ratings,"Omaxe City 1, Indore",,07048447411,Building,true,true,false,false,true,Interior Designers,Residence Interior Designers,Mandya - Elevate Your Living Space,2025-06-02T16:19:23.881Z
Tec Materials Testing Lab,+,4.6,121 Ratings,"Chakkargadh Road Chakkargadh, Amreli",,,Industrial; Building,true,true,false,true,true,Interior Designers,Residence Interior Designers,Mandya - Elevate Your Living Space,2025-06-02T16:19:23.881Z
Finesse Art By Rachana Dave,+,4.7,52 Ratings,"Rakhial, Ahmedabad",,07041795459,Bronze Statue Manufacturers; Interior Designers,true,true,false,true,true,Interior Designers,Residence Interior Designers,Mandya - Elevate Your Living Space,2025-06-02T16:19:23.881Z
Kuberan Home Interior,<,5.0,3 Ratings,"Police Station Road Pandavapura, Mandya",,08123055709,Interior Designers; Pop Contractors,true,false,false,false,true,Interior Designers,Expert Commercial Interior Designers,Mandya,2025-06-02T16:20:22.731Z
My Home,<,4.4,9 Ratings,"Old Mc Road Maddur, Mandya",,,Interior Designers For Beauty Parlour; Interior Designers,true,false,false,false,true,Interior Designers,Expert Commercial Interior Designers,Mandya,2025-06-02T16:20:22.731Z
Dhanya Swaroopa Interiors Works,<,4.0,3 Ratings,"Kaveri Nagara Hosahalli Extn, Mandya",,07411949723,Carpenters; Interior Designers,true,false,false,true,false,Interior Designers,Expert Commercial Interior Designers,Mandya,2025-06-02T16:20:22.731Z
Prime Designs,<,4.3,3 Ratings,"Temple Road Maddur Mandya, Mandya",,07411667810,Building,true,false,false,false,false,Interior Designers,Expert Commercial Interior Designers,Mandya,2025-06-02T16:20:22.731Z
Ecohouse,<,4.9,17 Ratings,"Circle Gandhi Nagar Mandya, Mandya",,08050196362,Upvc Door; Plywood Door Dealers,true,false,false,true,true,Interior Designers,Expert Commercial Interior Designers,Mandya,2025-06-02T16:20:22.731Z
Svg Construction,<,3.5,2 Ratings,"VV Road Malavalli, Mandya",,08460196304,Textured Wall Painting,true,false,false,false,false,Interior Designers,Expert Commercial Interior Designers,Mandya,2025-06-02T16:20:22.731Z
Kanva Construction,<,4.3,3 Ratings,"Road Mandya Ashok Nagar Mandya, Mandya",,09054052245,Building,true,false,false,true,true,Interior Designers,Expert Commercial Interior Designers,Mandya,2025-06-02T16:20:22.731Z
Ssi Furniture,<,3.5,20 Ratings,"Doddanna Industrial Estate-Hegganahalli, Bangalore",,,Furniture Manufacturers; Interior Designers,true,false,false,true,false,Interior Designers,Expert Commercial Interior Designers,Mandya,2025-06-02T16:20:22.731Z
Goodline Interior,<,5.0,1 Ratings,"Main Road Ullal Upkar Layout, Bangalore",,08735891921,Modular Kitchen Dealers; Interior Designers,true,false,false,false,false,Interior Designers,Expert Commercial Interior Designers,Mandya,2025-06-02T16:20:22.731Z
Royal Silvia Constructions And Interiors Pvt Ltd,<,5.0,12 Ratings,"Salagame Road Rangoli Halla, Hassan",,07411563299,Residential; Apartment,true,false,false,false,true,Interior Designers,Expert Commercial Interior Designers,Mandya,2025-06-02T16:20:22.731Z
Logic Builders,+,5.0,13 Ratings,"Mahadeshwara Badavane Layout, Mysore",,09980764075,Residential; Building,true,false,false,true,true,Interior Designers,Expert Commercial Interior Designers,Mandya,2025-06-02T16:20:22.731Z
DELTA ARCHITECTS,+,4.8,77 Ratings,"80 Feet Hunsinkere Main Road, Hassan",,08460214152,Industrial; Residential,true,false,false,true,true,Interior Designers,Expert Commercial Interior Designers,Mandya,2025-06-02T16:20:22.731Z
HN Groups HN Homes Interiors Artful,+,4.6,30 Ratings,"Banglore Rural Thanniruhalla, Hassan",,09035031473,Upvc Door; 3D Painting,true,false,false,false,true,Interior Designers,Expert Commercial Interior Designers,Mandya,2025-06-02T16:20:22.731Z
Kcreative Dizayn,K,4.1,5 Ratings,"22nd Cross Hsr Layout Sector 3, Bangalore",,,Interior Designers For Bungalow; Interior Designers,true,false,false,false,true,Interior Designers,Expert Commercial Interior Designers,Mandya,2025-06-02T16:20:22.731Z
AIE Buildtec Ind,+,4.5,14 Ratings,"Ganesh Temple Road Kundalahalli, Bangalore",,,Acoustic Insulation; Interior Designers,true,false,false,true,true,Interior Designers,Expert Commercial Interior Designers,Mandya,2025-06-02T16:20:22.732Z
Design Ethics,+,4.9,159 Ratings,"BM Road Kushalnagar, Coorg",,,Industrial; Building; Online Appointments,true,false,false,true,true,Interior Designers,Expert Commercial Interior Designers,Mandya,2025-06-02T16:20:22.732Z
Royal Wood Designz,+,4.8,9 Ratings,"Harur Main Road Valasaiyur, Salem",,08460485960,Upvc Door; Bathroom Door Dealers,true,false,false,false,true,Interior Designers,Expert Commercial Interior Designers,Mandya,2025-06-02T16:20:22.732Z
Take Shape Interiors & Design Studio,+,4.5,28 Ratings,"Amman Nagar Sivathapuram, Salem",,07383601908,False Ceiling Contractors; Interior Designers,true,false,false,false,true,Interior Designers,Expert Commercial Interior Designers,Mandya,2025-06-02T16:20:22.732Z
Padmashali Aluminium Fabricators,+,4.7,10 Ratings,"Sagri Kunjibettu, Udupi",,,Door Fabricators; Interior Designers,true,false,false,true,true,Interior Designers,Expert Commercial Interior Designers,Mandya,2025-06-02T16:20:22.732Z
Krupa Builders & Infra Develpers PVT LTD,+,4.7,109 Ratings,"Nagar Sharavathi Nagar, Shimoga",,,Industrial; Residential,true,false,false,false,true,Interior Designers,Expert Commercial Interior Designers,Mandya,2025-06-02T16:20:22.732Z
Shivapur Constructions,+,4.4,34 Ratings,"Vidyanagar P B Road Haveri, Haveri",,,Residential,true,false,false,false,true,Interior Designers,Expert Commercial Interior Designers,Mandya,2025-06-02T16:20:22.732Z
Pragnya Design Studio,+,4.3,31 Ratings,"Pb Road Vidyanagar, Hubli",,,Industrial; Building,true,false,false,false,true,Interior Designers,Expert Commercial Interior Designers,Mandya,2025-06-02T16:20:22.732Z
B Mahendra And Brothers,+,4.0,157 Ratings,"Fort Road Durgadbail, Hubli",,,Imported; Upvc Door; Same Day Delivery,true,false,false,false,true,Interior Designers,Expert Commercial Interior Designers,Mandya,2025-06-02T16:20:22.732Z
Pentagram Design Studio,+,4.9,30 Ratings,"Warje, Pune",,09972242495,Industrial; Building,true,false,false,true,true,Interior Designers,Expert Commercial Interior Designers,Mandya,2025-06-02T16:20:22.732Z
Shankh Swapna Interiors,+,4.6,28 Ratings,"Kathe Galli, Nashik",,08460565997,,true,false,false,true,true,Interior Designers,Expert Commercial Interior Designers,Mandya,2025-06-02T16:20:22.732Z
Vastukala Associates,+,4.0,2 Ratings,"Anjur Road Mankoli, Bhiwandi",,09980884003,Industrial; Building,true,false,false,false,false,Interior Designers,Expert Commercial Interior Designers,Mandya,2025-06-02T16:20:22.732Z
Gauritra Arts,+,4.2,6 Ratings,"Naupada-thane West, Thane",,09724676546,Building,true,false,false,false,true,Interior Designers,Expert Commercial Interior Designers,Mandya,2025-06-02T16:20:22.732Z
Maurya Shejav Architects,M,3.1,7 Ratings,"Sector 19 KAMOTHE SECTOR 19, Navi Mumbai",,07048117368,,true,false,false,false,false,Interior Designers,Expert Commercial Interior Designers,Mandya,2025-06-02T16:20:22.732Z
Shree Decors,+,4.3,62 Ratings,"Gymkhana Road Dombivli East, Thane",,08511493514,Upvc Door; Bathroom Door Dealers; Apartment,true,false,false,true,true,Interior Designers,Expert Commercial Interior Designers,Mandya,2025-06-02T16:20:22.732Z
Tec Materials Testing Lab,+,4.6,121 Ratings,"Chakkargadh Road Chakkargadh, Amreli",,,Industrial; Building,true,false,false,true,true,Interior Designers,Expert Commercial Interior Designers,Mandya,2025-06-02T16:20:22.732Z
Design Module Architect,+,5.0,15 Ratings,"Opp. Ice Factory Juhapura, Ahmedabad",,09606171075,Building,true,false,false,false,true,Interior Designers,Expert Commercial Interior Designers,Mandya,2025-06-02T16:20:22.732Z
Zns Design & Interior Studio,+,4.8,15 Ratings,"Shopping Centre Aerodrome Circle, Kota-Rajasthan",,08488092760,Building,true,false,false,false,true,Interior Designers,Expert Commercial Interior Designers,Mandya,2025-06-02T16:20:22.732Z
Hindustan Projects,+,4.1,14 Ratings,"VIVEKANAD NAGAR Baba Dham, Bhilwara",,,Farm; Industrial Land Surveyors,true,false,false,false,true,Interior Designers,Expert Commercial Interior Designers,Mandya,2025-06-02T16:20:22.732Z
Sai Nath Construction,+,5.0,11 Ratings,"Gandhi Road Thatipur, Gwalior",,08511026941,,true,false,false,false,true,Interior Designers,Expert Commercial Interior Designers,Mandya,2025-06-02T16:20:22.732Z
OAU Objects Architecture Urbanism,O,5.0,20 Ratings,"Bani Park, Jaipur",,08460513254,Industrial; Building,true,false,false,false,true,Interior Designers,Expert Commercial Interior Designers,Mandya,2025-06-02T16:20:22.732Z
Krestt Engineering Designs,+,4.0,150 Ratings,"Paota B Road Paota, Jodhpur",,,Industrial; Building,true,false,false,true,true,Interior Designers,Expert Commercial Interior Designers,Mandya,2025-06-02T16:20:22.732Z
Auditorium Experts,A,4.5,4 Ratings,"Uttam Nagar, Delhi",,09035137166,Flood Light Dealers; Furniture Dealers,true,false,false,false,true,Interior Designers,Expert Commercial Interior Designers,Mandya,2025-06-02T16:20:22.732Z
Apple Interiors,+,5.0,4 Ratings,"JYANGRA Baguiati, Kolkata",,08296768511,Quick Visit; Apartment,true,false,false,true,true,Interior Designers,Expert Commercial Interior Designers,Mandya,2025-06-02T16:20:22.733Z
S K Consultants,+,4.6,40 Ratings,"Khadar Ext. Sarita Vihar, Delhi",,07405772453,Building; Industrial,true,false,false,false,true,Interior Designers,Expert Commercial Interior Designers,Mandya,2025-06-02T16:20:22.733Z
SEAHAWK INFRA N DESIGNS PRIVATE LIMITED,+,5.0,11 Ratings,"Pitampura, Delhi",,08511618208,,true,false,false,false,true,Interior Designers,Expert Commercial Interior Designers,Mandya,2025-06-02T16:20:22.733Z
Design School Of INDIA,+,3.8,40 Ratings,"A-50 Second Floor Noida Sector 2, Noida",,08123929223,Building,true,false,false,false,false,Interior Designers,Expert Commercial Interior Designers,Mandya,2025-06-02T16:20:22.733Z
Space Planner,S,5.0,2 Ratings,"Gilan Para Dumka Bypass, Dumka",,07048617635,Industrial; Building,true,false,false,false,true,Interior Designers,Expert Commercial Interior Designers,Mandya,2025-06-02T16:20:22.733Z
Drop Dream Interior,+,4.7,20 Ratings,"Office No 551 Vaishali Sector 1, Ghaziabad",,08123801500,Building,true,false,false,false,true,Interior Designers,Expert Commercial Interior Designers,Mandya,2025-06-02T16:20:22.733Z
Ebk Event Management Pvt Ltd,+,4.6,53 Ratings,"Extension 2 Nangloi Extension, Delhi",,08511787702,,true,false,false,true,true,Interior Designers,Expert Commercial Interior Designers,Mandya,2025-06-02T16:20:22.733Z
A B Consultants,A,5.0,3 Ratings,"Cheeranahalli Road Thavaragere, Mandya",,,Civil Contractors; Interior Designers,true,false,false,false,true,Interior Designers,Expert Commercial Interior Designers,Mandya,2025-06-02T16:20:22.733Z
Sbr Constructions,+,4.7,3 Ratings,"Chamundeshwari Nagar Mandya, Mandya",,,Industrial; Residential,true,false,false,false,true,Interior Designers,Expert Commercial Interior Designers,Mandya,2025-06-02T16:20:22.733Z
Revan Construction,+,5.0,5 Ratings,"Cheeranahalli Road Halahalli, Mandya",,,Industrial; Building,true,false,false,false,true,Interior Designers,Expert Commercial Interior Designers,Mandya,2025-06-02T16:20:22.733Z
Sri Sapthagiri Constructions,+,4.9,18 Ratings,"Nagar Krishnarajapete, Mandya",,,Building; Online Appointments,true,false,false,false,true,Interior Designers,Expert Commercial Interior Designers,Mandya,2025-06-02T16:20:22.733Z
KNP Construction,+,4.5,2 Ratings,"Road Chamundeshwari Nagar Mandya, Mandya",,,Wall Tiles; Ceramic Tiles,true,false,false,false,true,Interior Designers,Expert Commercial Interior Designers,Mandya,2025-06-02T16:20:22.733Z
Mangaldeep Enterprises,<,4.8,6 Ratings,"Floor Old MC Road Mandya, Mandya",,08460407214,Electric Chimney Dealers-Kaff; Refrigerator Repair & Services,true,true,false,true,true,Interior Designers,Popular Interior Decorators,Mandya,2025-06-02T16:21:41.844Z
Shree Arkeshwara Civil Consultants,<,4.8,12 Ratings,"Old Bus Stand Maddur Mandya, Mandya",,08460206162,Building,true,true,false,false,false,Interior Designers,Popular Interior Decorators,Mandya,2025-06-02T16:21:41.845Z
Silver Stone Construction,<,4.6,5 Ratings,"Anitha Convent Road Malavalli, Mandya",,08460451577,Civil Contractors; Interior Designers,true,true,false,false,true,Interior Designers,Popular Interior Decorators,Mandya,2025-06-02T16:21:41.845Z
Prime Designs,<,4.3,3 Ratings,"Temple Road Maddur Mandya, Mandya",,07411667810,Building,true,true,false,false,false,Interior Designers,Popular Interior Decorators,Mandya,2025-06-02T16:21:41.845Z
Sri Shankar Vijaya Sawmill and Wood Industries,<,4.1,18 Ratings,"Holalu Circle Old Mc Road Mandya, Mandya",,09054657009,,true,true,false,true,true,Interior Designers,Popular Interior Decorators,Mandya,2025-06-02T16:21:41.846Z
Srinivasa Constructions,<,5.0,25 Ratings,"Chamundeshwari Nagar Mandya, Mandya",,08123677115,Building,true,true,false,false,true,Interior Designers,Popular Interior Decorators,Mandya,2025-06-02T16:21:41.846Z
Svg Construction,<,3.5,2 Ratings,"VV Road Malavalli, Mandya",,08460196304,Textured Wall Painting,true,true,false,false,false,Interior Designers,Popular Interior Decorators,Mandya,2025-06-02T16:21:41.846Z
Gari Constructions,<,4.7,3 Ratings,"Road Chamundeshwari Nagar Mandya, Mandya",,07383031497,Civil Contractors; Tile Contractors,true,true,false,true,true,Interior Designers,Popular Interior Decorators,Mandya,2025-06-02T16:21:41.846Z
My Home,<,4.4,9 Ratings,"Old Mc Road Maddur, Mandya",,,Interior Designers For Beauty Parlour; Interior Designers,true,true,false,false,true,Interior Designers,Popular Interior Decorators,Mandya,2025-06-02T16:21:41.847Z
Baron Chambers,<,5.0,2 Ratings,"Nagar IV Mandya Subashnagar, Mandya",,08460220369,Quick Visit,true,true,false,false,true,Interior Designers,Popular Interior Decorators,Mandya,2025-06-02T16:21:41.847Z
Ecohouse,+,4.9,17 Ratings,"Circle Gandhi Nagar Mandya, Mandya",,08050196362,Upvc Door; Plywood Door Dealers,true,true,false,true,true,Interior Designers,Popular Interior Decorators,Mandya,2025-06-02T16:21:41.848Z
Dhanya Swaroopa Interiors Works,+,4.0,3 Ratings,"Kaveri Nagara Hosahalli Extn, Mandya",,07411949723,Carpenters; Interior Designers,true,true,false,true,false,Interior Designers,Popular Interior Decorators,Mandya,2025-06-02T16:21:41.848Z
Kuberan Home Interior,+,5.0,3 Ratings,"Police Station Road Pandavapura, Mandya",,08123055709,Interior Designers; Pop Contractors,true,true,false,false,true,Interior Designers,Popular Interior Decorators,Mandya,2025-06-02T16:21:41.849Z
Goodline Interior,+,5.0,1 Ratings,"Main Road Ullal Upkar Layout, Bangalore",,08735891921,Modular Kitchen Dealers; Interior Designers,true,true,false,false,false,Interior Designers,Popular Interior Decorators,Mandya,2025-06-02T16:21:41.849Z
Ideal Plywood and Hardware,+,4.8,21 Ratings,"80 Feet Road Hassan City Market, Hassan",,08511488193,Plywood Door Dealers; Wooden Door,true,true,false,false,true,Interior Designers,Popular Interior Decorators,Mandya,2025-06-02T16:21:41.849Z
Royal Silvia Constructions And Interiors Pvt Ltd,R,5.0,12 Ratings,"Salagame Road Rangoli Halla, Hassan",,07411563299,Residential; Apartment,true,true,false,false,true,Interior Designers,Popular Interior Decorators,Mandya,2025-06-02T16:21:41.849Z
Logic Builders,+,5.0,13 Ratings,"Mahadeshwara Badavane Layout, Mysore",,09980764075,Residential; Building,true,true,false,true,true,Interior Designers,Popular Interior Decorators,Mandya,2025-06-02T16:21:41.850Z
DELTA ARCHITECTS,+,4.8,77 Ratings,"80 Feet Hunsinkere Main Road, Hassan",,08460214152,Industrial; Residential,true,true,false,true,true,Interior Designers,Popular Interior Decorators,Mandya,2025-06-02T16:21:41.850Z
HN Groups HN Homes Interiors Artful,+,4.6,30 Ratings,"Banglore Rural Thanniruhalla, Hassan",,09035031473,Upvc Door; 3D Painting,true,true,false,false,true,Interior Designers,Popular Interior Decorators,Mandya,2025-06-02T16:21:41.850Z
Sri Kanteshwara Interior Design Studio,+,3.5,2 Ratings,"Hassan City Market, Hassan",,09980240465,Interior Designers; Upvc Window Dealers,true,true,false,false,false,Interior Designers,Popular Interior Decorators,Mandya,2025-06-02T16:21:41.850Z
Concept Interior Architects,+,4.6,19 Ratings,"2nd Cross Csi Layout, Tumkur",,,Architects; Civil Contractors,true,true,false,false,true,Interior Designers,Popular Interior Decorators,Mandya,2025-06-02T16:21:41.850Z
AIE Buildtec Ind,+,4.5,14 Ratings,"Ganesh Temple Road Kundalahalli, Bangalore",,,Acoustic Insulation; Interior Designers,true,true,false,true,true,Interior Designers,Popular Interior Decorators,Mandya,2025-06-02T16:21:41.851Z
Creative Home Galleria,+,4.4,35 Ratings,"KD Circle Vijaynagar 2nd Stage, Mysore",,,Interior Decorators; Interior Designers,true,true,false,true,true,Interior Designers,Popular Interior Decorators,Mandya,2025-06-02T16:21:41.851Z
Design Ethics,+,4.9,159 Ratings,"BM Road Kushalnagar, Coorg",,,Industrial; Building; Online Appointments,true,true,false,true,true,Interior Designers,Popular Interior Decorators,Mandya,2025-06-02T16:21:41.851Z
Bestwood Pvc Foam Board,+,4.9,56 Ratings,"Velakkode Post Mundur, Thrissur",,,PVC Foam Board Exporters; Interior Designers,true,true,false,true,true,Interior Designers,Popular Interior Decorators,Mandya,2025-06-02T16:21:41.851Z
Royal Wood Designz,+,4.8,9 Ratings,"Harur Main Road Valasaiyur, Salem",,08460485960,Upvc Door; Bathroom Door Dealers,true,true,false,false,true,Interior Designers,Popular Interior Decorators,Mandya,2025-06-02T16:21:41.851Z
Take Shape Interiors & Design Studio,+,4.5,28 Ratings,"Amman Nagar Sivathapuram, Salem",,07383601908,False Ceiling Contractors; Interior Designers,true,true,false,false,true,Interior Designers,Popular Interior Decorators,Mandya,2025-06-02T16:21:41.851Z
M K Furniture,+,4.2,17 Ratings,"Kumsi Main Road Durgigudi, Shimoga",,,Antique Furniture Dealers; Furniture Dealers,true,true,false,true,true,Interior Designers,Popular Interior Decorators,Mandya,2025-06-02T16:21:41.852Z
Padmashali Aluminium Fabricators,+,4.7,10 Ratings,"Sagri Kunjibettu, Udupi",,,Door Fabricators; Interior Designers,true,true,false,true,true,Interior Designers,Popular Interior Decorators,Mandya,2025-06-02T16:21:41.852Z
Krupa Builders & Infra Develpers PVT LTD,+,4.7,109 Ratings,"Nagar Sharavathi Nagar, Shimoga",,,Industrial; Residential,true,true,false,false,true,Interior Designers,Popular Interior Decorators,Mandya,2025-06-02T16:21:41.852Z
Angel & Ana's Aluminium,+,4.6,12 Ratings,"Industrial Area Baikampady, Mangalore",,,Interior Designers For Apartment; Interior Designers,true,true,false,false,true,Interior Designers,Popular Interior Decorators,Mandya,2025-06-02T16:21:41.852Z
Shivapur Constructions,+,4.4,34 Ratings,"Vidyanagar P B Road Haveri, Haveri",,,Residential,true,true,false,false,true,Interior Designers,Popular Interior Decorators,Mandya,2025-06-02T16:21:41.852Z
Planning Point ( Mangalore ),+,4.7,30 Ratings,"Gurunagara Konchady, Mangalore",,,Industrial; Building,true,true,false,true,true,Interior Designers,Popular Interior Decorators,Mandya,2025-06-02T16:21:41.853Z
Athangudi Classic Tiles,+,4.4,48 Ratings,"Konapattu Main Road Athangudi, Sivaganga",,08734933781,Designer Tiles; Flooring Tiles,true,true,false,false,true,Interior Designers,Popular Interior Decorators,Mandya,2025-06-02T16:21:41.853Z
Swarna Interiors,+,5.0,23 Ratings,"Cotton Market New Cotton Market, Hubli",,08511398922,Interior Designers; Interior Decorators,true,true,false,false,true,Interior Designers,Popular Interior Decorators,Mandya,2025-06-02T16:21:41.853Z
Pragnya Design Studio,+,4.3,31 Ratings,"Pb Road Vidyanagar, Hubli",,,Industrial; Building,true,true,false,false,true,Interior Designers,Popular Interior Decorators,Mandya,2025-06-02T16:21:41.854Z
Vivek Associates - Swing (Unjal) Plank & Chain Accessories,+,4.8,962 Ratings,"Colony Korattur Chennai North, Chennai",,,Wooden furniture dealers; Wooden swing dealers,true,true,false,true,true,Interior Designers,Popular Interior Decorators,Mandya,2025-06-02T16:21:41.854Z
Aieem Architects,A,3.8,5 Ratings,"Park Road Vidyanagar Hubli, Hubli",,,Architects For Bungalow; Interior Designers,true,true,false,false,false,Interior Designers,Popular Interior Decorators,Mandya,2025-06-02T16:21:41.854Z
Mahamaya Industries,+,3.9,23 Ratings,"Venkatapura Road Shirali Bazar, Shirali",,,Wooden Door,true,true,false,true,false,Interior Designers,Popular Interior Decorators,Mandya,2025-06-02T16:21:41.854Z
Vola Art Escape,+,4.8,359 Ratings,"Alto Porvorim, Goa",,,3D Painting,true,true,false,true,true,Interior Designers,Popular Interior Decorators,Mandya,2025-06-02T16:21:41.854Z
CAP Furniture Industries,+,3.5,20 Ratings,"Plot No P8 Gokul Shirgaon Midc, Kolhapur",,07041527580,Furniture Manufacturers; Furniture Dealers,true,true,false,false,false,Interior Designers,Popular Interior Decorators,Mandya,2025-06-02T16:21:41.854Z
Dream Project Constructions,D,4.3,18 Ratings,"Anjana Nagar Kukatpally, Hyderabad",,08460402313,Building,true,true,false,false,true,Interior Designers,Popular Interior Decorators,Mandya,2025-06-02T16:21:41.854Z
Pentagram Design Studio,+,4.9,30 Ratings,"Warje, Pune",,09972242495,Industrial; Building,true,true,false,true,true,Interior Designers,Popular Interior Decorators,Mandya,2025-06-02T16:21:41.854Z
Rediant Energy Industries,+,4.6,51 Ratings,"Parekh Marg Ladwadi Kalbadevi, Mumbai",,09725239663,Solar,true,true,false,true,true,Interior Designers,Popular Interior Decorators,Mandya,2025-06-02T16:21:41.855Z
Maurya Shejav Architects,M,3.1,7 Ratings,"Sector 19 KAMOTHE SECTOR 19, Navi Mumbai",,07048117368,,true,true,false,false,false,Interior Designers,Popular Interior Decorators,Mandya,2025-06-02T16:21:41.855Z
MAYFOAM PRIVATE LIMITED,+,4.4,108 Ratings,"JALNA AURANGABAD ROAD Modikhana, Jalna",,,Pu Foam Manufacturers; Furniture Dealers,true,true,false,true,true,Interior Designers,Popular Interior Decorators,Mandya,2025-06-02T16:21:41.855Z
Shree Decors,+,4.3,62 Ratings,"Gymkhana Road Dombivli East, Thane",,08511493514,Upvc Door; Bathroom Door Dealers; Apartment,true,true,false,true,true,Interior Designers,Popular Interior Decorators,Mandya,2025-06-02T16:21:41.855Z
Zns Design & Interior Studio,+,4.8,15 Ratings,"Shopping Centre Aerodrome Circle, Kota-Rajasthan",,08488092760,Building,true,true,false,false,true,Interior Designers,Popular Interior Decorators,Mandya,2025-06-02T16:21:41.855Z
Hindustan Projects,+,4.1,14 Ratings,"VIVEKANAD NAGAR Baba Dham, Bhilwara",,,Farm; Industrial Land Surveyors,true,true,false,false,true,Interior Designers,Popular Interior Decorators,Mandya,2025-06-02T16:21:41.855Z
Ecohouse,<,4.9,17 Ratings,"Circle Gandhi Nagar Mandya, Mandya",,08050196362,Upvc Door; Plywood Door Dealers,true,true,false,true,true,Interior Designers,Popular Interior Furnishing Contractors,Mandya,2025-06-02T16:23:01.439Z
Pentagram Design Studio,<,4.9,30 Ratings,"Warje, Pune",,09972242495,Industrial; Building,true,true,false,true,true,Interior Designers,Popular Interior Furnishing Contractors,Mandya,2025-06-02T16:23:01.440Z
Shree Decors,<,4.3,62 Ratings,"Gymkhana Road Dombivli East, Thane",,08511493514,Upvc Door; Bathroom Door Dealers; Apartment,true,true,false,true,true,Interior Designers,Popular Interior Furnishing Contractors,Mandya,2025-06-02T16:23:01.440Z
Yesb Infratech Pvt Ltd,<,4.2,12 Ratings,"- NH 48 Atak Pardi, Valsad",,09972267166,Building; Industrial,true,true,false,false,true,Interior Designers,Popular Interior Furnishing Contractors,Mandya,2025-06-02T16:23:01.441Z
Hindustan Projects,<,4.1,14 Ratings,"VIVEKANAD NAGAR Baba Dham, Bhilwara",,,Farm; Industrial Land Surveyors,true,true,false,false,true,Interior Designers,Popular Interior Furnishing Contractors,Mandya,2025-06-02T16:23:01.441Z
Fab Interior's,<,4.9,25 Ratings,"BN Street Sayyaji Rao Road, Mysore",,08050048672,Service Guarantee; Apartment; Kids Room,true,true,false,false,true,Interior Designers,Popular Interior Furnishing Contractors,Mandya,2025-06-02T16:23:01.441Z
Kaushal Interiors,<,3.3,4 Ratings,"1st Cross Devaraj Urs Road, Mysore",,,Fabricators; Aluminium Fabricators,true,true,false,false,false,Interior Designers,Popular Interior Furnishing Contractors,Mandya,2025-06-02T16:23:01.441Z
Mercury Infra,<,4.8,12 Ratings,"Vilas Road Devaraja Mohalla, Mysore",,,Interior Designers; Civil Contractors,true,true,false,false,true,Interior Designers,Popular Interior Furnishing Contractors,Mandya,2025-06-02T16:23:01.442Z
BMJ AND COMPANY,<,5.0,5 Ratings,"Citb Choutry Hebbal, Mysore",,,Civil Contractors; Labour Contractors,true,true,false,false,true,Interior Designers,Popular Interior Furnishing Contractors,Mandya,2025-06-02T16:23:01.442Z
Build Pillars,<,5.0,2 Ratings,"14th Cross Vv Mohalla, Mysore",,,Plumbers; House Painters,true,true,false,false,true,Interior Designers,Popular Interior Furnishing Contractors,Mandya,2025-06-02T16:23:01.442Z
Royal Interior Decorator,+,4.7,5 Ratings,"4th Main Road Vani Vilas Mohalla, Mysore",,,Delivery Available; Apartment; Kids Room,true,true,false,false,true,Interior Designers,Popular Interior Furnishing Contractors,Mandya,2025-06-02T16:23:01.442Z
Choice Electrical Wiring and Plumbing Service,+,4.8,111 Ratings,"2nd Stage Hebbal, Mysore",,,Wiring,true,true,false,false,true,Interior Designers,Popular Interior Furnishing Contractors,Mandya,2025-06-02T16:23:01.443Z
Vk Construction,+,5.0,12 Ratings,"Near Vidyapeetaa Kr Mohalla, Mysore",,09725462837,Civil Contractors; Construction Companies,true,true,false,true,true,Interior Designers,Popular Interior Furnishing Contractors,Mandya,2025-06-02T16:23:01.443Z
Vilas Construction and Interiors,V,4.4,34 Ratings,"Ramanuja Road Agrahara, Mysore",,08460302565,Textured Wall Painting; Industrial,true,true,false,false,true,Interior Designers,Popular Interior Furnishing Contractors,Mandya,2025-06-02T16:23:01.443Z
Vasantha Builders,+,4.1,64 Ratings,"5th Cross Saraswathipuram, Mysore",,,Building,true,true,false,false,true,Interior Designers,Popular Interior Furnishing Contractors,Mandya,2025-06-02T16:23:01.443Z
Mk Pandey Decorator,+,4.6,5 Ratings,"Vijay Nagar Main Road Hebbal, Mysore",,,Construction Contractors; Interior Designers,true,true,false,false,true,Interior Designers,Popular Interior Furnishing Contractors,Mandya,2025-06-02T16:23:01.444Z
S S Construction,+,5.0,1 Ratings,"Saraswati Puram Saraswathipuram, Mysore",,,Civil Contractors; Building Contractors,true,true,false,false,true,Interior Designers,Popular Interior Furnishing Contractors,Mandya,2025-06-02T16:23:01.444Z
Balaji Enterprises & Interiors,+,3.8,5 Ratings,"Moogana Hundi Srirampura, Mysore",,07048497214,Wpc Door Dealers; Upvc Door,true,true,false,false,false,Interior Designers,Popular Interior Furnishing Contractors,Mandya,2025-06-02T16:23:01.444Z
Feather Touch Interiors,+,4.5,2 Ratings,"Uttarasahalli Main Road Kengeri, Bangalore",,,Carpenters; Interior Designers,true,true,false,false,false,Interior Designers,Popular Interior Furnishing Contractors,Mandya,2025-06-02T16:23:01.444Z
Rohit Electricals and Interior,+,5.0,2 Ratings,"Bangalore Rajarajeshwari Nagar, Bangalore",,,Electricians; Plumbers,true,true,false,false,false,Interior Designers,Popular Interior Furnishing Contractors,Mandya,2025-06-02T16:23:01.444Z
Tr Electricals,T,4.5,1 Ratings,"Rajarajeshwari Nagar, Bangalore",,,Electrical Contractors; Electricians,true,true,false,false,true,Interior Designers,Popular Interior Furnishing Contractors,Mandya,2025-06-02T16:23:01.444Z
Og Construction And Waterproofing Solution,+,4.7,7 Ratings,"Gokala Rd Rajarajeshwari Nagar, Bangalore",,,,true,true,false,false,true,Interior Designers,Popular Interior Furnishing Contractors,Mandya,2025-06-02T16:23:01.444Z
Kaveri Hardware,+,4.7,7 Ratings,"Main Road Rajarajeshwari Nagar, Bangalore",,,Interior paint,true,true,false,true,true,Interior Designers,Popular Interior Furnishing Contractors,Mandya,2025-06-02T16:23:01.444Z
Vardhans Constructions,V,3.8,2 Ratings,"Main Road Rajarajeshwari Nagar, Bangalore",,08460448096,Industrial,true,true,false,false,false,Interior Designers,Popular Interior Furnishing Contractors,Mandya,2025-06-02T16:23:01.445Z
Blue Stone Electrical,B,4.7,59 Ratings,"Rajarajeshwari Nagar, Bangalore",,09980136606,Electrical Contractors; Aluminium Partition Contractors,true,true,false,false,true,Interior Designers,Popular Interior Furnishing Contractors,Mandya,2025-06-02T16:23:01.445Z
Happy Home Designs,+,4.5,4 Ratings,"13th Cross Mallathahalli, Bangalore",,,Decorative; Upvc Door,true,true,false,false,true,Interior Designers,Popular Interior Furnishing Contractors,Mandya,2025-06-02T16:23:01.445Z
Dream House Solutions,+,4.6,27 Ratings,"Gubbalala Main Road Gubbalala, Bangalore",,,Textured Wall Painting; 3D Painting,true,true,false,false,true,Interior Designers,Popular Interior Furnishing Contractors,Mandya,2025-06-02T16:23:01.445Z
Srikanteshwara Enterprises,+,4.3,29 Ratings,"Residential Enclave Kengeri, Bangalore",,,,true,true,false,false,true,Interior Designers,Popular Interior Furnishing Contractors,Mandya,2025-06-02T16:23:01.445Z
Deepika Design Atelier Private Limited,+,5.0,20 Ratings,"Link Road Rajarajeshwari Nagar, Bangalore",,,Interior Designers; Residence Interior Designers,true,true,false,false,false,Interior Designers,Popular Interior Furnishing Contractors,Mandya,2025-06-02T16:23:01.445Z
Ksv Groups,K,5.0,1 Ratings,"Shankarnag Circle Mallathahalli, Bangalore",,,3D Painting; Textured Wall Painting,true,true,false,false,true,Interior Designers,Popular Interior Furnishing Contractors,Mandya,2025-06-02T16:23:01.445Z
S P Constructions,+,4.9,12 Ratings,"1st Block Gnanabharathi, Bangalore",,,Civil Contractors; Labour Contractors,true,true,false,false,true,Interior Designers,Popular Interior Furnishing Contractors,Mandya,2025-06-02T16:23:01.446Z
Supriya Interiors,+,3.8,5 Ratings,"Avalahalli Jp Nagar, Bangalore",,,Residential Carpentry Contractors; Carpenters,true,true,false,false,false,Interior Designers,Popular Interior Furnishing Contractors,Mandya,2025-06-02T16:23:01.446Z
Jay Bagatesh Interiors,J,3.8,9 Ratings,"Eith Madgu Raod Chikkalsandra, Bangalore",,,Carpenters; Gas Pipe Line Installation Services,true,true,false,false,false,Interior Designers,Popular Interior Furnishing Contractors,Mandya,2025-06-02T16:23:01.446Z
Shri Devi Interiors Works,+,4.5,19 Ratings,"Mysore Road Nayandahalli, Bangalore",,,Textured Wall Painting,true,true,false,false,true,Interior Designers,Popular Interior Furnishing Contractors,Mandya,2025-06-02T16:23:01.446Z
Manjushree Glass & Plywoods,+,4.5,15 Ratings,"Main Road Chikkalsandra, Bangalore",,,Turnkey Paint; Hardware Shops,true,true,false,true,true,Interior Designers,Popular Interior Furnishing Contractors,Mandya,2025-06-02T16:23:01.446Z
AP Engineering Consultancy,+,5.0,1 Ratings,"BANGALORE Andrahalli, Bangalore",,,Electricians; Labour Contractors,true,true,false,false,false,Interior Designers,Popular Interior Furnishing Contractors,Mandya,2025-06-02T16:23:01.446Z
Inside Infinity,I,4.9,78 Ratings,"No 172 Nagarbhavi, Bangalore",,,Civil Contractors; Building Contractors,true,true,false,false,true,Interior Designers,Popular Interior Furnishing Contractors,Mandya,2025-06-02T16:23:01.446Z
V3 Interiors,+,3.7,43 Ratings,"College Road Sunkadakatte, Bangalore",,,Interior Decorators; Interior Designers,true,true,false,true,false,Interior Designers,Popular Interior Furnishing Contractors,Mandya,2025-06-02T16:23:01.446Z
M B INTERIOR WORKS,+,4.7,5 Ratings,"Ring Road Banashankari 3rd Stage, Bangalore",,,Interior Decorators; Carpenters,true,true,false,false,true,Interior Designers,Popular Interior Furnishing Contractors,Mandya,2025-06-02T16:23:01.446Z
N R Interior,+,3.3,4 Ratings,"Kembathalli Main Road Gottigere, Bangalore",,,Textured Wall Painting; White Wash Painting,true,true,false,false,false,Interior Designers,Popular Interior Furnishing Contractors,Mandya,2025-06-02T16:23:01.446Z
Bhagath Constructions,B,4.2,5 Ratings,"ABB Company Road Nelamangala, Bangalore",,,Interior Designers; Civil Contractors,true,true,false,false,false,Interior Designers,Popular Interior Furnishing Contractors,Mandya,2025-06-02T16:23:01.447Z
Lalith Interior Decorators,L,3.0,1 Ratings,"Mudalapalya Nagarbhavi, Bangalore",,,Interior Decorators; Carpenters,true,true,false,false,false,Interior Designers,Popular Interior Furnishing Contractors,Mandya,2025-06-02T16:23:01.447Z
N U Smart construct Ventures LLP,+,5.0,1 Ratings,"Colony Banashankari 1st Stage, Bangalore",,,Builders; Construction Companies,true,true,false,false,false,Interior Designers,Popular Interior Furnishing Contractors,Mandya,2025-06-02T16:23:01.447Z
Unique Interiors,+,4.9,4 Ratings,"Simrithi Nagar Hommadevanahalli, Bangalore",,,Carpenters; Interior Designers,true,true,false,false,false,Interior Designers,Popular Interior Furnishing Contractors,Mandya,2025-06-02T16:23:01.447Z
Civilblue construction,+,5.0,1 Ratings,"Layout Sunkadakatte, Bangalore",,,Industrial; Building,true,true,false,false,false,Interior Designers,Popular Interior Furnishing Contractors,Mandya,2025-06-02T16:23:01.447Z
Raunak Interiors,R,4.3,4 Ratings,"Minhaj Nagar Jp Nagar, Bangalore",,,Aluminium Partition Contractors; House Painters,true,true,false,false,false,Interior Designers,Popular Interior Furnishing Contractors,Mandya,2025-06-02T16:23:01.447Z
Hippi Design,+,4.6,5 Ratings,"BTM 2nd Stage MICO Layout, Bangalore",,,Interior Designers; Architects,true,true,false,false,false,Interior Designers,Popular Interior Furnishing Contractors,Mandya,2025-06-02T16:23:01.447Z
B N Associates,+,4.7,27 Ratings,"Rpc Layout Vijayanagar East, Bangalore",,,Interior Decorators; Acp Cladding Services,true,true,false,true,true,Interior Designers,Popular Interior Furnishing Contractors,Mandya,2025-06-02T16:23:01.447Z
Subramanya Interior Design,S,3.9,4 Ratings,"12th Main Road Banashankari, Bangalore",,,Interior Furnishing Contractors,true,true,false,false,false,Interior Designers,Popular Interior Furnishing Contractors,Mandya,2025-06-02T16:23:01.447Z
Educadd Mandya,<,4.9,25 Ratings,"1st Subash Nagar Mandya, Mandya",,,Computer Training Institutes For Architectural CAD; Computer Training Institutes,true,true,false,false,true,Interior Designers,Popular Interior Designing Institutes,Mandya,2025-06-02T16:23:59.389Z
NCFT Heights Institute,<,4.6,128 Ratings,"Trivandaram Road Palayamkottai, Tirunelveli",,,Computer Hardware Training Institutes; Computer Training Institutes,true,true,false,false,true,Interior Designers,Popular Interior Designing Institutes,Mandya,2025-06-02T16:23:59.389Z
Kj's Trinity Colleges,<,4.0,"1,375 Ratings","Kondhwa Saswad Road Yewalewadi, Pune",,,,true,true,false,false,true,Interior Designers,Popular Interior Designing Institutes,Mandya,2025-06-02T16:23:59.390Z
Vastukar Architect and Project Consultant,<,4.4,187 Ratings,"Nageswar Tangi Bhubaneswar, Bhubaneshwar",,,Industrial; Building,true,true,false,true,true,Interior Designers,Popular Interior Designing Institutes,Mandya,2025-06-02T16:23:59.390Z
Aks University (Satna M.p),<,4.0,"1,853 Ratings","Panna Road Sherganj, Satna",,,Colleges; ITI Institutes,true,true,false,false,true,Interior Designers,Popular Interior Designing Institutes,Mandya,2025-06-02T16:23:59.390Z
Augmintech Education Pvt Ltd,<,3.0,2 Ratings,"Main Road 17 Mango, Jamshedpur",,09054859277,Institutes For Hvac Engineering; 3Ds Max Training Institutes,true,true,false,false,false,Interior Designers,Popular Interior Designing Institutes,Mandya,2025-06-02T16:23:59.390Z
Maa Bhagwati Institute,<,4.0,909 Ratings,"Ratanada, Jodhpur",,,Computer Hardware Training Institutes; Colleges,true,true,false,false,true,Interior Designers,Popular Interior Designing Institutes,Mandya,2025-06-02T16:23:59.390Z
Mediversity Education Council,<,4.6,16 Ratings,"Main City Delhi Delhi Cantt, Delhi",,08460303856,Accept Donations; Pay Ahead; CCTV Surveillance,true,true,false,false,true,Interior Designers,Popular Interior Designing Institutes,Mandya,2025-06-02T16:23:59.390Z
PERFECT ARCHITECTURE & DESIGN STUDIO,<,4.8,205 Ratings,"Tnarsipura Main Road Alanahalli, Mysore",,08105109975,Architectural Institutes; AUTOCAD Training Institutes,true,true,false,true,true,Interior Designers,Popular Interior Designing Institutes,Mandya,2025-06-02T16:23:59.390Z
Canara Institute Of Design,<,4.5,8 Ratings,"U College Road Siddhartha Layout, Mysore",,,Institutes For Designing; Fashion Designing Institutes,true,true,false,false,true,Interior Designers,Popular Interior Designing Institutes,Mandya,2025-06-02T16:23:59.390Z
Canara Institute Of Design,+,4.5,72 Ratings,"Bannur Main Road Alanahalli, Mysore",,,,true,true,false,false,true,Interior Designers,Popular Interior Designing Institutes,Mandya,2025-06-02T16:23:59.390Z
NIIT Ltd,+,3.5,31 Ratings,"Vinayaka Marga Siddarthanagar, Mysore",,,Interior designing institutes,false,true,false,false,false,Interior Designers,Popular Interior Designing Institutes,Mandya,2025-06-02T16:23:59.390Z
Cresign Solutions Pvt Ltd,+,4.5,44 Ratings,"No.465 M G Road, Mysore",,,Computer Training Institutes For Architectural CAD; Computer Training Institutes,false,true,false,false,true,Interior Designers,Popular Interior Designing Institutes,Mandya,2025-06-02T16:23:59.390Z
Cadpoint Engineering Solutions,+,4.8,120 Ratings,"Swamy Temple Road Chamarajapuram, Mysore",,,Colleges; Computer Training Institutes,true,true,false,false,true,Interior Designers,Popular Interior Designing Institutes,Mandya,2025-06-02T16:23:59.390Z
Queens School Of Design,+,4.2,12 Ratings,"BM Habitat Mall Jayalakshmipuram, Mysore",,,Fashion Designing Institutes; Interior Designing Institutes,false,true,false,false,true,Interior Designers,Popular Interior Designing Institutes,Mandya,2025-06-02T16:23:59.390Z
School Of Planning And Architecture,+,4.2,118 Ratings,"Manasagangothri, Mysore",,,Architectural Institutes; Colleges,true,true,false,false,true,Interior Designers,Popular Interior Designing Institutes,Mandya,2025-06-02T16:23:59.390Z
Queens School Of Design,+,4.2,237 Ratings,"Udayaravi Road Kuvempunagar, Mysore",,,,true,true,false,false,true,Interior Designers,Popular Interior Designing Institutes,Mandya,2025-06-02T16:23:59.390Z
Premiere CADD Services,+,4.9,397 Ratings,"5th Cross Saraswathipuram, Mysore",,08511515795,AUTOCAD Training Institutes; Interior Designing Institutes,true,true,false,true,true,Interior Designers,Popular Interior Designing Institutes,Mandya,2025-06-02T16:23:59.390Z
Inner Voice & CADD Academy,I,4.9,12 Ratings,"No.122 Jayanagar, Mysore",,,Interior Designing Institutes; Computer Training Institutes,true,true,false,false,true,Interior Designers,Popular Interior Designing Institutes,Mandya,2025-06-02T16:23:59.390Z
Centre For Architecture,+,4.5,165 Ratings,"Chamaraja Mohalla, Mysore",,,Architectural Institutes; Colleges,false,true,false,false,true,Interior Designers,Popular Interior Designing Institutes,Mandya,2025-06-02T16:23:59.390Z
Softflix Training Institute,+,4.8,13 Ratings,"Temple Road Saraswathipuram, Mysore",,09606170610,Computer Training Institutes; Institutes,true,true,false,false,true,Interior Designers,Popular Interior Designing Institutes,Mandya,2025-06-02T16:23:59.390Z
Cfss Educational Trust,+,4.5,238 Ratings,"Hunsur Main Road Hinkal, Mysore",,,Computer Hardware Training Institutes; Computer Training Institutes,true,true,false,true,true,Interior Designers,Popular Interior Designing Institutes,Mandya,2025-06-02T16:23:59.390Z
Dream Zone,+,4.5,131 Ratings,"Chennaiah Road Saraswathipuram, Mysore",,08511597140,3D Animation Training Institutes; Fashion Designing Institutes,true,true,false,true,true,Interior Designers,Popular Interior Designing Institutes,Mandya,2025-06-02T16:23:59.391Z
Great Indian Career Academy,+,4.8,28 Ratings,"Road Arvind Nagar, Mysore",,,Placement Services (Candidate); Fashion Designing Institutes,true,true,false,false,true,Interior Designers,Popular Interior Designing Institutes,Mandya,2025-06-02T16:23:59.391Z
Mysore Institute Of Fashion Technology,+,4.3,174 Ratings,"Nagar A Block Ananda Nagar, Mysore",,,Fashion Designing Diploma Institutes; Fashion Designing Institutes,true,true,false,false,true,Interior Designers,Popular Interior Designing Institutes,Mandya,2025-06-02T16:23:59.391Z
Athreya Interiors,+,4.6,15 Ratings,"Navilu Road Kuvempunagar, Mysore",,09845246137,Interior Designers; Furniture Manufacturers,true,true,false,true,true,Interior Designers,Popular Interior Designing Institutes,Mandya,2025-06-02T16:23:59.391Z
Alpha School Of Fashion Technology and Interior Design,+,5.0,1 Ratings,"No 123 Srirampura, Mysore",,,BSc Fashion Designing Institutes; Fashion Designing Institutes,true,true,false,false,true,Interior Designers,Popular Interior Designing Institutes,Mandya,2025-06-02T16:23:59.391Z
Mysore School Of Architecture,+,4.3,102 Ratings,"Lingambudi Mysore Ho, Mysore",,,Fashion Designing Institutes; Colleges,true,true,false,false,true,Interior Designers,Popular Interior Designing Institutes,Mandya,2025-06-02T16:23:59.391Z
NIIT Ltd,+,4.0,65 Ratings,"Outer Ring Road Kengeri, Bangalore",,,Interior designing institutes,true,true,false,false,true,Interior Designers,Popular Interior Designing Institutes,Mandya,2025-06-02T16:23:59.391Z
Sjb School Of Architecture And Planning,+,4.0,101 Ratings,"Health & Education City Kengeri, Bangalore",,,Interior Designing Institutes; Architectural Institutes,false,true,false,false,true,Interior Designers,Popular Interior Designing Institutes,Mandya,2025-06-02T16:23:59.391Z
Cadd Centre,+,3.9,47 Ratings,"Hoysala Circle Kengeri, Bangalore",,,Computer Training Institutes; Tutorials,true,true,false,false,false,Interior Designers,Popular Interior Designing Institutes,Mandya,2025-06-02T16:23:59.391Z
BGS & SJB Group Of Institutions,B,4.5,16 Ratings,"Dr Vishnuvardhan Road Kengeri, Bangalore",,,Colleges; BCA Colleges,true,true,false,false,true,Interior Designers,Popular Interior Designing Institutes,Mandya,2025-06-02T16:23:59.391Z
Iifa Lancaster Degree College,+,4.1,125 Ratings,"Nagadevanahalli-Gnanabharathi, Bangalore",,08490833141,,true,true,false,false,true,Interior Designers,Popular Interior Designing Institutes,Mandya,2025-06-02T16:23:59.391Z
K S School Of Architecture,+,4.3,76 Ratings,"Mallasandra Kanakapura Road, Bangalore",,,Interior Designing Institutes; Architectural Institutes,false,true,false,false,true,Interior Designers,Popular Interior Designing Institutes,Mandya,2025-06-02T16:23:59.391Z
VIN SCENT Epic Academy,+,4.9,7 Ratings,"Road BEML Rajarajeshwari Nagar, Bangalore",,,Fashion Designing Training Institutes; Computer Training Institutes,true,true,false,false,true,Interior Designers,Popular Interior Designing Institutes,Mandya,2025-06-02T16:23:59.391Z
Cadd Focus,+,4.8,154 Ratings,"Nehru Road Rajarajeshwari Nagar, Bangalore",,08045784707,Adobe Photoshop Training Institutes; Computer Training Institutes,true,true,false,true,true,Interior Designers,Popular Interior Designing Institutes,Mandya,2025-06-02T16:23:59.391Z
Join Brick Design Academy,+,4.9,55 Ratings,"Banashankari Subramanyapura, Bangalore",,,Schools; Interior Designing Institutes,true,true,false,false,true,Interior Designers,Popular Interior Designing Institutes,Mandya,2025-06-02T16:23:59.391Z
Maya's School Of Designs,+,4.8,53 Ratings,"Jnana Jyothi Nagar-Jnana Bharathi, Bangalore",,08792929348,Fashion Designing Institutes; Interior Designing Institutes,true,true,false,false,true,Interior Designers,Popular Interior Designing Institutes,Mandya,2025-06-02T16:23:59.391Z
Dream Zone,D,3.5,4 Ratings,"Raghuvanahalli Kanakapura Road, Bangalore",,,Computer Training Institutes; Institutes,true,true,false,false,false,Interior Designers,Popular Interior Designing Institutes,Mandya,2025-06-02T16:23:59.391Z
Aakara Consultant,A,4.9,10 Ratings,"Jp Nagar 1st Stage Jp Nagar, Bangalore",,,Interior Designing Institutes; Interior Designers,true,true,false,false,true,Interior Designers,Popular Interior Designing Institutes,Mandya,2025-06-02T16:23:59.391Z
Dream Zone,+,4.7,413 Ratings,"Vinayaka Layout Nagarbhavi, Bangalore",,,Fashion Designing Institutes For Women; Fashion Designing Institutes,true,true,false,true,true,Interior Designers,Popular Interior Designing Institutes,Mandya,2025-06-02T16:23:59.391Z
TagSkills,+,4.8,202 Ratings,"3rd Stage Hosakerehalli, Bangalore",,,SAP Fico Training Institutes; Computer Training Institutes,true,true,false,false,true,Interior Designers,Popular Interior Designing Institutes,Mandya,2025-06-02T16:23:59.391Z
CADD Centre Training Services,+,4.8,177 Ratings,"2nd Stage Nagarbhavi, Bangalore",,,Computer Training Institutes; Institutes,true,true,false,false,true,Interior Designers,Popular Interior Designing Institutes,Mandya,2025-06-02T16:23:59.391Z
NIIT Ltd,+,3.5,39 Ratings,"Main Road Kanakapura Road, Bangalore",,,Interior designing institutes,false,true,false,false,false,Interior Designers,Popular Interior Designing Institutes,Mandya,2025-06-02T16:23:59.392Z
Gupta College,+,4.4,816 Ratings,"Feet Ring Banashankari 3rd Stage, Bangalore",,09980021986,Junior Colleges; Colleges,true,true,false,false,true,Interior Designers,Popular Interior Designing Institutes,Mandya,2025-06-02T16:23:59.392Z
Dream Zone,+,4.6,276 Ratings,"Feet Ring Banashankari 3rd Stage, Bangalore",,,Computer Training Institutes; Institutes,true,true,false,true,true,Interior Designers,Popular Interior Designing Institutes,Mandya,2025-06-02T16:23:59.392Z
Theinterior Design Institute,+,4.9,91 Ratings,"80 Feet Road Nagarbhavi, Bangalore",,,Institutes; Fashion Designing Institutes,true,true,false,false,true,Interior Designers,Popular Interior Designing Institutes,Mandya,2025-06-02T16:23:59.392Z
Bharadwaj School Of Interior Design,+,5.0,11 Ratings,"3 Rd Stage Kathriguppe, Bangalore",,,Computer Training Institutes For AUTOCAD Architecture; Computer Training Institutes,true,true,false,false,true,Interior Designers,Popular Interior Designing Institutes,Mandya,2025-06-02T16:23:59.392Z
Loyola Industrial Training Institute,+,4.3,99 Ratings,"Bannerghatta Road, Bangalore",,,Institutes For Industrial Electronics; Institutes,true,true,false,false,true,Interior Designers,Popular Interior Designing Institutes,Mandya,2025-06-02T16:23:59.392Z
Mangaldeep Enterprises,<,4.8,6 Ratings,"Floor Old MC Road Mandya, Mandya",,08460407214,Electric Chimney Dealers-Kaff; Refrigerator Repair & Services,true,true,false,true,true,Interior Designers,Popular Interior Designers,Mandya,2025-06-02T16:25:16.201Z
Design Garage,<,5.0,23 Ratings,"Old MC ROAD Maddur Mandya, Mandya",,,Interior Designers; Architects,true,true,false,true,true,Interior Designers,Popular Interior Designers,Mandya,2025-06-02T16:25:16.201Z
Kuberan Home Interior,<,5.0,3 Ratings,"Police Station Road Pandavapura, Mandya",,08123055709,Interior Designers; Pop Contractors,true,true,false,false,true,Interior Designers,Popular Interior Designers,Mandya,2025-06-02T16:25:16.201Z
Baron Chambers,<,5.0,2 Ratings,"Nagar IV Mandya Subashnagar, Mandya",,08460220369,Quick Visit,true,true,false,false,true,Interior Designers,Popular Interior Designers,Mandya,2025-06-02T16:25:16.202Z
Gari Constructions,<,4.7,3 Ratings,"Road Chamundeshwari Nagar Mandya, Mandya",,07383031497,Civil Contractors; Tile Contractors,true,true,false,true,true,Interior Designers,Popular Interior Designers,Mandya,2025-06-02T16:25:16.202Z
Svg Construction,<,3.5,2 Ratings,"VV Road Malavalli, Mandya",,08460196304,Textured Wall Painting,true,true,false,false,false,Interior Designers,Popular Interior Designers,Mandya,2025-06-02T16:25:16.203Z
Srinivasa Constructions,<,5.0,25 Ratings,"Chamundeshwari Nagar Mandya, Mandya",,08123677115,Building,true,true,false,false,true,Interior Designers,Popular Interior Designers,Mandya,2025-06-02T16:25:16.203Z
DC CONSTRUCTIONS & GROUPS,<,4.9,14 Ratings,"Mandya Main RoaD Km Doddi, Mandya",,08488913997,Residential; Building,true,true,false,false,true,Interior Designers,Popular Interior Designers,Mandya,2025-06-02T16:25:16.204Z
Charvika Steel,<,4.9,7 Ratings,"C B M Road Mandya, Mandya",,09054274353,Interior Designers; Aluminium Fabricators,true,true,false,true,true,Interior Designers,Popular Interior Designers,Mandya,2025-06-02T16:25:16.204Z
Ecohouse,<,4.9,17 Ratings,"Circle Gandhi Nagar Mandya, Mandya",,08050196362,Upvc Door; Plywood Door Dealers,true,true,false,true,true,Interior Designers,Popular Interior Designers,Mandya,2025-06-02T16:25:16.204Z
My Home,+,4.4,9 Ratings,"Old Mc Road Maddur, Mandya",,,Interior Designers For Beauty Parlour; Interior Designers,true,true,false,false,true,Interior Designers,Popular Interior Designers,Mandya,2025-06-02T16:25:16.205Z
Dhanya Swaroopa Interiors Works,+,4.0,3 Ratings,"Kaveri Nagara Hosahalli Extn, Mandya",,07411949723,Carpenters; Interior Designers,true,true,false,true,false,Interior Designers,Popular Interior Designers,Mandya,2025-06-02T16:25:16.205Z
Prime Designs,+,4.3,3 Ratings,"Temple Road Maddur Mandya, Mandya",,07411667810,Building,true,true,false,false,false,Interior Designers,Popular Interior Designers,Mandya,2025-06-02T16:25:16.205Z
Silver Stone Construction,S,4.6,5 Ratings,"Anitha Convent Road Malavalli, Mandya",,08460451577,Civil Contractors; Interior Designers,true,true,false,false,true,Interior Designers,Popular Interior Designers,Mandya,2025-06-02T16:25:16.205Z
Arun Construction,+,5.0,7 Ratings,"Arunkumar Malavalli, Mandya",,08147903724,,true,true,false,false,false,Interior Designers,Popular Interior Designers,Mandya,2025-06-02T16:25:16.205Z
Kanva Construction,K,4.3,3 Ratings,"Road Mandya Ashok Nagar Mandya, Mandya",,09054052245,Building,true,true,false,true,true,Interior Designers,Popular Interior Designers,Mandya,2025-06-02T16:25:16.206Z
Shree Arkeshwara Civil Consultants,+,4.8,12 Ratings,"Old Bus Stand Maddur Mandya, Mandya",,08460206162,Building,true,true,false,false,false,Interior Designers,Popular Interior Designers,Mandya,2025-06-02T16:25:16.206Z
Sri Shankar Vijaya Sawmill and Wood Industries,+,4.1,18 Ratings,"Holalu Circle Old Mc Road Mandya, Mandya",,09054657009,,true,true,false,true,true,Interior Designers,Popular Interior Designers,Mandya,2025-06-02T16:25:16.206Z
Beyond Interiors,+,4.0,126 Ratings,"Th Block Road Basaveshwar Nagar, Bangalore",,08147982721,Venetian Blind Dealers; Interior Designers,true,true,false,true,true,Interior Designers,Popular Interior Designers,Mandya,2025-06-02T16:25:16.206Z
Goodline Interior,+,5.0,1 Ratings,"Main Road Ullal Upkar Layout, Bangalore",,08735891921,Modular Kitchen Dealers; Interior Designers,true,true,false,false,false,Interior Designers,Popular Interior Designers,Mandya,2025-06-02T16:25:16.206Z
Advaith Design Studio,A,3.5,2 Ratings,"Main 2nd Cross Ramakrishnanagar, Mysore",,09724677932,Building,true,true,false,false,false,Interior Designers,Popular Interior Designers,Mandya,2025-06-02T16:25:16.206Z
Ideal Plywood and Hardware,+,4.8,21 Ratings,"80 Feet Road Hassan City Market, Hassan",,08511488193,Plywood Door Dealers; Wooden Door,true,true,false,false,true,Interior Designers,Popular Interior Designers,Mandya,2025-06-02T16:25:16.206Z
Royal Silvia Constructions And Interiors Pvt Ltd,R,5.0,12 Ratings,"Salagame Road Rangoli Halla, Hassan",,07411563299,Residential; Apartment,true,true,false,false,true,Interior Designers,Popular Interior Designers,Mandya,2025-06-02T16:25:16.206Z
Logic Builders,+,5.0,13 Ratings,"Mahadeshwara Badavane Layout, Mysore",,09980764075,Residential; Building,true,true,false,true,true,Interior Designers,Popular Interior Designers,Mandya,2025-06-02T16:25:16.207Z
DELTA ARCHITECTS,+,4.8,77 Ratings,"80 Feet Hunsinkere Main Road, Hassan",,08460214152,Industrial; Residential,true,true,false,true,true,Interior Designers,Popular Interior Designers,Mandya,2025-06-02T16:25:16.207Z
HN Groups HN Homes Interiors Artful,+,4.6,30 Ratings,"Banglore Rural Thanniruhalla, Hassan",,09035031473,Upvc Door; 3D Painting,true,true,false,false,true,Interior Designers,Popular Interior Designers,Mandya,2025-06-02T16:25:16.207Z
Sri Kanteshwara Interior Design Studio,+,3.5,2 Ratings,"Hassan City Market, Hassan",,09980240465,Interior Designers; Upvc Window Dealers,true,true,false,false,false,Interior Designers,Popular Interior Designers,Mandya,2025-06-02T16:25:16.207Z
K Concepts,+,3.7,3 Ratings,"City Market Hassan City Market, Hassan",,09725531062,,true,false,false,false,false,Interior Designers,Popular Interior Designers,Mandya,2025-06-02T16:25:16.207Z
Kcreative Dizayn,K,4.1,5 Ratings,"22nd Cross Hsr Layout Sector 3, Bangalore",,,Interior Designers For Bungalow; Interior Designers,true,true,false,false,true,Interior Designers,Popular Interior Designers,Mandya,2025-06-02T16:25:16.207Z
AIE Buildtec Ind,+,4.5,14 Ratings,"Ganesh Temple Road Kundalahalli, Bangalore",,,Acoustic Insulation; Interior Designers,true,true,false,true,true,Interior Designers,Popular Interior Designers,Mandya,2025-06-02T16:25:16.207Z
Krishna Hardware Plywood & Elecrticals,+,4.3,46 Ratings,"F M C Road Virajpet Madikeri, Coorg",,,Bathroom Door Dealers; Plywood Door Dealers,true,true,false,false,true,Interior Designers,Popular Interior Designers,Mandya,2025-06-02T16:25:16.207Z
Creative Home Galleria,+,4.4,35 Ratings,"KD Circle Vijaynagar 2nd Stage, Mysore",,,Interior Decorators; Interior Designers,true,true,false,true,true,Interior Designers,Popular Interior Designers,Mandya,2025-06-02T16:25:16.208Z
Design Ethics,+,4.9,159 Ratings,"BM Road Kushalnagar, Coorg",,,Industrial; Building; Online Appointments,true,true,false,true,true,Interior Designers,Popular Interior Designers,Mandya,2025-06-02T16:25:16.208Z
Audion Acoustic Solutions,+,4.7,92 Ratings,"NAD Road Thevakkal, Ernakulam",,09980763892,Acoustic Consultants; Interior Designers,true,true,false,false,true,Interior Designers,Popular Interior Designers,Mandya,2025-06-02T16:25:16.208Z
Sesi Great Survey Private Limited,+,4.7,61 Ratings,"NANNAI MAIN ROAD Veppur, Perambalur",,07942778249,Kids Room; GST Return; GST Registration,true,true,false,true,true,Interior Designers,Popular Interior Designers,Mandya,2025-06-02T16:25:16.208Z
Bestwood Pvc Foam Board,+,4.9,56 Ratings,"Velakkode Post Mundur, Thrissur",,,PVC Foam Board Exporters; Interior Designers,true,true,false,true,true,Interior Designers,Popular Interior Designers,Mandya,2025-06-02T16:25:16.208Z
Brick& Stone Architects& Interiors,+,4.8,29 Ratings,"Kk Junction Ponnani Ponnani, Malappuram",,09054648562,Building; Industrial,true,true,false,false,true,Interior Designers,Popular Interior Designers,Mandya,2025-06-02T16:25:16.208Z
Royal Wood Designz,+,4.8,9 Ratings,"Harur Main Road Valasaiyur, Salem",,08460485960,Upvc Door; Bathroom Door Dealers,true,true,false,false,true,Interior Designers,Popular Interior Designers,Mandya,2025-06-02T16:25:16.208Z
Take Shape Interiors & Design Studio,+,4.5,28 Ratings,"Amman Nagar Sivathapuram, Salem",,07383601908,False Ceiling Contractors; Interior Designers,true,true,false,false,true,Interior Designers,Popular Interior Designers,Mandya,2025-06-02T16:25:16.208Z
V B Viraaaj Builders And Developers,+,4.3,164 Ratings,"R F Road R F Road, Anantapur",,,Builders; Construction Companies,true,true,false,true,true,Interior Designers,Popular Interior Designers,Mandya,2025-06-02T16:25:16.209Z
Acha Homes Pvt Ltd,+,4.4,73 Ratings,"Periya Road Junction Pallikere, Kasaragod",,,Architects; Interior Designers,true,true,false,false,true,Interior Designers,Popular Interior Designers,Mandya,2025-06-02T16:25:16.209Z
Shree ShivaNandi Constructions & Interiors,+,5.0,8 Ratings,"Bhadavane Davalagiri Badavane, Chitradurga",,07043941132,Building,true,true,false,false,true,Interior Designers,Popular Interior Designers,Mandya,2025-06-02T16:25:16.209Z
Padmashali Aluminium Fabricators,+,4.7,10 Ratings,"Sagri Kunjibettu, Udupi",,,Door Fabricators; Interior Designers,true,true,false,true,true,Interior Designers,Popular Interior Designers,Mandya,2025-06-02T16:25:16.209Z
Krupa Builders & Infra Develpers PVT LTD,+,4.7,109 Ratings,"Nagar Sharavathi Nagar, Shimoga",,,Industrial; Residential,true,true,false,false,true,Interior Designers,Popular Interior Designers,Mandya,2025-06-02T16:25:16.209Z
Angel & Ana's Aluminium,+,4.6,12 Ratings,"Industrial Area Baikampady, Mangalore",,,Interior Designers For Apartment; Interior Designers,true,true,false,false,true,Interior Designers,Popular Interior Designers,Mandya,2025-06-02T16:25:16.209Z
Shivapur Constructions,+,4.4,34 Ratings,"Vidyanagar P B Road Haveri, Haveri",,,Residential,true,true,false,false,true,Interior Designers,Popular Interior Designers,Mandya,2025-06-02T16:25:16.209Z
Planning Point ( Mangalore ),+,4.7,30 Ratings,"Gurunagara Konchady, Mangalore",,,Industrial; Building,true,true,false,true,true,Interior Designers,Popular Interior Designers,Mandya,2025-06-02T16:25:16.209Z
Swarna Interiors,+,5.0,23 Ratings,"Cotton Market New Cotton Market, Hubli",,08511398922,Interior Designers; Interior Decorators,true,true,false,false,true,Interior Designers,Popular Interior Designers,Mandya,2025-06-02T16:25:16.209Z
Maharajah Construction,+,4.7,3 Ratings,"Road Krishnapuram Palayankottai, Tirunelveli",,08971708637,,true,true,false,false,true,Interior Designers,Popular Interior Designers,Mandya,2025-06-02T16:25:16.210Z
Big Faction Consultancy,<,4.1,737 Ratings,"Palya Main Road Ramamurthy Nagar, Bangalore",,09606237920,,true,false,false,false,true,Internet Website Designers,,Mandya,2025-06-02T16:26:36.511Z
Amitiel Consultants,<,3.5,2 Ratings,"M G Road, Bangalore",,08904238026,Internet Website Designers,true,false,false,false,true,Internet Website Designers,,Mandya,2025-06-02T16:26:36.511Z
Arkesh Technology Private Limited,<,4.5,89 Ratings,"Post Office Road Yelachenahalli, Bangalore",,06366932245,,true,false,false,true,true,Internet Website Designers,,Mandya,2025-06-02T16:26:36.511Z
Bloom It Solutions,<,4.0,157 Ratings,"Industrial Area Koramangala, Bangalore",,08460225801,Digital Marketing Services; Internet Website Designers,true,false,false,false,true,Internet Website Designers,,Mandya,2025-06-02T16:26:36.511Z
Quaantisc,<,4.9,35 Ratings,"HSR Layout, Bangalore",,09980809357,Internet Website Developers; Mobile Application Developers,true,false,false,false,true,Internet Website Designers,,Mandya,2025-06-02T16:26:36.511Z
Maani Web,<,5.0,7 Ratings,"TPV Layout Ganganagar, Bangalore",,08460213743,,true,false,false,false,true,Internet Website Designers,,Mandya,2025-06-02T16:26:36.512Z
Rosp Website Platform,<,4.9,14 Ratings,"R.K.M LAYOUT Krishnarajapuram, Bangalore",,09035405690,Logo Designers; Mobile Application Developers,true,false,false,false,true,Internet Website Designers,,Mandya,2025-06-02T16:26:36.512Z
Inovsion,<,4.8,27 Ratings,"Novel Office Central Halasuru, Bangalore",,08460391363,Ios Mobile Application Developers; Mobile Application Developers,true,false,false,true,true,Internet Website Designers,,Mandya,2025-06-02T16:26:36.512Z
Shout Out Llc,<,4.3,8 Ratings,"Bharathi Nagar Mettupalayam, Coimbatore",,08460394424,Digital Marketing Services; Advertising Agencies,true,false,false,false,false,Internet Website Designers,,Mandya,2025-06-02T16:26:36.512Z
Vibhava Creations,<,4.5,345 Ratings,"Cross Rajajinagar Srirampuram, Bangalore",,09035152635,Videography,true,false,false,false,true,Internet Website Designers,,Mandya,2025-06-02T16:26:36.512Z
Sree Mookambika Project and Financial Consultants Pvt Ltd,+,,,"7th Main Jayalakshmipuram, Mysore",,08511950280,Licence; GST Return; TDS Return,true,false,false,false,false,Internet Website Designers,,Mandya,2025-06-02T16:26:36.513Z
Technoviva,T,3.8,9 Ratings,"17th Main Vijayanagar, Bangalore",,09980904480,Internet Website Designers; UPS Battery Dealers,true,false,false,true,false,Internet Website Designers,,Mandya,2025-06-02T16:26:36.513Z
Opalminds It Solutions Private Limited,O,4.8,9 Ratings,"Lalkudi Road No 1 Tollgate, Trichy",,07411670188,Computer Software Developers; Mobile Application Developers,true,false,false,true,true,Internet Website Designers,,Mandya,2025-06-02T16:26:36.513Z
Califorbs,+,4.5,18 Ratings,"Kozhikode Bypass Poovangal, Kozhikode",,08460391609,SEO Internet Website Designers; Internet Website Designers,true,false,false,false,true,Internet Website Designers,,Mandya,2025-06-02T16:26:36.513Z
Ecdigi Technologies,E,4.8,37 Ratings,"Nagar 2nd Cross Kavundampalayam, Coimbatore",,09725472199,E Commerce Service Providers; Digital Marketing Services,true,false,false,false,true,Internet Website Designers,,Mandya,2025-06-02T16:26:36.513Z
Race Software Solutions,R,5.0,5 Ratings,"MLA Road Palluruthy, Ernakulam",,07048267552,Mobile Application Developers; Internet Website Designers,true,false,false,false,true,Internet Website Designers,,Mandya,2025-06-02T16:26:36.513Z
First Logic Meta Lab Pvt Ltd,F,4.1,58 Ratings,"Bypass Road Perintalmanna, Malappuram",,08460521673,Software Companies; Computer Software Developers,true,false,false,true,true,Internet Website Designers,,Mandya,2025-06-02T16:26:36.513Z
DP Venture Digital Marketing and Advertising,D,4.6,67 Ratings,"Hill to Kottara Road Chillimbi, Mangalore",,08128144936,Email Marketing Services; Advertising Agencies,true,false,false,false,true,Internet Website Designers,,Mandya,2025-06-02T16:26:36.513Z
Plant 2 Tree Website Development And Digital Marketing Agency,+,4.8,40 Ratings,"Main Road Melvishram Vellore, Vellore",,08460497351,Internet Website Designers; Advertising Agencies,true,false,false,false,true,Internet Website Designers,,Mandya,2025-06-02T16:26:36.513Z
Soft Venture,+,4.4,18 Ratings,"P.B Road Haveri Bazar, Haveri",,08460456235,Mobile Application Developers; Online Shopping Websites,true,false,false,false,true,Internet Website Designers,,Mandya,2025-06-02T16:26:36.514Z
Retail Tech Solution,+,4.8,14 Ratings,"Hadadi Road Taralabalu Extension, Davangere",,,Internet Website Designers For Property; Thermal Printer Dealers,true,false,false,true,true,Internet Website Designers,,Mandya,2025-06-02T16:26:36.514Z
The Creative Trading Co,T,5.0,3 Ratings,"Velachery Road Guindy, Chennai",,08460228549,Advertising Agencies; Internet Website Designers,true,false,false,false,true,Internet Website Designers,,Mandya,2025-06-02T16:26:36.514Z
Zupain Tech Private Limited,+,5.0,1 Ratings,"Bharathidasan Colony K K Nagar, Chennai",,08460556344,Internet Website Developers; Online Websites,true,false,false,false,false,Internet Website Designers,,Mandya,2025-06-02T16:26:36.514Z
Studio Radicals,S,3.8,6 Ratings,"2nd Street Old Washermanpet, Chennai",,08123840684,,true,false,false,false,false,Internet Website Designers,,Mandya,2025-06-02T16:26:36.514Z
HYFE TECHNOLOGIES,+,4.9,25 Ratings,"Pantheon Road Egmore, Chennai",,08460244486,Digital Marketing Services; Internet Website Designers,true,false,false,true,true,Internet Website Designers,,Mandya,2025-06-02T16:26:36.514Z
Vilora Technologies,+,4.6,58 Ratings,"Nagar Ellaipillaichavady, Pondicherry",,08490998730,Software Companies; Internet Website Designers,true,false,false,false,true,Internet Website Designers,,Mandya,2025-06-02T16:26:36.514Z
Gatescloud Technologies,G,3.5,2 Ratings,"3rd Street Koodal Nagar, Madurai",,08511713096,Computer Software Developers; Mobile Application Developers,true,false,false,false,false,Internet Website Designers,,Mandya,2025-06-02T16:26:36.514Z
Magizh Nexgen Technologies,+,4.6,25 Ratings,"Muneeshwaran Nagar Iyer Bungalow, Madurai",,08511482436,Registration-Software Development,true,false,false,false,true,Internet Website Designers,,Mandya,2025-06-02T16:26:36.514Z
Digicherry,+,4.8,54 Ratings,"Main Road Lawspet Pondicherry, Pondicherry",,07041473906,Digital Marketing Services; Software Companies,true,false,false,true,true,Internet Website Designers,,Mandya,2025-06-02T16:26:36.515Z
I5digitech Solutions,+,4.2,7 Ratings,"30th Street Santhinagar, Tirunelveli",,,Internet Website Designers For Property; Digital Marketing Services,true,false,false,true,true,Internet Website Designers,,Mandya,2025-06-02T16:26:36.515Z
Inspire Marketing,I,3.9,34 Ratings,"Ward No 7 Ilkal, Bagalkot",,,E Commerce Service Providers; Online Shopping Websites,true,false,false,false,false,Internet Website Designers,,Mandya,2025-06-02T16:26:36.515Z
Robolabs R&D Pvt Ltd,+,4.6,13 Ratings,"Megha Hills Madhapur, Hyderabad",,09725801812,Internet Website Designers; Mobile Application Developers,true,false,false,false,true,Internet Website Designers,,Mandya,2025-06-02T16:26:36.515Z
Around Manikonda,A,5.0,4 Ratings,"Flat No 301 Puppalaguda, Hyderabad",,07411593120,Internet Website Designers; Internet Website Developers,true,false,false,false,true,Internet Website Designers,,Mandya,2025-06-02T16:26:36.515Z
Digital Media Ads,+,4.7,51 Ratings,"JNTU Rd Kukatpally, Hyderabad",,08460413570,Digital Marketing Services; Internet Website Designers,true,false,false,false,true,Internet Website Designers,,Mandya,2025-06-02T16:26:36.515Z
Nowit Services Ltd,N,5.0,32 Ratings,"Uma Shankar Nagar Kanuru, Vijayawada",,07405364530,ATM; CCTV Surveillance,true,false,false,false,true,Internet Website Designers,,Mandya,2025-06-02T16:26:36.515Z
KloudBricks Software Solutions Pvt Ltd,+,5.0,"1,608 Ratings","Nagamani Street Currency Nagar, Vijayawada",,08460259984,Mobile Application Developers; Advertising Agencies,true,false,false,false,true,Internet Website Designers,,Mandya,2025-06-02T16:26:36.516Z
Ppf Web Developer,+,4.5,13 Ratings,"Adarsh Nagar Nagole, Hyderabad",,08511642685,Quick Visit,true,false,false,true,true,Internet Website Designers,,Mandya,2025-06-02T16:26:36.516Z
Just SMS,+,4.5,70 Ratings,"Srinagar Colony Banjara Hills, Hyderabad",,07383025332,Bulk SMS Services; Digital Marketing Services,true,false,false,true,true,Internet Website Designers,,Mandya,2025-06-02T16:26:36.516Z
Mak Online Solutions Pvt Ltd,+,4.2,46 Ratings,"Vijapur Road Jule Solapur, Solapur",,,Offers Training Program,true,false,false,true,true,Internet Website Designers,,Mandya,2025-06-02T16:26:36.516Z
Vaishnavi Designs,+,5.0,1 Ratings,"Santhapeta, Ongole",,08460232833,Digital Marketing Services; Advertising Agencies,true,false,false,false,true,Internet Website Designers,,Mandya,2025-06-02T16:26:36.516Z
Shiv Traders Instruments Private Limited,+,4.1,206 Ratings,"Madhav Nagar Road Vishrambag, Sangli",,,Computer Software Developers; Hardware Shops,true,false,false,true,true,Internet Website Designers,,Mandya,2025-06-02T16:26:36.516Z
Real Soft Systems,+,5.0,29 Ratings,"Off Paud Phata Road Erandwane, Pune",,08511774802,Internet Website Developers; Computer Graphic Designers,true,false,false,false,true,Internet Website Designers,,Mandya,2025-06-02T16:26:36.516Z
Devourin,+,4.9,144 Ratings,"Th Floor Sky One Nagar Road, Pune",,,Restaurant Billing Software Dealers; Computer Software Developers,true,false,false,true,true,Internet Website Designers,,Mandya,2025-06-02T16:26:36.517Z
Mohit Enterprises,M,4.5,5 Ratings,"Kamgar Vikas Society Warje, Pune",,09980548083,,true,false,false,false,true,Internet Website Designers,,Mandya,2025-06-02T16:26:36.517Z
Eterna Tech Solutions,E,4.5,2 Ratings,"Old Mundhwa Road Vadgaon Sheri, Pune",,07043136651,Digital Marketing Services; Internet Website Developers,true,false,false,false,false,Internet Website Designers,,Mandya,2025-06-02T16:26:36.517Z
Bee18 Media Digital Services and It Solutions,B,3.5,2 Ratings,"Mundhwa, Pune",,08511887507,Software Companies; Computer Software Developers,true,false,false,false,false,Internet Website Designers,,Mandya,2025-06-02T16:26:36.517Z
Chintamani Technology Private Limited,C,5.0,2 Ratings,"Jm Road Deccan Gymkhana, Pune",,09972332171,Software Companies; Internet Website Developers,true,false,false,false,true,Internet Website Designers,,Mandya,2025-06-02T16:26:36.517Z
Tangle - Design & Technology Company,+,5.0,80 Ratings,"Rambaug Colony Road Paud Road, Pune",,09724947607,Logo Designers; Software Companies,true,false,false,false,true,Internet Website Designers,,Mandya,2025-06-02T16:26:36.517Z
Zeplinix Technologies,+,4.9,16 Ratings,"Kharadi Kharadi, Pune",,09008678069,Computer Software Developers; Digital Marketing Services,true,false,false,false,true,Internet Website Designers,,Mandya,2025-06-02T16:26:36.517Z
Sree Varalakshmi Jewellery Mart,<,4.3,41 Ratings,"Anekere Beedi Old Mc Road Mandya, Mandya",,08460518894,Silver Jewellery; Diamond Jewellery; Shop In Store,true,false,false,true,true,Jewellery Showrooms,,Mandya,2025-06-02T16:27:50.533Z
Malabar Gold & Diamonds,<,4.7,"2,879 Ratings","Road Cauvery Park Road Mandya, Mandya",,,Same Day Delivery; Shop In Store; Delivery Available,true,false,false,true,true,Jewellery Showrooms,,Mandya,2025-06-02T16:27:50.533Z
Sreenidhi Gold,<,4.7,366 Ratings,"V.v.road Ashok Nagar Mandya, Mandya",,,Pearl Jewellery; Silver Jewellery,true,false,false,false,true,Jewellery Showrooms,,Mandya,2025-06-02T16:27:50.533Z
Sri Nidhi Gold,<,4.8,244 Ratings,"Vidya Nagar Vidya Nagar, Mandya",,,Silver Jewellery; Shop In Store,true,false,false,false,true,Jewellery Showrooms,,Mandya,2025-06-02T16:27:50.534Z
Lakshmi Jewellers & Bankers,<,4.8,180 Ratings,"B.m Kikkeri, Mandya",,,Shop In Store; Same Day Delivery,false,false,false,false,true,Jewellery Showrooms,,Mandya,2025-06-02T16:27:50.534Z
Bhima & Brother,<,4.0,183 Ratings,"B.M Near Ashok Nagar Mandya, Mandya",,,Silver Jewellery; Pearl Jewellery; Shop In Store,true,false,false,false,true,Jewellery Showrooms,,Mandya,2025-06-02T16:27:50.534Z
Ranka Jewellers,<,4.8,99 Ratings,"Petebeedhi Anekere Beedi, Mandya",,,Shop In Store; Same Day Delivery; Delivery Available,true,false,false,false,true,Jewellery Showrooms,,Mandya,2025-06-02T16:27:50.535Z
Neha Fashion Jewellery,<,4.8,94 Ratings,"R P Road Subash Nagar Mandya, Mandya",,,Shop In Store; Same Day Delivery,true,false,false,false,true,Jewellery Showrooms,,Mandya,2025-06-02T16:27:50.535Z
Sree Krishna Jewellery Mart,<,4.4,92 Ratings,"Anekeere Street Anekere Beedi, Mandya",,,Silver Jewellery; Gold Jewellery; Shop In Store,true,false,false,false,true,Jewellery Showrooms,,Mandya,2025-06-02T16:27:50.536Z
Sri Sumathi Jewellers,<,4.4,90 Ratings,"Maddur Main Road Maddur Mandya, Mandya",,,Pearl Jewellery; Silver Jewellery; Same Day Delivery,true,false,false,false,true,Jewellery Showrooms,,Mandya,2025-06-02T16:27:50.536Z
Alankar Jewellers,+,3.9,59 Ratings,"Bazaar Street Bazaar Street, Mandya",,,Gold Jewellery; Pearl Jewellery; Same Day Delivery,true,false,false,false,false,Jewellery Showrooms,,Mandya,2025-06-02T16:27:50.536Z
Dhanalakshmi Jewellers,+,4.4,42 Ratings,"Malavalli, Mandya",,,Jewellery Showrooms,true,false,false,false,false,Jewellery Showrooms,,Mandya,2025-06-02T16:27:50.536Z
Sree Varalakshmi Jewellery Mart,+,4.3,41 Ratings,"Nehru Nagar Mandya, Mandya",,,Shop In Store; Same Day Delivery,true,false,false,false,false,Jewellery Showrooms,,Mandya,2025-06-02T16:27:50.537Z
Shubh Jewellers,+,4.1,41 Ratings,"Bazar Street Old MC Road Mandya, Mandya",,,Gold Jewellery; Pearl Jewellery,false,false,false,false,true,Jewellery Showrooms,,Mandya,2025-06-02T16:27:50.537Z
Mahalakshmi Jewellers,M,4.0,42 Ratings,"Kanakapura Road Halagur, Mandya",,,Pearl Jewellery; Silver Jewellery; Same Day Delivery,true,false,false,false,false,Jewellery Showrooms,,Mandya,2025-06-02T16:27:50.538Z
Hari Jewellers,H,4.1,29 Ratings,"Bazar Street Malavalli, Mandya",,,Silver Jewellery; Same Day Delivery; Shop In Store,true,false,false,false,false,Jewellery Showrooms,,Mandya,2025-06-02T16:27:50.538Z
Kamala Jewellers,+,4.6,24 Ratings,"Kote Beedi Maddur Mandya, Mandya",,,Silver Jewellery; Shop In Store; Same Day Delivery,true,false,false,false,true,Jewellery Showrooms,,Mandya,2025-06-02T16:27:50.538Z
Chemmanur Jewellers,+,4.1,15 Ratings,"Floor M C Road Mandya, Mandya",,,Platinum Jewellery; Silver Jewellery,true,false,false,false,true,Jewellery Showrooms,,Mandya,2025-06-02T16:27:50.539Z
Rajkamala Jewellery Works,R,4.8,12 Ratings,"Mandhya Road Mellahalli, Mandya",,,Jewellery Showrooms; Gold Jewellery Showrooms,true,false,false,false,false,Jewellery Showrooms,,Mandya,2025-06-02T16:27:50.539Z
Rangoli Jewellers,+,4.7,12 Ratings,"Road Old MC Road Mandya, Mandya",,,Silver Jewellery,true,false,false,false,true,Jewellery Showrooms,,Mandya,2025-06-02T16:27:50.539Z
Mangalore Jewellery Works Shop,M,3.5,16 Ratings,"Old Post Office Road Nagamangala, Mandya",,,Jewellery Showrooms; Pendant Dealers,false,false,false,false,false,Jewellery Showrooms,,Mandya,2025-06-02T16:27:50.539Z
Ranka Jewellery,+,4.3,13 Ratings,"Maddur Mandya, Mandya",,,Shop In Store; Same Day Delivery; Delivery Available,true,false,false,false,false,Jewellery Showrooms,,Mandya,2025-06-02T16:27:50.539Z
Nakshatra,+,4.3,12 Ratings,"Anekere Road Anekere Beedi, Mandya",,,Silver Jewellery; Gold Jewellery,true,false,false,false,true,Jewellery Showrooms,,Mandya,2025-06-02T16:27:50.540Z
Thontadarya Jewellers and Bankers,+,4.6,11 Ratings,"Halagur, Mandya",,,Shop In Store; Same Day Delivery; Delivery Available,true,false,false,false,false,Jewellery Showrooms,,Mandya,2025-06-02T16:27:50.540Z
Tara Jewellers,T,4.1,12 Ratings,"Bazar Street Malavalli, Mandya",,,Same Day Delivery; Shop In Store,false,false,false,false,false,Jewellery Showrooms,,Mandya,2025-06-02T16:27:50.540Z
Ramdev Bankers & Jewellers,R,3.2,15 Ratings,"Nh 33 Kestur, Mandya",,,Jewellery Showrooms; Pendant Dealers,true,false,false,false,false,Jewellery Showrooms,,Mandya,2025-06-02T16:27:50.540Z
Ramdev Bankers & Jewellers,R,3.2,15 Ratings,"Machahalli Kesthur, Mandya",,,Jewellery Showrooms; Pendant Dealers,true,false,false,false,false,Jewellery Showrooms,,Mandya,2025-06-02T16:27:50.540Z
Madan Jewellers,M,4.0,11 Ratings,"Pete Beedhi Malavalli, Mandya",,,Shop In Store,true,false,false,false,false,Jewellery Showrooms,,Mandya,2025-06-02T16:27:50.541Z
Nakoda Bheru Jewellers,N,4.4,9 Ratings,"Old Mc Road Anekere Beedi, Mandya",,,Jewellery Showrooms,true,false,false,false,false,Jewellery Showrooms,,Mandya,2025-06-02T16:27:50.541Z
Hari Jewellers,H,4.3,9 Ratings,"N M Road Pandavapura, Mandya",,,Gold Jewellery; Silver Jewellery; Shop In Store,true,false,false,true,false,Jewellery Showrooms,,Mandya,2025-06-02T16:27:50.541Z
Mangaluru Jewelry Works,M,4.3,8 Ratings,"Post Office Road Srirangapatna, Srirangapatna",,,Jewellery Showrooms; Jewellery Designers,true,false,false,false,false,Jewellery Showrooms,,Mandya,2025-06-02T16:27:50.541Z
Lalith Jewellers & Textiles,+,3.7,8 Ratings,"Circle Pandvapura Tq Melukote, Mandya",,,Shop In Store; Same Day Delivery,true,false,false,false,false,Jewellery Showrooms,,Mandya,2025-06-02T16:27:50.541Z
Malabar Gold And Daimond,M,4.8,6 Ratings,"B Cauvery Park Road Mandya, Mandya",,,Diamond Jewellery Showrooms; Jewellery Showrooms,true,false,false,false,true,Jewellery Showrooms,,Mandya,2025-06-02T16:27:50.541Z
Balaji Jewellers,B,4.6,6 Ratings,"Old Post Office Road Nagamangala, Mandya",,,Jewellery Showrooms; Pendant Dealers,true,false,false,false,false,Jewellery Showrooms,,Mandya,2025-06-02T16:27:50.542Z
Munna Jewellers,M,4.6,6 Ratings,"Mo Road Pandavapura, Mandya",,,Shop In Store,true,false,false,true,false,Jewellery Showrooms,,Mandya,2025-06-02T16:27:50.542Z
Prakash Jewellers,P,3.8,6 Ratings,"Bellur, Mandya",,,Jewellery Showrooms,true,false,false,false,false,Jewellery Showrooms,,Mandya,2025-06-02T16:27:50.542Z
Srinidhi Jewellers,S,3.8,6 Ratings,"Mysore Road Nagamangala, Mandya",,,Silver Jewellery,true,false,false,false,false,Jewellery Showrooms,,Mandya,2025-06-02T16:27:50.542Z
Sri Ramdev Jewellers,S,4.2,5 Ratings,"Maddur Main Road Maddur Mandya, Mandya",,,Jewellery Showrooms; Pendant Dealers,true,false,false,false,false,Jewellery Showrooms,,Mandya,2025-06-02T16:27:50.542Z
Shivshakthi Jewellers,S,4.8,4 Ratings,"Ther Beedhi Road Nagamangala, Mandya",,,Shop In Store,true,false,false,false,false,Jewellery Showrooms,,Mandya,2025-06-02T16:27:50.542Z
Nandi Jewellers,N,4.5,4 Ratings,"Nagamangala, Mandya",,,Jewellery Showrooms; 1 Gram Gold Jewellery Dealers,true,false,false,false,true,Jewellery Showrooms,,Mandya,2025-06-02T16:27:50.542Z
Rajlaxmi Bankers And Jewellers,R,4.5,4 Ratings,"Petebeedhi Anekere Beedi, Mandya",,,Jewellery Showrooms; 1 Gram Gold Jewellery Dealers,false,false,false,false,false,Jewellery Showrooms,,Mandya,2025-06-02T16:27:50.542Z
Rajlaxmi Bankers & Jewellers,R,4.5,4 Ratings,"Mahaveer Road Bellur Mandya, Mandya",,,Silver Jewellery,true,false,false,false,false,Jewellery Showrooms,,Mandya,2025-06-02T16:27:50.542Z
Vijay Laxmi Jewellers,V,4.5,4 Ratings,"Anekere Beedi, Mandya",,,Jewellery Showrooms,true,false,false,false,false,Jewellery Showrooms,,Mandya,2025-06-02T16:27:50.542Z
Shri Raviraj Jewellers,S,4.5,4 Ratings,"Karnataka Kadaba Amanikere, Tumkur",,,Shop In Store,true,false,false,false,true,Jewellery Showrooms,,Mandya,2025-06-02T16:27:50.542Z
Jayachandra Jewellers,J,4.4,4 Ratings,"Ashok Nagar Mandya, Mandya",,,Silver Jewellery; Pearl Jewellery,true,false,false,true,false,Jewellery Showrooms,,Mandya,2025-06-02T16:27:50.543Z
Aishwarya Jewellers,+,4.3,4 Ratings,"Anekere Beedi, Mandya",,,Jewellery Showrooms; Goldsmiths,true,false,false,false,false,Jewellery Showrooms,,Mandya,2025-06-02T16:27:50.543Z
Chemmanoor Jewellery,C,4.2,4 Ratings,"Mandya Ashok Nagar, Mandya",,,Jewellery Showrooms,true,false,false,false,false,Jewellery Showrooms,,Mandya,2025-06-02T16:27:50.543Z
Rajshree Jewellers,R,4.1,4 Ratings,"Petebeedhi Anekere Beedi, Mandya",,,Jewellery Showrooms; Pendant Dealers,true,false,false,false,false,Jewellery Showrooms,,Mandya,2025-06-02T16:27:50.543Z
Sri Vasavi Jewellers,+,4.0,4 Ratings,"Anekere Road ANEKERE BEEDI, Mandya",,,Silver Jewellery,true,false,false,false,false,Jewellery Showrooms,,Mandya,2025-06-02T16:27:50.543Z
R Jagannatha,<,,,"1st Cross Subash Nagar Mandya, Mandya",,09724362386,Lawyers For Accident Claims; Lawyers,true,true,false,false,false,Lawyers,,Mandya,2025-06-02T16:28:51.207Z
A T Jayakumar,<,,,"Gandhi Nagar Mandya, Mandya",,08460205365,Lawyers; Civil Lawyers,true,true,false,false,false,Lawyers,,Mandya,2025-06-02T16:28:51.208Z
Adv. Jayakumar A T,<,,,"Thippaiah Street Srirangapatna, Srirangapatna",,07041949558,Lawyers For Accident Claims; Lawyers,true,true,false,false,false,Lawyers,,Mandya,2025-06-02T16:28:51.208Z
Adv. Thimmegowda,<,,,"1st Cross Guttalu Mandya, Mandya",,08401167142,Lawyers; Civil Lawyers,true,true,false,false,false,Lawyers,,Mandya,2025-06-02T16:28:51.208Z
Sree Mookambika Project and Financial Consultants Pvt Ltd,<,,,"7th Main Jayalakshmipuram, Mysore",,08511950280,Licence; GST Return; TDS Return,true,true,false,false,false,Lawyers,,Mandya,2025-06-02T16:28:51.208Z
Vh Legal Consultants,<,,,"Kodungallur, Thrissur",,08460231436,Legal Consultants; Lawyers,true,true,false,false,false,Lawyers,,Mandya,2025-06-02T16:28:51.209Z
Gururaj N Joshi,<,,,"Shree Vansree Malmaddi, Dharwad",,08123116458,Lawyers For Accident Claims; Lawyers,true,true,false,false,false,Lawyers,,Mandya,2025-06-02T16:28:51.209Z
M K Jain Consultant,<,,,"Vinayaga Maisty Street Sowcarpet, Chennai",,,Licence; Accounting; GST Return,true,true,false,false,false,Lawyers,,Mandya,2025-06-02T16:28:51.209Z
Adv. Subhash Chandra Lawyers & Associates,<,,,"Supreme Court South Tukoganj, Indore",,,Lawyers For Accident Claims; Lawyers,true,true,false,false,false,Lawyers,,Mandya,2025-06-02T16:28:51.209Z
Adv. Satyendra Tiwari,<,,,"Chamber No. 203 Civil Lines, Allahabad",,07487861805,Lawyers For High Court; Lawyers,true,true,false,false,false,Lawyers,,Mandya,2025-06-02T16:28:51.209Z
M B Subhrahmanyam & Associates,+,,,"Kunj Nagar Sakchi, Jamshedpur",,08401449462,Lawyers For Commercial Law; Lawyers,true,true,false,false,false,Lawyers,,Mandya,2025-06-02T16:28:51.210Z
Ruchi Gupta & Associates,R,,,"Building No 13 G Kamla Nagar, Delhi",,08904953622,Lawyers; Lawyers For Supreme Court,true,true,false,false,false,Lawyers,,Mandya,2025-06-02T16:28:51.210Z
Strengthdesk Als LLP,+,,,"Vikram Tower Rajendra Place, Delhi",,08867753551,Lawyers For Supreme Court; Lawyers,true,true,false,false,false,Lawyers,,Mandya,2025-06-02T16:28:51.210Z
Kumar Law Associates,K,,,"Shivalik-Malviya Nagar, Delhi",,09972331375,Lawyers; Lawyers For Criminal,true,true,false,false,false,Lawyers,,Mandya,2025-06-02T16:28:51.210Z
Adv.Subhash Chandra,A,,,"Puri Krishna Nagar New Delhi, Delhi",,,Lawyers; Business Consultants,true,true,false,false,false,Lawyers,,Mandya,2025-06-02T16:28:51.210Z
Adv. Sunil Singh,A,,,"New Colony Mahadeva, Siwan",,08460274959,NOC; Public Provident Fund; GST Return,true,true,false,false,false,Lawyers,,Mandya,2025-06-02T16:28:51.211Z
Adv. G N Ravish,A,,,"Main Road Cross Srirangapatna, Srirangapatna",,,Lawyers; Civil Lawyers,true,true,false,false,false,Lawyers,,Mandya,2025-06-02T16:28:51.211Z
D B Mahadevaiah,+,,,"100ft Road Vidya Nagar Mandya, Mandya",,,Lawyers; Civil Lawyers,true,true,false,false,false,Lawyers,,Mandya,2025-06-02T16:28:51.211Z
G Narayana,G,,,"Srirarangapatna, Srirangapatna",,,Lawyers; Civil Lawyers,true,true,false,false,false,Lawyers,,Mandya,2025-06-02T16:28:51.211Z
A Immanuel Advocate,A,,,"Colony Subash Nagar Mandya, Mandya",,,Lawyers; Civil Lawyers,true,true,false,false,false,Lawyers,,Mandya,2025-06-02T16:28:51.211Z
Mahesh Advocate,M,,,"Highway Maddur Mandya, Mandya",,,Lawyers For Consumer Court; Lawyers,true,true,false,false,false,Lawyers,,Mandya,2025-06-02T16:28:51.211Z
Adv. Madegowda,A,,,"Old MC Road Maddur Mandya, Mandya",,,Lawyers; Civil Lawyers,true,true,false,false,false,Lawyers,,Mandya,2025-06-02T16:28:51.211Z
Shubha Murthy K B,S,,,"TB Extension Nagamangala, Mandya",,,Lawyers,true,true,false,false,false,Lawyers,,Mandya,2025-06-02T16:28:51.211Z
S S S Law Associates,S,,,"Main Road Srirangapatna, Srirangapatna",,,Lawyers; Civil Lawyers,true,true,false,false,false,Lawyers,,Mandya,2025-06-02T16:28:51.211Z
M B Rajashekhara,M,,,"Slv Building Vidya Nagar Mandya, Mandya",,,Lawyers; Civil Lawyers,true,true,false,false,false,Lawyers,,Mandya,2025-06-02T16:28:51.212Z
advocates bpbpbp,a,,,"Shekar  Buinlding Maddur Mandya, Mandya",,,Lawyers,true,true,false,false,false,Lawyers,,Mandya,2025-06-02T16:28:51.212Z
Shakthi Prasad,S,,,"Main Road Srirangapatna, Srirangapatna",,,Lawyers For Criminal; Lawyers,true,true,false,false,false,Lawyers,,Mandya,2025-06-02T16:28:51.212Z
SP Harsha Law Associates,S,,,"6th Cross Road Subash Nagar, Mandya",,,Wheel Chair Accessible Entrance And Exit; Debt Settlement,true,true,false,false,false,Lawyers,,Mandya,2025-06-02T16:28:51.212Z
Notery & Advocate Office,N,,,"Post Office Road Pandavapura, Mandya",,,Lawyers; Notary Services,true,true,false,false,false,Lawyers,,Mandya,2025-06-02T16:28:51.213Z
Lokesh M S Advocate,L,,,"Vishweshwaraiah Road Mandya, Mandya",,,Lawyers For Consumer Court; Lawyers,true,true,false,false,false,Lawyers,,Mandya,2025-06-02T16:28:51.213Z
Boralingegowda,B,,,"100Ft Road MANDYA CITY, Mandya",,,Lawyers,true,true,false,false,false,Lawyers,,Mandya,2025-06-02T16:28:51.213Z
Nagesh,N,,,"Kanakapura Road Malavalli, Mandya",,,Lawyers,true,true,false,false,false,Lawyers,,Mandya,2025-06-02T16:28:51.213Z
Mohammed Ghouse Advocate,M,,,"Jain Street Bellur Mandya, Mandya",,,Lawyers,true,true,false,false,false,Lawyers,,Mandya,2025-06-02T16:28:51.213Z
M Guruprasad,+,,,"Vishweshwaraiah Road Mandya, Mandya",,,Lawyers,true,true,false,false,false,Lawyers,,Mandya,2025-06-02T16:28:51.214Z
Hanumantha Murthy H L,+,,,"Subash Nagar Mandya, Mandya",,,Lawyers; Civil Lawyers,true,true,false,false,false,Lawyers,,Mandya,2025-06-02T16:28:51.214Z
Manjunath.Sr.Ba.Llb.Advocate Office,M,,,"Bogadi, Mandya",,,Lawyers; Lawyers For Will,true,true,false,false,false,Lawyers,,Mandya,2025-06-02T16:28:51.214Z
Devegowda Advocate,D,,,"100 Feet Road Gandhinagar, Mandya",,,Lawyers,true,true,false,false,false,Lawyers,,Mandya,2025-06-02T16:28:51.214Z
N Marigowda,N,,,"A T Street Srirangapatna, Srirangapatna",,,Lawyers,true,true,false,false,false,Lawyers,,Mandya,2025-06-02T16:28:51.214Z
P Erappa,P,,,"Gudi Temple Road Malavalli, Mandya",,,Lawyers; Civil Lawyers,true,true,false,false,false,Lawyers,,Mandya,2025-06-02T16:28:51.214Z
Hemanthkumar D,H,,,"Hoovina Beedi Pandavapura, Mandya",,,Lawyers; Civil Lawyers,true,true,false,false,false,Lawyers,,Mandya,2025-06-02T16:28:51.214Z
Lakshman Cheeranahally,L,,,"Cross Jain's Ashok Nagar Mandya, Mandya",,,Lawyers For Accident Claims; Lawyers,true,true,false,false,false,Lawyers,,Mandya,2025-06-02T16:28:51.214Z
Rajashekar,R,,,"M C Road Maddur Mandya, Mandya",,,Lawyers For Criminal; Lawyers,true,true,false,false,false,Lawyers,,Mandya,2025-06-02T16:28:51.214Z
M M Legal Associates,+,,,"Hosa Halli Road Kuvempu Nagar, Mandya",,,Law Firms; Lawyers,true,true,false,false,false,Lawyers,,Mandya,2025-06-02T16:28:51.215Z
Nadeem Ahmed,N,,,"100Ft Road Mandya, Mandya",,,Lawyers,true,true,false,false,false,Lawyers,,Mandya,2025-06-02T16:28:51.215Z
Balaraju T,B,,,"A T Street Srirangapatna, Srirangapatna",,,Lawyers,true,true,false,false,false,Lawyers,,Mandya,2025-06-02T16:28:51.215Z
Srn Law Associates,S,,,"New Kikkeri Road Krishnarajapete, Mandya",,,Lawyers,true,true,false,false,false,Lawyers,,Mandya,2025-06-02T16:28:51.215Z
Jyothi C M,J,,,"Main Road Srirangapatna, Srirangapatna",,,Lawyers,true,true,false,false,false,Lawyers,,Mandya,2025-06-02T16:28:51.215Z
Siddaraju A G,S,,,"Vinoba Road Mandya Subashnagar, Mandya",,,Lawyers,true,true,false,false,false,Lawyers,,Mandya,2025-06-02T16:28:51.215Z
v s nagaraju,v,,,"Old M C Road Maddur Mandya, Mandya",,,Lawyers,true,true,false,false,false,Lawyers,,Mandya,2025-06-02T16:28:51.215Z
Kaveri Cargo Movers,<,4.4,96 Ratings,"Bank Colony Chinnavedampatti, Coimbatore",,08401638429,,true,false,false,true,true,Transporters,Popular Animal Transporters,Mandya,2025-06-02T16:30:41.896Z
Diamondsafety Lorry Transport Packers and Movers,<,4.1,49 Ratings,"Bypass Road Khammam Bypass Road, Khammam",,09724438448,Pets Transportation; All India; Within City,true,false,false,false,true,Transporters,Popular Animal Transporters,Mandya,2025-06-02T16:30:41.898Z
Golden Heavy Load Transport,<,4.2,78 Ratings,"Athrva Complex Badlapur Ed, Thane",,08401197594,Electronic,true,false,false,false,true,Transporters,Popular Animal Transporters,Mandya,2025-06-02T16:30:41.898Z
MAHABER TRANSPORT,<,5.0,1 Ratings,"Chauhan Complex Thane East, Thane",,08123202342,Transporters; Transporters For Pune,true,false,false,false,false,Transporters,Popular Animal Transporters,Mandya,2025-06-02T16:30:41.898Z
Maa Kali Transport Company,<,3.5,2 Ratings,"Office No 23 Bhadrakali, Nashik",,09035245802,Containers On Rent; Transporters,true,false,false,false,false,Transporters,Popular Animal Transporters,Mandya,2025-06-02T16:30:41.899Z
Radhakrishna Logistic,<,2.3,3 Ratings,"Upendra Nagar Nashik MIDC, Nashik",,07383647068,Transporters; Logistic Services,true,false,false,false,true,Transporters,Popular Animal Transporters,Mandya,2025-06-02T16:30:41.899Z
Vrltransport Services,<,3.6,10 Ratings,"Masjid Bunder, Mumbai",,09980763661,Electronic,true,false,false,false,true,Transporters,Popular Animal Transporters,Mandya,2025-06-02T16:30:41.899Z
JAI MAHAKAL TRANSPORT,<,4.9,4 Ratings,"Adgon Chandori, Nashik",,07405747937,Corporate Courier; Domestic Courier; Door to Door,true,false,false,false,true,Transporters,Popular Animal Transporters,Mandya,2025-06-02T16:30:41.899Z
Shyam Transport,<,4.0,73 Ratings,"Mahavir Nagar Kandivali West, Mumbai",,07405412431,Animal Transportation,true,false,false,true,true,Transporters,Popular Animal Transporters,Mandya,2025-06-02T16:30:41.899Z
Purohit Transport,<,4.0,107 Ratings,"Mishtan Bhandar Hinganghat, Wardha",,07383342134,Electronic,true,false,false,true,true,Transporters,Popular Animal Transporters,Mandya,2025-06-02T16:30:41.900Z
Suryavansham Transport,+,3.5,93 Ratings,"Bilaspur Highway Gudhiyari, Raipur-Chhattisgarh",,08460211093,Animal Transportation; Electronic,true,false,false,false,false,Transporters,Popular Animal Transporters,Mandya,2025-06-02T16:30:41.900Z
Odisha Mumbai Trailer Transport,+,3.5,2 Ratings,"Rasulgarh Mancheshwar, Bhubaneshwar",,08511422158,Containers On Rent; Transporters,true,false,false,false,false,Transporters,Popular Animal Transporters,Mandya,2025-06-02T16:30:41.900Z
Morbi Hyderabad All India Transport,M,3.7,16 Ratings,"Sanala Road Sardar Nagar, Morbi",,08401636234,Trucks On Rent,true,false,false,false,false,Transporters,Popular Animal Transporters,Mandya,2025-06-02T16:30:41.900Z
Ahmedabad Logistics,A,4.2,11 Ratings,"Gunjar, Ahmedabad",,07405079605,Transporters; Transporters For All India,true,false,false,false,true,Transporters,Popular Animal Transporters,Mandya,2025-06-02T16:30:41.901Z
Jai Mahakal logistic service,+,5.0,12 Ratings,"Museum Road Paldi, Ahmedabad",,07383747626,Containers On Rent; Transporters,true,false,false,false,true,Transporters,Popular Animal Transporters,Mandya,2025-06-02T16:30:41.901Z
B G Logistics,+,4.0,62 Ratings,"Jodha Mandal Ka Kheda Jodhras, Bhilwara",,08050302552,Electronic,true,false,false,false,true,Transporters,Popular Animal Transporters,Mandya,2025-06-02T16:30:41.901Z
Bajrang Roadlines,+,4.5,12 Ratings,"Etaura Rewa Super Bazar, Rewa",,08401896025,Door to Door; International Cargo Service; Transporters For Sports Equipments,true,false,false,false,true,Transporters,Popular Animal Transporters,Mandya,2025-06-02T16:30:41.901Z
Kolkata Delhi All India Transport,+,4.8,15 Ratings,"Hare St Radha Bazar, Kolkata",,07795682544,Transporters For All India; Transporters For Delhi,true,false,false,false,false,Transporters,Popular Animal Transporters,Mandya,2025-06-02T16:30:41.901Z
Jharkhand Delhi Roadlines,+,5.0,7 Ratings,"Rani Pokhjar Bokaro Sector 9, Bokaro",,08511310251,Transporters For All India; Transporters For Delhi,true,false,false,false,false,Transporters,Popular Animal Transporters,Mandya,2025-06-02T16:30:41.901Z
RADHE KRISHNA TRANSPORT,+,1.8,4 Ratings,"Kanpur Road Transport Nagar, Lucknow",,08511481287,Containers On Rent; Transporters,true,false,false,false,false,Transporters,Popular Animal Transporters,Mandya,2025-06-02T16:30:41.901Z
Sumit Road Carriers,+,4.1,228 Ratings,"Bradhaman Dhadka, Asansol",,08511234414,24X7 Customer Care; 24 Hours Cargo Service; Domestic Road Cargo Service,true,false,false,false,true,Transporters,Popular Animal Transporters,Mandya,2025-06-02T16:30:41.901Z
New Mahaveer Radlines,N,5.0,1 Ratings,"Mathur Babu Lane Tangra, Kolkata",,07490935989,Containers On Rent; Transporters,true,false,false,false,false,Transporters,Popular Animal Transporters,Mandya,2025-06-02T16:30:41.901Z
Kolkata Punjab All India Transport,K,5.0,1 Ratings,"Strand Road Bbd Bag, Kolkata",,08511621901,Containers On Rent; Transporters,true,false,false,false,false,Transporters,Popular Animal Transporters,Mandya,2025-06-02T16:30:41.902Z
New Rajasthan Roadlines,+,3.9,96 Ratings,"Tetuia Gaya Bihar Mocharim, Bodhgaya",,08050019871,Electronic,true,false,false,true,false,Transporters,Popular Animal Transporters,Mandya,2025-06-02T16:30:41.902Z
Shiv Roadline,+,5.0,2 Ratings,"Kila Gate Road Gwalior Fort, Gwalior",,08401779460,Containers On Rent; Transporters,true,false,false,false,true,Transporters,Popular Animal Transporters,Mandya,2025-06-02T16:30:41.902Z
Jayshree Krishna Transport Company,+,4.0,7 Ratings,"Agra Road Transport Nagar, Jaipur",,09980256982,Electronic,true,false,false,false,false,Transporters,Popular Animal Transporters,Mandya,2025-06-02T16:30:41.902Z
Jaipur Golden Transport,+,5.0,8 Ratings,"Road Vishwakarma Industrial Area, Jaipur",,08511412048,Transporters For Rajasthan; Transporters,true,false,false,false,false,Transporters,Popular Animal Transporters,Mandya,2025-06-02T16:30:41.902Z
Bajrang Logistic Transport Company,+,4.2,30 Ratings,"Mullick Lane Chittaranjan Avenue, Kolkata",,08460234347,Transporters For Full Truck Load; Transporters,true,false,false,false,true,Transporters,Popular Animal Transporters,Mandya,2025-06-02T16:30:41.902Z
Bharat Transport Company,+,2.5,4 Ratings,"Chittaranjan Avenue, Kolkata",,08460215437,Trucks On Rent,true,false,false,false,false,Transporters,Popular Animal Transporters,Mandya,2025-06-02T16:30:41.902Z
Shri Krishna Transport Service,+,3.9,67 Ratings,"Coplex Block City Centre, Gwalior",,07048137126,Transporters; Packers And Movers,true,false,false,false,false,Transporters,Popular Animal Transporters,Mandya,2025-06-02T16:30:41.903Z
Khatu Shyam All India Transport Service,+,4.3,118 Ratings,"Khasra No.832 Faridabad Nit, Faridabad",,07490036452,Trucks On Rent,true,false,false,true,true,Transporters,Popular Animal Transporters,Mandya,2025-06-02T16:30:41.903Z
Vss Packers & Movers,+,4.4,531 Ratings,"Sector 52 Ardee City, Gurgaon",,08904623181,Cargo Service,true,false,false,false,true,Transporters,Popular Animal Transporters,Mandya,2025-06-02T16:30:41.903Z
Chandan Transport Company,+,4.0,319 Ratings,"Kamruddinpur, Begusarai",,07801848348,Industrial Machinery Relocation; Superior Quality; Budget Friendly,true,false,false,true,true,Transporters,Popular Animal Transporters,Mandya,2025-06-02T16:30:41.903Z
Gajanan Transport Company,G,5.0,1 Ratings,"Hospital Road Gurgaon Sector 44, Gurgaon",,08511938473,Containers On Rent; Transporters,true,false,false,false,false,Transporters,Popular Animal Transporters,Mandya,2025-06-02T16:30:41.903Z
New Mahakal Transport,+,4.2,101 Ratings,"Yaqutganj Railway Yaqutganj, Farrukhabad",,08460557327,Superior Quality; Animal Transportation; Budget Friendly,true,false,false,true,true,Transporters,Popular Animal Transporters,Mandya,2025-06-02T16:30:41.903Z
Door to Door All India Service,+,5.0,4 Ratings,"Bhumi Link Road Link Road, Mathura",,08460406701,Domestic Courier; Air Courier,true,false,false,false,false,Transporters,Popular Animal Transporters,Mandya,2025-06-02T16:30:41.903Z
Chandigarh Gujarat Mumbai Kolkata All India Transport,+,5.0,2 Ratings,"Street No 2 New Subhash Nagar, Ludhiana",,07411574864,Containers On Rent; Transporters,true,false,false,false,false,Transporters,Popular Animal Transporters,Mandya,2025-06-02T16:30:41.904Z
Balaji Transport Company,+,4.2,133 Ratings,"Mohalla Darjian Wala Sanaur, Patiala",,09035008197,Domestic Courier; Electronic,true,false,false,false,true,Transporters,Popular Animal Transporters,Mandya,2025-06-02T16:30:41.904Z
P J Transport,P,4.3,12 Ratings,"S D Jayarama Layout Alanahalli, Mysore",,,Animal Transportation; Electronic,true,false,false,false,true,Transporters,Popular Animal Transporters,Mandya,2025-06-02T16:30:41.904Z
Vijay Durga Transport,+,2.5,4 Ratings,"GRS Park Ring Road Banni Mantap, Mysore",,,Transporters; Packers And Movers,true,false,false,false,false,Transporters,Popular Animal Transporters,Mandya,2025-06-02T16:30:41.904Z
Uttam Cargo Movers,U,4.0,5 Ratings,"19 New Santhepet Santhepet, Mysore",,,All India; Within City,true,false,false,false,false,Transporters,Popular Animal Transporters,Mandya,2025-06-02T16:30:41.904Z
Modern Lorry Transport,+,4.3,11 Ratings,"Apmc Yard Bandipalya, Mysore",,,Electronic,true,false,false,false,true,Transporters,Popular Animal Transporters,Mandya,2025-06-02T16:30:41.904Z
Sri Gajalakshmi cargo movers,S,5.0,4 Ratings,Mysore,,,Transporters; Transporters For Bangalore,false,false,false,false,false,Transporters,Popular Animal Transporters,Mandya,2025-06-02T16:30:41.904Z
Shree Shree Logistics and Solutions,+,4.5,27 Ratings,"Urdu School Road Kaggalipura, Bangalore",,,Tempos On Hire; Domestic Courier,true,false,false,false,true,Transporters,Popular Animal Transporters,Mandya,2025-06-02T16:30:41.904Z
Sagar Transport,S,4.2,3 Ratings,"Channarayapatna, Hassan",,,Animal Transportation,true,false,false,false,true,Transporters,Popular Animal Transporters,Mandya,2025-06-02T16:30:41.904Z
Sri Lakshmidevi Cargo Movers And Packers,+,3.8,9 Ratings,"Magadi Road Chikka Gollarahatti, Bangalore",,,Transporters; Transporters For Bangalore,true,false,false,false,false,Transporters,Popular Animal Transporters,Mandya,2025-06-02T16:30:41.904Z
Srcm Logistics,S,4.8,4 Ratings,"Vishwashanthi Nagar Nelamangala, Bangalore",,,International Courier; Domestic Courier; Electronic,true,false,false,false,true,Transporters,Popular Animal Transporters,Mandya,2025-06-02T16:30:41.904Z
Nisarga Cargo Carriers,+,2.5,2 Ratings,"Highway Road Madanayakana Halli, Bangalore",,,Domestic Courier; Cargo Service; Animal Transportation,true,false,false,false,false,Transporters,Popular Animal Transporters,Mandya,2025-06-02T16:30:41.905Z
Zlatan Ventures,+,4.3,6 Ratings,"and 8th Cross Chamarajpet Bazaar, Bangalore",,,All India; Cargo Service; Tempos On Hire,true,false,false,true,true,Transporters,Popular Animal Transporters,Mandya,2025-06-02T16:30:41.905Z
Yogesh Goods Transports,Y,4.0,1 Ratings,"Krishna Raj Pete Taluq Kikkeri, Mandya",,,All India; Within City; Electronic,true,false,false,false,true,Transporters,Popular Transporters For Food Grains,Mandya,2025-06-02T16:31:37.507Z
Hi-con Transports,H,4.5,16 Ratings,"Industrial Area Nayandahalli, Bangalore",,07041272875,Interstate Moving; Transporters For Cargo; Bulk Courier,true,false,false,true,true,Transporters,Popular Transporters For Food Grains,Mandya,2025-06-02T16:31:37.508Z
Zlatan Ventures,+,4.3,6 Ratings,"and 8th Cross Chamarajpet Bazaar, Bangalore",,,All India; Cargo Service; Tempos On Hire,true,false,false,true,true,Transporters,Popular Transporters For Food Grains,Mandya,2025-06-02T16:31:37.508Z
Express Packers And Movers,+,4.4,22 Ratings,"Yeshwanthpur Nandini Layout, Bangalore",,,Pets Transportation; Domestic Courier; Cargo Service,true,false,false,false,true,Transporters,Popular Transporters For Food Grains,Mandya,2025-06-02T16:31:37.508Z
Geetee Carriers Pvt Ltd,G,3.6,11 Ratings,"Truck Terminal Yeshwanthpur, BANGALORE",,,Trucks On Rent; Domestic Courier; Electronic,true,false,false,true,false,Transporters,Popular Transporters For Food Grains,Mandya,2025-06-02T16:31:37.509Z
Sri Ram Transport,S,4.0,1 Ratings,"Itpl Road   Hoodi Hoodi, Bangalore",,,Cargo Service,true,false,false,false,false,Transporters,Popular Transporters For Food Grains,Mandya,2025-06-02T16:31:37.509Z
Sree Madheswara Transport,+,4.2,45 Ratings,"Avalapalli Road Avalapalli, Hosur",,,Cargo Service; Trucks On Rent; Company Authorised Dealer,true,false,false,false,true,Transporters,Popular Transporters For Food Grains,Mandya,2025-06-02T16:31:37.509Z
Jai Manjunatha Transport,+,3.9,6 Ratings,"Bangalore Bypass Road Shoolagiri, Hosur",,,24 Hours Transporters; Transporters,true,false,false,false,false,Transporters,Popular Transporters For Food Grains,Mandya,2025-06-02T16:31:37.509Z
Supreme Transport Company,+,4.5,5 Ratings,"Chinnathirupathy Hastampatti, Salem",,,Trucks On Rent; Domestic Courier; Bulk Courier,true,false,false,false,true,Transporters,Popular Transporters For Food Grains,Mandya,2025-06-02T16:31:37.509Z
S K Transports Packers And Movers,+,4.9,15 Ratings,"Kumbakonam Bypass Gandhi Nagar, Neyveli",,09054024722,Trucks On Rent; All India; Within City,true,false,false,false,true,Transporters,Popular Transporters For Food Grains,Mandya,2025-06-02T16:31:37.510Z
Sai Sakthi Transport,+,4.7,15 Ratings,"Bypass Ring Road Nazarethpettai, Chennai",,,Domestic Courier; Electronic,true,false,false,false,true,Transporters,Popular Transporters For Food Grains,Mandya,2025-06-02T16:31:37.510Z
Anthony Raj Transport,+,4.1,43 Ratings,"Road Puliyambedu Velappanchavadi, Chennai",,,Trucks On Rent; Electronic,true,false,false,true,true,Transporters,Popular Transporters For Food Grains,Mandya,2025-06-02T16:31:37.511Z
Able Trans & Associates,+,4.2,34 Ratings,"Kamarajar Nagar Maduravoyal, Chennai",,,Electronic,true,false,false,true,true,Transporters,Popular Transporters For Food Grains,Mandya,2025-06-02T16:31:37.511Z
Nithiyasree Transport,+,4.8,2 Ratings,"Nehru Street Maduravoyal, Chennai",,,Transporters For Sea Food; Transporters,true,false,false,false,false,Transporters,Popular Transporters For Food Grains,Mandya,2025-06-02T16:31:37.512Z
New Sangam Roadlines,+,3.9,61 Ratings,"Nakod Building New Cotton Market, Hubli",,07383515406,Transporters For Belgaum; Transporters,true,false,false,true,false,Transporters,Popular Transporters For Food Grains,Mandya,2025-06-02T16:31:37.512Z
Sri Varalakshmi Mini Transporters,S,4.0,1 Ratings,"Chama Kaluva Road Nandyal, Nandyal",,,Electronic,true,false,false,false,false,Transporters,Popular Transporters For Food Grains,Mandya,2025-06-02T16:31:37.512Z
Federal Transport Pvt. Ltd.,+,4.0,33 Ratings,"Linghi Chetty Street Parrys, Chennai",,,Trucks On Rent; Electronic,true,false,false,false,false,Transporters,Popular Transporters For Food Grains,Mandya,2025-06-02T16:31:37.513Z
Universal Trans Logistics,+,4.6,48 Ratings,"Base Karwar Karwar Naval Base, Karwar",,08401349684,Aluminium; Cuplock; Trucks On Rent,true,false,false,true,true,Transporters,Popular Transporters For Food Grains,Mandya,2025-06-02T16:31:37.513Z
Kgn Transport,+,4.1,213 Ratings,"Villiage Panchalingala, Kurnool",,,International Courier; Trucks On Rent; Domestic Courier,true,false,false,false,true,Transporters,Popular Transporters For Food Grains,Mandya,2025-06-02T16:31:37.513Z
SSP Packers & Movers,S,4.0,6 Ratings,"GKR Salai KONGANTHANPARAI, Tirunelveli",,,All India; Cargo Service; Trucks On Rent,true,false,false,false,false,Transporters,Popular Transporters For Food Grains,Mandya,2025-06-02T16:31:37.513Z
Shri Shyam Logistics Packers And Movers,+,4.5,21 Ratings,"Margao Panjim Bypass Road Ponda, Goa",,,Pets Transportation; All India; International,true,false,false,false,true,Transporters,Popular Transporters For Food Grains,Mandya,2025-06-02T16:31:37.513Z
Blackhorse Logistic Solution Pvt Ltd,B,5.0,4 Ratings,"Ponda-panjim Highway Ponda, Goa",,,Trucks On Rent; Domestic Courier; Electronic,true,false,false,false,true,Transporters,Popular Transporters For Food Grains,Mandya,2025-06-02T16:31:37.513Z
Navya Packers And Movers,+,3.8,18 Ratings,"Margoa Highway Panjim, Goa",,07947195546,International Courier; Cargo Service; All India,true,false,false,true,false,Transporters,Popular Transporters For Food Grains,Mandya,2025-06-02T16:31:37.514Z
Shri Shrishail Transport,+,3.8,60 Ratings,"Bangalore Highway Jalanagar, Bijapur-Karnataka",,,Commercial Transporters; Transporters,true,false,false,false,false,Transporters,Popular Transporters For Food Grains,Mandya,2025-06-02T16:31:37.514Z
Ask4truck.com,+,4.7,60 Ratings,Sangli,,,Domestic Courier,true,false,false,true,true,Transporters,Popular Transporters For Food Grains,Mandya,2025-06-02T16:31:37.514Z
Kyz Packers and Movers,K,3.6,85 Ratings,"AMBER PETH Amberpet, Hyderabad",,08197478513,Commercial Courier; Corporate Courier; Door to Door,true,false,false,false,false,Transporters,Popular Transporters For Food Grains,Mandya,2025-06-02T16:31:37.514Z
Gati Ltd,+,3.8,"1,903 Ratings","Kondapur, Hyderabad",,,Cargo Service; Bulk Courier; Domestic Courier,true,false,false,false,false,Transporters,Popular Transporters For Food Grains,Mandya,2025-06-02T16:31:37.514Z
Andhra Gujarat Cargo Movers,A,4.1,30 Ratings,"Cross Road Jeedimetla, Hyderabad",,08792483090,Electronic,true,false,false,true,true,Transporters,Popular Transporters For Food Grains,Mandya,2025-06-02T16:31:37.514Z
Navneet Roadlines,+,4.3,123 Ratings,"Market Yard Solapur, Solapur",,,Cargo Service; Electronic,true,false,false,true,true,Transporters,Popular Transporters For Food Grains,Mandya,2025-06-02T16:31:37.514Z
Lorry Hub,+,3.5,31 Ratings,"Bus Stand Road Beed Ho, Beed",,,Electronic,true,false,false,false,false,Transporters,Popular Transporters For Food Grains,Mandya,2025-06-02T16:31:37.514Z
Mgr Maharashtra Gujrat Road Lines,M,5.0,1 Ratings,"Jalna Road St Stand, Beed",,,Electronic,true,false,false,false,true,Transporters,Popular Transporters For Food Grains,Mandya,2025-06-02T16:31:37.514Z
Orange Cargo Carriers,O,2.6,5 Ratings,"Estate Road Samarlakota, East Godavari",,,Electronic,true,false,false,false,false,Transporters,Popular Transporters For Food Grains,Mandya,2025-06-02T16:31:37.515Z
Icl Packers And Movers (Government Approved),+,4.1,7 Ratings,"Brahmin Lane Alibaug HO, Alibaug",,,Pets Transportation; All India; International,true,false,false,false,true,Transporters,Popular Transporters For Food Grains,Mandya,2025-06-02T16:31:37.515Z
All India Packers And Movers,+,3.8,7 Ratings,"Ramnath Road Ramnath Road, Alibaug",,,Pets Transportation; All India; International,false,false,false,false,false,Transporters,Popular Transporters For Food Grains,Mandya,2025-06-02T16:31:37.515Z
Ashok Patodi Transport,+,4.5,1 Ratings,"Plot No X277 Waluj MIDC, Aurangabad-Maharashtra",,,All India; Within City; Electronic,true,false,false,false,true,Transporters,Popular Transporters For Food Grains,Mandya,2025-06-02T16:31:37.515Z
I G International,+,4.3,133 Ratings,"Turbhe, Navi Mumbai",,,Domestic Courier,true,false,false,false,true,Transporters,Popular Transporters For Food Grains,Mandya,2025-06-02T16:31:37.515Z
Mars Logistics,+,5.0,16 Ratings,"TURBHE Vashi, Navi Mumbai",,,Electronic,true,false,false,false,false,Transporters,Popular Transporters For Food Grains,Mandya,2025-06-02T16:31:37.515Z
S K Freight Carriers Pvt Ltd,S,3.7,3 Ratings,"Express Highway Ghatkopar East, Mumbai",,,Transporters; Transporters For Mumbai,true,false,false,false,false,Transporters,Popular Transporters For Food Grains,Mandya,2025-06-02T16:31:37.515Z
AIC Express Logistic Pvt Ltd,+,4.4,10 Ratings,"90ft Road Andheri East, Mumbai",,,Pets Transportation; All India; Within City,true,false,false,false,true,Transporters,Popular Transporters For Food Grains,Mandya,2025-06-02T16:31:37.515Z
B G Logistics,+,3.8,7 Ratings,"Bhiwandi City, Bhiwandi",,,Cargo Service; Electronic,true,false,false,false,false,Transporters,Popular Transporters For Food Grains,Mandya,2025-06-02T16:31:37.515Z
Singh Road Carriers,+,5.0,2 Ratings,"Waghbil-Thane West, Thane",,,Transporters For Maharashtra; Transporters,true,false,false,false,false,Transporters,Popular Transporters For Food Grains,Mandya,2025-06-02T16:31:37.515Z
Andhra Gujarat Cargo Movers,+,3.8,25 Ratings,"Lalitha Colony Daba Gardens, Visakhapatnam",,07383418103,Electronic,true,false,false,true,false,Transporters,Popular Transporters For Food Grains,Mandya,2025-06-02T16:31:37.516Z
Bhavani Transport Co.,+,4.5,10 Ratings,"Chandrakala Raut Marg Boisar, Palghar",,,Tempos On Hire; Trucks On Rent,true,false,false,false,true,Transporters,Popular Transporters For Food Grains,Mandya,2025-06-02T16:31:37.516Z
Kataria Cargo Movers,K,3.6,8 Ratings,"Karvar Road Vapi, Vapi",,08485971095,Animal Transportation; Electronic,true,false,false,true,false,Transporters,Popular Transporters For Food Grains,Mandya,2025-06-02T16:31:37.516Z
Shree Shyam Kripa Logistics,+,5.0,6 Ratings,"Salvav, Vapi",,,Transporters; Logistic Services,true,false,false,false,true,Transporters,Popular Transporters For Food Grains,Mandya,2025-06-02T16:31:37.516Z
Bluebelt Logistics Solutions Pvt ltd,+,4.3,71 Ratings,"559 Gokulpeth, Nagpur",,,Cargo Service; Domestic Courier; Electronic,true,false,false,true,true,Transporters,Popular Transporters For Food Grains,Mandya,2025-06-02T16:31:37.516Z
Lorry Hub,L,4.5,8 Ratings,"Khadgaon Road Wadi, Nagpur",,,Trucks On Rent; Electronic,true,false,false,false,true,Transporters,Popular Transporters For Food Grains,Mandya,2025-06-02T16:31:37.516Z
BR Logistics INDIA,+,4.4,24 Ratings,"Vip Road Vesu, Surat",,,Domestic Courier; Electronic,true,false,false,false,true,Transporters,Popular Transporters For Food Grains,Mandya,2025-06-02T16:31:37.516Z
MAHADEV GOODS CARRIERS,+,4.3,18 Ratings,"Road No 9 Udhna, Surat",,08401759231,Animal Transportation; Electronic,true,false,false,true,true,Transporters,Popular Transporters For Food Grains,Mandya,2025-06-02T16:31:37.516Z
Karnatak West Bengal All India Transport Company,<,4.6,10 Ratings,"Shantinagar TTMC Shanthinagar, Bangalore",,08147536632,Transporters For Full Truck Load To Tamil Nadu; Transport Agents,true,false,false,false,true,Transporters,Popular Transporters For Full Truck Load,Mandya,2025-06-02T16:32:36.939Z
Radhakrishna Transport,<,4.1,130 Ratings,"3rd Phase Peenya 3rd Stage, Bangalore",,09980546498,Electronic,true,false,false,true,true,Transporters,Popular Transporters For Full Truck Load,Mandya,2025-06-02T16:32:36.940Z
Jaipur Golden Transport,<,3.8,24 Ratings,"C  LANE J.M ROAD Cubbonpet, Bangalore",,09845217514,Pay Ahead,true,false,false,false,false,Transporters,Popular Transporters For Full Truck Load,Mandya,2025-06-02T16:32:36.940Z
Shree Essar Logistic,<,5.0,2 Ratings,"5th Street Bhavani Main Road, Bhavani",,07041479863,Trucks On Rent; Electronic,true,false,false,false,true,Transporters,Popular Transporters For Full Truck Load,Mandya,2025-06-02T16:32:36.941Z
Sri Vigneshwara Logistics,<,4.2,52 Ratings,"DDUTTL Yeshwanthpur, Bangalore",,09035041615,Trucks On Rent; Domestic Courier; Electronic,true,false,false,true,true,Transporters,Popular Transporters For Full Truck Load,Mandya,2025-06-02T16:32:36.941Z
Sri Kiran Transport,<,4.7,33 Ratings,"New Mandipet Mandipet, Tumkur",,07490016249,Transporters; Transporters For Bangalore,true,false,false,false,true,Transporters,Popular Transporters For Full Truck Load,Mandya,2025-06-02T16:32:36.941Z
Express Roadlines,<,5.0,3 Ratings,"NH 544 Potta, Thrissur",,09980400189,Transporters For Full Truck Load,true,false,false,false,true,Transporters,Popular Transporters For Full Truck Load,Mandya,2025-06-02T16:32:36.941Z
Sri Kumaran Transports & Packers and Movers,<,4.6,14 Ratings,"DPF STREET Papanaickenpalayam, Coimbatore",,08511275817,Logistics; Local Logistic; Transportation,true,false,false,true,true,Transporters,Popular Transporters For Full Truck Load,Mandya,2025-06-02T16:32:36.942Z
Kaveri Cargo Movers,<,4.4,96 Ratings,"Bank Colony Chinnavedampatti, Coimbatore",,08401638429,,true,false,false,true,true,Transporters,Popular Transporters For Full Truck Load,Mandya,2025-06-02T16:32:36.942Z
Vijaya Transport,<,4.1,51 Ratings,"AATTUR Attur Salem, Salem",,07383222475,Transporters; Transporters For Chennai,true,false,false,true,true,Transporters,Popular Transporters For Full Truck Load,Mandya,2025-06-02T16:32:36.943Z
Vmtc Logistics,+,4.4,37 Ratings,"Ansari Bunder, Mangalore",,08511915326,Domestic Courier,true,false,false,true,true,Transporters,Popular Transporters For Full Truck Load,Mandya,2025-06-02T16:32:36.943Z
Hindustan Transport Shimoga,+,4.2,94 Ratings,"Bypass Urgadur, Shimoga",,07383249296,24 Hours Transporters; Transporters,true,false,false,false,true,Transporters,Popular Transporters For Full Truck Load,Mandya,2025-06-02T16:32:36.944Z
Vgo Truck Booking,V,2.5,2 Ratings,"Victoriya Main Road Woriyur, Trichy",,08904585500,Cargo Service; Transporters For Cargo,true,false,false,false,false,Transporters,Popular Transporters For Full Truck Load,Mandya,2025-06-02T16:32:36.944Z
Jayasri Road Lines,+,4.5,29 Ratings,"PN Road Kumarnanthapuram, Tirupur",,09606403497,24 Hours Tempos; Tempos On Rent For Intracity; Transporters For Sports Equipments,true,false,false,false,true,Transporters,Popular Transporters For Full Truck Load,Mandya,2025-06-02T16:32:36.944Z
Geetham Transport Service,+,4.6,90 Ratings,"Naal Road Tirupur East, Tirupur",,08147951873,Trucks On Rent; Packers And Movers; Electronic,true,false,false,true,true,Transporters,Popular Transporters For Full Truck Load,Mandya,2025-06-02T16:32:36.944Z
Sri Periyasamy Lorry Transport And Booking Office,+,4.1,29 Ratings,"Salem Road Andagalur, Namakkal",,08401269964,Transporters For Andhra Pradesh; Transporters,true,false,false,true,false,Transporters,Popular Transporters For Full Truck Load,Mandya,2025-06-02T16:32:36.944Z
Sri Ganapathy Transport and Traveling Agency,+,4.5,19 Ratings,"Palayam Kalappa Naicken Palayam, Coimbatore",,08123376960,Courier Services; Transporters,true,false,false,true,true,Transporters,Popular Transporters For Full Truck Load,Mandya,2025-06-02T16:32:36.945Z
Arja Energys Private Limited,+,4.5,10 Ratings,"Road Binny Compound Main Road, Tirupur",,08460445740,Transporters; Transport Agents,true,false,false,false,true,Transporters,Popular Transporters For Full Truck Load,Mandya,2025-06-02T16:32:36.945Z
Promax Logistics,+,4.0,30 Ratings,"Coimbatore Aerodrome, Coimbatore",,08460645239,Domestic Courier,true,false,false,true,true,Transporters,Popular Transporters For Full Truck Load,Mandya,2025-06-02T16:32:36.945Z
Anr Transport,+,5.0,9 Ratings,"Main Road Udamalpet Bazaar, Udumalpet",,08460205843,GPS Tracking Available; Trucks On Rent; Logistics,true,false,false,false,false,Transporters,Popular Transporters For Full Truck Load,Mandya,2025-06-02T16:32:36.945Z
Sky Land Xpress Cargo,+,4.0,44 Ratings,"KPN Colony Union Mill Road, Tirupur",,,,true,false,false,true,false,Transporters,Popular Transporters For Full Truck Load,Mandya,2025-06-02T16:32:36.945Z
Sree Ganesh Roadlines,+,3.5,61 Ratings,"Bellary Ho, Bellary",,07383497565,Domestic Courier; Electronic,true,false,false,true,false,Transporters,Popular Transporters For Full Truck Load,Mandya,2025-06-02T16:32:36.945Z
Xpress INDIA,+,4.2,400 Ratings,"Street Industrial Colony Trichy, Trichy",,07383608407,Cargo Service; Trucks On Rent; Bulk Courier,true,false,false,false,true,Transporters,Popular Transporters For Full Truck Load,Mandya,2025-06-02T16:32:36.946Z
Ma Kalka Roadlines,+,3.7,3 Ratings,"Road Betora Industrial Estate, Goa",,08460386456,Transport Agents; Trailer Transporters,true,false,false,false,false,Transporters,Popular Transporters For Full Truck Load,Mandya,2025-06-02T16:32:36.946Z
Fr8,+,4.1,257 Ratings,"6th Main Road Mogappair West, Chennai",,08904606530,Transporters; Lorry Transport Services,true,false,false,true,true,Transporters,Popular Transporters For Full Truck Load,Mandya,2025-06-02T16:32:36.946Z
Yestee Agency,+,4.1,322 Ratings,"Wall Tax Road Park Town, Chennai",,08197305459,Industrial Machinery Relocation; Cargo Service; Domestic Courier,true,false,false,true,true,Transporters,Popular Transporters For Full Truck Load,Mandya,2025-06-02T16:32:36.946Z
Royal Cargo Packers & Movers,+,4.8,172 Ratings,"Near BRTS Bus Stand Vidyagiri, Dharwad",,08401217512,,true,false,false,false,true,Transporters,Popular Transporters For Full Truck Load,Mandya,2025-06-02T16:32:36.946Z
Lata Packers and Movers,L,4.4,20 Ratings,"Mj Nagar, Hospet",,07487906639,All India; Within City,true,false,false,false,true,Transporters,Popular Transporters For Full Truck Load,Mandya,2025-06-02T16:32:36.946Z
Hyderabad Odisha Transport Company,+,3.5,2 Ratings,"Amberpet Pedda Amberpet, Rangareddy",,08904579169,Transporters For Andhra Pradesh; Transporters For Bangalore,true,false,false,false,false,Transporters,Popular Transporters For Full Truck Load,Mandya,2025-06-02T16:32:36.946Z
Aastik Maharaj Trader,+,5.0,1 Ratings,"Kukatpally Kukatpally, Hyderabad",,07411644350,Cargo Service; Tempos On Hire; Domestic Courier,true,false,false,false,false,Transporters,Popular Transporters For Full Truck Load,Mandya,2025-06-02T16:32:36.947Z
KGN Transport & Logistics,+,4.2,32 Ratings,"Gandiguda Village Shadnagar, Mahabubnagar",,09054784995,International Courier; Trucks On Rent; Domestic Courier,true,false,false,false,true,Transporters,Popular Transporters For Full Truck Load,Mandya,2025-06-02T16:32:36.947Z
Shri Gajanan Transport,+,4.2,25 Ratings,"Old Midc Satara Midc, Satara",,09845264483,Transporters For Ahmedabad; Transporters,true,false,false,false,true,Transporters,Popular Transporters For Full Truck Load,Mandya,2025-06-02T16:32:36.947Z
Pranjal Transport Services,P,5.0,3 Ratings,"Ajanta Chowk Vilaspur, Satara",,09035047486,Transporters; Transporters For Pune,true,false,false,false,true,Transporters,Popular Transporters For Full Truck Load,Mandya,2025-06-02T16:32:36.947Z
Diamondsafety Lorry Transport Packers and Movers,+,4.1,49 Ratings,"Bypass Road Khammam Bypass Road, Khammam",,09724438448,Pets Transportation; All India; Within City,true,false,false,false,true,Transporters,Popular Transporters For Full Truck Load,Mandya,2025-06-02T16:32:36.947Z
Bajrang Logistics,B,4.0,7 Ratings,"Waghale Estate Thane West, Thane",,08197576514,Animal Transportation; All India; Transportation,true,false,false,false,false,Transporters,Popular Transporters For Full Truck Load,Mandya,2025-06-02T16:32:36.947Z
MAHAKAL TRANSPORT,M,5.0,1 Ratings,"Main Market Andheri West, Mumbai",,08401152926,Container Transport; Full Truck Load; Trailer Transport,true,false,false,false,true,Transporters,Popular Transporters For Full Truck Load,Mandya,2025-06-02T16:32:36.947Z
Maharashtra Gujarat Roadline,+,4.2,186 Ratings,"Nashik Road Mumbai Central, Mumbai",,07405534931,Transporters For Pune; Transporters For Ahmedabad,true,false,false,false,true,Transporters,Popular Transporters For Full Truck Load,Mandya,2025-06-02T16:32:36.948Z
Golden Heavy Load Transport,+,4.2,78 Ratings,"Athrva Complex Badlapur Ed, Thane",,08401197594,Electronic,true,false,false,false,true,Transporters,Popular Transporters For Full Truck Load,Mandya,2025-06-02T16:32:36.948Z
Maa Laxmi Transport,+,4.3,521 Ratings,"New Link Road Andheri West, Mumbai",,08105375157,Transporters For Pune; Transporters For All India,true,false,false,false,true,Transporters,Popular Transporters For Full Truck Load,Mandya,2025-06-02T16:32:36.948Z
Om Sai Transport,+,4.2,111 Ratings,"OG Road Bodhle Nagar, Nashik",,09724736012,GPS Tracking Available; Pay Ahead; Door to Door,true,false,false,false,true,Transporters,Popular Transporters For Full Truck Load,Mandya,2025-06-02T16:32:36.948Z
Surya Roadlines,+,4.6,62 Ratings,"Post Chimbli Chakan, Pune",,07411641219,Transporters; Transporters For Mumbai,true,false,false,false,true,Transporters,Popular Transporters For Full Truck Load,Mandya,2025-06-02T16:32:36.948Z
MAHABER TRANSPORT,+,5.0,1 Ratings,"Chauhan Complex Thane East, Thane",,08123202342,Transporters; Transporters For Pune,true,false,false,false,false,Transporters,Popular Transporters For Full Truck Load,Mandya,2025-06-02T16:32:36.948Z
Maharaja Kuver Transport,+,4.3,158 Ratings,"Goregaon East, Mumbai",,07383113604,Trucks On Rent,true,false,false,true,true,Transporters,Popular Transporters For Full Truck Load,Mandya,2025-06-02T16:32:36.948Z
Maa Kali Transport Company,+,3.5,2 Ratings,"Office No 23 Bhadrakali, Nashik",,09035245802,Containers On Rent; Transporters,true,false,false,false,false,Transporters,Popular Transporters For Full Truck Load,Mandya,2025-06-02T16:32:36.948Z
Radhakrishna Logistic,+,2.3,3 Ratings,"Upendra Nagar Nashik MIDC, Nashik",,07383647068,Transporters; Logistic Services,true,false,false,false,true,Transporters,Popular Transporters For Full Truck Load,Mandya,2025-06-02T16:32:36.948Z
Swami Samarth Transport Company,S,4.5,40 Ratings,"Heera Nagar Kalher, Bhiwandi",,08460516431,Trucks On Rent,true,false,false,false,true,Transporters,Popular Transporters For Full Truck Load,Mandya,2025-06-02T16:32:36.949Z
South Indian Transport Company,+,3.7,13 Ratings,"Mankoli Road Bhiwandi City, Bhiwandi",,07041943753,Domestic Courier; Door to Door; Cargo Service,true,false,false,false,false,Transporters,Popular Transporters For Full Truck Load,Mandya,2025-06-02T16:32:36.949Z
Vrltransport Services,+,3.6,10 Ratings,"Masjid Bunder, Mumbai",,09980763661,Electronic,true,false,false,false,true,Transporters,Popular Transporters For Full Truck Load,Mandya,2025-06-02T16:32:36.949Z
Blr Logistics Ltd,B,4.4,65 Ratings,"Goregaon East, Mumbai",,08460544332,Transporters For Cargo; Exim Cargo Service; Cargo Service,true,false,false,true,true,Transporters,Popular Transporters For Full Truck Load,Mandya,2025-06-02T16:32:36.949Z
Jaipur Golden Transport,<,3.8,24 Ratings,"C  LANE J.M ROAD Cubbonpet, Bangalore",,09845217514,Pay Ahead,true,false,false,false,true,Transporters,Popular Transporters For Container,Mandya,2025-06-02T16:34:16.231Z
Sri Vigneshwara Logistics,<,4.2,52 Ratings,"DDUTTL Yeshwanthpur, Bangalore",,09035041615,Trucks On Rent; Domestic Courier; Electronic,true,false,false,true,true,Transporters,Popular Transporters For Container,Mandya,2025-06-02T16:34:16.231Z
Annannya Travels and Cargo,<,4.1,234 Ratings,"Sundar Arcade Bn Road Mysore, Mysore",,07383031384,Electronic,true,false,false,true,true,Transporters,Popular Transporters For Container,Mandya,2025-06-02T16:34:16.231Z
Kaveri Cargo Movers,<,4.4,96 Ratings,"Bank Colony Chinnavedampatti, Coimbatore",,08401638429,,true,false,false,true,true,Transporters,Popular Transporters For Container,Mandya,2025-06-02T16:34:16.231Z
Vmtc Logistics,<,4.4,37 Ratings,"Ansari Bunder, Mangalore",,08511915326,Domestic Courier,true,false,false,true,true,Transporters,Popular Transporters For Container,Mandya,2025-06-02T16:34:16.231Z
Vgo Truck Booking,<,2.5,2 Ratings,"Victoriya Main Road Woriyur, Trichy",,08904585500,Cargo Service; Transporters For Cargo,true,false,false,false,false,Transporters,Popular Transporters For Container,Mandya,2025-06-02T16:34:16.232Z
Jayasri Road Lines,<,4.5,29 Ratings,"PN Road Kumarnanthapuram, Tirupur",,09606403497,24 Hours Tempos; Tempos On Rent For Intracity; Transporters For Sports Equipments,true,false,false,false,true,Transporters,Popular Transporters For Container,Mandya,2025-06-02T16:34:16.232Z
Geetham Transport Service,<,4.6,90 Ratings,"Naal Road Tirupur East, Tirupur",,08147951873,Trucks On Rent; Packers And Movers; Electronic,true,false,false,true,true,Transporters,Popular Transporters For Container,Mandya,2025-06-02T16:34:16.232Z
Sri Periyasamy Lorry Transport And Booking Office,<,4.1,29 Ratings,"Salem Road Andagalur, Namakkal",,08401269964,Transporters For Andhra Pradesh; Transporters,true,false,false,true,false,Transporters,Popular Transporters For Container,Mandya,2025-06-02T16:34:16.232Z
Sri Ganapathy Transport and Traveling Agency,<,4.5,19 Ratings,"Palayam Kalappa Naicken Palayam, Coimbatore",,08123376960,Courier Services; Transporters,true,false,false,true,true,Transporters,Popular Transporters For Container,Mandya,2025-06-02T16:34:16.232Z
Arja Energys Private Limited,+,4.5,10 Ratings,"Road Binny Compound Main Road, Tirupur",,08460445740,Transporters; Transport Agents,true,false,false,false,true,Transporters,Popular Transporters For Container,Mandya,2025-06-02T16:34:16.232Z
Promax Logistics,+,4.0,30 Ratings,"Coimbatore Aerodrome, Coimbatore",,08460645239,Domestic Courier,true,false,false,true,true,Transporters,Popular Transporters For Container,Mandya,2025-06-02T16:34:16.232Z
Sky Land Xpress Cargo,+,4.0,44 Ratings,"KPN Colony Union Mill Road, Tirupur",,,,true,false,false,true,false,Transporters,Popular Transporters For Container,Mandya,2025-06-02T16:34:16.232Z
Xpress INDIA,+,4.2,400 Ratings,"Street Industrial Colony Trichy, Trichy",,07383608407,Cargo Service; Trucks On Rent; Bulk Courier,true,false,false,false,true,Transporters,Popular Transporters For Container,Mandya,2025-06-02T16:34:16.232Z
Ma Kalka Roadlines,+,3.7,3 Ratings,"Road Betora Industrial Estate, Goa",,08460386456,Transport Agents; Trailer Transporters,true,false,false,false,false,Transporters,Popular Transporters For Container,Mandya,2025-06-02T16:34:16.232Z
Harshavardhani Shipping Forwarding India Pvt. Ltd.,+,4.2,32 Ratings,"Armenian Street Parrys, Chennai",,09035530320,Cargo Service,true,false,false,true,true,Transporters,Popular Transporters For Container,Mandya,2025-06-02T16:34:16.232Z
Rapiditors Logistics,+,4.6,30 Ratings,"Iyyapanthangal Paraniputhur, Chennai",,07041643819,Domestic Courier; All India; Cargo Service,true,false,false,true,true,Transporters,Popular Transporters For Container,Mandya,2025-06-02T16:34:16.232Z
Lata Packers and Movers,L,4.4,20 Ratings,"Mj Nagar, Hospet",,07487906639,All India; Within City,true,false,false,false,true,Transporters,Popular Transporters For Container,Mandya,2025-06-02T16:34:16.232Z
C.H.D CHARY PACKERS AND MOVERS,C,5.0,5 Ratings,"Ramnagar Ramnagar Gundu, Hyderabad",,08867755734,Trucks On Rent,true,false,false,false,true,Transporters,Popular Transporters For Container,Mandya,2025-06-02T16:34:16.232Z
Aastik Maharaj Trader,+,5.0,1 Ratings,"Kukatpally Kukatpally, Hyderabad",,07411644350,Cargo Service; Tempos On Hire; Domestic Courier,true,false,false,false,false,Transporters,Popular Transporters For Container,Mandya,2025-06-02T16:34:16.233Z
KGN Transport & Logistics,+,4.2,32 Ratings,"Gandiguda Village Shadnagar, Mahabubnagar",,09054784995,International Courier; Trucks On Rent; Domestic Courier,true,false,false,false,true,Transporters,Popular Transporters For Container,Mandya,2025-06-02T16:34:16.233Z
Pranjal Transport Services,P,5.0,3 Ratings,"Ajanta Chowk Vilaspur, Satara",,09035047486,Transporters; Transporters For Pune,true,false,false,false,true,Transporters,Popular Transporters For Container,Mandya,2025-06-02T16:34:16.233Z
Bajrang Logistics,B,4.0,7 Ratings,"Waghale Estate Thane West, Thane",,08197576514,Animal Transportation; All India; Transportation,true,false,false,false,false,Transporters,Popular Transporters For Container,Mandya,2025-06-02T16:34:16.233Z
MAHAKAL TRANSPORT,M,5.0,1 Ratings,"Main Market Andheri West, Mumbai",,08401152926,Container Transport; Full Truck Load; Trailer Transport,true,false,false,false,true,Transporters,Popular Transporters For Container,Mandya,2025-06-02T16:34:16.233Z
Maharashtra Gujarat Roadline,+,4.2,186 Ratings,"Nashik Road Mumbai Central, Mumbai",,07405534931,Transporters For Pune; Transporters For Ahmedabad,true,false,false,false,true,Transporters,Popular Transporters For Container,Mandya,2025-06-02T16:34:16.233Z
Golden Heavy Load Transport,+,4.2,78 Ratings,"Athrva Complex Badlapur Ed, Thane",,08401197594,Electronic,true,false,false,false,true,Transporters,Popular Transporters For Container,Mandya,2025-06-02T16:34:16.233Z
Maa Laxmi Transport,+,4.3,521 Ratings,"New Link Road Andheri West, Mumbai",,08105375157,Transporters For Pune; Transporters For All India,true,false,false,false,true,Transporters,Popular Transporters For Container,Mandya,2025-06-02T16:34:16.233Z
Om Sai Transport,+,4.2,111 Ratings,"OG Road Bodhle Nagar, Nashik",,09724736012,GPS Tracking Available; Pay Ahead; Door to Door,true,false,false,false,true,Transporters,Popular Transporters For Container,Mandya,2025-06-02T16:34:16.233Z
Surya Roadlines,+,4.6,62 Ratings,"Post Chimbli Chakan, Pune",,07411641219,Transporters; Transporters For Mumbai,true,false,false,false,true,Transporters,Popular Transporters For Container,Mandya,2025-06-02T16:34:16.233Z
MAHABER TRANSPORT,+,5.0,1 Ratings,"Chauhan Complex Thane East, Thane",,08123202342,Transporters; Transporters For Pune,true,false,false,false,false,Transporters,Popular Transporters For Container,Mandya,2025-06-02T16:34:16.233Z
Maharaja Kuver Transport,+,4.3,158 Ratings,"Goregaon East, Mumbai",,07383113604,Trucks On Rent,true,false,false,true,true,Transporters,Popular Transporters For Container,Mandya,2025-06-02T16:34:16.233Z
Maa Kali Transport Company,+,3.5,2 Ratings,"Office No 23 Bhadrakali, Nashik",,09035245802,Containers On Rent; Transporters,true,false,false,false,false,Transporters,Popular Transporters For Container,Mandya,2025-06-02T16:34:16.233Z
Radhakrishna Logistic,+,2.3,3 Ratings,"Upendra Nagar Nashik MIDC, Nashik",,07383647068,Transporters; Logistic Services,true,false,false,false,true,Transporters,Popular Transporters For Container,Mandya,2025-06-02T16:34:16.233Z
Swami Samarth Transport Company,S,4.5,40 Ratings,"Heera Nagar Kalher, Bhiwandi",,08460516431,Trucks On Rent,true,false,false,false,true,Transporters,Popular Transporters For Container,Mandya,2025-06-02T16:34:16.233Z
South Indian Transport Company,+,3.7,13 Ratings,"Mankoli Road Bhiwandi City, Bhiwandi",,07041943753,Domestic Courier; Door to Door; Cargo Service,true,false,false,false,false,Transporters,Popular Transporters For Container,Mandya,2025-06-02T16:34:16.234Z
Vrltransport Services,+,3.6,10 Ratings,"Masjid Bunder, Mumbai",,09980763661,Electronic,true,false,false,false,true,Transporters,Popular Transporters For Container,Mandya,2025-06-02T16:34:16.234Z
Blr Logistics Ltd,B,4.4,65 Ratings,"Goregaon East, Mumbai",,08460544332,Transporters For Cargo; Exim Cargo Service; Cargo Service,true,false,false,true,true,Transporters,Popular Transporters For Container,Mandya,2025-06-02T16:34:16.234Z
JAI MAHAKAL TRANSPORT,+,4.9,4 Ratings,"Adgon Chandori, Nashik",,07405747937,Corporate Courier; Domestic Courier; Door to Door,true,false,false,false,true,Transporters,Popular Transporters For Container,Mandya,2025-06-02T16:34:16.234Z
Shyam Transport,S,4.0,73 Ratings,"Mahavir Nagar Kandivali West, Mumbai",,07405412431,Animal Transportation,true,false,false,true,true,Transporters,Popular Transporters For Container,Mandya,2025-06-02T16:34:16.234Z
One Source Logistics Pvt Ltd,+,3.6,32 Ratings,"Steel Market Kalamboli, Navi Mumbai",,09035200513,Trucks On Rent; Domestic Courier,true,false,false,false,false,Transporters,Popular Transporters For Container,Mandya,2025-06-02T16:34:16.234Z
Hyderabad Trans Cargo Logistics,+,3.9,16 Ratings,"Natraj Vapi Industrial Estate, Vapi",,09972309561,Electronic,true,false,false,false,false,Transporters,Popular Transporters For Container,Mandya,2025-06-02T16:34:16.234Z
Nagpur Guhawati Roadlines,N,3.5,6 Ratings,"Bhandara Road Surya Nagar, Nagpur",,07041481342,Trucks On Rent,true,false,false,false,false,Transporters,Popular Transporters For Container,Mandya,2025-06-02T16:34:16.235Z
Purohit Transport,+,4.0,107 Ratings,"Mishtan Bhandar Hinganghat, Wardha",,07383342134,Electronic,true,false,false,true,true,Transporters,Popular Transporters For Container,Mandya,2025-06-02T16:34:16.235Z
Chhattisgarh Transport Company,+,5.0,1 Ratings,"Block No 06 Rawabhata, Raipur-Chhattisgarh",,09008703673,Transporters For Full Truck Load; Transporters,true,false,false,false,false,Transporters,Popular Transporters For Container,Mandya,2025-06-02T16:34:16.235Z
Haryana West Bengal Roadlines,+,4.8,20 Ratings,"Transport Nagar Rawabhata, Raipur-Chhattisgarh",,08460472170,Delux Tempo; AC Tempo,true,false,false,false,true,Transporters,Popular Transporters For Container,Mandya,2025-06-02T16:34:16.235Z
Bombay Gujarat Roadline,+,4.2,500 Ratings,"Ahmedabad Road Ring Road, Surat",,07405799904,Trucks On Rent,true,false,false,false,true,Transporters,Popular Transporters For Container,Mandya,2025-06-02T16:34:16.235Z
Mp Odisha Roadline,M,4.1,44 Ratings,"Talab Wala Road Khajrana, Indore",,09054400161,Trucks On Rent,true,false,false,false,true,Transporters,Popular Transporters For Container,Mandya,2025-06-02T16:34:16.235Z
Sea Asia Shipping Services LLP,+,4.2,24 Ratings,"Khanpura Road Mandideep, Bhopal",,08197412493,,true,false,false,false,true,Transporters,Popular Transporters For Container,Mandya,2025-06-02T16:34:16.235Z
Admark Warehousing And Port Logistics Private Limited,+,4.2,19 Ratings,"Jetalpur Road Sayaji Ganj, Vadodara",,,International Courier,true,false,false,true,true,Transporters,Popular Transporters For Container,Mandya,2025-06-02T16:34:16.235Z
Ra Creation,<,4.9,53 Ratings,"2nd Cross Vidya Nagar, Mandya",,09054487418,Videography,true,true,false,true,true,Photographers,,Mandya,2025-06-02T16:36:46.000Z
C M Digital Studio,<,4.0,2 Ratings,"Keregodu Road Sathnur, Mandya",,08460220372,Videography,true,true,false,true,true,Photographers,,Mandya,2025-06-02T16:36:46.000Z
Dhruva Photography,<,3.0,2 Ratings,"M B M Road Mandya, Mandya",,08904986487,Videography,true,true,false,false,false,Photographers,,Mandya,2025-06-02T16:36:46.000Z
Nataraj Creations,<,4.9,200 Ratings,"Road Hosalli Ashok Nagar Mandya, Mandya",,08128154118,On Site Services; Videography,true,true,false,true,true,Photographers,,Mandya,2025-06-02T16:36:46.001Z
Cauvery Digital Lab,<,4.3,71 Ratings,"VV Road Vv Road, Mandya",,,Photo; Videography,true,true,false,true,true,Photographers,,Mandya,2025-06-02T16:36:46.001Z
Sri Vasavi Photography,<,5.0,152 Ratings,"Guthal Road Mehdavia Sadat Nagar, Mandya",,08488072143,Videography,true,true,false,false,true,Photographers,,Mandya,2025-06-02T16:36:46.002Z
Nidhi Photography,<,4.5,6 Ratings,"Vinobha Road Ashok Nagar Mandya, Mandya",,,Videography,true,true,false,false,true,Photographers,,Mandya,2025-06-02T16:36:46.002Z
Uma Digital Studio,<,4.9,48 Ratings,"Jain Street Jain Street, Mandya",,,Videography,true,true,false,false,true,Photographers,,Mandya,2025-06-02T16:36:46.002Z
Darshan Digital Studio,<,4.8,3 Ratings,"Mandya Road Km Doddi, Mandya",,,Videography,true,true,false,false,true,Photographers,,Mandya,2025-06-02T16:36:46.002Z
Karthik Digital Studio,<,4.8,27 Ratings,"VV Road Ashok Nagar Mandya, Mandya",,,Videography,true,true,false,false,true,Photographers,,Mandya,2025-06-02T16:36:46.002Z
Creative Designs & Event Rocker,+,4.6,5 Ratings,"Vent Ashok Nagar Mandya, Mandya",,,Banquet Hall Decoration; Videography,true,true,false,false,true,Photographers,,Mandya,2025-06-02T16:36:46.003Z
The Maarvel Studio,+,4.8,10 Ratings,"Market Basaveshwara Nagar, Bangalore",,08460204920,Videography,true,true,false,true,true,Photographers,,Mandya,2025-06-02T16:36:46.003Z
Vibhava Creations,+,4.5,345 Ratings,"Cross Rajajinagar Srirampuram, Bangalore",,09035152635,Videography,true,true,false,false,true,Photographers,,Mandya,2025-06-02T16:36:46.003Z
Nuclear Events,+,4.9,17 Ratings,"Subrub Vidyaranyapuram, Mysore",,08460255672,On Site Services; In Store Collect; Same Day Delivery,true,true,false,false,true,Photographers,,Mandya,2025-06-02T16:36:46.003Z
Independent Technologies,+,4.8,43 Ratings,"Kalyan Nagar Bandihalli, Chikmagalur",,,Irrigation System Dealers; Agricultural Equipment Dealers,true,true,false,true,true,Photographers,,Mandya,2025-06-02T16:36:46.004Z
Sree Durga Parameshwari Catering Service,+,4.5,15 Ratings,"Main Road Hanumantha Nagar, Bangalore",,,Home Delivery,true,true,false,false,true,Photographers,,Mandya,2025-06-02T16:36:46.004Z
Masters Event Management,+,4.5,85 Ratings,"Ward No 8 Town Hall Sqaure, Chickballapur",,,Event Organisers; Caterers,true,true,false,false,true,Photographers,,Mandya,2025-06-02T16:36:46.004Z
Rainbow Studio and Video,+,4.2,15 Ratings,"Main Road Kundapura, Udupi",,,Videography,true,true,false,false,true,Photographers,,Mandya,2025-06-02T16:36:46.004Z
Ork Studio And Video,+,5.0,153 Ratings,"Ramchandra Nagar Kamalanagar, Anantapur",,,Videography,true,true,false,false,true,Photographers,,Mandya,2025-06-02T16:36:46.004Z
Wedding Invitation Video Maker - Weditations (INDIA),+,4.3,52 Ratings,"Plot. No:01 Lingampally, Hyderabad",,08792492833,Invitation Video Makers; Photographers,true,true,false,false,true,Photographers,,Mandya,2025-06-02T16:36:46.004Z
Sr Events,+,4.4,18 Ratings,"Puduru Palakollu, West Godavari",,08460403938,Event Organisers; Caterers,true,true,false,false,true,Photographers,,Mandya,2025-06-02T16:36:46.005Z
Visualvid Creation,+,5.0,3 Ratings,"Tapovan Link Road Dwarka, Nashik",,08904584587,Videography,true,true,false,false,true,Photographers,,Mandya,2025-06-02T16:36:46.005Z
Enzoey.com,+,4.5,133 Ratings,Mumbai,,08488949380,,true,true,false,true,true,Photographers,,Mandya,2025-06-02T16:36:46.005Z
Aerizone,+,4.5,237 Ratings,"Hingna Road Parsodi, Nagpur",,08401032409,,true,true,false,true,true,Photographers,,Mandya,2025-06-02T16:36:46.005Z
Alpine Creation,+,3.9,261 Ratings,"Dadu Marg Barkat Nagar, Jaipur",,,Photographers; E Commerce Photographers,true,true,false,true,false,Photographers,,Mandya,2025-06-02T16:36:46.006Z
Sutter Count Photography,+,5.0,2 Ratings,"Rambag Road Chandausi Kaithal, Chandausi",,08460513665,Videography,true,true,false,false,true,Photographers,,Mandya,2025-06-02T16:36:46.006Z
Payal Studio Pvt Ltd,+,4.6,84 Ratings,"Circular Road Abohar, Abohar",,08050811895,Videography,true,true,false,false,true,Photographers,,Mandya,2025-06-02T16:36:46.006Z
Keshava Digital Studio,+,4.6,16 Ratings,"Hosahalli Mandya, Mandya",,,Videography,true,true,false,true,false,Photographers,,Mandya,2025-06-02T16:36:46.006Z
Varun Photopedia,+,5.0,6 Ratings,"Maddur Mandya, Mandya",,,Videography,true,true,false,false,true,Photographers,,Mandya,2025-06-02T16:36:46.006Z
Gowda Hitech Studio,+,4.9,182 Ratings,"Old MC Road Maddur Mandya, Mandya",,,Videography,true,true,false,false,true,Photographers,,Mandya,2025-06-02T16:36:46.006Z
Arjun Photography,+,4.9,142 Ratings,"6th Cross Subash Nagar Mandya, Mandya",,,Videography,true,true,false,false,true,Photographers,,Mandya,2025-06-02T16:36:46.006Z
Trendy Celebrations,+,4.5,60 Ratings,"Old Higway Srirangapatna, Srirangapatna",,,Event Organisers; Photographers,true,true,false,false,true,Photographers,,Mandya,2025-06-02T16:36:46.007Z
Kanasu Photography,K,4.8,50 Ratings,Mandya,,,Photographers,false,true,false,false,false,Photographers,,Mandya,2025-06-02T16:36:46.007Z
Newborn Memories Studio,+,4.9,48 Ratings,"100fi Road Mandya HO, Mandya",,,New Born Baby Photographers; Photographers,true,true,false,false,false,Photographers,,Mandya,2025-06-02T16:36:46.007Z
Konica Photo Studio,K,3.8,44 Ratings,"Ashok Nagar Ashok Nagar Mandya, Mandya",,,Videography,false,true,false,false,false,Photographers,,Mandya,2025-06-02T16:36:46.007Z
Within The Frame Photography,+,4.5,37 Ratings,"Gokulam Mysuru Hirekalale, Mandya",,,Photographers; Corporate Photographers,true,true,false,false,false,Photographers,,Mandya,2025-06-02T16:36:46.007Z
Eagle Eye Creators,E,4.8,33 Ratings,"Road Chamundeshwari Nagar Mandya, Mandya",,,Videography,true,true,false,false,false,Photographers,,Mandya,2025-06-02T16:36:46.007Z
Sanam studio,+,4.7,32 Ratings,"Second Main Road Mandya City, Mandya",,,Videography,true,true,false,false,false,Photographers,,Mandya,2025-06-02T16:36:46.007Z
Vinod Photography,+,4.5,26 Ratings,"Road Chamundeshwari Nagar Mandya, Mandya",,,Videography,true,true,false,false,false,Photographers,,Mandya,2025-06-02T16:36:46.007Z
Sri Vasavi Photography,S,5.0,22 Ratings,"Circle Mandya Guttalu Mandya, Mandya",,,Photographers,true,true,false,false,false,Photographers,,Mandya,2025-06-02T16:36:46.007Z
Sandeep Digital Studio,+,4.6,22 Ratings,"Bellur Bellur Mandya, Mandya",,,Photographers; Children Photographers,true,true,false,false,false,Photographers,,Mandya,2025-06-02T16:36:46.007Z
Sacchu Photography,S,4.8,21 Ratings,"Maddhur Maid Road Km Doddi, Mandya",,,Videography,true,true,false,false,false,Photographers,,Mandya,2025-06-02T16:36:46.008Z
Sachin Studio,S,4.7,19 Ratings,"Mellahalli, Mandya",,,Photographers; Photo Studios,true,true,false,false,false,Photographers,,Mandya,2025-06-02T16:36:46.008Z
Gumbaz Photo Point,G,4.3,14 Ratings,"Gumbaz Road Ganjam, Mandya",,,Photographers,false,true,false,false,false,Photographers,,Mandya,2025-06-02T16:36:46.008Z
Welcome Studio,W,3.6,16 Ratings,"Krishnarajapete, Mandya",,,Videography,true,true,false,false,false,Photographers,,Mandya,2025-06-02T16:36:46.008Z
Sharada Hd Studio,+,4.3,13 Ratings,"Nagamangala Road Krishnarajapete, Mandya",,,Videography,true,true,false,false,true,Photographers,,Mandya,2025-06-02T16:36:46.008Z
Dream Makers,+,4.6,12 Ratings,"1st Cross Vidya Nagar Mandya, Mandya",,,Videography,true,true,false,false,false,Photographers,,Mandya,2025-06-02T16:36:46.008Z
Karun Sri Photography,+,4.4,11 Ratings,"Guthal Road Gautaham Badavane, Mandya",,,Videography,true,true,false,false,false,Photographers,,Mandya,2025-06-02T16:36:46.008Z
Prince Creator's Creator,+,4.9,9 Ratings,"N M Road Pandavapura, Mandya",,,Videography,true,true,false,false,false,Photographers,,Mandya,2025-06-02T16:36:46.008Z
Sri Vinayaka Home Nursing Services,<,5.0,1 Ratings,"Gandhi Nagar Mandya, Mandya",,08460496262,Home Nursing Services; Patient Care Taker Services,true,true,false,false,true,Nursing Services,,Mandya,2025-06-02T16:37:50.812Z
V V Home Healthcare Service,<,4.9,19 Ratings,"Street Old Mc Road Mandya, Mandya",,08867891456,Home Nursing Services; Patient Care Taker Services,true,true,false,false,false,Nursing Services,,Mandya,2025-06-02T16:37:50.812Z
Jai Home Health Care,<,3.9,8 Ratings,"Ganapathypalayam, Tirupur",,08460267039,Home Nursing Services; Baby Sitting At Home,true,true,false,false,false,Nursing Services,,Mandya,2025-06-02T16:37:50.813Z
Mother Home Care Nursing And Nursing Aid Services,<,3.8,15 Ratings,"Basapura Biet, Davangere",,,Nursing services,true,true,false,true,false,Nursing Services,,Mandya,2025-06-02T16:37:50.813Z
Standard Group,<,4.0,218 Ratings,"Nellikai Road Nellikai Road, Mangalore",,,Overseas Placement,true,true,false,false,true,Nursing Services,,Mandya,2025-06-02T16:37:50.813Z
Ramesh Aili Home Care Service,<,4.4,25 Ratings,"Basaveshwar Nagar Gadag Betgeri, Gadag",,09972845472,Home Nursing Services; Nursing Services,true,true,false,false,true,Nursing Services,,Mandya,2025-06-02T16:37:50.814Z
Mahishi Trust Yoga and Naturopathy Hospital,<,4.7,336 Ratings,"Daddikamalpur Alnavar Road Mugad, Dharwad",,,,true,true,false,false,true,Nursing Services,,Mandya,2025-06-02T16:37:50.814Z
Health & Wellness Health Care Services(R),<,5.0,2 Ratings,"No 54 Shankar Nagar Mandya, Mandya",,,Home Nursing Services; Wheel Chair Dealers,true,true,false,false,true,Nursing Services,,Mandya,2025-06-02T16:37:50.814Z
Apollo Diagnostics,<,4.1,7 Ratings,"Vivekananda Road M C Road Mandya, Mandya",,,Charitable; Prenatal Check Up; Health Checkup Packages,true,true,false,false,true,Nursing Services,,Mandya,2025-06-02T16:37:50.815Z
Dr Lal Pathlabs,<,5.0,3 Ratings,"Kollegal Road Malavalli, Mandya",,,Health Checkup Packages; Charitable; Pre Employment Checkup Packages,true,true,false,false,true,Nursing Services,,Mandya,2025-06-02T16:37:50.815Z
Carewise Palliative and Elderly Nursing Services,C,5.0,3 Ratings,"Nehru Nagar Mandya, Mandya",,,Home Nursing Services; Institutions For Aged,true,true,false,false,true,Nursing Services,,Mandya,2025-06-02T16:37:50.816Z
Shri Krishna Industries,S,4.5,2 Ratings,"Malavalli Rural Malavalli, Mandya",,,Same Day Delivery,true,true,false,false,true,Nursing Services,,Mandya,2025-06-02T16:37:50.816Z
Mother Care Home Nursing Service,M,2.8,3 Ratings,"Nehru Nagar Mandya, Mandya",,,Home Nursing Services; Nursing Services,false,true,false,false,false,Nursing Services,,Mandya,2025-06-02T16:37:50.816Z
Surakshan Nursing Home,S,4.0,2 Ratings,"Sanjaya Theatre Maddur Mandya, Mandya",,,,false,true,false,false,false,Nursing Services,,Mandya,2025-06-02T16:37:50.816Z
Atreya Clinic,A,4.0,2 Ratings,"Bannur Road Mandya HO, Mandya",,,,false,true,false,false,false,Nursing Services,,Mandya,2025-06-02T16:37:50.817Z
SAI KUSHI DHAMA - Senior Citizen Care Campus,+,4.9,7 Ratings,"Kamanakerehundi Kamanakerehundi, Mysore",,08904930518,Institutions For Aged; Nursing Services,true,true,false,false,true,Nursing Services,,Mandya,2025-06-02T16:37:50.817Z
Sri Krishna Shanthi Dhama,+,4.3,25 Ratings,"Bannur Road Vajamangala, Mysore",,09980011584,Psychosocial Rehabilitation,true,true,false,true,true,Nursing Services,,Mandya,2025-06-02T16:37:50.817Z
Mathashree Home Nursing Helpline,+,4.9,8 Ratings,"Sathagalli B Zone Hanchya, Mysore",,,Nursing services,true,true,false,false,true,Nursing Services,,Mandya,2025-06-02T16:37:50.817Z
B K Nursing Care Center,+,4.3,24 Ratings,"Double Road Kuvempunagar, Mysore",,,Home Nursing Services For Bedridden; Nursing Homes,true,true,false,true,true,Nursing Services,,Mandya,2025-06-02T16:37:50.818Z
H Y Home Care And Home Nursing Service,+,4.8,7 Ratings,"Extension Narasimharaja Mohalla, Mysore",,,Home Nursing Services; Home Nursing Services For Senior Citizen,true,true,false,false,true,Nursing Services,,Mandya,2025-06-02T16:37:50.818Z
Home Care Nursing Services,+,3.5,4 Ratings,"#335 Saraswati Mysore, Mysore",,,Neonatal Nursing,true,true,false,false,false,Nursing Services,,Mandya,2025-06-02T16:37:50.818Z
Care Connect Home Service,+,5.0,25 Ratings,"Hampi Circle Yaraganahalli, Mysore",,,Home Nursing Services; Patient Care Taker Services,true,true,false,false,true,Nursing Services,,Mandya,2025-06-02T16:37:50.818Z
Shiva Nursing Service,+,4.3,3 Ratings,"Siddhartha Layout, Mysore",,,Nursing Services,true,true,false,false,false,Nursing Services,,Mandya,2025-06-02T16:37:50.818Z
We Care Consultancy Services,W,3.5,12 Ratings,"T N Pura Road Alanahalli, Mysore",,,Resume Building; Interview Room,true,true,false,false,false,Nursing Services,,Mandya,2025-06-02T16:37:50.818Z
Spandhana Public Trust,+,4.7,6 Ratings,"Ahimsa Marga Siddarthanagar, Mysore",,,Home Nursing Services; Senior Citizen Care Taker Services,true,true,false,false,true,Nursing Services,,Mandya,2025-06-02T16:37:50.819Z
Dr Lal Pathlabs,+,4.4,5 Ratings,"HUDCO Bennimantap, Mysore",,,Health Checkup Packages; Charitable; Pre Employment Checkup Packages,true,true,false,false,true,Nursing Services,,Mandya,2025-06-02T16:37:50.819Z
VARADHAANI Enterprise's,+,4.8,322 Ratings,"Vinaya Marga Siddarthanagar, Mysore",,08511714724,Home Nursing Services; Home Nursing Services For Senior Citizen,true,true,false,false,true,Nursing Services,,Mandya,2025-06-02T16:37:50.819Z
24Nu Health Services,2,4.6,5 Ratings,"2nd Cross Road Bannimantap, Mysore",,,Nursing Services,false,true,false,false,false,Nursing Services,,Mandya,2025-06-02T16:37:50.819Z
Dr Lal PathLabs,+,4.4,5 Ratings,"Mysore Road Bennimantap, Mysore",,,Health Checkup Packages; Charitable; Pre Employment Checkup Packages,true,true,false,false,true,Nursing Services,,Mandya,2025-06-02T16:37:50.819Z
Varuna Home Nursing Service,V,4.1,11 Ratings,"Metagalli, Mysore",,,Home Nursing Services; Home Nursing Services For Senior Citizen,true,true,false,false,true,Nursing Services,,Mandya,2025-06-02T16:37:50.819Z
T M N Home Nursing Services and Old Age Home,T,5.0,14 Ratings,"8th Main Road Gokulam 3rd Stage, Mysore",,09725756107,Home Nursing Services; Patient Care Taker Services,true,true,false,false,true,Nursing Services,,Mandya,2025-06-02T16:37:50.820Z
Das Home Nursing Services,+,4.6,85 Ratings,"Ashoka Road, Mysore",,08511655509,Home Nursing Services; Home Nursing Services For Senior Citizen,true,true,false,true,true,Nursing Services,,Mandya,2025-06-02T16:37:50.820Z
Ab2 Home Care Services,+,3.9,7 Ratings,"2nd & 4th Main Kumbara Koppal, Mysore",,08511468758,Home Nursing Services; Patient Care Taker Services,true,true,false,false,false,Nursing Services,,Mandya,2025-06-02T16:37:50.820Z
Hema Nursing Home,+,4.0,1 Ratings,"Nagar Channapatna Ramanagara, Channapatna",,,,true,true,false,false,false,Nursing Services,,Mandya,2025-06-02T16:37:50.820Z
Vikram Jeev Hospital O & M By Advika Hospital L L P,V,4.1,82 Ratings,"Vevekananda Road Yadavagiri, Mysore",,,,true,true,false,false,true,Nursing Services,,Mandya,2025-06-02T16:37:50.820Z
Clean Care India,C,2.8,3 Ratings,"Kumbara Koppal, Mysore",,,Home Nursing Services; Nursing Services,false,true,false,false,false,Nursing Services,,Mandya,2025-06-02T16:37:50.820Z
TAMARA Health Care & Old Age Home,+,4.9,237 Ratings,"KIADB Housing Layout Hebbal, Mysore",,08511628149,Nursing services,true,true,false,true,true,Nursing Services,,Mandya,2025-06-02T16:37:50.820Z
Retrocare Diagnostics,+,5.0,3 Ratings,"Vaari Complex Hebbal 1st Stage, Mysore",,,Health Checkup Packages,true,true,false,false,true,Nursing Services,,Mandya,2025-06-02T16:37:50.821Z
Dhruthi Med Services,+,4.8,125 Ratings,"Hebbal Hebbal, Mysore",,09054753984,Home Sample Collection,true,true,false,false,true,Nursing Services,,Mandya,2025-06-02T16:37:50.821Z
Manya Home Nursing Services And Administration Center,M,4.7,3 Ratings,"Kuvempu Nagara Mysore City, Mysore",,,Home Nursing Services; Home Nursing Services For Senior Citizen,true,true,false,false,true,Nursing Services,,Mandya,2025-06-02T16:37:50.821Z
Varuna Home Nursing Services,V,4.1,11 Ratings,"Hebbal Road Hebbal 1st Stage, Mysore",,,Home Nursing Services; Nursing Services,true,true,false,false,false,Nursing Services,,Mandya,2025-06-02T16:37:50.821Z
Protect Home Care Services,+,4.8,435 Ratings,"No 833 Gokulam 3rd Stage, Mysore",,,Home Nursing Services; Placement Services For Cook (For Employers),true,true,false,false,true,Nursing Services,,Mandya,2025-06-02T16:37:50.821Z
Ayushmaan Elders Paradise,+,4.8,58 Ratings,"KIADB Layout Hebbal, Mysore",,08511473014,Home Nursing Services; Institutions For Aged,true,true,false,false,true,Nursing Services,,Mandya,2025-06-02T16:37:50.821Z
Ayushmaan Health Care,+,4.5,208 Ratings,"Hebbal 3rd Stage Hebbal, Mysore",,07383524649,Home Nursing Services; Patient Care Taker Services,true,true,false,true,true,Nursing Services,,Mandya,2025-06-02T16:37:50.822Z
Shiridi Sai Home Nursing,S,3.3,28 Ratings,"Thyagaraja Road Kr Mohalla, Mysore",,,Home Nursing Services; Nursing Services,false,true,false,false,false,Nursing Services,,Mandya,2025-06-02T16:37:50.822Z
Ayushmaan Health Care,+,4.5,208 Ratings,"Citb Choultry Main Road Hebbal, Mysore",,08123678324,Home Nursing Services; Home Nursing Services For Senior Citizen,true,true,false,false,true,Nursing Services,,Mandya,2025-06-02T16:37:50.822Z
Apollo Diagnostics,+,4.2,54 Ratings,"Ramanujan Road Agrahara, Mysore",,,Charitable; Health Checkup Packages; Prenatal Check Up,true,true,false,false,true,Nursing Services,,Mandya,2025-06-02T16:37:50.822Z
Sri Sai Facility Services and Sri Sai Rehablitacion Center,+,3.6,17 Ratings,"2nd Stage Hebbal, Mysore",,09035287913,Home Nursing Services; Placement Services (For Employers),true,true,false,false,false,Nursing Services,,Mandya,2025-06-02T16:37:50.822Z
Arpitha Home Nursing Care,+,4.8,55 Ratings,"Veenesheshanna Road Kr Mohalla, Mysore",,,Home Nursing Services; Patient Care Taker Services,true,true,false,false,true,Nursing Services,,Mandya,2025-06-02T16:37:50.822Z
Ra Creation,<,4.9,53 Ratings,"2nd Cross Vidya Nagar, Mandya",,09054487418,Videography,true,false,false,true,true,Reliable Printing Services,,Mandya - Quality You Can Trust,2025-06-02T16:39:04.924Z
Ganesha Big Prints Mandya,<,4.2,46 Ratings,"2nd Cross Ashok Nagar Mandya, Mandya",,07383446743,Flex; Digital,true,false,false,false,true,Reliable Printing Services,,Mandya - Quality You Can Trust,2025-06-02T16:39:04.924Z
Anitha Enterprises,<,5.0,16 Ratings,"Vivekanda Nagar Maddur Mandya, Mandya",,08401232785,Photo; Digital,true,false,false,false,true,Reliable Printing Services,,Mandya - Quality You Can Trust,2025-06-02T16:39:04.924Z
Chandan Printers,<,4.8,5 Ratings,"Railway Station Road Jain Street, Mandya",,,Book,true,false,false,true,true,Reliable Printing Services,,Mandya - Quality You Can Trust,2025-06-02T16:39:04.924Z
Cauvery Digital Lab,<,4.3,71 Ratings,"VV Road Vv Road, Mandya",,,Photo; Videography,true,false,false,true,true,Reliable Printing Services,,Mandya - Quality You Can Trust,2025-06-02T16:39:04.924Z
Sri Bhairaveshwara Big Print,<,3.5,2 Ratings,"Nagamangala Road Anekere Beedi, Mandya",,08460306758,Digital; Flex,true,false,false,false,false,Reliable Printing Services,,Mandya - Quality You Can Trust,2025-06-02T16:39:04.924Z
Sri Udaya Printers,<,4.5,53 Ratings,"Old M.C. Road Maddur Mandya, Mandya",,,Book; Photo; Same Day Delivery,true,false,false,true,true,Reliable Printing Services,,Mandya - Quality You Can Trust,2025-06-02T16:39:04.924Z
Mandya Big Print,<,4.1,44 Ratings,"R.P. Road R P Road Mandya, Mandya",,,Flex; Digital; In Store Collect,true,false,false,false,true,Reliable Printing Services,,Mandya - Quality You Can Trust,2025-06-02T16:39:04.924Z
Creative Digital Image,<,4.2,30 Ratings,"Branch In Maddur Subash Nagar, Mandya",,,Digital; Flex,true,false,false,true,true,Reliable Printing Services,,Mandya - Quality You Can Trust,2025-06-02T16:39:04.924Z
TeeShop,<,5.0,20 Ratings,"Road Chamundeshwari Nagar Mandya, Mandya",,,Printing Services; DTF Printing Services,true,false,false,false,true,Reliable Printing Services,,Mandya - Quality You Can Trust,2025-06-02T16:39:04.924Z
Skillfern Multimedia,+,4.9,17 Ratings,"100 FT Road vidya nagar, Mandya",,,Digital; Flex,true,false,false,false,true,Reliable Printing Services,,Mandya - Quality You Can Trust,2025-06-02T16:39:04.924Z
Sharada Printing Press,S,3.7,7 Ratings,"Sh 33 Malavalli, Mandya",,,Printing Press; Printing Services,true,false,false,false,false,Reliable Printing Services,,Mandya - Quality You Can Trust,2025-06-02T16:39:04.924Z
V K Technologies,V,4.3,6 Ratings,"Ashoka Nagar Mandya, Mandya",,,Printing Services; Printer Cartridge Ink Refilling,true,false,false,false,false,Reliable Printing Services,,Mandya - Quality You Can Trust,2025-06-02T16:39:04.925Z
Jyoti Paper Mart & Printers,J,4.6,5 Ratings,"Halagur, Mandya",,,Printing Services,false,false,false,false,false,Reliable Printing Services,,Mandya - Quality You Can Trust,2025-06-02T16:39:04.925Z
Balaji Arts,+,4.2,5 Ratings,"Bata Showroom Vidya Nagar Mandya, Mandya",,,Acrylic Name Plate Dealers; Printing Services,true,false,false,false,true,Reliable Printing Services,,Mandya - Quality You Can Trust,2025-06-02T16:39:04.925Z
Shivu Digital Arts,S,5.0,4 Ratings,"TM Road Bellur Mandya, Mandya",,,Digital; Flex,true,false,false,false,false,Reliable Printing Services,,Mandya - Quality You Can Trust,2025-06-02T16:39:04.925Z
Vasavi Printers,V,5.0,4 Ratings,"Railway Old MC Road Mandya, Mandya",,,Photo,true,false,false,false,false,Reliable Printing Services,,Mandya - Quality You Can Trust,2025-06-02T16:39:04.925Z
Jyothi Pepar Mart And Printers,J,4.5,4 Ratings,"B G Complex Halagur, Mandya",,,Printing Services,false,false,false,false,false,Reliable Printing Services,,Mandya - Quality You Can Trust,2025-06-02T16:39:04.925Z
Manju Xerox,M,4.5,4 Ratings,"Madenahally Madenahalli, Mandya",,,Printing Services,false,false,false,false,false,Reliable Printing Services,,Mandya - Quality You Can Trust,2025-06-02T16:39:04.925Z
Bhairaweshara Printers & Matha Big Flex Prints,B,4.5,4 Ratings,"Ambedkar Main Road Bellur Mandya, Mandya",,,Printing Services,true,false,false,false,false,Reliable Printing Services,,Mandya - Quality You Can Trust,2025-06-02T16:39:04.925Z
Maddur Big Prints,M,4.2,4 Ratings,"Madduru, Mandya",,,Printing Services,true,false,false,false,false,Reliable Printing Services,,Mandya - Quality You Can Trust,2025-06-02T16:39:04.925Z
Sri Ranga Digital Prints,S,3.3,5 Ratings,"B.M. Road Nagamangala, Mandya",,,Flex,true,false,false,false,false,Reliable Printing Services,,Mandya - Quality You Can Trust,2025-06-02T16:39:04.925Z
Id Card The Identity Maker,I,4.3,3 Ratings,"Karaswadi Road, Mandya",,,Printing Services,true,false,false,false,false,Reliable Printing Services,,Mandya - Quality You Can Trust,2025-06-02T16:39:04.925Z
Hd Big Print Lab,H,4.3,3 Ratings,"Mysore Road Malavalli, Mandya",,,Printing Services,false,false,false,false,false,Reliable Printing Services,,Mandya - Quality You Can Trust,2025-06-02T16:39:04.925Z
Sri Parvathi Design Makers,S,4.3,3 Ratings,"Kanakapura Road Malavalli, Mandya",,,Printing Services,true,false,false,false,false,Reliable Printing Services,,Mandya - Quality You Can Trust,2025-06-02T16:39:04.925Z
Ajad Print Service,A,4.3,3 Ratings,"Kasuvanahalli Palagrahara, Mandya",,,Printing Services,false,false,false,false,false,Reliable Printing Services,,Mandya - Quality You Can Trust,2025-06-02T16:39:04.925Z
Svm Digital Big Prints,+,4.0,3 Ratings,"BM Road M C Road Mandya, Mandya",,,Digital; Flex,true,false,false,false,false,Reliable Printing Services,,Mandya - Quality You Can Trust,2025-06-02T16:39:04.925Z
Karnataka Printers,K,5.0,2 Ratings,"Pandavapura, Mandya",,,Printing Services,true,false,false,false,false,Reliable Printing Services,,Mandya - Quality You Can Trust,2025-06-02T16:39:04.925Z
Srinidhi Computer And Printers,+,5.0,2 Ratings,"Ashok Nagar, Mandya",,,Banner Printing Services; Printing Services,true,false,false,false,false,Reliable Printing Services,,Mandya - Quality You Can Trust,2025-06-02T16:39:04.925Z
Suman Arts & Add's,+,5.0,2 Ratings,"Vv Nagar 19th Cross Kallahalli, Mandya",,,Flex,true,false,false,false,false,Reliable Printing Services,,Mandya - Quality You Can Trust,2025-06-02T16:39:04.925Z
Bhyrava Computers,+,3.3,3 Ratings,"Apmc Road Kallahalli, Mandya",,,Computer Repair,true,false,false,false,false,Reliable Printing Services,,Mandya - Quality You Can Trust,2025-06-02T16:39:04.925Z
Diamond Kannada TV,+,3.3,3 Ratings,"100feet Road Vidya Nagar Mandya, Mandya",,,Flex,true,false,false,false,false,Reliable Printing Services,,Mandya - Quality You Can Trust,2025-06-02T16:39:04.925Z
Om Enterprises,O,4.8,2 Ratings,"R P Road Mandya, Mandya",,,Digital,true,false,false,false,false,Reliable Printing Services,,Mandya - Quality You Can Trust,2025-06-02T16:39:04.925Z
Thibbadevi Big Prints,+,4.5,2 Ratings,"Nagamangala Road Mandya HO, Mandya",,,Digital; Flex,true,false,false,true,false,Reliable Printing Services,,Mandya - Quality You Can Trust,2025-06-02T16:39:04.925Z
Ideal Offset Printers,I,4.5,2 Ratings,"Slj Temple St Agrahara Mandya, Mandya",,,Flex,true,false,false,false,false,Reliable Printing Services,,Mandya - Quality You Can Trust,2025-06-02T16:39:04.925Z
Dileep Digital Printers,D,4.5,2 Ratings,"Mandya Main Road Pandavapura, Mandya",,,Digital; Flex,true,false,false,false,false,Reliable Printing Services,,Mandya - Quality You Can Trust,2025-06-02T16:39:04.925Z
Siri Creationz And Siri Big Printz,S,4.0,2 Ratings,Mandya,,,Printing Services,true,false,false,false,false,Reliable Printing Services,,Mandya - Quality You Can Trust,2025-06-02T16:39:04.925Z
Bhagyodaya Offset Printer,+,4.0,2 Ratings,"R P Road Subash Nagar Mandya, Mandya",,,Book,true,false,false,false,false,Reliable Printing Services,,Mandya - Quality You Can Trust,2025-06-02T16:39:04.925Z
Indeevara Printers,I,4.0,2 Ratings,"Bm Road Nagamangala, Mandya",,,Photo; Same Day Delivery,true,false,false,false,false,Reliable Printing Services,,Mandya - Quality You Can Trust,2025-06-02T16:39:04.925Z
Bhairaveshwar Big Prints Sunilkumarb,B,4.0,2 Ratings,"M Road Bharathinagar, Mandya",,,Printing Services,true,false,false,false,false,Reliable Printing Services,,Mandya - Quality You Can Trust,2025-06-02T16:39:04.925Z
Gowriputra Enterprises (Printing & Gift Zone),G,4.0,2 Ratings,"Main Road, Mandya",,,Printing Services,false,false,false,false,false,Reliable Printing Services,,Mandya - Quality You Can Trust,2025-06-02T16:39:04.925Z
Ganesha Big Prints,G,4.0,2 Ratings,"Double Road Ashok Nagar Mandya, Mandya",,,Banner Printing Services; Printing Services,true,false,false,false,false,Reliable Printing Services,,Mandya - Quality You Can Trust,2025-06-02T16:39:04.925Z
Sri Kumar Printers,+,4.0,2 Ratings,"Nagamangala, Mandya",,,Photo,false,false,false,false,false,Reliable Printing Services,,Mandya - Quality You Can Trust,2025-06-02T16:39:04.925Z
Suguna Enterprises,S,4.0,2 Ratings,"Maddur Maddur Mandya, Mandya",,,Printing Services,false,false,false,false,false,Reliable Printing Services,,Mandya - Quality You Can Trust,2025-06-02T16:39:04.925Z
Shree Raghavendra Printers,+,3.8,2 Ratings,"Railway Old MC Road Mandya, Mandya",,,Book,true,false,false,false,false,Reliable Printing Services,,Mandya - Quality You Can Trust,2025-06-02T16:39:04.926Z
Mega Print,M,3.0,2 Ratings,"Sh 19 Nagamangala, Mandya",,,Same Day Delivery,true,false,false,false,false,Reliable Printing Services,,Mandya - Quality You Can Trust,2025-06-02T16:39:04.926Z
Shuja Arts,S,2.5,2 Ratings,"Nagamangala Taulk Nagamangala, Mandya",,,Flex,true,false,false,false,false,Reliable Printing Services,,Mandya - Quality You Can Trust,2025-06-02T16:39:04.926Z
Basava Big Prints,B,5.0,1 Ratings,"R P Road Subash Nagar Mandya, Mandya",,,Digital; Flex,true,false,false,false,false,Reliable Printing Services,,Mandya - Quality You Can Trust,2025-06-02T16:39:04.926Z
J.L.N.Printers,J,5.0,1 Ratings,"Mandya Vidya Nagar Mandya, Mandya",,,Printing Services,true,false,false,false,false,Reliable Printing Services,,Mandya - Quality You Can Trust,2025-06-02T16:39:04.926Z
Udyogavahini.com,<,4.3,132 Ratings,Mandya,,,Placement Services (Candidate); Placement Services For Security Staff (Candidate),true,false,false,false,true,Placement Services Candidate,,Mandya,2025-06-02T16:40:27.301Z
Disha Management Consultant,<,3.7,104 Ratings,"100 Feet Road Vidya Nagar Mandya, Mandya",,,Overseas Placement,true,false,false,false,true,Placement Services Candidate,,Mandya,2025-06-02T16:40:27.302Z
Amulya Solutions,<,3.8,11 Ratings,"Baburayanakoppal, Mandya",,,Placement Services (Candidate),true,false,false,false,false,Placement Services Candidate,,Mandya,2025-06-02T16:40:27.302Z
Unique Space,<,4.1,10 Ratings,"cross sehineeru kola Mandya HO, Mandya",,,Placement Services (Candidate); Placement Services For Marketing Executive (Candidate),true,false,false,false,true,Placement Services Candidate,,Mandya,2025-06-02T16:40:27.302Z
Ideal Groups,<,3.2,10 Ratings,"Bus Stand Road, Mandya",,,Placement Services (Candidate),true,false,false,false,false,Placement Services Candidate,,Mandya,2025-06-02T16:40:27.302Z
Invicta Man Power,<,4.2,6 Ratings,"Vinobha Road Subash Nagar Mandya, Mandya",,,Interview Room,true,false,false,false,true,Placement Services Candidate,,Mandya,2025-06-02T16:40:27.302Z
Global rider solution,<,4.4,5 Ratings,"Main Road Srirangapatna, Srirangapatna",,,Placement Services (Candidate); Placement Services For Driver (Candidate),true,false,false,false,true,Placement Services Candidate,,Mandya,2025-06-02T16:40:27.302Z
Vrefers Pvt Ltd,<,4.3,4 Ratings,Mandya,,,Placement Services (Candidate),false,false,false,false,true,Placement Services Candidate,,Mandya,2025-06-02T16:40:27.303Z
Kayakayogi Udyoga Mahithi Kendra,<,3.5,4 Ratings,"Rp Road Vidya Nagar Mandya, Mandya",,,Placement Services (Candidate),true,false,false,false,false,Placement Services Candidate,,Mandya,2025-06-02T16:40:27.303Z
Indira Enterprises,<,3.0,4 Ratings,"4th Cross Mandya, Mandya",,,Placement Services (Candidate); Placement Services For Security Staff (Candidate),true,false,false,false,false,Placement Services Candidate,,Mandya,2025-06-02T16:40:27.303Z
Jeevan Jyothi,J,3.8,2 Ratings,"5th Cross Nehru Nagar Mandya, Mandya",,,Placement Services (Candidate); Placement Services For Driver (Candidate),true,false,false,false,false,Placement Services Candidate,,Mandya,2025-06-02T16:40:27.303Z
Shree Giri Solutions,S,3.0,2 Ratings,"T Narasipura Chiduravalli, Mysore",,,Placement Services (Candidate); Placement Services For Part Time Job (Candidate),true,false,false,false,false,Placement Services Candidate,,Mandya,2025-06-02T16:40:27.303Z
Kawakami Overseas Placement,K,4.0,4 Ratings,"Azeez Sait Nagar, Mysore",,,Placement Services (Candidate),false,false,false,false,false,Placement Services Candidate,,Mandya,2025-06-02T16:40:27.304Z
Ja Consulting,+,4.0,21 Ratings,"Devanur Layout Rajivnagar, Mysore",,,Placement Services (Candidate); Placement Services For IT Industry (Candidate),true,false,false,false,false,Placement Services Candidate,,Mandya,2025-06-02T16:40:27.304Z
Navaneeth Home Maid & Job Services,N,5.0,2 Ratings,"Badavane Mysore-570019 Sathgalli, Mysore",,,Placement Services (Candidate); Placement Services (For Employers),true,false,false,false,true,Placement Services Candidate,,Mandya,2025-06-02T16:40:27.304Z
For Ur Service,+,4.7,232 Ratings,"Stage Rajiv Nagar Rajivnagar, Mysore",,,Placement Services (Candidate); Placement Services (For Employers),true,false,false,false,true,Placement Services Candidate,,Mandya,2025-06-02T16:40:27.304Z
Len International Associates,L,3.5,2 Ratings,"# 67 Raghavendra Nagar, Mysore",,,Interview Room; Offers Training Program; Provides Recruitment Logistics,true,false,false,false,false,Placement Services Candidate,,Mandya,2025-06-02T16:40:27.304Z
Tog 10,T,4.3,3 Ratings,"Ghousia Nagar, Mysore",,,Placement Services (Candidate); Placement Services (For Employers),true,false,false,false,true,Placement Services Candidate,,Mandya,2025-06-02T16:40:27.304Z
100 Placement Mysore,1,4.2,4 Ratings,"Bannur Road Devegowda Circle, Mysore",,,Placement Services (Candidate),true,false,false,false,true,Placement Services Candidate,,Mandya,2025-06-02T16:40:27.304Z
Karnataka Man Power Solution,+,4.7,3 Ratings,"main road Raghavendra Nagar, Mysore",,,Placement Services (Candidate),true,false,false,false,false,Placement Services Candidate,,Mandya,2025-06-02T16:40:27.305Z
Infotech Computer Training Center,I,3.7,5 Ratings,"Bannur Road Yaraganahalli, Mysore",,,Overseas Placement,true,false,false,false,false,Placement Services Candidate,,Mandya,2025-06-02T16:40:27.305Z
We Care Consultancy Services,W,3.5,12 Ratings,"T N Pura Road Alanahalli, Mysore",,,Resume Building; Interview Room,true,false,false,false,false,Placement Services Candidate,,Mandya,2025-06-02T16:40:27.305Z
V S Global Technologies and Solution,V,3.9,277 Ratings,"4th Cross Udayagiri, Mysore",,,Placement Services (Candidate); Placement Services (For Employers),true,false,false,false,false,Placement Services Candidate,,Mandya,2025-06-02T16:40:27.305Z
Yesj It Expert Pvt Ltd,Y,4.0,2 Ratings,"Marga 2nd Stage Siddarthanagar, Mysore",,,Advisory; Advisory For International,true,false,false,false,false,Placement Services Candidate,,Mandya,2025-06-02T16:40:27.305Z
Career Prime,C,4.3,2 Ratings,"Hebbal Industrial Area Metagalli, Mysore",,,Placement Services (Candidate),false,false,false,false,false,Placement Services Candidate,,Mandya,2025-06-02T16:40:27.306Z
Auto Consultant & Services,A,3.0,1 Ratings,"Banni Mantap, Mysore",,,Placement Services (Candidate),false,false,false,false,false,Placement Services Candidate,,Mandya,2025-06-02T16:40:27.306Z
Professional Consultants,P,3.5,1 Ratings,"No.266/A Brindavan Extension, Mysore",,,Placement Services (Candidate); Placement Services (For Employers),false,false,false,false,false,Placement Services Candidate,,Mandya,2025-06-02T16:40:27.306Z
Wisdomjobs.com,+,3.9,34 Ratings,Mysore,,,Placement Services (Candidate); Placement Services For Driver (Candidate),false,false,false,false,false,Placement Services Candidate,,Mandya,2025-06-02T16:40:27.306Z
Galaxy Marketing,G,5.0,2 Ratings,"No.365/7 Mysore Ho, Mysore",,,Placement Services (Candidate),true,false,false,false,true,Placement Services Candidate,,Mandya,2025-06-02T16:40:27.306Z
A K Consultant (Wrng),A,5.0,1 Ratings,"Chamaraja Double Road Mysore HO, Mysore",,,Placement Services (Candidate); Placement Services (For Employers),false,false,false,false,false,Placement Services Candidate,,Mandya,2025-06-02T16:40:27.306Z
Midconsoft,M,3.5,2 Ratings,"Devaraj Urs Road, Mysore",,,Placement Services (Candidate); Placement Services For Driver (Candidate),true,false,false,false,false,Placement Services Candidate,,Mandya,2025-06-02T16:40:27.306Z
J C Tech,J,4.5,2 Ratings,"Krs Rd Metagalli, Mysore",,,Placement Services (Candidate); Placement Services (For Employers),false,false,false,false,false,Placement Services Candidate,,Mandya,2025-06-02T16:40:27.307Z
Rakesh Drivers,R,4.6,42 Ratings,"CIPET COLLEGE ROAD Hebbal, Mysore",,,Placement Services (Candidate); Placement Services For Driver (Candidate),true,false,false,false,true,Placement Services Candidate,,Mandya,2025-06-02T16:40:27.307Z
Rakesh Placements & Realtors,R,4.8,33 Ratings,"Cipet College Road Hebbal, Mysore",,,Placement Services (Candidate); Placement Services (For Employers),true,false,false,false,true,Placement Services Candidate,,Mandya,2025-06-02T16:40:27.307Z
Sridharan,S,4.0,2 Ratings,"New Street Indiranagar, Mysore",,,Placement Services (Candidate); Placement Services For Part Time Job (Candidate),false,false,false,false,false,Placement Services Candidate,,Mandya,2025-06-02T16:40:27.307Z
Coorg S2 Group,C,3.5,11 Ratings,"1st Cross Yadavagiri, Mysore",,,Overseas Placement,true,false,false,false,false,Placement Services Candidate,,Mandya,2025-06-02T16:40:27.307Z
Elite India Services,E,5.0,1 Ratings,"Byraveshwara Nagar Hebbal, Mysore",,,Placement Services (Candidate); Placement Services For Driver (Candidate),true,false,false,false,true,Placement Services Candidate,,Mandya,2025-06-02T16:40:27.307Z
B N B Consultation Centre,B,4.5,1 Ratings,"I M A Building Sayyaji Rao Road, Mysore",,,Placement Services (Candidate),false,false,false,false,false,Placement Services Candidate,,Mandya,2025-06-02T16:40:27.307Z
SRI Manjunatha Enterprises & Data Solutions,+,4.0,15 Ratings,"Lokanayakanagara, Mysore",,,Resume Building,true,false,false,false,true,Placement Services Candidate,,Mandya,2025-06-02T16:40:27.307Z
S.M Data Solutions,S,4.4,34 Ratings,"Basavanagudi Hebbal, Mysore",,,,true,false,false,false,true,Placement Services Candidate,,Mandya,2025-06-02T16:40:27.308Z
The Railway Employees Co Operative Society,T,4.3,3 Ratings,"2nd Main Road Yadavagiri, Mysore",,,Placement Services (Candidate),true,false,false,false,true,Placement Services Candidate,,Mandya,2025-06-02T16:40:27.308Z
S P Enterprises,+,5.0,2 Ratings,"Hebbal Main Road Hebbal, Mysore",,,Home Security Guard,true,false,false,false,true,Placement Services Candidate,,Mandya,2025-06-02T16:40:27.308Z
Pride Hr Solutions,+,4.1,585 Ratings,"SBI Main Road Hebbal, Mysore",,,Placement Services (Candidate),true,false,false,false,true,Placement Services Candidate,,Mandya,2025-06-02T16:40:27.308Z
GROW Mysore,+,4.0,85 Ratings,"JAGANMOHANA PALACE Kr Mohalla, Mysore",,,Provides Recruitment Logistics; Offers Training Program; Interview Room,true,false,false,false,true,Placement Services Candidate,,Mandya,2025-06-02T16:40:27.308Z
Sri Cauvery Enterprises,S,3.5,2 Ratings,"Mahadeshwara Badavane Layout, Mysore",,,Placement Services (Candidate); Labour Contractors,true,false,false,false,false,Placement Services Candidate,,Mandya,2025-06-02T16:40:27.308Z
Seshadri Enterprises,S,4.5,1 Ratings,"66 Road Hebbal, Mysore",,,Placement Services (Candidate); Placement Services (For Employers),true,false,false,false,true,Placement Services Candidate,,Mandya,2025-06-02T16:40:27.308Z
Gnosis Institution,+,5.0,3 Ratings,"1st Main Road Gokulam 2nd Stage, Mysore",,,Placement Services (Candidate); Placement Services For Driver (Candidate),true,false,false,false,true,Placement Services Candidate,,Mandya,2025-06-02T16:40:27.309Z
Komal Enterprises,K,3.0,1 Ratings,"Railway Layout Vijaynagar Mysore, Mysore",,,Placement Services (Candidate); Manpower Suppliers,true,false,false,false,false,Placement Services Candidate,,Mandya,2025-06-02T16:40:27.309Z
Prime Consultancy Services,P,4.0,151 Ratings,"Rama Vilas Road Kr Mohalla, Mysore",,,Overseas Placement,true,false,false,false,true,Placement Services Candidate,,Mandya,2025-06-02T16:40:27.309Z
I Care Pest Control,<,5.0,1 Ratings,"Station Road Ashok Nagar Mandya, Mandya",,08460497605,24 Hours,true,true,false,false,true,Trusted Pest Control Services,,Mandya,2025-06-02T16:41:32.948Z
Pqgs Solutions Opc Pvt Ltd,<,4.0,14 Ratings,"Kacharakana Halli Hbr Layout, Bangalore",,09035175226,24 Hours,true,true,false,true,true,Trusted Pest Control Services,,Mandya,2025-06-02T16:41:32.948Z
Southland Group Of Companies,<,4.2,115 Ratings,"PAPPANAICKENPALAYAM Gandhipuram, Coimbatore",,07022607720,Waterproofing; Wall Tiles,true,true,false,true,true,Trusted Pest Control Services,,Mandya,2025-06-02T16:41:32.949Z
Fumigation Services Pvt Ltd,<,4.3,122 Ratings,"Buddu Street Parrys, Chennai",,08460425863,Residential Pest Control Services; Pest Control Services,true,true,false,false,true,Trusted Pest Control Services,,Mandya,2025-06-02T16:41:32.949Z
Transparent Pest Control,<,4.6,55 Ratings,"Sanmarg Nagar Airport Road Hubli, Hubli",,08401209692,24 Hours,true,true,false,true,true,Trusted Pest Control Services,,Mandya,2025-06-02T16:41:32.949Z
Misckin Pest Management Co,<,4.8,177 Ratings,"Gunj Road Gunj Road Raichur, Raichur",,08460536134,Commercial Pest Control Services; Waterproofing Contractors,true,true,false,true,true,Trusted Pest Control Services,,Mandya,2025-06-02T16:41:32.950Z
Ingle Pest Control,<,4.1,45 Ratings,"Jain Colony Ekta Nagar Karond, Bhopal",,08401133470,,true,true,false,true,true,Trusted Pest Control Services,,Mandya,2025-06-02T16:41:32.950Z
Total Solution & Pest Control Service,<,4.8,"1,089 Ratings","M G Road Bhawar Kuan, Indore",,08511358979,24 Hours,true,true,false,true,true,Trusted Pest Control Services,,Mandya,2025-06-02T16:41:32.951Z
City Clap,<,4.0,652 Ratings,"Main Road Namkum, Ranchi",,,,true,true,false,true,true,Trusted Pest Control Services,,Mandya,2025-06-02T16:41:32.951Z
Active Pest Control,<,4.5,8 Ratings,"Prakash Nagar Krishna Nagar, Mathura",,08401673962,Fumigant Wholesalers; Pest Control Services,true,true,false,false,true,Trusted Pest Control Services,,Mandya,2025-06-02T16:41:32.951Z
Kiran Pest Control,K,5.0,2 Ratings,"Saptagiri BSK Bangalore, Mysore",,,24 Hours,true,true,false,false,true,Trusted Pest Control Services,,Mandya,2025-06-02T16:41:32.952Z
Green INDIA Herbal Pest Control,+,4.6,14 Ratings,"Siddhartha Layout, Mysore",,,Commercial Pest Control Services; Pest Control Services,true,true,false,false,true,Trusted Pest Control Services,,Mandya,2025-06-02T16:41:32.952Z
Maruthi Pest Control Service,+,4.5,14 Ratings,"100 Fit Road Kr Mohalla, Mysore",,09972944299,24 Hours,true,true,false,false,true,Trusted Pest Control Services,,Mandya,2025-06-02T16:41:32.952Z
Heritage Pest Solutions,+,4.7,29 Ratings,"Main Road Lashkar Mohalla, Mysore",,06366959768,Commercial Pest Control Services; Pest Control Services,true,true,false,false,true,Trusted Pest Control Services,,Mandya,2025-06-02T16:41:32.952Z
Raghavendra Pest Control Services,+,4.5,12 Ratings,"Road Narayan Shastri Road, Mysore",,08511136285,Commercial Pest Control Services; Pest Control Services,true,true,false,true,true,Trusted Pest Control Services,,Mandya,2025-06-02T16:41:32.952Z
Hygiene Pest Control,+,4.9,247 Ratings,"Devmani Agrahara Agrahara, Mysore",,08511315773,Commercial Pest Control Services; Pest Control Services,true,true,false,true,true,Trusted Pest Control Services,,Mandya,2025-06-02T16:41:32.952Z
Raghavendra Pest Control Services,+,4.5,41 Ratings,"Raghavendra Mutt N S Road, Mysore",,08511155349,Pre Construction Pest Control Services; Pest Control Services,true,true,false,true,true,Trusted Pest Control Services,,Mandya,2025-06-02T16:41:32.952Z
Indoor Pest Control,+,4.9,69 Ratings,"Cross Hebbal, Mysore",,,Pest Control Services; Residential Pest Control Services,true,true,false,false,true,Trusted Pest Control Services,,Mandya,2025-06-02T16:41:32.952Z
Sign In Services,S,4.1,4 Ratings,"13th Cross Gokulam 2nd Stage, Mysore",,08511519716,24 Hours,true,true,false,true,true,Trusted Pest Control Services,,Mandya,2025-06-02T16:41:32.953Z
Sai Herbal Pest Control Services (Since 1994),+,4.3,6 Ratings,"Railway Layout Vijaynagar Mysore, Mysore",,,24 Hours,true,true,false,false,true,Trusted Pest Control Services,,Mandya,2025-06-02T16:41:32.953Z
Activ-i Pest Solutions,+,4.9,36 Ratings,"Cross Road Krishnamurthy Puram, Mysore",,08511908190,24 Hours,true,true,false,false,true,Trusted Pest Control Services,,Mandya,2025-06-02T16:41:32.953Z
Assured Services - Herbal Pest Control Service,+,4.7,178 Ratings,"8th Main Vijaynagar 1st Stage, Mysore",,,Commercial Pest Control Services; Pest Control Services,true,true,false,true,true,Trusted Pest Control Services,,Mandya,2025-06-02T16:41:32.953Z
Yashas Pest Control and Allied Service Private Limited,Y,3.5,2 Ratings,"6th Cross Vidyaranyapuram, Mysore",,09035079085,Pest Control Services; Residential Pest Control Services,true,true,false,false,false,Trusted Pest Control Services,,Mandya,2025-06-02T16:41:32.953Z
I Care Pest Control,+,4.1,69 Ratings,"Urs Road Saraswathipuram, Mysore",,08511531878,Pest Control Services; Residential Pest Control Services,true,true,false,true,true,Trusted Pest Control Services,,Mandya,2025-06-02T16:41:32.953Z
Protech Pest Control Services,+,4.6,182 Ratings,"Milk Centre Road Vidyaranyapuram, Mysore",,08904938970,,true,true,false,true,true,Trusted Pest Control Services,,Mandya,2025-06-02T16:41:32.953Z
Kiran Enterprises Pest Control Services,+,4.7,14 Ratings,"10th Cross Road Jp Nagar, Mysore",,,24 Hours,true,true,false,false,true,Trusted Pest Control Services,,Mandya,2025-06-02T16:41:32.953Z
Pest Control Services Hindustan,+,4.3,16 Ratings,"D Subbaih Road Chamaraja Mohalla, Mysore",,08511325849,24 Hours,true,true,false,false,true,Trusted Pest Control Services,,Mandya,2025-06-02T16:41:32.953Z
ARCHAKARAHALLI SHIVARUDRAIAH MAHESH,A,5.0,7 Ratings,"Archakarahalli Ijoor, Ramanagara",,,Pest Control Services,true,true,false,false,true,Trusted Pest Control Services,,Mandya,2025-06-02T16:41:32.954Z
CMP Pest Control Services,+,4.3,11 Ratings,"Babasabarapalya Kengeri, Bangalore",,,Commercial Pest Control Services; Pest Control Services,true,true,false,false,true,Trusted Pest Control Services,,Mandya,2025-06-02T16:41:32.954Z
ASHWA SOLUTIONS (PEST CONTROL),+,4.0,5 Ratings,"Lakshmisagara Bidadi, Bangalore",,,24 Hours,true,true,false,false,false,Trusted Pest Control Services,,Mandya,2025-06-02T16:41:32.954Z
Rentokil PCI,+,4.8,385 Ratings,"3rd Stage Hejjala, Bangalore",,,Pest Control Services; Residential Pest Control Services,true,true,false,false,true,Trusted Pest Control Services,,Mandya,2025-06-02T16:41:32.954Z
Pleasant Pest Control,P,5.0,1 Ratings,"Tata Silk Farm Circle Yediyur, Bangalore",,07947061202,Pest Control Services,true,true,false,false,true,Trusted Pest Control Services,,Mandya,2025-06-02T16:41:32.954Z
Sujith Pest Control and Sanitaizing Center,+,4.0,4 Ratings,"Main Road Kengeri Kengeri, Bangalore",,,,true,true,false,false,false,Trusted Pest Control Services,,Mandya,2025-06-02T16:41:32.954Z
Intellipest,+,3.6,89 Ratings,"Hosahalli Kanakapura Road, Bangalore",,,Pest Control Services; Commercial Pest Control Services,true,true,false,false,false,Trusted Pest Control Services,,Mandya,2025-06-02T16:41:32.954Z
Ideal Pest Control,+,4.1,139 Ratings,"Layout Rajarajeshwari Nagar, Bangalore",,09980224007,24 Hours,true,true,false,true,true,Trusted Pest Control Services,,Mandya,2025-06-02T16:41:32.954Z
V-Care Solutions,+,4.9,8 Ratings,"Jnana Bharathi Gnanabharathi, Bangalore",,,Commercial Pest Control Services; Pest Control Services,true,true,false,false,true,Trusted Pest Control Services,,Mandya,2025-06-02T16:41:32.955Z
Godrej I Care Pest Control Services,+,4.7,241 Ratings,"Main Road Rajarajeshwari Nagar, Bangalore",,,Pest Control Services; Residential Pest Control Services,true,true,false,false,true,Trusted Pest Control Services,,Mandya,2025-06-02T16:41:32.955Z
S L V Pest Control,S,4.6,5 Ratings,"POORNAPRAGNA LAYOUT Uttarahalli, Bangalore",,,Pest Control Services; Residential Pest Control Services,true,true,false,false,true,Trusted Pest Control Services,,Mandya,2025-06-02T16:41:32.955Z
Kwality Pest Control,K,5.0,1 Ratings,"Magadi Road Bharat Nagar, Bangalore",,08147448313,Residential Pest Control Services; Pest Control Services,true,true,false,false,true,Trusted Pest Control Services,,Mandya,2025-06-02T16:41:32.955Z
Transparent Pest Control,T,3.7,4 Ratings,"3rd Cross Road Subramanyapura, Bangalore",,,Pest Control Services,true,true,false,false,false,Trusted Pest Control Services,,Mandya,2025-06-02T16:41:32.955Z
Clean Dreamz,+,4.6,108 Ratings,"Temple Road Uttarahalli, Bangalore",,09980915008,24 Hours,true,true,false,false,true,Trusted Pest Control Services,,Mandya,2025-06-02T16:41:32.955Z
Global Pest Solutions,+,4.8,870 Ratings,"Nagarbhavi 2nd Stage, Bangalore",,07383690925,Residential Pest Control Services; Pest Control Services,true,true,false,false,true,Trusted Pest Control Services,,Mandya,2025-06-02T16:41:32.955Z
Professional Pest Control Services,+,4.9,276 Ratings,"2nd Main Banashankari 3rd Stage, Bangalore",,06366949203,24 Hours,true,true,false,false,true,Trusted Pest Control Services,,Mandya,2025-06-02T16:41:32.955Z
Shree Aishwarya Enterprises,+,5.0,3 Ratings,"Pipeline Road Sunkadakatte, Bangalore",,,Security Services; Housekeeping Services,true,true,false,true,true,Trusted Pest Control Services,,Mandya,2025-06-02T16:41:32.955Z
Shrijaya Pest Control Services,+,5.0,3 Ratings,"Nagarbhavi Main Road Nagarbhavi, Bangalore",,,Pest Control Services,true,true,false,false,true,Trusted Pest Control Services,,Mandya,2025-06-02T16:41:32.956Z
Yashas Pest Control & Allied Service Pvt Ltd,+,4.3,8 Ratings,"Nagasandra, Bangalore",,07411812784,Pest Control Services; Residential Pest Control Services,true,true,false,false,true,Trusted Pest Control Services,,Mandya,2025-06-02T16:41:32.956Z
Vinayaka Pest Control Services,+,4.9,26 Ratings,"Main Road Banashankari 2nd Stage, Bangalore",,09980686374,Quick Visit; 24 Hours,true,true,false,false,true,Trusted Pest Control Services,,Mandya,2025-06-02T16:41:32.956Z
Go Green Pest Control Services,+,4.7,16 Ratings,"Nagar Basaveshwara Nagar, Bangalore",,,Pest Control Services; Residential Pest Control Services,true,true,false,false,true,Trusted Pest Control Services,,Mandya,2025-06-02T16:41:32.956Z
Sai Suchith Pest Control,+,5.0,7 Ratings,"2nd Cross Nelamangala, Bangalore",,08511749631,Residential Pest Control Services; Pest Control Services,true,true,false,true,false,Trusted Pest Control Services,,Mandya,2025-06-02T16:41:32.956Z
Srinivasa Constructions,<,5.0,25 Ratings,"Chamundeshwari Nagar Mandya, Mandya",,08123677115,Building,true,true,false,false,true,Painting Contractors,,Mandya,2025-06-02T16:42:59.461Z
Pooja Hardware and Paints,<,4.3,24 Ratings,"100 Ft Road Gandhi Nagar Mandya, Mandya",,09054063122,Exterior Paint; Interior paint,true,true,false,true,true,Painting Contractors,,Mandya,2025-06-02T16:42:59.462Z
Svg Construction,<,3.5,2 Ratings,"VV Road Malavalli, Mandya",,08460196304,Textured Wall Painting,true,true,false,false,false,Painting Contractors,,Mandya,2025-06-02T16:42:59.462Z
S S Y G Construction,<,5.0,1 Ratings,"Udayagiri 7th Cross Udhaygiri, Mandya",,07041389528,3D Painting; Textured Wall Painting,true,true,false,false,true,Painting Contractors,,Mandya,2025-06-02T16:42:59.462Z
Arun Construction,<,5.0,7 Ratings,"Arunkumar Malavalli, Mandya",,08147903724,,true,true,false,false,false,Painting Contractors,,Mandya,2025-06-02T16:42:59.462Z
Ecohouse,<,4.9,17 Ratings,"Circle Gandhi Nagar Mandya, Mandya",,08050196362,Upvc Door; Plywood Door Dealers,true,true,false,true,true,Painting Contractors,,Mandya,2025-06-02T16:42:59.463Z
Sharath Traders,<,3.0,2 Ratings,"Grama Kasaba Hobble Alanahalli, Mysore",,09980767482,Textured Paints,true,true,false,false,false,Painting Contractors,,Mandya,2025-06-02T16:42:59.463Z
Dhanalakshmi Infra,<,4.3,75 Ratings,"Bandihalli Tiptur, Tumkur",,08488081601,Plumbers; Hardware Shops,true,true,false,true,true,Painting Contractors,,Mandya,2025-06-02T16:42:59.464Z
Logic Builders,<,5.0,13 Ratings,"Mahadeshwara Badavane Layout, Mysore",,09980764075,Residential; Building,true,true,false,true,true,Painting Contractors,,Mandya,2025-06-02T16:42:59.464Z
HN Groups HN Homes Interiors Artful,<,4.6,30 Ratings,"Banglore Rural Thanniruhalla, Hassan",,09035031473,Upvc Door; 3D Painting,true,true,false,false,true,Painting Contractors,,Mandya,2025-06-02T16:42:59.464Z
Southland Group Of Companies,+,4.2,115 Ratings,"PAPPANAICKENPALAYAM Gandhipuram, Coimbatore",,07022607720,Waterproofing; Wall Tiles,true,true,false,true,true,Painting Contractors,,Mandya,2025-06-02T16:42:59.465Z
Sri Sai Engineering Service,+,4.0,8 Ratings,"Mangalwarpeth, Hubli",,08401194263,Interior paint; Waterproofing,true,true,false,true,false,Painting Contractors,,Mandya,2025-06-02T16:42:59.465Z
GNL Building Solutions Pvt Ltd,+,4.1,5 Ratings,"Rayanna Nagar Bhairidevarkoppa, Hubli",,,Waterproofing Chemical Dealers; Builders & Developers,true,true,false,true,true,Painting Contractors,,Mandya,2025-06-02T16:42:59.465Z
Purnima Manpower Labour Supply Pvt Ltd,+,4.3,3 Ratings,"J Towers Road Ahmednagar Camp, Ahmednagar",,09035503270,Construction Contractors; Labour Contractors,true,true,false,false,true,Painting Contractors,,Mandya,2025-06-02T16:42:59.465Z
Rediant Energy Industries,+,4.6,51 Ratings,"Parekh Marg Ladwadi Kalbadevi, Mumbai",,09725239663,Solar,true,true,false,true,true,Painting Contractors,,Mandya,2025-06-02T16:42:59.465Z
Shree Decors,+,4.3,62 Ratings,"Gymkhana Road Dombivli East, Thane",,08511493514,Upvc Door; Bathroom Door Dealers; Apartment,true,true,false,true,true,Painting Contractors,,Mandya,2025-06-02T16:42:59.466Z
Yesb Infratech Pvt Ltd,Y,4.2,12 Ratings,"- NH 48 Atak Pardi, Valsad",,09972267166,Building; Industrial,true,true,false,false,true,Painting Contractors,,Mandya,2025-06-02T16:42:59.466Z
Pal Epoxy Flooring Seals And Services,+,4.9,33 Ratings,"Street Canal Road, Rajkot",,07795668595,Painting Contractors; Waterproofing Contractors,true,true,false,false,true,Painting Contractors,,Mandya,2025-06-02T16:42:59.466Z
Shreenath Terrolock Waterproofing Pvt. Ltd,S,4.5,43 Ratings,"Sumel Business Park Saraspur, Ahmedabad",,,Waterproofing Contractors; Painting Contractors,true,true,false,true,true,Painting Contractors,,Mandya,2025-06-02T16:42:59.466Z
City Clap,+,4.0,652 Ratings,"Main Road Namkum, Ranchi",,,,true,true,false,true,true,Painting Contractors,,Mandya,2025-06-02T16:42:59.466Z
Trilok Enterprises,+,4.1,375 Ratings,"3rd Road Sardarpura, Jodhpur",,,Cleaning; Exterior Paint; Company Authorised Dealer,true,true,false,true,true,Painting Contractors,,Mandya,2025-06-02T16:42:59.466Z
K R P Enterprises,+,4.5,9 Ratings,"Neemrana, Alwar",,08792062127,Textured Wall Painting; White Wash Painting,true,true,false,false,true,Painting Contractors,,Mandya,2025-06-02T16:42:59.467Z
Tanu Sales and Service,+,3.3,3 Ratings,"Maurya Market Fazullaganj, Lucknow",,07022427081,,true,true,false,false,false,Painting Contractors,,Mandya,2025-06-02T16:42:59.467Z
S R Manpower Labour Supplier,+,2.5,2 Ratings,"Road Berhampore Station Road, Berhampore-West Bengal",,09035018495,Marble Contractors; Civil Contractors,true,true,false,false,false,Painting Contractors,,Mandya,2025-06-02T16:42:59.467Z
Drop Dream Interior,+,4.7,20 Ratings,"Office No 551 Vaishali Sector 1, Ghaziabad",,08123801500,Building,true,true,false,false,true,Painting Contractors,,Mandya,2025-06-02T16:42:59.467Z
Right Key Construction,+,4.2,29 Ratings,"Sunhera Road Sunhera Road, Roorkee",,08401998194,,true,true,false,true,true,Painting Contractors,,Mandya,2025-06-02T16:42:59.468Z
Expert Manpower Solution,+,3.9,27 Ratings,"Devnagar Kasumpti, Shimla",,08460549508,Construction Companies; Civil Contractors,true,true,false,false,false,Painting Contractors,,Mandya,2025-06-02T16:42:59.468Z
KNP Construction,+,4.5,2 Ratings,"Road Chamundeshwari Nagar Mandya, Mandya",,,Wall Tiles; Ceramic Tiles,true,true,false,false,true,Painting Contractors,,Mandya,2025-06-02T16:42:59.468Z
Sri Sapthagiri Constructions,+,4.9,18 Ratings,"Nagar Krishnarajapete, Mandya",,,Building; Online Appointments,true,true,false,false,true,Painting Contractors,,Mandya,2025-06-02T16:42:59.468Z
Vj Groups,+,5.0,2 Ratings,"College Vidya Nagar Mandya, Mandya",,,Construction Companies; Civil Contractors,true,true,false,false,true,Painting Contractors,,Mandya,2025-06-02T16:42:59.468Z
Sugar City Construction LLP,+,4.5,18 Ratings,"K.T. Street Srirangapatna, Srirangapatna",,,Civil Contractors; Construction Companies,true,true,false,false,false,Painting Contractors,,Mandya,2025-06-02T16:42:59.468Z
Kiran Architecture and Design,K,4.9,15 Ratings,"Villege Hulikere Post Hullikere, Mandya",,,Exterior Paint; Interior paint,false,true,false,false,true,Painting Contractors,,Mandya,2025-06-02T16:42:59.469Z
Sumukha Enterprises,S,5.0,11 Ratings,"Kallahalli Mandya HO, Mandya",,,Waterproofing,true,true,false,false,true,Painting Contractors,,Mandya,2025-06-02T16:42:59.469Z
Sri Vinayaka Interiors Wallpapers and Painting Contractor,+,4.3,6 Ratings,"100 Feet Road Ashok Nagar Mandya, Mandya",,,3D Painting; Textured Wall Painting,true,true,false,false,true,Painting Contractors,,Mandya,2025-06-02T16:42:59.469Z
Ars Consultant,A,4.8,4 Ratings,"Nagamangala Road Pandavapura, Mandya",,,Residential Building Contractors; Civil Contractors,true,true,false,false,true,Painting Contractors,,Mandya,2025-06-02T16:42:59.469Z
BSS Coating,B,4.8,3 Ratings,"B G Pura Malavalli Taluk, Mandya",,,Painting Contractors For Commercial; House Painters,false,true,false,false,false,Painting Contractors,,Mandya,2025-06-02T16:42:59.469Z
Sunrise Painter,+,4.3,3 Ratings,"Kuradh Street Ganjam Ganjam, Mandya",,,Textured Wall Painting,true,true,false,false,false,Painting Contractors,,Mandya,2025-06-02T16:42:59.469Z
Sunrise Professional Painters,S,4.3,3 Ratings,"Kurad Street Srirangapatna, Srirangapatna",,,Painting Contractors,true,true,false,false,false,Painting Contractors,,Mandya,2025-06-02T16:42:59.469Z
A M Constructions,A,3.5,3 Ratings,"Guttalu Mandya, Mandya",,,Building,true,true,false,false,false,Painting Contractors,,Mandya,2025-06-02T16:42:59.469Z
Hi Tech Enterprises,+,5.0,2 Ratings,"Holalu Road Mandya, Mandya",,,Premium,true,true,false,false,true,Painting Contractors,,Mandya,2025-06-02T16:42:59.470Z
Sri Chamundeshwari Enterprises,+,4.0,2 Ratings,"Mandya City, Mandya",,,White Wash Painting,true,true,false,false,false,Painting Contractors,,Mandya,2025-06-02T16:42:59.470Z
M G Home Solutions,M,5.0,1 Ratings,"Mandya Subashnagar, Mandya",,,Electrical Contractors; Electricians,true,true,false,false,true,Painting Contractors,,Mandya,2025-06-02T16:42:59.470Z
A and A Construction,+,5.0,1 Ratings,"Keragodu Road Sathnur, Mandya",,,Residential,true,true,false,false,false,Painting Contractors,,Mandya,2025-06-02T16:42:59.470Z
Asian Paints Ltd,+,5.0,1 Ratings,"Asian Paints Ltd Alpahalli, Mandya",,,Textured Wall Painting; White Wash Painting,false,true,false,false,true,Painting Contractors,,Mandya,2025-06-02T16:42:59.470Z
Buvarnatha Enterprises,B,3.0,1 Ratings,"Kaveri Nagar 1st Main Mandya HO, Mandya",,,Plumbers; Painting Contractors,true,true,false,false,false,Painting Contractors,,Mandya,2025-06-02T16:42:59.470Z
Deepu Pradeep Contractors,+,5.0,4 Ratings,"No.221 Siddalingapura, Mysore",,,Electrical Contractors; Plumbers,true,true,false,false,true,Painting Contractors,,Mandya,2025-06-02T16:42:59.470Z
Shri Sai Paintings,S,4.8,4 Ratings,"Second Block Sathagalli Layout, Mysore",,,3D Painting,true,true,false,false,false,Painting Contractors,,Mandya,2025-06-02T16:42:59.471Z
H M Painters,+,4.1,22 Ratings,"1st Stage Rajivnagar, Mysore",,08511590113,Textured Wall Painting,true,true,false,false,true,Painting Contractors,,Mandya,2025-06-02T16:42:59.471Z
A 1 Building Painting Work,A,5.0,1 Ratings,"Beedi Colony Kalyanagiri, Mysore",,,Textured Wall Painting; White Wash Painting,true,true,false,false,false,Painting Contractors,,Mandya,2025-06-02T16:42:59.471Z
Gajanana Packer and Movers,<,4.9,43 Ratings,"Vinobha Road Subash Nagar Mandya, Mandya",,07383274951,Car Transportation; Residential Relocation Services; Interstate Moving,true,true,false,true,true,Packers & Movers,,Mandya,2025-06-02T16:44:11.932Z
Vigneshwara Packers and Movers,<,4.9,18 Ratings,"Opposite Subash Nagar Mandya, Mandya",,09054735467,Trucking Services; Transporters,true,true,false,true,true,Packers & Movers,,Mandya,2025-06-02T16:44:11.932Z
Siri Packers And Movers,<,5.0,3 Ratings,"Cross Road Subash Nagar Mandya, Mandya",,07022102896,Packers And Movers; Packers And Movers (All India),true,true,false,false,true,Packers & Movers,,Mandya,2025-06-02T16:44:11.932Z
Safe India Movers & Packers,<,4.6,581 Ratings,"Saiswara Temple Wilson Garden, Bangalore",,09035025567,All India; International; Within City,true,true,false,true,true,Packers & Movers,,Mandya,2025-06-02T16:44:11.932Z
Go Up Logistics,<,4.0,94 Ratings,"Near Human Temple Nayandahalli, Bangalore",,09980218296,International Courier; Cargo Service; Domestic Courier,true,true,false,true,true,Packers & Movers,,Mandya,2025-06-02T16:44:11.932Z
Easy Packers and Movers,<,4.6,30 Ratings,"Circle Chikmagalur HO, Chikmagalur",,08460430743,All India,true,true,false,false,true,Packers & Movers,,Mandya,2025-06-02T16:44:11.933Z
Good Luck Transport,<,4.2,33 Ratings,"Narayana Nagar Kanakapura Road, Bangalore",,08401668875,Cargo Service; Domestic Courier; Within City,true,true,false,true,true,Packers & Movers,,Mandya,2025-06-02T16:44:11.933Z
Annannya Travels and Cargo,<,4.1,234 Ratings,"Sundar Arcade Bn Road Mysore, Mysore",,07383031384,Electronic,true,true,false,true,true,Packers & Movers,,Mandya,2025-06-02T16:44:11.933Z
Care Packers And Movers,<,4.3,6 Ratings,"Street Vijayapuram Chikmagalur, Chikmagalur",,08511643831,Packers And Movers For Bangalore; Packers And Movers,true,true,false,false,true,Packers & Movers,,Mandya,2025-06-02T16:44:11.933Z
Perfect Packers and Warehouse,<,4.4,50 Ratings,"3rd Stage Hinkal Signal Hinkal, Mysore",,08511845263,All India; Within City,true,true,false,true,true,Packers & Movers,,Mandya,2025-06-02T16:44:11.933Z
Tirumala Packers and Movers,+,4.7,21 Ratings,"Bhagya Nagar Bhagya Nagar, Guntakal",,08460221154,Electronic,true,true,false,false,true,Packers & Movers,,Mandya,2025-06-02T16:44:11.933Z
Sinu Roadlines,S,5.0,30 Ratings,"Menonpara Road Kanjikode, Palakkad",,08460484417,Packers And Movers; Transporters,true,true,false,false,true,Packers & Movers,,Mandya,2025-06-02T16:44:11.933Z
Surya Facility Service,+,4.1,54 Ratings,"Police Chowki Vinoba Nagar, Shimoga",,09731644360,Packers And Movers; Packers And Movers (Within City),true,true,false,true,true,Packers & Movers,,Mandya,2025-06-02T16:44:11.933Z
Urbx Worldwide,+,4.7,74 Ratings,"Cochin Special Economic Zone, Ernakulam",,08401097476,International Courier; Cargo Service; Domestic Courier,true,true,false,false,true,Packers & Movers,,Mandya,2025-06-02T16:44:11.933Z
BEST Relocations Packers And Moovers,+,5.0,52 Ratings,"Vidyanagar Hubli, Hubli",,08460452321,Packers And Movers; Packers And Movers (Within City),true,true,false,false,true,Packers & Movers,,Mandya,2025-06-02T16:44:11.933Z
Yestee Agency,+,4.1,322 Ratings,"Wall Tax Road Park Town, Chennai",,08197305459,Industrial Machinery Relocation; Cargo Service; Domestic Courier,true,true,false,true,true,Packers & Movers,,Mandya,2025-06-02T16:44:11.933Z
Suraksha Packers and Movers,+,4.5,68 Ratings,"Shirur Park Vidyanagar Hubli, Hubli",,08401259807,All India; Within City,true,true,false,false,true,Packers & Movers,,Mandya,2025-06-02T16:44:11.933Z
Vishwas Packers and Movers,+,4.6,48 Ratings,"Near Gokul Road Anand Nagar, Hubli",,08460506201,Pets Transportation; Car Transportation; Commercial And Office Relocation Services,true,true,false,true,true,Packers & Movers,,Mandya,2025-06-02T16:44:11.933Z
Royal Cargo Packers & Movers,+,4.8,172 Ratings,"Near BRTS Bus Stand Vidyagiri, Dharwad",,08401217512,,true,true,false,false,true,Packers & Movers,,Mandya,2025-06-02T16:44:11.933Z
Lata Packers and Movers,L,4.4,20 Ratings,"Mj Nagar, Hospet",,07487906639,All India; Within City,true,true,false,false,true,Packers & Movers,,Mandya,2025-06-02T16:44:11.933Z
Aastik Maharaj Trader,+,5.0,1 Ratings,"Kukatpally Kukatpally, Hyderabad",,07411644350,Cargo Service; Tempos On Hire; Domestic Courier,true,true,false,false,false,Packers & Movers,,Mandya,2025-06-02T16:44:11.933Z
Blessingstar Packers And Movers,+,3.9,21 Ratings,"Bhavani Nagar Bijapur City, Bijapur-Karnataka",,07383423106,,true,true,false,true,false,Packers & Movers,,Mandya,2025-06-02T16:44:11.933Z
KGN Transport & Logistics,+,4.2,32 Ratings,"Gandiguda Village Shadnagar, Mahabubnagar",,09054784995,International Courier; Trucks On Rent; Domestic Courier,true,true,false,false,true,Packers & Movers,,Mandya,2025-06-02T16:44:11.933Z
Diamondsafety Lorry Transport Packers and Movers,+,4.1,49 Ratings,"Bypass Road Khammam Bypass Road, Khammam",,09724438448,Pets Transportation; All India; Within City,true,true,false,false,true,Packers & Movers,,Mandya,2025-06-02T16:44:11.933Z
Balaji Packers and Movers,B,5.0,1 Ratings,"Link Road Wakad, Pune",,08460237516,Cargo Service,true,true,false,false,false,Packers & Movers,,Mandya,2025-06-02T16:44:11.933Z
Shyam Transport,S,4.0,73 Ratings,"Mahavir Nagar Kandivali West, Mumbai",,07405412431,Animal Transportation,true,true,false,true,true,Packers & Movers,,Mandya,2025-06-02T16:44:11.934Z
Falnest Relocations,F,4.3,3 Ratings,"Kapurbawdi-Thane West, Thane",,08460221627,Transporters For All India; Packers And Movers,true,true,false,false,false,Packers & Movers,,Mandya,2025-06-02T16:44:11.934Z
Sun Transport,+,3.8,36 Ratings,"Highway Road Mehsana Nagar Road, Vadodara",,09054604193,Pets Transportation; All India; International,true,true,false,false,false,Packers & Movers,,Mandya,2025-06-02T16:44:11.934Z
Suryavansham Transport,+,3.5,93 Ratings,"Bilaspur Highway Gudhiyari, Raipur-Chhattisgarh",,08460211093,Animal Transportation; Electronic,true,true,false,false,false,Packers & Movers,,Mandya,2025-06-02T16:44:11.934Z
GURUNANAK GOLDEN ROADWAYS,G,5.0,2 Ratings,"Transport Nagar Pithampur, Dhar",,08460501188,Transporters; Transport Agents,true,true,false,false,true,Packers & Movers,,Mandya,2025-06-02T16:44:11.934Z
Mahalaxmi Transport,+,4.4,38 Ratings,"Shop No 37 Morbi Bypass Road, Morbi",,09725352726,Trucks On Rent,true,true,false,false,true,Packers & Movers,,Mandya,2025-06-02T16:44:11.934Z
Jai Mahakal logistic service,+,5.0,12 Ratings,"Museum Road Paldi, Ahmedabad",,07383747626,Containers On Rent; Transporters,true,true,false,false,false,Packers & Movers,,Mandya,2025-06-02T16:44:11.934Z
Mirai Logistics India Private Limited,+,3.5,279 Ratings,"Kesarwani College Garha Phatak, Jabalpur",,08511256279,International Courier; All India; Cargo Service,true,true,false,false,true,Packers & Movers,,Mandya,2025-06-02T16:44:11.934Z
Suyash Road Lines,+,4.1,103 Ratings,"Neemuch Road Ratlam Station Road, Ratlam",,08128143529,Domestic Courier; All India; Within City,true,true,false,false,true,Packers & Movers,,Mandya,2025-06-02T16:44:11.934Z
Reliable Packer & Movers Courier Service,+,4.7,3 Ratings,"Adinathnagar Odhav, Ahmedabad",,08904998358,All India; International,true,true,false,false,true,Packers & Movers,,Mandya,2025-06-02T16:44:11.934Z
Shree Devnarayan Transport Company,+,4.5,62 Ratings,"Transport  Nagar Transport Nagar, Kota-Rajasthan",,07411856402,Transporters; Packers And Movers,true,true,false,false,true,Packers & Movers,,Mandya,2025-06-02T16:44:11.934Z
All India Tailor Transport,+,4.1,73 Ratings,"Ganesh Chandra Ave Bowbazar, Kolkata",,08128588617,Cargo Service; Tempos On Hire; Animal Transportation,true,true,false,false,true,Packers & Movers,,Mandya,2025-06-02T16:44:11.934Z
Omm Logistic Transport Service,+,4.2,80 Ratings,"Kanpur Road Transport Nagar, Lucknow",,09724729580,Trucks On Rent; Domestic Courier; All India,true,true,false,true,true,Packers & Movers,,Mandya,2025-06-02T16:44:11.934Z
Shri Krishna Transport Service,+,3.9,67 Ratings,"Coplex Block City Centre, Gwalior",,07048137126,Transporters; Packers And Movers,true,true,false,false,false,Packers & Movers,,Mandya,2025-06-02T16:44:11.934Z
Engineers Parcel,+,4.2,21 Ratings,"I2H Building IIT ISM Hirapur, Dhanbad",,08971740245,Courier Services; Packers And Movers,true,true,false,false,true,Packers & Movers,,Mandya,2025-06-02T16:44:11.934Z
Ganga Transport Company,+,4.8,39 Ratings,"Manava Kakwan Panki, Kanpur",,08511421193,Animal Transportation,true,true,false,true,true,Packers & Movers,,Mandya,2025-06-02T16:44:11.934Z
Chandan Transport Company,+,4.0,319 Ratings,"Kamruddinpur, Begusarai",,07801848348,Industrial Machinery Relocation; Superior Quality; Budget Friendly,true,true,false,true,true,Packers & Movers,,Mandya,2025-06-02T16:44:11.934Z
New Mahakal Transport,+,4.2,101 Ratings,"Yaqutganj Railway Yaqutganj, Farrukhabad",,08460557327,Superior Quality; Animal Transportation; Budget Friendly,true,true,false,true,true,Packers & Movers,,Mandya,2025-06-02T16:44:11.934Z
New Gaurav Transport Service,N,4.4,35 Ratings,"Nagar Gate No. 1 Pahari, Patna",,08460418079,Transporters; Packers And Movers,true,true,false,false,true,Packers & Movers,,Mandya,2025-06-02T16:44:11.934Z
Gati Cargo Packer and Mover,+,4.8,4 Ratings,"Najafgarh, Delhi",,09008921591,Domestic Courier; Air Cargo; Air Courier,true,true,false,false,true,Packers & Movers,,Mandya,2025-06-02T16:44:11.934Z
Jmd Tourism And Logistics Corporation,+,4.6,742 Ratings,"Market Rabindrapally Keshtopur, Kolkata",,08904967937,Pets Transportation; International Courier; All India,true,true,false,false,true,Packers & Movers,,Mandya,2025-06-02T16:44:11.934Z
Bihta Transportation & Packer and Mover Services,B,4.0,4 Ratings,"Amhara Bihta Patna Bihta, Patna",,06364874878,Transporters; Packers And Movers,true,true,false,false,false,Packers & Movers,,Mandya,2025-06-02T16:44:11.934Z
New Mahakal Transport,+,4.2,101 Ratings,"Valipur Yaqutganj, Farrukhabad",,08128042414,Animal Transportation; Pets Transportation; Within City,true,true,false,true,true,Packers & Movers,,Mandya,2025-06-02T16:44:11.934Z
Shree Balaji Transport,+,4.2,125 Ratings,"New Delhi Sangam Vihar, Delhi",,08460439021,All India; Within City; Electronic,true,true,false,false,true,Packers & Movers,,Mandya,2025-06-02T16:44:11.934Z
Y K Scrap,<,4.9,22 Ratings,"1st Cross Guthal Colony Mandya, Mandya",,,Pay Ahead; No Contact Delivery; Same Day Delivery,true,false,false,false,true,Scrap Dealers,,Mandya,2025-06-02T16:45:16.590Z
Ams Traders,<,4.8,8 Ratings,"Sugar Town Sugar Town Mandya, Mandya",,,Scrap Dealers; Metal Scrap Dealers,true,false,false,false,false,Scrap Dealers,,Mandya,2025-06-02T16:45:16.591Z
Rihan Enterprises,<,3.8,48 Ratings,"1st A Main Road Peenya, Bangalore",,09980027993,Battery Scrap,true,false,false,true,false,Scrap Dealers,,Mandya,2025-06-02T16:45:16.591Z
K P P Alloys,<,4.1,31 Ratings,"Laggere Road Peenya, Bangalore",,07048501049,Battery Scrap,true,false,false,true,true,Scrap Dealers,,Mandya,2025-06-02T16:45:16.591Z
Aisha Enterprises,<,3.7,3 Ratings,"Mangalya Choutry Doddaballapur, Bangalore",,08734946962,Battery Scrap,true,false,false,false,true,Scrap Dealers,,Mandya,2025-06-02T16:45:16.591Z
S A Enterprises,<,4.1,14 Ratings,"Bypass Road Hassan City, Hassan",,09054506825,Battery Scrap,true,false,false,false,true,Scrap Dealers,,Mandya,2025-06-02T16:45:16.591Z
Indian Steels,<,4.0,21 Ratings,"Kiadb Industrial Area Hirehali, Tumkur",,07383802862,Steel Scrap Buyers; Scrap Dealers,true,false,false,false,false,Scrap Dealers,,Mandya,2025-06-02T16:45:16.591Z
Sri Murugan Traders,<,4.3,18 Ratings,"Aandan Koil Road Karur West, Karur",,08401748423,Battery Scrap,true,false,false,true,true,Scrap Dealers,,Mandya,2025-06-02T16:45:16.591Z
South Indian Scrap Traders,<,4.1,99 Ratings,"Palarivattom, Ernakulam",,,Aluminium Scrap Buyers; Scrap Buyers,true,false,false,true,true,Scrap Dealers,,Mandya,2025-06-02T16:45:16.591Z
Hindustan Traders,<,4.3,34 Ratings,"Taluk Pj Extension Davangere, Davangere",,,Battery Scrap,true,false,false,false,true,Scrap Dealers,,Mandya,2025-06-02T16:45:16.591Z
Prime Steels & Paints,+,3.6,14 Ratings,"Temple Street Bellary HO, Bellary",,,Cement Dealers-ACC; Cement Dealers,true,false,false,true,false,Scrap Dealers,,Mandya,2025-06-02T16:45:16.591Z
Genuine Enterprises,+,2.0,4 Ratings,"Kamarajar Street Sriperumbudur, Kanchipuram",,09972361269,Battery Scrap,true,false,false,false,false,Scrap Dealers,,Mandya,2025-06-02T16:45:16.591Z
Shakti Sales Corporation,+,4.1,349 Ratings,"Bethora Bypass Road Ponda, Goa",,,Plastic Scrap Dealers; Scrap Dealers,true,false,false,true,true,Scrap Dealers,,Mandya,2025-06-02T16:45:16.591Z
S K Enterprises,+,4.3,14 Ratings,"B Road Hubli Gavi Oni, Hubli",,09725463865,Battery Scrap,true,false,false,false,true,Scrap Dealers,,Mandya,2025-06-02T16:45:16.591Z
Shivdatta Traders,S,4.0,5 Ratings,"Bandra East, Mumbai",,09980664981,Scrap Buyers; Scrap Dealers,true,false,false,false,false,Scrap Dealers,,Mandya,2025-06-02T16:45:16.592Z
A G Enterprises,A,4.0,189 Ratings,"Kudalwadi Chikhali, Pune",,,Waste Management Services; Scrap Dealers,true,false,false,true,true,Scrap Dealers,,Mandya,2025-06-02T16:45:16.592Z
Gulshan Steels Pvt.Ltd.,+,4.5,21 Ratings,"Bilaspur Road Birgaon, Raipur-Chhattisgarh",,08511109837,Scrap Dealers; Tmt Bar Dealers,true,false,false,true,true,Scrap Dealers,,Mandya,2025-06-02T16:45:16.592Z
POONAM SCRAP BHANDAR,P,4.3,16 Ratings,"SANWER ROAD INDORE Sanwer Road, Indore",,08296835720,Furniture Scrap Buyers; Scrap Dealers,true,false,false,false,true,Scrap Dealers,,Mandya,2025-06-02T16:45:16.592Z
Bilal Scrap,+,5.0,2 Ratings,"Kadarsha Ni Nal Nanpura, Surat",,09054398117,Battery Scrap,true,false,false,false,false,Scrap Dealers,,Mandya,2025-06-02T16:45:16.592Z
SNA India Corporation,+,4.1,375 Ratings,"Talkies Road Shastri Nagar, Bhilwara",,,Scrap Dealers; Plastic Scrap Dealers,true,false,false,true,true,Scrap Dealers,,Mandya,2025-06-02T16:45:16.592Z
Mishthi Steels,+,4.1,161 Ratings,"D No 332 Koyla Nagar, Kanpur",,08128849361,Battery Scrap,true,false,false,true,true,Scrap Dealers,,Mandya,2025-06-02T16:45:16.592Z
Tst Enterprises,+,4.1,110 Ratings,"Ram Vihar Road Rawatpur, Kanpur",,08128172422,Brass Scrap Buyers; Scrap Dealers,true,false,false,true,true,Scrap Dealers,,Mandya,2025-06-02T16:45:16.592Z
Attero Recycling Pvt Ltd,A,4.2,262 Ratings,"Sector 64 Noida Sector 64, Noida",,08904980455,Battery Scrap,true,false,false,false,true,Scrap Dealers,,Mandya,2025-06-02T16:45:16.592Z
Naaz Scrap Dealers,+,4.8,4 Ratings,"Main Road Guttalu Mandya, Mandya",,,Plastic Scrap Dealers; Scrap Dealers,true,false,false,false,true,Scrap Dealers,,Mandya,2025-06-02T16:45:16.592Z
Bharath Scrap Buyer,B,4.5,4 Ratings,"Guthal Road Guttalu Mandya, Mandya",,,Brass Scrap Buyers; Welding Job Works,true,false,false,false,true,Scrap Dealers,,Mandya,2025-06-02T16:45:16.592Z
Asif Ali Khan,A,4.8,2 Ratings,"1st Cross Anekere Beedi, Mandya",,,Plastic Scrap Dealers; Scrap Dealers,true,false,false,false,false,Scrap Dealers,,Mandya,2025-06-02T16:45:16.592Z
Shariff Steel Traders,+,4.6,4 Ratings,"2nd Stage Rajivnagar, Mysore",,,Battery Scrap,true,false,false,true,true,Scrap Dealers,,Mandya,2025-06-02T16:45:16.592Z
Irk Enterprises,+,4.7,25 Ratings,"Rajivnagar, Mysore",,,Plastic Scrap Dealers; Scrap Buyers,false,false,false,false,true,Scrap Dealers,,Mandya,2025-06-02T16:45:16.592Z
Khan Scrap Shop,K,4.0,2 Ratings,"Sulthan Road Shanthinagar, Mysore",,,Scrap Dealers,true,false,false,false,false,Scrap Dealers,,Mandya,2025-06-02T16:45:16.592Z
M d mateen traders NI,+,5.0,1 Ratings,"Main Road Udayagiri, Mysore",,,Company Authorised Dealer,true,false,false,false,true,Scrap Dealers,,Mandya,2025-06-02T16:45:16.592Z
Classic Enterprises,+,4.8,186 Ratings,"Convent Road Lashkar Mohalla, Mysore",,08511155141,Battery Scrap,true,false,false,true,true,Scrap Dealers,,Mandya,2025-06-02T16:45:16.592Z
Z Scrap Merchant,+,4.8,9 Ratings,"Main Road Narasimharaja Mohalla, Mysore",,08050951472,Battery Scrap,true,false,false,false,true,Scrap Dealers,,Mandya,2025-06-02T16:45:16.592Z
New Gujri Bazaar,+,5.0,1 Ratings,"Geeta Mandir Road Subhashnagar, Mysore",,,Scrap Dealers; Car Scrap Dealers,true,false,false,false,true,Scrap Dealers,,Mandya,2025-06-02T16:45:16.592Z
Nk Enterprises,+,4.3,3 Ratings,"Devaraja Mohalla, Mysore",,,Battery Scrap,true,false,false,false,true,Scrap Dealers,,Mandya,2025-06-02T16:45:16.592Z
A N Enterprises,+,4.8,10 Ratings,"CV Road Bannimantap, Mysore",,07411559121,Battery Scrap,true,false,false,false,true,Scrap Dealers,,Mandya,2025-06-02T16:45:16.593Z
Mpb Enterprises,+,3.7,12 Ratings,"C.V Road Bannimantap, Mysore",,,Battery Scrap,true,false,false,true,false,Scrap Dealers,,Mandya,2025-06-02T16:45:16.593Z
A G And Company,A,4.0,1 Ratings,"Industrial A Layout Banni Mantap, Mysore",,,Battery Scrap,true,false,false,false,false,Scrap Dealers,,Mandya,2025-06-02T16:45:16.593Z
R S Traders,R,4.0,2 Ratings,"Banni Mantap, Mysore",,,Scrap Buyers; Scrap Dealers,true,false,false,false,false,Scrap Dealers,,Mandya,2025-06-02T16:45:16.593Z
Sri Ganapathi Traders,+,5.0,2 Ratings,"ROAD New Bannimantap Extension, Mysore",,,Aluminium Scrap Buyers; Scrap Dealers,true,false,false,false,false,Scrap Dealers,,Mandya,2025-06-02T16:45:16.593Z
Universal Enterprises,+,4.8,21 Ratings,"BB Mills Road Bannimantap, Mysore",,,Battery Scrap; Car Scrap,true,false,false,false,true,Scrap Dealers,,Mandya,2025-06-02T16:45:16.593Z
N k ENTERPRISES,+,5.0,1 Ratings,"No. 83 Metagalli, Mysore",,,Battery Scrap,true,false,false,false,true,Scrap Dealers,,Mandya,2025-06-02T16:45:16.593Z
Mr Ahmed Razzaq,M,4.3,2 Ratings,"Mill New Bannimantap Extension, Mysore",,,Battery Scrap,true,false,false,true,true,Scrap Dealers,,Mandya,2025-06-02T16:45:16.593Z
Shariffs Steel Traders,+,5.0,30 Ratings,"Road New Banimantap Extension, Mysore",,,Scrap Buyers; Scrap Dealers,true,false,false,false,true,Scrap Dealers,,Mandya,2025-06-02T16:45:16.593Z
Shabnam Electricals,S,3.6,6 Ratings,"Road New Bannimantap Extension, Mysore",,,Aluminium Scrap Buyers; Scrap Dealers,true,false,false,false,false,Scrap Dealers,,Mandya,2025-06-02T16:45:16.593Z
Gk Steels and Scrap,G,4.6,3 Ratings,"Vb and Sons Road Banni Mantap, Mysore",,,Plastic Scrap Dealers; Scrap Dealers,true,false,false,false,false,Scrap Dealers,,Mandya,2025-06-02T16:45:16.593Z
Gunny & Scrapion Merchant,G,5.0,1 Ratings,"Lashkar Mohalla Mandi Mohalla, Mysore",,,Scrap Dealers; Paper Scrap Merchants,false,false,false,false,false,Scrap Dealers,,Mandya,2025-06-02T16:45:16.593Z
R S Metal Stores,R,4.7,7 Ratings,"Road Abdul Kalam Azad Circle, Mysore",,,Scrap Dealers; Metal Scrap Dealers,true,false,false,false,false,Scrap Dealers,,Mandya,2025-06-02T16:45:16.593Z
A Shams Warsi Scrap Traders,+,4.7,62 Ratings,"Geeta Mandir Lashkar Mohalla, Mysore",,,Battery Scrap,true,false,false,true,true,Scrap Dealers,,Mandya,2025-06-02T16:45:16.593Z
Baig Demolishers,+,5.0,2 Ratings,"Siddiqa Mohalla Banni Mantap, Mysore",,,Battery Scrap,true,false,false,false,true,Scrap Dealers,,Mandya,2025-06-02T16:45:16.593Z
Y K Scrap,<,4.9,22 Ratings,"1st Cross Guthal Colony Mandya, Mandya",,,Pay Ahead; No Contact Delivery; Same Day Delivery,true,false,false,false,true,Scrap Buyers,,Mandya,2025-06-02T16:46:21.315Z
Naaz Scrap Dealers,<,4.8,4 Ratings,"Main Road Guttalu Mandya, Mandya",,,Plastic Scrap Dealers; Scrap Dealers,true,false,false,false,true,Scrap Buyers,,Mandya,2025-06-02T16:46:21.315Z
Ar Car Scrap,<,3.9,18 Ratings,"Gangondanahalli Nayandahalli, Bangalore",,07041232513,Battery Scrap,true,false,false,true,true,Scrap Buyers,,Mandya,2025-06-02T16:46:21.315Z
K P P Alloys,<,4.1,31 Ratings,"Laggere Road Peenya, Bangalore",,07048501049,Battery Scrap,true,false,false,true,true,Scrap Buyers,,Mandya,2025-06-02T16:46:21.315Z
Bhoomika Demolition Work,<,5.0,1 Ratings,"Doddavakalageri KT Street, Mysore",,09725853540,,true,false,false,false,true,Scrap Buyers,,Mandya,2025-06-02T16:46:21.315Z
Aisha Enterprises,<,3.7,3 Ratings,"Mangalya Choutry Doddaballapur, Bangalore",,08734946962,Battery Scrap,true,false,false,false,true,Scrap Buyers,,Mandya,2025-06-02T16:46:21.316Z
S A Enterprises,<,4.1,14 Ratings,"Bypass Road Hassan City, Hassan",,09054506825,Battery Scrap,true,false,false,false,true,Scrap Buyers,,Mandya,2025-06-02T16:46:21.316Z
The BEST Polymers,<,3.9,6 Ratings,"Industrial Area Santhepet, Mysore",,08511514021,Industrial Scrap Buyers; Scrap Dealers,true,false,false,true,false,Scrap Buyers,,Mandya,2025-06-02T16:46:21.316Z
Indian Steels,<,4.0,21 Ratings,"Kiadb Industrial Area Hirehali, Tumkur",,07383802862,Steel Scrap Buyers; Scrap Dealers,true,false,false,false,false,Scrap Buyers,,Mandya,2025-06-02T16:46:21.316Z
Sri Murugan Traders,<,4.3,18 Ratings,"Aandan Koil Road Karur West, Karur",,08401748423,Battery Scrap,true,false,false,true,true,Scrap Buyers,,Mandya,2025-06-02T16:46:21.316Z
South Indian Scrap Traders,S,4.1,99 Ratings,"Palarivattom, Ernakulam",,,Aluminium Scrap Buyers; Scrap Buyers,true,false,false,true,true,Scrap Buyers,,Mandya,2025-06-02T16:46:21.316Z
Hindustan Traders,+,4.3,34 Ratings,"Taluk Pj Extension Davangere, Davangere",,,Battery Scrap,true,false,false,false,true,Scrap Buyers,,Mandya,2025-06-02T16:46:21.316Z
Kh Enterprises,K,4.2,43 Ratings,"Mkn Road Guindy, Chennai",,08123681753,Battery Scrap,true,false,false,false,true,Scrap Buyers,,Mandya,2025-06-02T16:46:21.316Z
Genuine Enterprises,+,2.0,4 Ratings,"Kamarajar Street Sriperumbudur, Kanchipuram",,09972361269,Battery Scrap,true,false,false,false,false,Scrap Buyers,,Mandya,2025-06-02T16:46:21.316Z
Shakti Sales Corporation,+,4.1,349 Ratings,"Bethora Bypass Road Ponda, Goa",,,Plastic Scrap Dealers; Scrap Dealers,true,false,false,true,true,Scrap Buyers,,Mandya,2025-06-02T16:46:21.316Z
S K Enterprises,+,4.3,14 Ratings,"B Road Hubli Gavi Oni, Hubli",,09725463865,Battery Scrap,true,false,false,false,true,Scrap Buyers,,Mandya,2025-06-02T16:46:21.316Z
Shivdatta Traders,S,4.0,5 Ratings,"Bandra East, Mumbai",,09980664981,Scrap Buyers; Scrap Dealers,true,false,false,false,false,Scrap Buyers,,Mandya,2025-06-02T16:46:21.316Z
A G Enterprises,A,4.0,189 Ratings,"Kudalwadi Chikhali, Pune",,,Waste Management Services; Scrap Dealers,true,false,false,true,true,Scrap Buyers,,Mandya,2025-06-02T16:46:21.316Z
Gulshan Steels Pvt.Ltd.,+,4.5,21 Ratings,"Bilaspur Road Birgaon, Raipur-Chhattisgarh",,08511109837,Scrap Dealers; Tmt Bar Dealers,true,false,false,true,true,Scrap Buyers,,Mandya,2025-06-02T16:46:21.316Z
POONAM SCRAP BHANDAR,P,4.3,16 Ratings,"SANWER ROAD INDORE Sanwer Road, Indore",,08296835720,Furniture Scrap Buyers; Scrap Dealers,true,false,false,false,true,Scrap Buyers,,Mandya,2025-06-02T16:46:21.316Z
Bilal Scrap,+,5.0,2 Ratings,"Kadarsha Ni Nal Nanpura, Surat",,09054398117,Battery Scrap,true,false,false,false,false,Scrap Buyers,,Mandya,2025-06-02T16:46:21.316Z
SNA India Corporation,+,4.1,375 Ratings,"Talkies Road Shastri Nagar, Bhilwara",,,Scrap Dealers; Plastic Scrap Dealers,true,false,false,true,true,Scrap Buyers,,Mandya,2025-06-02T16:46:21.316Z
Salvagekaro,+,5.0,21 Ratings,"Near Jagatpura Fatak Model Town, Jaipur",,08971253074,Scrap Buyers; Iron Scrap Buyers,true,false,false,false,true,Scrap Buyers,,Mandya,2025-06-02T16:46:21.316Z
Mishthi Steels,+,4.1,161 Ratings,"D No 332 Koyla Nagar, Kanpur",,08128849361,Battery Scrap,true,false,false,true,true,Scrap Buyers,,Mandya,2025-06-02T16:46:21.317Z
Tst Enterprises,+,4.1,110 Ratings,"Ram Vihar Road Rawatpur, Kanpur",,08128172422,Brass Scrap Buyers; Scrap Dealers,true,false,false,true,true,Scrap Buyers,,Mandya,2025-06-02T16:46:21.317Z
Attero Recycling Pvt Ltd,A,4.2,262 Ratings,"Sector 64 Noida Sector 64, Noida",,08904980455,Battery Scrap,true,false,false,false,true,Scrap Buyers,,Mandya,2025-06-02T16:46:21.317Z
Jumbo Waste Solutions Pvt Ltd,J,3.9,32 Ratings,"Nanak Pura-Hari Nagar, Delhi",,08147011681,Battery Scrap,true,false,false,false,false,Scrap Buyers,,Mandya,2025-06-02T16:46:21.317Z
Bharath Scrap Buyer,B,4.5,4 Ratings,"Guthal Road Guttalu Mandya, Mandya",,,Brass Scrap Buyers; Welding Job Works,true,false,false,false,true,Scrap Buyers,,Mandya,2025-06-02T16:46:21.317Z
Shariff Steel Traders,+,4.6,4 Ratings,"2nd Stage Rajivnagar, Mysore",,,Battery Scrap,true,false,false,true,true,Scrap Buyers,,Mandya,2025-06-02T16:46:21.317Z
Irk Enterprises,+,4.7,25 Ratings,"Rajivnagar, Mysore",,,Plastic Scrap Dealers; Scrap Buyers,false,false,false,false,true,Scrap Buyers,,Mandya,2025-06-02T16:46:21.317Z
AKL METALS MART,A,5.0,2 Ratings,"R Mohalla Narasimharaja Mohalla, Mysore",,,Battery Scrap,true,false,false,false,true,Scrap Buyers,,Mandya,2025-06-02T16:46:21.317Z
M d mateen traders NI,+,5.0,1 Ratings,"Main Road Udayagiri, Mysore",,,Company Authorised Dealer,true,false,false,false,true,Scrap Buyers,,Mandya,2025-06-02T16:46:21.317Z
Classic Enterprises,+,4.8,186 Ratings,"Convent Road Lashkar Mohalla, Mysore",,08511155141,Battery Scrap,true,false,false,true,true,Scrap Buyers,,Mandya,2025-06-02T16:46:21.317Z
Z Scrap Merchant,+,4.8,9 Ratings,"Main Road Narasimharaja Mohalla, Mysore",,08050951472,Battery Scrap,true,false,false,false,true,Scrap Buyers,,Mandya,2025-06-02T16:46:21.317Z
S T Traders,+,5.0,1 Ratings,"A J Block Mohaala NR Mohalla, Mysore",,,Fencing Wire Dealers; Fabricators,true,false,false,false,true,Scrap Buyers,,Mandya,2025-06-02T16:46:21.317Z
A R Building Demolishing,+,5.0,14 Ratings,"Anikethana Road Kuvempunagar, Mysore",,09972378239,,true,false,false,false,true,Scrap Buyers,,Mandya,2025-06-02T16:46:21.317Z
AGK Enterprises,A,4.0,2 Ratings,"Industrial A Layout Bannimantap, Mysore",,,Battery Scrap,true,false,false,false,false,Scrap Buyers,,Mandya,2025-06-02T16:46:21.317Z
Nk Enterprises,+,4.3,3 Ratings,"Devaraja Mohalla, Mysore",,,Battery Scrap,true,false,false,false,true,Scrap Buyers,,Mandya,2025-06-02T16:46:21.317Z
K T House Demolish,+,4.9,11 Ratings,"Abdul Rehman Road Rajivnagar, Mysore",,09724825153,Building Demolition Contractors; Scrap Buyers,true,false,false,true,true,Scrap Buyers,,Mandya,2025-06-02T16:46:21.317Z
National Traders,N,4.5,1 Ratings,"Cercle New Bannimantap Extension, Mysore",,,Scrap Buyers; Iron Scrap Buyers,true,false,false,false,false,Scrap Buyers,,Mandya,2025-06-02T16:46:21.317Z
A N Enterprises,+,4.8,10 Ratings,"CV Road Bannimantap, Mysore",,07411559121,Battery Scrap,true,false,false,false,true,Scrap Buyers,,Mandya,2025-06-02T16:46:21.317Z
Mpb Enterprises,+,3.7,12 Ratings,"C.V Road Bannimantap, Mysore",,,Battery Scrap,true,false,false,true,false,Scrap Buyers,,Mandya,2025-06-02T16:46:21.317Z
A G And Company,A,4.0,1 Ratings,"Industrial A Layout Banni Mantap, Mysore",,,Battery Scrap,true,false,false,false,false,Scrap Buyers,,Mandya,2025-06-02T16:46:21.317Z
R S Traders,R,4.0,2 Ratings,"Banni Mantap, Mysore",,,Scrap Buyers; Scrap Dealers,true,false,false,false,false,Scrap Buyers,,Mandya,2025-06-02T16:46:21.317Z
Abdul Raziq,A,4.8,2 Ratings,"No.56 Ashoka Road, Mysore",,,Scrap Buyers; Paper Scrap Buyers,true,false,false,false,true,Scrap Buyers,,Mandya,2025-06-02T16:46:21.317Z
Sri Ganapathi Traders,+,5.0,2 Ratings,"ROAD New Bannimantap Extension, Mysore",,,Aluminium Scrap Buyers; Scrap Dealers,true,false,false,false,false,Scrap Buyers,,Mandya,2025-06-02T16:46:21.317Z
N S Shabaz,+,4.0,1 Ratings,"C V Road Bannimantap, Mysore",,,Battery Scrap,true,false,false,false,false,Scrap Buyers,,Mandya,2025-06-02T16:46:21.317Z
Universal Enterprises,+,4.8,21 Ratings,"BB Mills Road Bannimantap, Mysore",,,Battery Scrap; Car Scrap,true,false,false,false,true,Scrap Buyers,,Mandya,2025-06-02T16:46:21.317Z
N k ENTERPRISES,+,5.0,1 Ratings,"No. 83 Metagalli, Mysore",,,Battery Scrap,true,false,false,false,true,Scrap Buyers,,Mandya,2025-06-02T16:46:21.317Z
C& C Associates Auditor and Tax Consultants,<,4.9,40 Ratings,"Chamundeshwari Nagar Mandya, Mandya",,,GST Return; TDS Return; Income Tax Return,true,false,false,false,true,Registration Consultants,,Mandya,2025-06-02T16:47:25.934Z
Hr Minds3,<,5.0,96 Ratings,"3rd Stage Rajarajeshwari Nagar, Bangalore",,07041827844,,true,false,false,true,true,Registration Consultants,,Mandya,2025-06-02T16:47:25.935Z
Sree Mookambika Project and Financial Consultants Pvt Ltd,<,,,"7th Main Jayalakshmipuram, Mysore",,08511950280,Licence; GST Return; TDS Return,true,false,false,false,false,Registration Consultants,,Mandya,2025-06-02T16:47:25.936Z
Nithya Gokul Company Secretary,<,4.4,11 Ratings,"Poondurai Road Moolapalayam, Erode",,09724691632,Proprietory Firm Registration; ITR Filing,true,false,false,true,true,Registration Consultants,,Mandya,2025-06-02T16:47:25.936Z
CBS STRACON PRIVATE LTD.,<,4.8,84 Ratings,"T B Junction Angamaly, Ernakulam",,,GST Return; TDS Return; Integrated Financial Accounting,true,false,false,false,true,Registration Consultants,,Mandya,2025-06-02T16:47:25.936Z
M K Jain Consultant,<,,,"Vinayaga Maisty Street Sowcarpet, Chennai",,,Licence; Accounting; GST Return,true,false,false,false,false,Registration Consultants,,Mandya,2025-06-02T16:47:25.936Z
Varticles Labour Law Compliance and Management Consultancy,<,,,"St. Xavier Colony Old Goa, Goa",,08401186468,Licence,true,false,false,false,false,Registration Consultants,,Mandya,2025-06-02T16:47:25.936Z
Infinity Certification Services Bhopal,<,4.2,42 Ratings,"Shahpura Shahapura, Bhopal",,08401425740,GST Return; TDS Return; Income Tax Return,true,false,false,true,true,Registration Consultants,,Mandya,2025-06-02T16:47:25.937Z
Shree Balaji Associates,<,,,"Parivar Cross Road Waghodia Road, Vadodara",,07383804663,Licence; GST Return; TDS Return,true,false,false,false,false,Registration Consultants,,Mandya,2025-06-02T16:47:25.937Z
Estabizz Fintech Private Limited,<,,,"PDPU ROAD Gift City, Gandhinagar-Gujarat",,09035151499,Company Registration Consultants; Food Safety License Consultants,true,false,false,false,false,Registration Consultants,,Mandya,2025-06-02T16:47:25.937Z
Gk Consultancy,+,,,"Drive In Drive In Road, Ahmedabad",,09606404244,PAN Card; Accounting; GST Return,true,false,false,false,false,Registration Consultants,,Mandya,2025-06-02T16:47:25.937Z
Sainik Suvidha Kendra,+,5.0,30 Ratings,"Rewa Road Satna Semaria Chowk, Satna",,07487086867,,true,false,false,false,true,Registration Consultants,,Mandya,2025-06-02T16:47:25.937Z
TRUVISER SERVICES,+,4.5,164 Ratings,"Hazira Road Tansen Nagar, Gwalior",,,GST Return; TDS Return; Income Tax Return,true,false,false,false,true,Registration Consultants,,Mandya,2025-06-02T16:47:25.938Z
Arpit Gupta & Co,+,4.1,156 Ratings,"Westend Marg Saket, Delhi",,,,true,false,false,false,true,Registration Consultants,,Mandya,2025-06-02T16:47:25.938Z
Bhabhya & Bhairavi Associates Private Limited,+,,,"Futta Road Meet Nagar, Delhi",,06366951673,Personal Security Guard; Public Limited Company Registration; Licence,true,false,false,false,false,Registration Consultants,,Mandya,2025-06-02T16:47:25.938Z
Food License Fssai Registration Consultants,F,4.2,5 Ratings,Mysore,,,Food Safety License Consultants; Fssai Registration Consultants,true,false,false,false,true,Registration Consultants,,Mandya,2025-06-02T16:47:25.938Z
Dinesh & Co,D,5.0,1 Ratings,"KRS Main Road Gokulam 3rd Stage, Mysore",,,ITR Filing; Income Tax Return; TDS Return,true,false,false,false,false,Registration Consultants,,Mandya,2025-06-02T16:47:25.938Z
Shiva Das And Co.(N.I),S,5.0,2 Ratings,"Rammanna Street Devaraja Mohalla, Mysore",,,GST Return; TDS Return; Income Tax Return,false,false,false,false,false,Registration Consultants,,Mandya,2025-06-02T16:47:25.939Z
Perfect Professionals,P,3.5,11 Ratings,"9th Cross Gokulam 3rd Stage, Mysore",,,Accounting,false,false,false,false,false,Registration Consultants,,Mandya,2025-06-02T16:47:25.939Z
E Y & Associates,+,3.9,8 Ratings,"Valmiki Road Vv Mohalla, Mysore",,,GST Return; TDS Return; Income Tax Return,true,false,false,false,false,Registration Consultants,,Mandya,2025-06-02T16:47:25.939Z
S S Properties,S,,,"Patil Complex Agrahara, Mysore",,,Car Loans; Personal Loans,true,false,false,false,false,Registration Consultants,,Mandya,2025-06-02T16:47:25.939Z
NJS Tax And HR Consultants,N,4.5,12 Ratings,"Kalidasa Road Jayalakshmipuram, Mysore",,,GST Return; TDS Return; Income Tax Return,true,false,false,false,true,Registration Consultants,,Mandya,2025-06-02T16:47:25.939Z
Chandra Associates,+,3.3,6 Ratings,"Subbaiah Road Chamaraja Mohalla, Mysore",,,Industrial; Building,true,false,false,false,false,Registration Consultants,,Mandya,2025-06-02T16:47:25.940Z
NJS Tax And HR Consultants,N,4.0,3 Ratings,"Kalidasa Road Vv Mohalla, Mysore",,08511830455,GST Return; TDS Return; Income Tax Return,true,false,false,false,false,Registration Consultants,,Mandya,2025-06-02T16:47:25.940Z
Trin Trin Registration Centre,T,4.1,65 Ratings,"Dr Br Ambedkar Road Lakshmipuram, Mysore",,,Registration Consultants,false,false,false,false,true,Registration Consultants,,Mandya,2025-06-02T16:47:25.940Z
Vidyaranya Consultancy Services Pvt Ltd,V,4.0,2 Ratings,"Mysore Ramanuja Road, Mysore",,,GST Return; TDS Return; Income Tax Return,true,false,false,true,false,Registration Consultants,,Mandya,2025-06-02T16:47:25.940Z
SHREE LAKSHMI CONSTRUCTIONS & CONSULTANTS,+,4.6,31 Ratings,"2nd Phase Vijaynagar 4th Stage, Mysore",,07041311294,Residential; Building,true,false,false,true,true,Registration Consultants,,Mandya,2025-06-02T16:47:25.940Z
Sri Krishna Associates,+,3.3,10 Ratings,"5th Cross Saraswathipuram, Mysore",,,Accounting; GST Return; TDS Return,true,false,false,false,false,Registration Consultants,,Mandya,2025-06-02T16:47:25.940Z
SRI Eshwari Associates,S,4.0,3 Ratings,"ROAD Vijaynagar 3rd Stage, Mysore",,,GST Return; NRI ITR Filing; TDS Return,true,false,false,false,false,Registration Consultants,,Mandya,2025-06-02T16:47:25.940Z
Mr Raj,+,4.8,4 Ratings,"Street Vijaynagar Mysore, Mysore",,,Estate Agents For Commercial Rental; Estate Agents For Residential Rental,true,false,false,false,false,Registration Consultants,,Mandya,2025-06-02T16:47:25.940Z
AJR Associates,A,3.6,8 Ratings,"KRS Road Hootagalli, Mysore",,,GST Return; TDS Return; Income Tax Return,true,false,false,false,false,Registration Consultants,,Mandya,2025-06-02T16:47:25.941Z
Brunda Associates Mysore & Banglore,B,,,"No 212 Ground Floor J P Nagar, Mysore",,,GST Return; TDS Return; Income Tax Return,true,false,false,false,false,Registration Consultants,,Mandya,2025-06-02T16:47:25.941Z
Akshaya Properties,A,4.0,1 Ratings,"Bullet Showroom Kuvempunagar, Mysore",,,Estate Agents For Residential Rental; Real Estate Agents,true,false,false,false,false,Registration Consultants,,Mandya,2025-06-02T16:47:25.941Z
Ashok Samrat Real Estate (Ni),+,4.4,8 Ratings,"Cross 2nd Vijaynagar 4th Stage, Mysore",,,Estate Agents For Bungalow; Estate Agents For Residential Rental,true,false,false,false,true,Registration Consultants,,Mandya,2025-06-02T16:47:25.941Z
Hombale Real Estate And Construction,+,4.4,58 Ratings,"2nd Phase Vijaynagar 4th Stage, Mysore",,08511371686,Estate Agents For Bungalow; Estate Agents For Residential Rental,true,false,false,true,true,Registration Consultants,,Mandya,2025-06-02T16:47:25.941Z
Sri Mahalakshmi Real Estate and Construction,S,4.8,6 Ratings,"Ring Road Rajarajeshwari Nagar, Mysore",,,Estate Agents For Residential Rental; Real Estate Agents,true,false,false,false,false,Registration Consultants,,Mandya,2025-06-02T16:47:25.941Z
SS Nagesh Autolinks & Consultant,S,5.0,2 Ratings,"Bm Road Channarayapatna, Hassan",,,Motor Training,false,false,false,false,true,Registration Consultants,,Mandya,2025-06-02T16:47:25.941Z
Vanaja Services,V,5.0,4 Ratings,"Kengeri Kumbalgodu, Bangalore",,,GST Return; TDS Return; Income Tax Return,true,false,false,false,false,Registration Consultants,,Mandya,2025-06-02T16:47:25.941Z
Sri Ranga Enterprises,S,5.0,4 Ratings,"No.6/2 Sln Complex Kengeri, Bangalore",,,Property Registration Consultants; Registration Consultants,true,false,false,false,false,Registration Consultants,,Mandya,2025-06-02T16:47:25.941Z
Startwala,S,4.7,3 Ratings,"3rd Main Road Global Village, Bangalore",,,Accounting; GST Return; TDS Return,true,false,false,false,true,Registration Consultants,,Mandya,2025-06-02T16:47:25.941Z
Dattatreya Consultancy,D,3.5,2 Ratings,"Nagar Vishweshwaraiah Layout, Bangalore",,,Verification For Documents,true,false,false,false,false,Registration Consultants,,Mandya,2025-06-02T16:47:25.941Z
Sumukha Management Consultants,S,4.3,3 Ratings,"18th Cross Road Gnanabharathi, Bangalore",,,GST Registration Consultants; Tax Consultants,true,false,false,false,false,Registration Consultants,,Mandya,2025-06-02T16:47:25.941Z
Saptagiri Consultants,S,4.0,11 Ratings,"Jigani Main Road Bannerghatta, Bangalore",,,Accounting; GST Return; NRI ITR Filing,false,false,false,true,false,Registration Consultants,,Mandya,2025-06-02T16:47:25.941Z
Disha Consultancy,+,,,"Colony Arehalli Uttarahalli, Bangalore",,08128961129,PAN Card; Licence; GST Return,true,false,false,false,false,Registration Consultants,,Mandya,2025-06-02T16:47:25.942Z
Rajaram And Company,R,3.4,8 Ratings,"11th Block Nagarbhavi 2nd Stage, Bangalore",,,Licence; Accounting; GST Return,true,false,false,false,false,Registration Consultants,,Mandya,2025-06-02T16:47:25.942Z
Shiva Shakthi Enterprises,S,3.5,2 Ratings,"anjanapura main road Konanakunte, Bangalore",,,Notary Services; Registration Consultants,true,false,false,false,false,Registration Consultants,,Mandya,2025-06-02T16:47:25.942Z
Rera Consultancy Services,R,4.1,9 Ratings,"Main Road New Bank Colony, Bangalore",,,Registration Consultants,false,false,false,false,false,Registration Consultants,,Mandya,2025-06-02T16:47:25.942Z
Kushal Enterprises,+,4.6,6 Ratings,"Anjaneya Temple Road Ittamadu, Bangalore",,,PAN Card; GST Return; TDS Return,true,false,false,false,true,Registration Consultants,,Mandya,2025-06-02T16:47:25.942Z
Sankya Associates Pvt Ltd,+,5.0,1 Ratings,"7th Block Banashankari 3rd Stage, Bangalore",,,Accounting,true,false,false,false,true,Registration Consultants,,Mandya,2025-06-02T16:47:25.942Z
M4Civil Security Services Opc Pvt Ltd,<,5.0,3 Ratings,"Kaveri Nagar, Mandya",,,Bodyguard,false,false,false,false,true,Security System,Trusted Bodyguard Services,Mandya for Your Safety and Security,2025-06-02T16:49:03.618Z
Sharp Intelligence Bureau,<,4.5,46 Ratings,"BG Road Bilekahalli, Bangalore",,09980224063,Bodyguard,true,false,false,true,true,Security System,Trusted Bodyguard Services,Mandya for Your Safety and Security,2025-06-02T16:49:03.618Z
Jyothi Security and Allied Services,<,3.5,2 Ratings,"Chamarajanagara PWD Colony, Chamarajanagar",,08511967098,Bodyguard; Bouncer Services; Armed Security Services,true,false,false,false,false,Security System,Trusted Bodyguard Services,Mandya for Your Safety and Security,2025-06-02T16:49:03.618Z
Location One Facility Management Services Private Limited,<,4.2,30 Ratings,"Market Road Ernakulam Bazar, Ernakulam",,07383061424,Bodyguard; Bouncer Services,true,false,false,true,true,Security System,Trusted Bodyguard Services,Mandya for Your Safety and Security,2025-06-02T16:49:03.618Z
Kalmeshwar Industrial And Security Service,<,4.0,16 Ratings,"Court Circle Neeligin Road Hubli, Hubli",,08401237168,Bouncer Services; Armed Security Services; Bodyguard,true,false,false,true,false,Security System,Trusted Bodyguard Services,Mandya for Your Safety and Security,2025-06-02T16:49:03.618Z
Avengers Facility Services,<,4.8,207 Ratings,"Abdulla Khan Estate Gandhi Nagar, Kurnool",,08401332171,,true,false,false,true,true,Security System,Trusted Bodyguard Services,Mandya for Your Safety and Security,2025-06-02T16:49:03.618Z
GRPS SECURITY AND FACILITY MANAGEMENT SERVICE PVT.LTD,<,4.8,24 Ratings,"Gandhi  Nagar Gokul Road, Hubli",,08490086960,"Registration-ESIC, EPFO, GST, PSARA Licence.; Facility Management; Bodyguard",true,false,false,false,true,Security System,Trusted Bodyguard Services,Mandya for Your Safety and Security,2025-06-02T16:49:03.618Z
Lion Heart Force,<,4.4,52 Ratings,"Stand Ashram Road Bijapur City, Bijapur-Karnataka",,08734976472,Bodyguard; Armed Bodyguard; Bouncer Services,true,false,false,true,true,Security System,Trusted Bodyguard Services,Mandya for Your Safety and Security,2025-06-02T16:49:03.618Z
Lion Security Guard & Manpower Agency,<,4.0,3 Ratings,"Opp Basva Pu College Sedam Road, Gulbarga",,08904246083,Bodyguard; Armed Security Services; Bouncer Services,true,false,false,false,false,Security System,Trusted Bodyguard Services,Mandya for Your Safety and Security,2025-06-02T16:49:03.618Z
Royal Security Force and Allied Services,<,4.2,99 Ratings,"PUDI MAIN ROAD V.l.puram, Rajahmundry",,08128274453,Bodyguard; Bouncer Services,true,false,false,false,true,Security System,Trusted Bodyguard Services,Mandya for Your Safety and Security,2025-06-02T16:49:03.619Z
YLALA SECURITY & MANPOWER PRIVATE LIMITED,+,4.6,69 Ratings,"Bhandara Road Bagadganj, Nagpur",,08511796849,Atm Security Guard; Home Security Guard; Background Verification,true,false,false,true,true,Security System,Trusted Bodyguard Services,Mandya for Your Safety and Security,2025-06-02T16:49:03.619Z
Sandhu Security Service,S,3.0,2 Ratings,"Stand Vadodara Mahanagar Palika, Vadodara",,09035041846,Bodyguard; Bouncer Services; Armed Security Services,true,false,false,false,false,Security System,Trusted Bodyguard Services,Mandya for Your Safety and Security,2025-06-02T16:49:03.619Z
Hindustan Security Service,H,4.4,36 Ratings,"Mega Mall Ambedkarnagar, Surendra Nagar-Gujarat",,07405935633,Bodyguard; Bouncer Services; Armed Security Services,true,false,false,false,true,Security System,Trusted Bodyguard Services,Mandya for Your Safety and Security,2025-06-02T16:49:03.619Z
United Security Service,+,4.6,108 Ratings,"Office No. 418 Yagnik Road, Rajkot",,08401607590,,true,false,false,true,true,Security System,Trusted Bodyguard Services,Mandya for Your Safety and Security,2025-06-02T16:49:03.619Z
National Protective Security Services,+,3.9,26 Ratings,"Tata Kandra Main Road Gamharia, Jamshedpur",,09980106281,Female Security; Security; Guard Dog Security,true,false,false,false,false,Security System,Trusted Bodyguard Services,Mandya for Your Safety and Security,2025-06-02T16:49:03.619Z
VICTUS SECURITY & MANSOURCE PVT LTD,V,4.3,34 Ratings,"Khelgaon Hotwar, Ranchi",,07801998519,Bodyguard; Bouncer Services; Armed Security Services,true,false,false,false,true,Security System,Trusted Bodyguard Services,Mandya for Your Safety and Security,2025-06-02T16:49:03.619Z
Rajpoot Security Gaurd Services,R,4.1,15 Ratings,"Deva Road Malhaur, Lucknow",,08867842107,Bodyguard; Armed Security Services,true,false,false,true,true,Security System,Trusted Bodyguard Services,Mandya for Your Safety and Security,2025-06-02T16:49:03.619Z
Aastha Security Services,+,4.5,43 Ratings,"Gt Road Sarsol, Aligarh",,07041451342,,true,false,false,true,true,Security System,Trusted Bodyguard Services,Mandya for Your Safety and Security,2025-06-02T16:49:03.619Z
Crown Security Service,+,4.2,76 Ratings,"Mathura Road Sasni Gate, Aligarh",,08128145354,Bodyguard; Armed Bodyguard; Bouncer Services,true,false,false,true,true,Security System,Trusted Bodyguard Services,Mandya for Your Safety and Security,2025-06-02T16:49:03.619Z
GOLDEN TRIANGLE SECURITY SERVICES PVT. LTD.,+,4.1,119 Ratings,"Amrik Singh Road Bhatinda City, Bhatinda",,08460564776,Bodyguard; Lost Device Tracking; Bouncer Services,true,false,false,true,true,Security System,Trusted Bodyguard Services,Mandya for Your Safety and Security,2025-06-02T16:49:03.619Z
AHAD SECURITY & Placement Network,+,4.6,11 Ratings,"Sait Double Road Shanthinagar, Mysore",,,Bodyguard; Bouncer Services; Armed Security Services,true,false,false,false,true,Security System,Trusted Bodyguard Services,Mandya for Your Safety and Security,2025-06-02T16:49:03.619Z
Sgs Enterprises,S,4.7,19 Ratings,"Cnm School Road Mahadevapura, Mysore",,,Bodyguard; Bouncer Services,true,false,false,false,true,Security System,Trusted Bodyguard Services,Mandya for Your Safety and Security,2025-06-02T16:49:03.619Z
Royal Bliss Bouncers,+,5.0,95 Ratings,"Alanahalli, Mysore",,,Bodyguard,true,false,false,false,true,Security System,Trusted Bodyguard Services,Mandya for Your Safety and Security,2025-06-02T16:49:03.619Z
Sri Sai Ganesha Security Services ( S.g.s Services ),+,4.4,5 Ratings,"13th Main Road Raghavendra Nagar, Mysore",,,Bodyguard; Bouncer Services; Armed Security Services,true,false,false,false,true,Security System,Trusted Bodyguard Services,Mandya for Your Safety and Security,2025-06-02T16:49:03.619Z
Hawk Security Services,H,5.0,2 Ratings,"Siddhartha Layout, Mysore",,,Bodyguard; Bouncer Services; Armed Security Services,true,false,false,false,true,Security System,Trusted Bodyguard Services,Mandya for Your Safety and Security,2025-06-02T16:49:03.619Z
Varadhani Security Services,V,5.0,7 Ratings,"Vinaya Marga Siddarthanagar, Mysore",,,Bodyguard; Bouncer Services,true,false,false,false,true,Security System,Trusted Bodyguard Services,Mandya for Your Safety and Security,2025-06-02T16:49:03.619Z
Vigneshwara Security Services,V,3.3,3 Ratings,"1st Floor Siddarthanagar, Mysore",,,Bodyguard; Armed Security Services,false,false,false,false,false,Security System,Trusted Bodyguard Services,Mandya for Your Safety and Security,2025-06-02T16:49:03.619Z
Group Four Securities INDIA Pvt Ltd,G,3.5,12 Ratings,"Krs Rd Metagalli, Mysore",,,Bodyguard; Armed Security Services,false,false,false,false,false,Security System,Trusted Bodyguard Services,Mandya for Your Safety and Security,2025-06-02T16:49:03.619Z
Squadran Security Services,S,4.2,12 Ratings,"Mahadeshwara Badavane Layout, Mysore",,,Bodyguard; Bouncer Services; Armed Security Services,true,false,false,false,true,Security System,Trusted Bodyguard Services,Mandya for Your Safety and Security,2025-06-02T16:49:03.619Z
Slv Management Services,+,4.2,12 Ratings,"BK Street Devaraja Mohalla, Mysore",,08511490174,Bodyguard; Bouncer Services; Armed Security Services,true,false,false,true,true,Security System,Trusted Bodyguard Services,Mandya for Your Safety and Security,2025-06-02T16:49:03.619Z
Classic Intelligent Bureau Security and Service,C,4.3,2 Ratings,"Hebbal Road Gokulam, Mysore",,,Bodyguard,true,false,false,false,false,Security System,Trusted Bodyguard Services,Mandya for Your Safety and Security,2025-06-02T16:49:03.619Z
Ktr Securiplans And Intelligence Brigade Pvt Ltd,K,5.0,2 Ratings,"Fort Mohalla, Mysore",,,Bodyguard; Bouncer Services; Armed Security Services,true,false,false,false,true,Security System,Trusted Bodyguard Services,Mandya for Your Safety and Security,2025-06-02T16:49:03.619Z
Madhu Enterprises,+,5.0,3 Ratings,"Mahalakshmi Layout Hebbal, Mysore",,,Bodyguard; Bouncer Services; Armed Security Services,true,false,false,false,true,Security System,Trusted Bodyguard Services,Mandya for Your Safety and Security,2025-06-02T16:49:03.619Z
Jai Hanuman Bouncers,+,5.0,2 Ratings,"Near Lakshmi Tiffany's Agrahara, Mysore",,,Bodyguard; Bouncer Services,true,false,false,false,true,Security System,Trusted Bodyguard Services,Mandya for Your Safety and Security,2025-06-02T16:49:03.619Z
Phoenix Security Services,+,5.0,25 Ratings,"Ramanjua Road Agrahara, Mysore",,08197304663,Guest House Management; Housemaid; Security,true,false,false,false,true,Security System,Trusted Bodyguard Services,Mandya for Your Safety and Security,2025-06-02T16:49:03.620Z
Nandi Security and Allied Services,+,4.8,186 Ratings,"Hebbal Main Road Metagalli, Mysore",,08460505369,Bodyguard; Bouncer Services,true,false,false,true,true,Security System,Trusted Bodyguard Services,Mandya for Your Safety and Security,2025-06-02T16:49:03.620Z
Scorpion Security Ltd,S,4.5,4 Ratings,"Siddappa Circle Kr Mohalla, Mysore",,,Bodyguard; Bouncer Services; Armed Security Services,true,false,false,false,true,Security System,Trusted Bodyguard Services,Mandya for Your Safety and Security,2025-06-02T16:49:03.620Z
Mysore Lancers Security And Allied Services,M,4.3,3 Ratings,"3rd Stage Vijaynagar, Mysore",,,Bodyguard,true,false,false,false,true,Security System,Trusted Bodyguard Services,Mandya for Your Safety and Security,2025-06-02T16:49:03.620Z
Vajrakaya Security Solutions,V,4.0,2 Ratings,"5th Main Road Hampi Circle, Mysore",,,Bodyguard,false,false,false,false,false,Security System,Trusted Bodyguard Services,Mandya for Your Safety and Security,2025-06-02T16:49:03.620Z
Global Management,G,2.9,7 Ratings,"Urs Road Krishnamurthy Puram, Mysore",,,Bodyguard; Bouncer Services; Armed Security Services,true,false,false,false,false,Security System,Trusted Bodyguard Services,Mandya for Your Safety and Security,2025-06-02T16:49:03.620Z
Vigilant Security Service,+,4.5,12 Ratings,"5th Cross Saraswathipuram, Mysore",,07947196513,Bodyguard; Bouncer Services; Armed Security Services,true,false,false,false,true,Security System,Trusted Bodyguard Services,Mandya for Your Safety and Security,2025-06-02T16:49:03.620Z
Swiss Security Services,S,3.8,71 Ratings,"Hospital Road Saraswathipuram, Mysore",,,Bodyguard; Armed Security Services,true,false,false,false,false,Security System,Trusted Bodyguard Services,Mandya for Your Safety and Security,2025-06-02T16:49:03.620Z
Jnanasurya Security & Allied Services,J,4.0,2 Ratings,"14th Main Road Saraswathipuram, Mysore",,,Bodyguard; Armed Security Services,true,false,false,false,false,Security System,Trusted Bodyguard Services,Mandya for Your Safety and Security,2025-06-02T16:49:03.620Z
Maruthi Manpower and Security Services,M,4.8,3 Ratings,"Temple Road Gangotri Layout, Mysore",,,Bodyguard; Armed Security Services,true,false,false,false,true,Security System,Trusted Bodyguard Services,Mandya for Your Safety and Security,2025-06-02T16:49:03.620Z
Sathvik Associates,+,4.5,20 Ratings,"18th Cross Jayanagar, Mysore",,08460195363,,true,false,false,true,true,Security System,Trusted Bodyguard Services,Mandya for Your Safety and Security,2025-06-02T16:49:03.620Z
Shaurya Security,S,5.0,1 Ratings,"Vasabidi Hinkal, Mysore",,,Bodyguard; Bouncer Services,true,false,false,false,false,Security System,Trusted Bodyguard Services,Mandya for Your Safety and Security,2025-06-02T16:49:03.620Z
Srf Detective And Security Services Pvt Ltd,+,4.4,5 Ratings,"KRS Road Hootagalli, Mysore",,,Bodyguard,true,false,false,false,true,Security System,Trusted Bodyguard Services,Mandya for Your Safety and Security,2025-06-02T16:49:03.620Z
S M Security Service,+,4.7,11 Ratings,"Mig Khb Colony Hootagalli, Mysore",,,Bodyguard; Bouncer Services; Armed Security Services,true,false,false,false,true,Security System,Trusted Bodyguard Services,Mandya for Your Safety and Security,2025-06-02T16:49:03.620Z
Dk Security And Allied Services,+,4.5,1 Ratings,"Mysore Ramakrishnanagar, Mysore",,,Bodyguard; Armed Security Services,false,false,false,false,false,Security System,Trusted Bodyguard Services,Mandya for Your Safety and Security,2025-06-02T16:49:03.620Z
JK CCTV & Security Systems,<,4.7,19 Ratings,"VV Road Vidya Nagar Mandya, Mandya",,09724703625,Hikvision; Dahua; Honeywell,true,false,false,true,true,Security System,Popular CCTV Dealers,Mandya,2025-06-02T16:49:57.226Z
G Vision Technologies,<,4.7,26 Ratings,"SLN Complex Subash Nagar, Mandya",,08401225322,Hikvision; Dahua; Honeywell,true,false,false,true,true,Security System,Popular CCTV Dealers,Mandya,2025-06-02T16:49:57.227Z
Nakoda Enterprises,<,4.5,35 Ratings,"100 Ft Road Gandhi Nagar Mandya, Mandya",,08460423535,Hikvision; Dahua; Honeywell,true,false,false,true,true,Security System,Popular CCTV Dealers,Mandya,2025-06-02T16:49:57.227Z
Pavan Enterprises Authorised Distributor Eureka Forbes (Aqua Guard),<,4.7,7 Ratings,"1st Cross Vidya Nagar Mandya, Mandya",,07411943025,,true,false,false,true,true,Security System,Popular CCTV Dealers,Mandya,2025-06-02T16:49:57.227Z
SRI MARUTHI CCTV INSTALATION AND SERVICES,<,4.7,15 Ratings,"Halagur, Mandya",,07041517361,Dahua; Honeywell; LG,true,false,false,true,true,Security System,Popular CCTV Dealers,Mandya,2025-06-02T16:49:57.228Z
Fmg Technologies,<,4.6,5 Ratings,"100 Feet Road Ashok Nagar Mandya, Mandya",,08904599960,Honeywell; LG,true,false,false,true,true,Security System,Popular CCTV Dealers,Mandya,2025-06-02T16:49:57.228Z
Siri Bhairava Electrical And Hardware,<,4.8,41 Ratings,"Road 2nd Subash Nagar Mandya, Mandya",,,Imported; Free installation,true,false,false,true,true,Security System,Popular CCTV Dealers,Mandya,2025-06-02T16:49:57.228Z
Sri Raghavendra Computers,<,4.0,28 Ratings,"Railway Station Road Jain Street, Mandya",,,Dahua; Honeywell; LG,true,false,false,false,false,Security System,Popular CCTV Dealers,Mandya,2025-06-02T16:49:57.229Z
Girias Investment Pvt Ltd,<,4.0,240 Ratings,"Mysore Highway M C Road Mandya, Mandya",,07383079591,Company Authorised Dealer,true,false,false,true,true,Security System,Popular CCTV Dealers,Mandya,2025-06-02T16:49:57.229Z
Hkgn Electricals,<,5.0,2 Ratings,"8th Cross Halahalli, Mandya",,,CCTV Dealers; CCTV Installation Services,true,false,false,false,true,Security System,Popular CCTV Dealers,Mandya,2025-06-02T16:49:57.229Z
Sumukha Enterprises,+,4.6,30 Ratings,"Vishal Mart Subash Nagar Mandya, Mandya",,,Wireless CCTV Dealers; CCTV Dealers,true,false,false,false,true,Security System,Popular CCTV Dealers,Mandya,2025-06-02T16:49:57.230Z
Sri Ranga Enterprises,+,5.0,11 Ratings,"B M Road Nagamangala, Mandya",,,Dahua; Honeywell; LG,true,false,false,false,true,Security System,Popular CCTV Dealers,Mandya,2025-06-02T16:49:57.230Z
Prasad Mobile Tech,+,4.8,12 Ratings,"Bm Road Maddur Mandya, Mandya",,,Dahua; Honeywell; LG,true,false,false,false,true,Security System,Popular CCTV Dealers,Mandya,2025-06-02T16:49:57.230Z
Sri Ganesh Enterprises,S,5.0,1 Ratings,"Chikka Maseedi Beedi Pandavapura, Mandya",,,Dahua; Honeywell,true,false,false,false,true,Security System,Popular CCTV Dealers,Mandya,2025-06-02T16:49:57.231Z
S3 Smart Solutions,S,5.0,7 Ratings,"Holalu Circle Old MC Road Mandya, Mandya",,,Dahua; Honeywell,true,false,false,false,true,Security System,Popular CCTV Dealers,Mandya,2025-06-02T16:49:57.231Z
Sri Sai Electronics,+,4.9,"2,349 Ratings","Nagamangala, Mandya",,,AC Dealers-Godrej; Electronic Goods Showrooms,true,false,false,false,true,Security System,Popular CCTV Dealers,Mandya,2025-06-02T16:49:57.231Z
Croma,+,4.5,"1,518 Ratings","M C Road Mandya, Mandya",,,In Store Collect; Same Day Delivery; Shop In Store,true,false,false,false,true,Security System,Popular CCTV Dealers,Mandya,2025-06-02T16:49:57.232Z
24x7 Smart Security Solutions,+,4.8,177 Ratings,"12th Cross Mandya, Mandya",,,,true,false,false,true,true,Security System,Popular CCTV Dealers,Mandya,2025-06-02T16:49:57.232Z
Aashirvad Computer Mall,+,4.8,72 Ratings,"2nd Main Road Ashok Nagar, Mandya",,,CCTV Installation Services; CCTV Dealers,true,false,false,false,true,Security System,Popular CCTV Dealers,Mandya,2025-06-02T16:49:57.232Z
Triveni Electronics,+,3.9,85 Ratings,"R P Road Subash Nagar Mandya, Mandya",,,Company Authorised Dealer,true,false,false,false,false,Security System,Popular CCTV Dealers,Mandya,2025-06-02T16:49:57.232Z
Customz 11,+,4.9,50 Ratings,"5th Cross Ashok Nagar Mandya, Mandya",,,Company Authorised Dealer,true,false,false,false,true,Security System,Popular CCTV Dealers,Mandya,2025-06-02T16:49:57.232Z
Jrt Cctv Sales And Service,J,4.9,35 Ratings,"MC Road KALLAHALLI, Mandya",,,CCTV Dealers,true,false,false,false,false,Security System,Popular CCTV Dealers,Mandya,2025-06-02T16:49:57.232Z
4 Eyes Technologies,+,4.7,35 Ratings,"Pandavapura Kyathanahalli, Mandya",,,4g Internet; Wifi Internet,true,false,false,false,true,Security System,Popular CCTV Dealers,Mandya,2025-06-02T16:49:57.233Z
Narayana Giri Betta,N,4.5,30 Ratings,"Sindaghatta Jaginakere, Mandya",,,CCTV Dealers; CCTV Dealers-Fortress,false,false,false,false,false,Security System,Popular CCTV Dealers,Mandya,2025-06-02T16:49:57.233Z
Sri Chowdeshwari Enterprises,+,4.9,26 Ratings,"12th Chamundeshwari Nagar Mandya, Mandya",,,Solar,true,false,false,false,true,Security System,Popular CCTV Dealers,Mandya,2025-06-02T16:49:57.233Z
V2 Infotech,+,4.9,21 Ratings,"Gandhinagar Gandhi Nagar Mandya, Mandya",,,Computer Repair & Services; CCTV Installation Services,true,false,false,false,true,Security System,Popular CCTV Dealers,Mandya,2025-06-02T16:49:57.233Z
Mandya IT world,+,3.9,24 Ratings,"Vinobha Road Subash Nagar Mandya, Mandya",,,Company Authorised Dealer,true,false,false,false,false,Security System,Popular CCTV Dealers,Mandya,2025-06-02T16:49:57.233Z
Galaxy Computers,+,4.9,12 Ratings,"Feet Road Gandhi Nagar Mandya, Mandya",,,CCTV Dealers-Panasonic; CCTV Dealers,true,false,false,false,false,Security System,Popular CCTV Dealers,Mandya,2025-06-02T16:49:57.233Z
Sukhi's Mobiles and Belaku Electronice Showroom,+,4.3,12 Ratings,"Krs Road Pandavapura, Mandya",,,Wifi Internet; Company Authorised Dealer; Free installation,true,false,false,true,true,Security System,Popular CCTV Dealers,Mandya,2025-06-02T16:49:57.233Z
A2z Infotech,+,5.0,10 Ratings,"R P Road Subash Nagar Mandya, Mandya",,,CCTV Dealers; CCTV Installation Services,true,false,false,false,false,Security System,Popular CCTV Dealers,Mandya,2025-06-02T16:49:57.233Z
Reliance Digital,+,4.3,7 Ratings,"Feet Road Gandhi Nagar Mandya, Mandya",,,4g Internet; Wifi Internet; Company Authorised Dealer,false,false,false,false,true,Security System,Popular CCTV Dealers,Mandya,2025-06-02T16:49:57.233Z
Smart Security Solution,+,5.0,6 Ratings,"Bharathi Nagar Bharathinagar, Mandya",,,CCTV Installation Services; CCTV Dealers,true,false,false,false,false,Security System,Popular CCTV Dealers,Mandya,2025-06-02T16:49:57.234Z
Sanjeevini Computers,+,5.0,6 Ratings,"7th Cross Kuvempunagar Mandya, Mandya",,,IP CCTV Dealers; CCTV Installation Services,true,false,false,false,true,Security System,Popular CCTV Dealers,Mandya,2025-06-02T16:49:57.234Z
Infocity Tech Solutions,+,4.6,6 Ratings,"Shankar Nagar Mandya, Mandya",,,Computer Repair; Computer AMC; Computer Repair At Home,true,false,false,false,false,Security System,Popular CCTV Dealers,Mandya,2025-06-02T16:49:57.234Z
RC Computers & Institute,+,4.7,5 Ratings,"Road Vishweshwaraiah Road Mandya, Mandya",,,CCTV Dealers; Laptop Dealers,true,false,false,false,false,Security System,Popular CCTV Dealers,Mandya,2025-06-02T16:49:57.234Z
Shree Renukamba Security Services,S,4.4,5 Ratings,"Road Chamundeshwari Nagar Mandya, Mandya",,,Dahua; Honeywell; LG,true,false,false,false,true,Security System,Popular CCTV Dealers,Mandya,2025-06-02T16:49:57.234Z
RC Computers,+,4.0,5 Ratings,"Mandya Ho, Mandya",,,LG,true,false,false,false,false,Security System,Popular CCTV Dealers,Mandya,2025-06-02T16:49:57.234Z
Samrudhi Techno Solutions,S,4.8,4 Ratings,"TEMPLE Vidya Nagar Mandya, Mandya",,,CCTV Dealers-Panasonic; CCTV Dealers,true,false,false,false,true,Security System,Popular CCTV Dealers,Mandya,2025-06-02T16:49:57.234Z
Vydika Computers,+,2.7,7 Ratings,"Vinobha Road Subash Nagar Mandya, Mandya",,,Company Authorised Dealer,true,false,false,false,false,Security System,Popular CCTV Dealers,Mandya,2025-06-02T16:49:57.234Z
Smart Tech Solution'S,+,4.5,4 Ratings,"Adarsha Convent Road Malavalli, Mandya",,,Dahua,true,false,false,false,true,Security System,Popular CCTV Dealers,Mandya,2025-06-02T16:49:57.234Z
Ahsiris Cctv Sales And Service,A,4.2,4 Ratings,"Kallahalli Shankar Pura, Mandya",,,Security System Installation Services; CCTV Dealers,true,false,false,false,false,Security System,Popular CCTV Dealers,Mandya,2025-06-02T16:49:57.235Z
Manu Techno Care,M,4.8,3 Ratings,"Court Road Pandavapura, Mandya",,,Computer Repair & Services; CCTV Dealers,true,false,false,false,false,Security System,Popular CCTV Dealers,Mandya,2025-06-02T16:49:57.235Z
Friends Electronics,F,4.3,3 Ratings,"1st Cross Mandya City, Mandya",,,CCTV Dealers; CCD Dome Camera Wholesalers,true,false,false,false,false,Security System,Popular CCTV Dealers,Mandya,2025-06-02T16:49:57.235Z
A2z Computers and Mobile Service,+,3.5,3 Ratings,"Mandya Road Nagamangala, Mandya",,,Company Authorised Dealer,true,false,false,false,false,Security System,Popular CCTV Dealers,Mandya,2025-06-02T16:49:57.235Z
Bhyrava Computers,+,3.3,3 Ratings,"Apmc Road Kallahalli, Mandya",,,Computer Repair,true,false,false,false,false,Security System,Popular CCTV Dealers,Mandya,2025-06-02T16:49:57.235Z
Sri Vinayaka Electronics House,+,4.3,2 Ratings,"Hosahalli, Mandya",,,CCTV Dealers-Samsung; CCTV Dealers,false,false,false,false,false,Security System,Popular CCTV Dealers,Mandya,2025-06-02T16:49:57.235Z
Sln Enterprises,S,4.0,2 Ratings,"Hospital Road Nehru Nagar, Mandya",,,CCTV Dealers; CCTV Repair & Services,false,false,false,false,false,Security System,Popular CCTV Dealers,Mandya,2025-06-02T16:49:57.235Z
Heineken Cctv and Service,H,5.0,1 Ratings,"Old Mc Road Sugar Town Mandya, Mandya",,,CCTV Dealers; CCTV Installation Services,true,false,false,false,false,Security System,Popular CCTV Dealers,Mandya,2025-06-02T16:49:57.235Z
Sri Baghwan Enterprises,+,5.0,1 Ratings,"B M C Road Mandya, Mandya",,,Free installation,true,false,false,false,true,Security System,Popular CCTV Dealers,Mandya,2025-06-02T16:49:57.235Z
Borderman Detectives and Private Investigation Agency,<,4.0,1 Ratings,"Shree Niwas Mandya Subashnagar, Mandya",,,Detective Agencies For Asset Verification; Detective Agencies For Cyber Crime,true,true,false,false,true,Security System,Find Professional Detective Agencies,Mandya,2025-06-02T16:50:59.371Z
Walkers Detectives,<,5.0,1 Ratings,"Kr Mohalla, Mysore",,07411667093,Fingerprinting; Fingerprint For Police Verification,true,true,false,false,true,Security System,Find Professional Detective Agencies,Mandya,2025-06-02T16:50:59.371Z
24x7 Detectivez,<,4.2,80 Ratings,"Road Rajajinagar 2nd Stage, Bangalore",,09980152590,Detective Agencies; Detective Agencies For Background Verification,true,true,false,true,true,Security System,Find Professional Detective Agencies,Mandya,2025-06-02T16:50:59.372Z
Rajdhani Detective Agencies,<,4.9,498 Ratings,"4th A Main Road Vijayanagar, Bangalore",,,Security Services For Guard; Security Services,true,true,false,false,true,Security System,Find Professional Detective Agencies,Mandya,2025-06-02T16:50:59.372Z
Ic Intelligence Detective Services,<,5.0,4 Ratings,"Feet Road Gandhipuram Coimbatore, Coimbatore",,,Detective Agencies; Detective Agencies For Pre Matrimonial Verification,true,true,false,false,true,Security System,Find Professional Detective Agencies,Mandya,2025-06-02T16:50:59.372Z
Eagle Eye Private Detective Agency,<,4.9,73 Ratings,"Highway Service Road APMC Yard, Chitradurga",,08128978253,,true,true,false,false,true,Security System,Find Professional Detective Agencies,Mandya,2025-06-02T16:50:59.373Z
Lifeline Detective Agency Pvt Ltd,<,4.9,435 Ratings,"6th Avenue Anna Nagar East, Chennai",,07411598621,Detective Agencies; Detective Agencies For Background Verification,true,true,false,false,true,Security System,Find Professional Detective Agencies,Mandya,2025-06-02T16:50:59.373Z
Bombay Forensic,<,4.1,401 Ratings,"Modi Street Fort, Mumbai",,,,true,true,false,true,true,Security System,Find Professional Detective Agencies,Mandya,2025-06-02T16:50:59.373Z
S Prime Investigation,<,5.0,12 Ratings,"Jhotwara, Jaipur",,08147128416,Detective Agencies; Detective Agencies For Cyber Crime,true,true,false,true,true,Security System,Find Professional Detective Agencies,Mandya,2025-06-02T16:50:59.373Z
Live Detective Network India,<,4.8,296 Ratings,"Central Spine Vidhyadhar Nagar, Jaipur",,,Registration-Detective agency,true,true,false,true,true,Security System,Find Professional Detective Agencies,Mandya,2025-06-02T16:50:59.373Z
True Detective,T,4.0,76 Ratings,"JAIPUR ROAD Ksg Ajmer Road, Kishangarh",,07411593086,Detective Agencies; Detective Agencies For Extra Marital Affairs,true,true,false,true,true,Security System,Find Professional Detective Agencies,Mandya,2025-06-02T16:50:59.374Z
Mystery Solvers,M,3.2,31 Ratings,"Chowraha Lane Gomti Nagar, Lucknow",,09724918840,Detective Agencies; Detective Agencies For Insurance Claim Verification,true,true,false,false,false,Security System,Find Professional Detective Agencies,Mandya,2025-06-02T16:50:59.374Z
Blue Detective Agency,B,3.5,2 Ratings,"Vasant Kunj II Vasant Kunj, Delhi",,08460205615,Detective Agencies; Detective Agencies For Cyber Crime,true,true,false,false,false,Security System,Find Professional Detective Agencies,Mandya,2025-06-02T16:50:59.374Z
Shiv Detective Agency,S,4.2,5 Ratings,"Gali No 1 Paschim Vihar, Delhi",,09035280504,Detective Agencies; Detective Agencies For Background Verification,true,true,false,false,false,Security System,Find Professional Detective Agencies,Mandya,2025-06-02T16:50:59.374Z
Sunrise Private Detective Agency,+,4.6,262 Ratings,"Road Chandigarh Sector 45c, Chandigarh",,,Detective Agencies; Detective Agencies For Background Verification,true,true,false,false,true,Security System,Find Professional Detective Agencies,Mandya,2025-06-02T16:50:59.374Z
Hawk I Detective Agency,H,4.6,55 Ratings,"4th Cross Udayagiri, Mysore",,09035573480,Detective Agencies; Detective Agencies For Background Verification,true,true,false,false,true,Security System,Find Professional Detective Agencies,Mandya,2025-06-02T16:50:59.374Z
DELTA VERFY,+,4.9,17 Ratings,"Gaythripuram Jalapuri, Mysore",,,Security Services; Detective Agencies,true,true,false,false,true,Security System,Find Professional Detective Agencies,Mandya,2025-06-02T16:50:59.374Z
K T R Securiplans & Intlligency Bridge Pvt Ltd,K,3.3,2 Ratings,"Hospital Road Second Idiga, Mysore",,,Detective Agencies; Investigation Services,false,true,false,false,false,Security System,Find Professional Detective Agencies,Mandya,2025-06-02T16:50:59.374Z
Group Four Securities INDIA Pvt Ltd,G,3.5,12 Ratings,"Krs Rd Metagalli, Mysore",,,Bodyguard; Armed Security Services,false,true,false,false,false,Security System,Find Professional Detective Agencies,Mandya,2025-06-02T16:50:59.375Z
Group 4 Secure Solution India Limited,G,4.0,1 Ratings,"Main Road Metagalli, Mysore",,,Detective Agencies,false,true,false,false,false,Security System,Find Professional Detective Agencies,Mandya,2025-06-02T16:50:59.375Z
Lucky Detective Agency,L,4.5,1 Ratings,"Main Road Kn Agrahara, Mysore",,,Detective Agencies; Detective Agencies For Background Verification,false,true,false,false,true,Security System,Find Professional Detective Agencies,Mandya,2025-06-02T16:50:59.375Z
We Find You Detective Agency,W,3.5,5 Ratings,"Agrahara Area Kn Agrahara, Mysore",,,Detective Agencies; Detective Agencies For Background Verification,true,true,false,false,false,Security System,Find Professional Detective Agencies,Mandya,2025-06-02T16:50:59.375Z
Ktr Securiplans And Intelligence Brigade Pvt Ltd,K,5.0,2 Ratings,"Fort Mohalla, Mysore",,,Bodyguard; Bouncer Services; Armed Security Services,true,true,false,false,true,Security System,Find Professional Detective Agencies,Mandya,2025-06-02T16:50:59.375Z
Eagle Detective Agency Pvt Ltd,E,4.3,2 Ratings,"Temple Street Jayalakshmipuram, Mysore",,,Detective Agencies; Placement Services For Housekeeping (For Employers),false,true,false,false,true,Security System,Find Professional Detective Agencies,Mandya,2025-06-02T16:50:59.376Z
Eagle Detective Agency Pvt Ltd,+,4.8,4 Ratings,"Block Vinayakanagara, Mysore",,,Detective Agencies; Detective Agencies For Shadowing,false,true,false,false,false,Security System,Find Professional Detective Agencies,Mandya,2025-06-02T16:50:59.376Z
Star Security Service & Detective Agencies,S,5.0,1 Ratings,"Hosakeri Kr Mohalla, Mysore",,,Detective Agencies; Safety Equipment Manufacturers,true,true,false,false,false,Security System,Find Professional Detective Agencies,Mandya,2025-06-02T16:50:59.376Z
Walkers Detectives,W,4.8,4 Ratings,"1st Main Road Yadavagiri, Mysore",,,Detective Agencies; Detective Agencies For Background Verification,true,true,false,false,true,Security System,Find Professional Detective Agencies,Mandya,2025-06-02T16:50:59.376Z
Shyn INDIA Detectives And Investigators,S,5.0,1 Ratings,"7th Cross Vinayakanagara, Mysore",,,Detective Agencies; Detective Agencies For Background Verification,true,true,false,false,false,Security System,Find Professional Detective Agencies,Mandya,2025-06-02T16:50:59.376Z
M A C Security Services Pvt Ltd,M,4.0,1 Ratings,"Kalidasa Road Jayalakshmipuram, Mysore",,,Detective Agencies; Investigation Services,false,true,false,false,false,Security System,Find Professional Detective Agencies,Mandya,2025-06-02T16:50:59.376Z
Mysore Lancers Security And Allied Services,M,4.3,3 Ratings,"3rd Stage Vijaynagar, Mysore",,,Bodyguard,true,true,false,false,true,Security System,Find Professional Detective Agencies,Mandya,2025-06-02T16:50:59.377Z
Clue4 Evidence Forensic Lab,+,4.7,18 Ratings,"Mohalla Lakshmipuram, Mysore",,08511213780,Detective Agencies; Detective Agencies For Cyber Crime,true,true,false,true,true,Security System,Find Professional Detective Agencies,Mandya,2025-06-02T16:50:59.377Z
Globe Detective Agency Pvt Ltd,G,2.6,5 Ratings,"Hootagalli Industrial Hootagalli, Mysore",,,Detective Agencies,false,true,false,false,false,Security System,Find Professional Detective Agencies,Mandya,2025-06-02T16:50:59.377Z
C Force Enterprise,C,4.5,9 Ratings,"Nother Gangotri Gangotri Layout, Mysore",,,Bouncer Services,true,true,false,false,true,Security System,Find Professional Detective Agencies,Mandya,2025-06-02T16:50:59.377Z
Shashvathi Forensic Lab,+,5.0,1 Ratings,"Subbaiah Road Chamaraja Mohalla, Mysore",,08511631727,Fingerprinting; Fingerprint For Police Verification,true,true,false,false,true,Security System,Find Professional Detective Agencies,Mandya,2025-06-02T16:50:59.377Z
Shashi Detective Service Pvt Ltd,S,3.1,4 Ratings,"Hunsur Road Hinkal, Mysore",,,Armed Security Services,true,true,false,false,false,Security System,Find Professional Detective Agencies,Mandya,2025-06-02T16:50:59.378Z
Covert Allied Services,+,4.5,16 Ratings,"Ganga Road Kuvempunagar, Mysore",,08511815813,Security Services For Bank; Security Services,true,true,false,true,true,Security System,Find Professional Detective Agencies,Mandya,2025-06-02T16:50:59.378Z
allwin detective,a,2.5,8 Ratings,"Srirampura Kuvempunagar, Mysore",,,Detective Agencies; Detective Agencies For Cyber Crime,true,true,false,false,false,Security System,Find Professional Detective Agencies,Mandya,2025-06-02T16:50:59.378Z
Clue4 Evidence Forensic Investigation Pvt Ltd,+,4.8,18 Ratings,"Chamarajapuram Chamaraja Mohalla, Mysore",,,Forensic Investigation Services; Detective Agencies,true,true,false,false,true,Security System,Find Professional Detective Agencies,Mandya,2025-06-02T16:50:59.378Z
South Asian Detective Security And Allied Services,S,4.5,2 Ratings,"E & F Block Ramakrishnanagar, Mysore",,,Armed Security Services,true,true,false,false,true,Security System,Find Professional Detective Agencies,Mandya,2025-06-02T16:50:59.378Z
C Force Enterprises,C,5.0,4 Ratings,"2nd Stage Bogadi, Mysore",,,Security Services; Detective Agencies,true,true,false,false,false,Security System,Find Professional Detective Agencies,Mandya,2025-06-02T16:50:59.379Z
The Kirthi Detective Agency,T,4.0,2 Ratings,"K R S Road Hootagalli, Mysore",,,Detective Agencies,false,true,false,false,false,Security System,Find Professional Detective Agencies,Mandya,2025-06-02T16:50:59.379Z
Resource4you,R,5.0,1 Ratings,"Kengeri Satelite town Kengeri, Bangalore",,,Detective Agencies; Detective Agencies For Background Verification,true,true,false,false,false,Security System,Find Professional Detective Agencies,Mandya,2025-06-02T16:50:59.379Z
Lancers Network Ltd,L,4.3,3 Ratings,"32nd Cross Yediyur, Bangalore",,,Detective Agencies For Fraud Investigation; Detective Agencies,true,true,false,false,false,Security System,Find Professional Detective Agencies,Mandya,2025-06-02T16:50:59.379Z
Clue Catcher,C,4.8,16 Ratings,"Kaveka Nagar Kengeri, Bangalore",,07411852298,Physical Surveillance; Self Background Verification; Mobile Surveillance,true,true,false,false,true,Security System,Find Professional Detective Agencies,Mandya,2025-06-02T16:50:59.379Z
Target Eye Detective,+,3.4,17 Ratings,"1st Main Road Kengeri, Bangalore",,06364924245,Detective Agencies; Detective Agencies For Background Verification,true,true,false,false,false,Security System,Find Professional Detective Agencies,Mandya,2025-06-02T16:50:59.379Z
Layam Management Solution Pvt Ltd,L,4.7,3 Ratings,"Msr Nagar Gnanabharathi, Bangalore",,,Detective Agencies For Pre Employment Check; Placement Services (For Employers),true,true,false,false,false,Security System,Find Professional Detective Agencies,Mandya,2025-06-02T16:50:59.379Z
Sai Detective Agency,S,3.9,45 Ratings,"14th Main Nagarbhavi, Bangalore",,09980136280,Detective Agencies For Evidence; Detective Agencies,true,true,false,true,false,Security System,Find Professional Detective Agencies,Mandya,2025-06-02T16:50:59.379Z
Huntr Detective Agency,H,4.4,5 Ratings,"Kumaraswamy Layout, Bangalore",,08105466147,Detective,true,true,false,false,true,Security System,Find Professional Detective Agencies,Mandya,2025-06-02T16:50:59.379Z
Pentagon Security Service,P,3.0,1 Ratings,"Kanakapura Road Yelachenahalli, Bangalore",,,Security Services; Detective Agencies,false,true,false,false,false,Security System,Find Professional Detective Agencies,Mandya,2025-06-02T16:50:59.379Z
S M K ENTERPRISES,<,4.6,28 Ratings,"Kiraganduru Gate B M Road Mandya, Mandya",,,Exterior Paint; Interior paint,true,false,false,false,true,Security System,Popular Lock Dealers,Mandya,2025-06-02T16:51:52.626Z
Sunsteel And Hardware,<,4.5,32 Ratings,"Old Old MC Road Mandya, Mandya",,,Same Day Delivery; Shop In Store,true,false,false,true,true,Security System,Popular Lock Dealers,Mandya,2025-06-02T16:51:52.626Z
Navadurga Electricals And Hardware,<,4.6,21 Ratings,"Sukadhare Road Nagamangala, Mandya",,,Hardware Shops; Wire Dealers,false,false,false,false,false,Security System,Popular Lock Dealers,Mandya,2025-06-02T16:51:52.627Z
CMR Ceramics & Hardware,<,3.7,26 Ratings,"Ashok Nagar Mandya, Mandya",,,Hardware Shops; Pipe Dealers,true,false,false,false,false,Security System,Popular Lock Dealers,Mandya,2025-06-02T16:51:52.627Z
Mahaveer Glass And Plywood,<,4.2,16 Ratings,"RP Road Vidya Nagar Mandya, Mandya",,,Steel Door Dealers; Upvc Door; Same Day Delivery,true,false,false,false,true,Security System,Popular Lock Dealers,Mandya,2025-06-02T16:51:52.627Z
Pradeep Glass and Plywoods,<,4.8,14 Ratings,"1st Cross Gandhi Nagar Mandya, Mandya",,,PVC Door Dealers; Fibre Door Dealers; Same Day Delivery,true,false,false,false,true,Security System,Popular Lock Dealers,Mandya,2025-06-02T16:51:52.628Z
Tara Electricals Hardware Paints & Sanitary,<,3.4,19 Ratings,"Chamundi St Kirangoor, Mandya",,,Same Day Delivery; Shop In Store,true,false,false,false,false,Security System,Popular Lock Dealers,Mandya,2025-06-02T16:51:52.628Z
A M Traders,<,3.7,15 Ratings,"Mysore Road Pandavapura, Mandya",,,MS Pipe Wholesalers-BEC; Hardware Shops,true,false,false,false,false,Security System,Popular Lock Dealers,Mandya,2025-06-02T16:51:52.628Z
Sowmy Shree Enterprises,<,4.3,12 Ratings,"100 Feet Road Vidya Nagar Mandya, Mandya",,,Tmt Steel Dealers; Cement Dealers,true,false,false,false,true,Security System,Popular Lock Dealers,Mandya,2025-06-02T16:51:52.629Z
Shree Dhanalaxmi Hardware,<,4.9,9 Ratings,"100 Feet Road Vidya Nagar Mandya, Mandya",,,Fibre Door Dealers; Bathroom Door Dealers,true,false,false,false,true,Security System,Popular Lock Dealers,Mandya,2025-06-02T16:51:52.629Z
Meenakshi Traders,M,4.3,10 Ratings,"Bazaar street Bazaar Street, Mandya",,,Hardware Shops; Pipe Dealers,true,false,false,false,false,Security System,Popular Lock Dealers,Mandya,2025-06-02T16:51:52.630Z
Siddeshwara Hardware And Paints,+,4.7,9 Ratings,"100 Feet Road Vidya Nagar Mandya, Mandya",,,Designer; Textured Paints,true,false,false,false,true,Security System,Popular Lock Dealers,Mandya,2025-06-02T16:51:52.630Z
Shri Mahaveer Traders,+,3.8,11 Ratings,"Hosahalli Gandhi Nagar Mandya, Mandya",,,Tmt Bar Dealers-Jsw; Cement Dealers,true,false,false,false,false,Security System,Popular Lock Dealers,Mandya,2025-06-02T16:51:52.631Z
Surya Enterprises,+,4.7,8 Ratings,"Bm Road Nagamangala Nagamangala, Mandya",,,Aluminium Door; Wpc Door Dealers,true,false,false,false,true,Security System,Popular Lock Dealers,Mandya,2025-06-02T16:51:52.631Z
Classic Hardware Mandya,+,4.4,8 Ratings,"Feet Road Gandhi Nagar Mandya, Mandya",,,PVC Door Dealers; Fibre Door Dealers,true,false,false,true,true,Security System,Popular Lock Dealers,Mandya,2025-06-02T16:51:52.631Z
Royel Paints & Hardware,+,4.1,8 Ratings,"Melkote Road Shankar Pura, Mandya",,,Exterior Paint; Interior paint; Same Day Delivery,true,false,false,false,false,Security System,Popular Lock Dealers,Mandya,2025-06-02T16:51:52.631Z
Amar Electricals And Hardware,+,4.3,7 Ratings,"Kollegal Road Malavalli, Mandya",,,Furniture Dealers; Hardware Shops,true,false,false,true,true,Security System,Popular Lock Dealers,Mandya,2025-06-02T16:51:52.631Z
Makam Traders & Cements,+,4.2,7 Ratings,"K K R Road Mandya, Mandya",,,Cement Dealers-Priya; Cement Dealers,true,false,false,false,true,Security System,Popular Lock Dealers,Mandya,2025-06-02T16:51:52.631Z
Dhanlaxmi Electrical & Hardware,+,4.2,7 Ratings,"Arakere Main Road Arakere Mandya, Mandya",,,Same Day Delivery; Shop In Store; In Store Collect,true,false,false,false,false,Security System,Popular Lock Dealers,Mandya,2025-06-02T16:51:52.632Z
Om Sri Maruthi Electrical And Hardware,+,2.6,11 Ratings,"Main Road Bharathinagar, Mandya",,,Shop In Store,false,false,false,false,false,Security System,Popular Lock Dealers,Mandya,2025-06-02T16:51:52.632Z
Gk Electricals And Hardware,+,4.6,6 Ratings,Mandya,,,Same Day Delivery,false,false,false,false,false,Security System,Popular Lock Dealers,Mandya,2025-06-02T16:51:52.632Z
Vinayaka Hardware,V,4.6,5 Ratings,"Melukote, Mandya",,,Same Day Delivery,false,false,false,false,false,Security System,Popular Lock Dealers,Mandya,2025-06-02T16:51:52.632Z
Nandi Electricals And Hardware,N,3.8,5 Ratings,"NM Main Road Chinya Mandya, Mandya",,,Same Day Delivery; Shop In Store,true,false,false,false,false,Security System,Popular Lock Dealers,Mandya,2025-06-02T16:51:52.632Z
Smart Tech Solution'S,+,4.5,4 Ratings,"Adarsha Convent Road Malavalli, Mandya",,,Water Purifier Installation Services; CCTV Installation Services,true,false,false,false,true,Security System,Popular Lock Dealers,Mandya,2025-06-02T16:51:52.632Z
Shree Vinayaka Electrical Hardware Paints,S,4.5,4 Ratings,"Belakavadi, Mandya",,,Hardware Shops; Electrical Shops,true,false,false,false,false,Security System,Popular Lock Dealers,Mandya,2025-06-02T16:51:52.633Z
Akshay Paints And Hardware,A,4.5,4 Ratings,"215 Sugar Town, Mandya",,,Same Day Delivery,false,false,false,false,false,Security System,Popular Lock Dealers,Mandya,2025-06-02T16:51:52.633Z
Padma Hardware,P,4.5,4 Ratings,"Sh 85 Devalapura, Mandya",,,Hardware Shops; Wire Dealers,false,false,false,false,false,Security System,Popular Lock Dealers,Mandya,2025-06-02T16:51:52.633Z
Varsha Hard Ware And Paint,V,3.9,4 Ratings,"Kodiyala, Mandya",,,Shop In Store,true,false,false,false,false,Security System,Popular Lock Dealers,Mandya,2025-06-02T16:51:52.633Z
Rakesh Glass and Plywoods,+,4.5,3 Ratings,"Road Old MC Road Mandya, Mandya",,,PVC Door Dealers; Fibre Door Dealers,true,false,false,false,true,Security System,Popular Lock Dealers,Mandya,2025-06-02T16:51:52.633Z
Sri Vinayaka Paints And Hardware,+,4.5,3 Ratings,"100 Feet Road Vidya Nagar Mandya, Mandya",,,Waterproof; Textured Paints,true,false,false,false,false,Security System,Popular Lock Dealers,Mandya,2025-06-02T16:51:52.634Z
Pragathi Hardware and Paints,+,4.3,3 Ratings,"Nagamangal Road Nagamangala, Mandya",,,Designer; Textured Paints,true,false,false,false,false,Security System,Popular Lock Dealers,Mandya,2025-06-02T16:51:52.634Z
Mahesh Hardware And Paints,M,4.3,3 Ratings,"Guthal Road Guttalu Mandya, Mandya",,,Imported; Textured Paints; Same Day Delivery,true,false,false,false,false,Security System,Popular Lock Dealers,Mandya,2025-06-02T16:51:52.634Z
Maruti Hardware,+,4.0,3 Ratings,"100 Feet Road Vidya Nagar Mandya, Mandya",,,PVC Door Dealers; Steel Door Dealers,true,false,false,false,false,Security System,Popular Lock Dealers,Mandya,2025-06-02T16:51:52.634Z
Bharath Hardware,+,4.0,3 Ratings,"Bazar Street Old Mc Road Mandya, Mandya",,,Steel Door Dealers,true,false,false,false,false,Security System,Popular Lock Dealers,Mandya,2025-06-02T16:51:52.634Z
Arkeshwara Glass Plywoods & Hardware,A,3.7,3 Ratings,"Hosahalli Road Mandya Hosahalli, Mandya",,,Hardware Shops; Pipe Dealers,true,false,false,false,false,Security System,Popular Lock Dealers,Mandya,2025-06-02T16:51:52.634Z
Sri Byraveshwara Hardware And Plywood,S,3.6,3 Ratings,"Krishnarajpete, Mandya",,,Hardware Shops; Wire Dealers,true,false,false,false,false,Security System,Popular Lock Dealers,Mandya,2025-06-02T16:51:52.634Z
Sahana Glass And Plywood,+,5.0,2 Ratings,"Guthal Road Guttalu Mandya, Mandya",,,PVC Door Dealers; Fibre Door Dealers,true,false,false,false,true,Security System,Popular Lock Dealers,Mandya,2025-06-02T16:51:52.634Z
G P Plywood And Hardwares,+,5.0,2 Ratings,"Guttalu Mandya, Mandya",,,PVC Door Dealers; Fibre Door Dealers,true,false,false,false,true,Security System,Popular Lock Dealers,Mandya,2025-06-02T16:51:52.634Z
Sri Devaraj Traders,+,3.2,3 Ratings,"Pandavapura Main Road Kirangoor, Mandya",,,Cement Dealers; Hardware Shops,true,false,false,false,false,Security System,Popular Lock Dealers,Mandya,2025-06-02T16:51:52.635Z
Prashanth Electricals & Hardware,P,3.0,3 Ratings,"Malavalli Kanakapura Road Hadli, Mandya",,,Hardware Shops; Wire Dealers,true,false,false,false,false,Security System,Popular Lock Dealers,Mandya,2025-06-02T16:51:52.635Z
Sri Krishna Hardware,+,4.0,2 Ratings,"Kikeri Road Krishnarajapete, Mandya",,,Plywood Door Dealers; Upvc Door,true,false,false,false,false,Security System,Popular Lock Dealers,Mandya,2025-06-02T16:51:52.635Z
Maruthi Electricals And Hardware,M,4.0,2 Ratings,"Main Road Channapatna Ramanagara, Mandya",,,Hardware Shops; Electrical Shops,true,false,false,false,false,Security System,Popular Lock Dealers,Mandya,2025-06-02T16:51:52.635Z
Surya Hardware And Ply,S,4.0,2 Ratings,"Ashok Nagar, Mandya",,,Same Day Delivery,true,false,false,false,false,Security System,Popular Lock Dealers,Mandya,2025-06-02T16:51:52.635Z
Prithvi Gold Ceramics And Hardware,P,4.0,2 Ratings,"Nehru Nagar, Mandya",,,Shop In Store,true,false,false,false,false,Security System,Popular Lock Dealers,Mandya,2025-06-02T16:51:52.635Z
Pooja Electicals And Hardware,P,4.0,2 Ratings,"Mo Road Pandavapura, Mandya",,,Hardware Shops; Wire Dealers,false,false,false,false,false,Security System,Popular Lock Dealers,Mandya,2025-06-02T16:51:52.635Z
Jagadamba Hardware Glass And Plywoods,+,4.0,2 Ratings,"Krs Road Belagola, Mandya",,,Hardware Shops; Wire Dealers,true,false,false,false,false,Security System,Popular Lock Dealers,Mandya,2025-06-02T16:51:52.635Z
S K Traders,+,3.5,2 Ratings,"Guthal Road Guttalu Mandya, Mandya",,,Textured Paints; Company Authorised Dealer,true,false,false,false,false,Security System,Popular Lock Dealers,Mandya,2025-06-02T16:51:52.635Z
Kalabyreshwara Steel And Hardware,K,3.5,2 Ratings,"Chiya Nagmangala Nagamangala, Mandya",,,Hardware Shops; Cement Dealers,true,false,false,false,false,Security System,Popular Lock Dealers,Mandya,2025-06-02T16:51:52.635Z
Sri Panchalingeshwara Paints And Hardware,S,3.5,2 Ratings,"Mysore Road Malavalli, Mandya",,,Hardware Shops; Pipe Dealers,true,false,false,false,false,Security System,Popular Lock Dealers,Mandya,2025-06-02T16:51:52.635Z
Ganavi Security Service & Allied Services Pvt Ltd,<,4.6,15 Ratings,"Road Shivapura Extension Mandya, Mandya",,,Corporate Companies; Security Services,true,true,false,false,true,Security System,Find Top Security Services,Mandya for Trusted Protection,2025-06-02T16:52:30.859Z
Civil Security Services India Pvt.Ltd.,<,4.8,13 Ratings,"Mandya HO, Mandya",,,Security Services,true,true,false,false,false,Security System,Find Top Security Services,Mandya for Trusted Protection,2025-06-02T16:52:30.859Z
Unity Guarding Services and Allide Services,<,4.1,7 Ratings,"4th Phase Yelahanka New Town, Bangalore",,08401799259,Bouncer Services; Armed Security Services,true,true,false,true,true,Security System,Find Top Security Services,Mandya for Trusted Protection,2025-06-02T16:52:30.859Z
Disha Security and Allied Services,<,4.9,10 Ratings,"BSNL Office Road Anandapura, Bangalore",,07048811686,Armed Security Services; Bouncer Services,true,true,false,false,true,Security System,Find Top Security Services,Mandya for Trusted Protection,2025-06-02T16:52:30.860Z
Kavipriya HR Solutions Pvt. Ltd.,<,4.0,46 Ratings,"5th A Cross Banaswadi, Bangalore",,08105161465,Bouncer Services; Armed Security Services,true,true,false,true,false,Security System,Find Top Security Services,Mandya for Trusted Protection,2025-06-02T16:52:30.860Z
Laxmi Control System,<,4.2,48 Ratings,"Belavadi Post Belavadi, Mysore",,08460413072,Automation System Dealers; Security Services,true,true,false,false,true,Security System,Find Top Security Services,Mandya for Trusted Protection,2025-06-02T16:52:30.860Z
Sharp Intelligence Bureau,<,4.5,46 Ratings,"BG Road Bilekahalli, Bangalore",,09980224063,Bodyguard,true,true,false,true,true,Security System,Find Top Security Services,Mandya for Trusted Protection,2025-06-02T16:52:30.860Z
United India Facilities Management Services,<,5.0,6 Ratings,"Kempapura Hebbal, Bangalore",,09980227164,Security Services; Housekeeping Services,true,true,false,false,true,Security System,Find Top Security Services,Mandya for Trusted Protection,2025-06-02T16:52:30.860Z
Sharada Enterprises,<,5.0,7 Ratings,"Railway Station Doddaballapur, Bangalore",,09054827980,Lost Device Tracking; Bouncer Services; Armed Security Services,true,true,false,false,true,Security System,Find Top Security Services,Mandya for Trusted Protection,2025-06-02T16:52:30.860Z
Jyothi Security and Allied Services,<,3.5,2 Ratings,"Chamarajanagara PWD Colony, Chamarajanagar",,08511967098,Bodyguard; Bouncer Services; Armed Security Services,true,true,false,false,false,Security System,Find Top Security Services,Mandya for Trusted Protection,2025-06-02T16:52:30.860Z
Top Guard Security Services,+,4.3,24 Ratings,"Colony New Bannimantap Extension, Mysore",,08511534093,Bouncer Services; Armed Security Services,true,true,false,true,true,Security System,Find Top Security Services,Mandya for Trusted Protection,2025-06-02T16:52:30.861Z
Rajdhani Detective Agencies,+,4.9,498 Ratings,"4th A Main Road Vijayanagar, Bangalore",,,Security Services For Guard; Security Services,true,true,false,false,true,Security System,Find Top Security Services,Mandya for Trusted Protection,2025-06-02T16:52:30.861Z
Location One Facility Management Services Private Limited,L,4.2,30 Ratings,"Market Road Ernakulam Bazar, Ernakulam",,07383061424,Bodyguard; Bouncer Services,true,true,false,true,true,Security System,Find Top Security Services,Mandya for Trusted Protection,2025-06-02T16:52:30.861Z
Kalmeshwar Industrial And Security Service,+,4.0,16 Ratings,"Court Circle Neeligin Road Hubli, Hubli",,08401237168,Bouncer Services; Armed Security Services; Bodyguard,true,true,false,true,false,Security System,Find Top Security Services,Mandya for Trusted Protection,2025-06-02T16:52:30.861Z
Avengers Facility Services,+,4.8,207 Ratings,"Abdulla Khan Estate Gandhi Nagar, Kurnool",,08401332171,,true,true,false,true,true,Security System,Find Top Security Services,Mandya for Trusted Protection,2025-06-02T16:52:30.861Z
GRPS SECURITY AND FACILITY MANAGEMENT SERVICE PVT.LTD,+,4.8,24 Ratings,"Gandhi  Nagar Gokul Road, Hubli",,08490086960,"Registration-ESIC, EPFO, GST, PSARA Licence.; Facility Management; Bodyguard",true,true,false,false,true,Security System,Find Top Security Services,Mandya for Trusted Protection,2025-06-02T16:52:30.861Z
Lion Heart Force,+,4.4,52 Ratings,"Stand Ashram Road Bijapur City, Bijapur-Karnataka",,08734976472,Bodyguard; Armed Bodyguard; Bouncer Services,true,true,false,true,true,Security System,Find Top Security Services,Mandya for Trusted Protection,2025-06-02T16:52:30.861Z
Lion Security Guard & Manpower Agency,L,4.0,3 Ratings,"Opp Basva Pu College Sedam Road, Gulbarga",,08904246083,Bodyguard; Armed Security Services; Bouncer Services,true,true,false,false,false,Security System,Find Top Security Services,Mandya for Trusted Protection,2025-06-02T16:52:30.861Z
Manish Man Power Agency,+,3.9,99 Ratings,"PWD Quarters Old Jewargi Road, Gulbarga",,,Offers Training Program; Armed Security Services,true,true,false,true,true,Security System,Find Top Security Services,Mandya for Trusted Protection,2025-06-02T16:52:30.861Z
Cyber Crime Helpline LLP,+,4.2,"4,082 Ratings","Kondhwa Khurd, Pune",,,Cyber Security Services; Security Services,true,true,false,true,true,Security System,Find Top Security Services,Mandya for Trusted Protection,2025-06-02T16:52:30.862Z
Royal Security Force and Allied Services,+,4.2,99 Ratings,"PUDI MAIN ROAD V.l.puram, Rajahmundry",,08128274453,Bodyguard; Bouncer Services,true,true,false,false,true,Security System,Find Top Security Services,Mandya for Trusted Protection,2025-06-02T16:52:30.862Z
Helik Advisory Ltd,+,4.4,70 Ratings,"Mumbai Central, Mumbai",,09845242125,Security Services; Handwriting Experts,true,true,false,true,true,Security System,Find Top Security Services,Mandya for Trusted Protection,2025-06-02T16:52:30.862Z
Bombay Forensic,+,4.1,401 Ratings,"Modi Street Fort, Mumbai",,,,true,true,false,true,true,Security System,Find Top Security Services,Mandya for Trusted Protection,2025-06-02T16:52:30.862Z
YLALA SECURITY & MANPOWER PRIVATE LIMITED,+,4.6,69 Ratings,"Bhandara Road Bagadganj, Nagpur",,08511796849,Atm Security Guard; Home Security Guard; Background Verification,true,true,false,true,true,Security System,Find Top Security Services,Mandya for Trusted Protection,2025-06-02T16:52:30.862Z
Sandhu Security Service,S,3.0,2 Ratings,"Stand Vadodara Mahanagar Palika, Vadodara",,09035041846,Bodyguard; Bouncer Services; Armed Security Services,true,true,false,false,false,Security System,Find Top Security Services,Mandya for Trusted Protection,2025-06-02T16:52:30.862Z
Tec Materials Testing Lab,+,4.6,121 Ratings,"Chakkargadh Road Chakkargadh, Amreli",,,Industrial; Building,true,true,false,true,true,Security System,Find Top Security Services,Mandya for Trusted Protection,2025-06-02T16:52:30.862Z
Hindustan Security Service,H,4.4,36 Ratings,"Mega Mall Ambedkarnagar, Surendra Nagar-Gujarat",,07405935633,Bodyguard; Bouncer Services; Armed Security Services,true,true,false,false,true,Security System,Find Top Security Services,Mandya for Trusted Protection,2025-06-02T16:52:30.862Z
United Security Service,+,4.6,108 Ratings,"Office No. 418 Yagnik Road, Rajkot",,08401607590,,true,true,false,true,true,Security System,Find Top Security Services,Mandya for Trusted Protection,2025-06-02T16:52:30.863Z
National Protective Security Services,+,3.9,26 Ratings,"Tata Kandra Main Road Gamharia, Jamshedpur",,09980106281,Female Security; Security; Guard Dog Security,true,true,false,false,false,Security System,Find Top Security Services,Mandya for Trusted Protection,2025-06-02T16:52:30.863Z
VICTUS SECURITY & MANSOURCE PVT LTD,V,4.3,34 Ratings,"Khelgaon Hotwar, Ranchi",,07801998519,Bodyguard; Bouncer Services; Armed Security Services,true,true,false,false,true,Security System,Find Top Security Services,Mandya for Trusted Protection,2025-06-02T16:52:30.863Z
Rajpoot Security Gaurd Services,R,4.1,15 Ratings,"Deva Road Malhaur, Lucknow",,08867842107,Bodyguard; Armed Security Services,true,true,false,true,true,Security System,Find Top Security Services,Mandya for Trusted Protection,2025-06-02T16:52:30.863Z
Lagarda Security Services Private Limited,L,4.4,7 Ratings,"Dharam Colony Gurgaon, Gurgaon",,08904987080,PSO Cum Driver Services; Bouncer Services; Armed Security Services,true,true,false,false,true,Security System,Find Top Security Services,Mandya for Trusted Protection,2025-06-02T16:52:30.863Z
Rajput Protection Service Pvt Ltd,+,4.3,16 Ratings,"Shyam Park Extension, Sahibabad",,08296592872,Bouncer Services; Armed Security Services,true,true,false,false,true,Security System,Find Top Security Services,Mandya for Trusted Protection,2025-06-02T16:52:30.863Z
Planwey Global Services Pvt. Ltd.,+,3.8,74 Ratings,"Sector 62 Noida Sector 63, Noida",,09606219415,,true,true,false,false,false,Security System,Find Top Security Services,Mandya for Trusted Protection,2025-06-02T16:52:30.863Z
Aastha Security Services,+,4.5,43 Ratings,"Gt Road Sarsol, Aligarh",,07041451342,,true,true,false,true,true,Security System,Find Top Security Services,Mandya for Trusted Protection,2025-06-02T16:52:30.863Z
Crown Security Service,+,4.2,76 Ratings,"Mathura Road Sasni Gate, Aligarh",,08128145354,Bodyguard; Armed Bodyguard; Bouncer Services,true,true,false,true,true,Security System,Find Top Security Services,Mandya for Trusted Protection,2025-06-02T16:52:30.863Z
Asap Ifm Services India Private Limited,A,4.6,7 Ratings,"Sector 55 Sushant Lok Phase 2, Gurgaon",,09054474785,Bouncer Services; Armed Security Services,true,true,false,true,true,Security System,Find Top Security Services,Mandya for Trusted Protection,2025-06-02T16:52:30.863Z
GOLDEN TRIANGLE SECURITY SERVICES PVT. LTD.,+,4.1,119 Ratings,"Amrik Singh Road Bhatinda City, Bhatinda",,08460564776,Bodyguard; Lost Device Tracking; Bouncer Services,true,true,false,true,true,Security System,Find Top Security Services,Mandya for Trusted Protection,2025-06-02T16:52:30.863Z
Shree Renukamba Security Services,S,4.4,5 Ratings,"Road Chamundeshwari Nagar Mandya, Mandya",,,CCTV Dealers-Panasonic; CCTV Dealers,true,true,false,false,true,Security System,Find Top Security Services,Mandya for Trusted Protection,2025-06-02T16:52:30.864Z
Ahsiris Cctv Sales And Service,A,4.2,4 Ratings,"Kallahalli Shankar Pura, Mandya",,,Security System Installation Services; CCTV Dealers,true,true,false,false,false,Security System,Find Top Security Services,Mandya for Trusted Protection,2025-06-02T16:52:30.864Z
M4Civil Security Services Opc Pvt Ltd,M,5.0,3 Ratings,"Kaveri Nagar, Mandya",,,Bodyguard,false,true,false,false,false,Security System,Find Top Security Services,Mandya for Trusted Protection,2025-06-02T16:52:30.864Z
G enterprises,G,4.3,3 Ratings,"Maddur Mandya, Mandya",,,Security Services; Security Services For Guard,true,true,false,false,false,Security System,Find Top Security Services,Mandya for Trusted Protection,2025-06-02T16:52:30.864Z
Keerthi Enterprises,K,5.0,2 Ratings,"Kallahalli Road M C Road Mandya, Mandya",,,Security Services; Security Services For Guard,true,true,false,false,false,Security System,Find Top Security Services,Mandya for Trusted Protection,2025-06-02T16:52:30.864Z
Aryan Shares & Stock Brokers Ltd.,A,4.0,1 Ratings,"6th Cross Ashok Nagar, Mandya",,,Security Services; Share Brokers,false,true,false,false,false,Security System,Find Top Security Services,Mandya for Trusted Protection,2025-06-02T16:52:30.864Z
Decita Softechnologies,D,5.0,2 Ratings,"Outer Ring Road Hanchya, Mysore",,,Security Services; Cyber Security Services,true,true,false,false,false,Security System,Find Top Security Services,Mandya for Trusted Protection,2025-06-02T16:52:30.864Z
Nnk security service,N,5.0,19 Ratings,"Road 2nd Cross Sathgalli, Mysore",,08460304832,Bouncer Services; Security Guard; Government Verified,true,true,false,false,false,Security System,Find Top Security Services,Mandya for Trusted Protection,2025-06-02T16:52:30.864Z
FORTRESS SECURITY SERVICES,F,5.0,1 Ratings,"Devanur Rajivnagar, Mysore",,,Bouncer Services; Armed Security Services,true,true,false,false,true,Security System,Find Top Security Services,Mandya for Trusted Protection,2025-06-02T16:52:30.864Z
AHAD SECURITY & Placement Network,+,4.6,11 Ratings,"Sait Double Road Shanthinagar, Mysore",,,Bodyguard; Bouncer Services; Armed Security Services,true,true,false,false,true,Security System,Find Top Security Services,Mandya for Trusted Protection,2025-06-02T16:52:30.864Z
Regal Security Services,R,5.0,1 Ratings,"Papanna Layout Yaraganahalli, Mysore",,,Security Services,true,true,false,false,false,Security System,Find Top Security Services,Mandya for Trusted Protection,2025-06-02T16:52:30.864Z