name,initial,rating,totalRatings,address,distance,phone,tags,hasWhatsApp,hasEnquiry,isTrusted,isVerified,isPopular,category,city,timestamp
Sunshine Cooling Point,<,4.5,32 Ratings,"Police Station Hosaline Road, Hassan",,09724442204,Washing Machine Repair & Services-IFB; Washing Machine Repair & Services,true,true,false,false,true,AC Repair & Services,Hassan,2025-05-26T12:17:34.327Z
Nida Refrigeration,<,4.8,178 Ratings,"Vallabhai Road Bm Road, Hassan",,08460550336,Refrigerator Repair & Services-Godrej; Washing Machine Repair & Services,true,true,false,true,true,AC Repair & Services,Hassan,2025-05-26T12:17:34.328Z
Shivu Electronics,<,4.6,7 Ratings,"Municipal Complex Arsikere, Hassan",,,Washing Machine Repair & Services; Refrigerator Repair & Services,true,true,true,true,true,AC Repair & Services,Hassan,2025-05-26T12:17:34.328Z
Hassan Service 24x7,<,5.0,32 Ratings,"Station Road Hosaline Road, Hassan",,,Home Appliance Repair & Services; Washing Machine Repair & Services,true,true,false,false,true,AC Repair & Services,Hassan,2025-05-26T12:17:34.328Z
Sri Chamundeshwari Enterprises,<,4.3,3 Ratings,"Badavane Hassan City, Hassan",,,Water Purifier Dealers; Washing Machine Repair & Services,true,true,false,false,true,AC Repair & Services,Hassan,2025-05-26T12:17:34.328Z
Electro Cooling Solutions,<,4.7,42 Ratings,"Main Road Vivekanagara, Hassan",,,Wiring,true,true,false,false,true,AC Repair & Services,Hassan,2025-05-26T12:17:34.328Z
AIR Conditioning,<,5.0,1 Rating,"80 Feet Road Hassan Hassan HO, Hassan",,,AC Repair & Services; Washing Machine Repair & Services,true,true,false,false,true,AC Repair & Services,Hassan,2025-05-26T12:17:34.328Z
Quadri Cooling System,<,5.0,1 Rating,"Hosaline Road Hosaline Road, Hassan",,,Refrigerator Repair & Services-Siemens; Washing Machine Repair & Services,true,true,false,false,true,AC Repair & Services,Hassan,2025-05-26T12:17:34.328Z
Hotel Sky Bird,<,4.5,478 Ratings,"BM Road Shanthigrama, Hassan",,,Lodging Services; Hotels,true,true,false,false,true,AC Repair & Services,Hassan,2025-05-26T12:17:34.328Z
Ark Service Centre,<,4.9,428 Ratings,"Bypass Arkalgud, Hassan",,,Refrigerator Repair & Services; AC Repair & Services,true,true,false,false,true,AC Repair & Services,Hassan,2025-05-26T12:17:34.328Z
Cool Well Refrigeration,+,4.2,85 Ratings,"R. C. Road Harshamahal Road, Hassan",,,Electronic Goods Showrooms; Washing Machine Repair & Services,true,true,false,true,true,AC Repair & Services,Hassan,2025-05-26T12:17:34.328Z
Cool Care Refrigeration,+,4.8,62 Ratings,"Hosline Road Hassan City, Hassan",,,Refrigerator Repair & Services-Videocon; Washing Machine Repair & Services,true,true,false,false,true,AC Repair & Services,Hassan,2025-05-26T12:17:34.328Z
Coolcare Solution,C,4.8,60 Ratings,"Hosline Road Hassan HO, Hassan",,,Washing Machine Repair & Services; Refrigerator Repair & Services,true,true,false,false,true,AC Repair & Services,Hassan,2025-05-26T12:17:34.328Z
Ever cool refrigeration,+,4.8,54 Ratings,"Hassan HO, Hassan",,,AC Repair & Services; Electronic Goods Repair & Services,true,true,false,false,true,AC Repair & Services,Hassan,2025-05-26T12:17:34.329Z
Channambika Enterprises,+,4.2,42 Ratings,"Hassan HO, Hassan",,,Electronic Goods Showrooms; AC Repair & Services,true,true,false,false,false,AC Repair & Services,Hassan,2025-05-26T12:17:34.329Z
Ganapa Enterprises,+,4.3,15 Ratings,"Number 11 Kr Puram Hassan, Hassan",,,Washing Machine Repair & Services-IFB; Washing Machine Repair & Services,false,true,false,false,true,AC Repair & Services,Hassan,2025-05-26T12:17:34.329Z
Whirlpool India Service Centre,W,4.2,14 Ratings,"Near Gandhibajar Bm Road, Hassan",,,AC Repair & Services; Washing Machine Repair & Services,false,true,false,false,true,AC Repair & Services,Hassan,2025-05-26T12:17:34.329Z
Tulasi Enterprises,+,4.2,12 Ratings,"Sampige Road Kr Puram Hassan, Hassan",,,AC Dealers-Carrier; AC Repair & Services,true,true,false,false,true,AC Repair & Services,Hassan,2025-05-26T12:17:34.329Z
Malnad Aircon Systems,+,4.6,9 Ratings,"Mutt Road Kr Puram Hassan, Hassan",,,Industrial Refrigerator Repair & Services; Washing Machine Repair & Services,true,true,false,false,true,AC Repair & Services,Hassan,2025-05-26T12:17:34.329Z
Chetana Groups,+,3.7,10 Ratings,"Kr Puram Hassan, Hassan",,,Computer Repair & Services; Washing Machine Repair & Services,false,true,false,false,false,AC Repair & Services,Hassan,2025-05-26T12:17:34.329Z
N N MART,+,3.7,10 Ratings,"Salgame Road Hassan City, Hassan",,,Washing Machine Repair & Services; AC Repair & Services,true,true,false,false,false,AC Repair & Services,Hassan,2025-05-26T12:17:34.329Z
Ark Refrigeration,+,4.6,6 Ratings,"2nd Main Ravindra Nagar Hassan, Hassan",,,Washing Machine Repair & Services; Refrigerator Repair & Services,true,true,false,false,true,AC Repair & Services,Hassan,2025-05-26T12:17:34.329Z
Ocean groups,+,4.6,6 Ratings,"Holenarasipur Bazar, Hassan",,,AC Repair & Services; Solar Geyser Dealers,true,true,false,false,true,AC Repair & Services,Hassan,2025-05-26T12:17:34.329Z
Cool House Refrigeration,+,3.8,7 Ratings,"Road Kr Puram Hassan, Hassan",,,Washing Machine Repair & Services-Samsung; Washing Machine Repair & Services,true,true,false,false,false,AC Repair & Services,Hassan,2025-05-26T12:17:34.329Z
Vayuputhra Water Purifier,+,5.0,5 Ratings,"Kuvempu Road Vidya Nagar Hassan, Hassan",,,Washing Machine Repair & Services; Refrigerator Repair & Services,false,true,false,false,true,AC Repair & Services,Hassan,2025-05-26T12:17:34.329Z
A M Service Center,+,4.1,6 Ratings,"Main Road Hemavathinagar, Hassan",,,Washing Machine Repair & Services; Refrigerator Repair & Services,true,true,false,false,true,AC Repair & Services,Hassan,2025-05-26T12:17:34.329Z
Star Refrigeration,S,4.0,6 Ratings,"Santhepet, Hassan",,,Washing Machine Repair & Services; AC Repair & Services,true,true,false,false,false,AC Repair & Services,Hassan,2025-05-26T12:17:34.329Z
Star Refrigeration,S,4.0,6 Ratings,"hospital 1st cross Hassan HO, Hassan",,,Washing Machine Repair & Services; Refrigerator Repair & Services,true,true,false,false,false,AC Repair & Services,Hassan,2025-05-26T12:17:34.329Z
Rcs Tv Service Center,R,4.4,5 Ratings,"206 Harasekeri Taluku Bendekere, Hassan",,,Washing Machine Repair & Services; Refrigerator Repair & Services,true,true,false,false,true,AC Repair & Services,Hassan,2025-05-26T12:17:34.329Z
Cool Life Refrigerators,C,3.8,5 Ratings,"Sahyadri Circle Aralepet, Hassan",,,Electronic Goods Showrooms; Refrigerator Repair & Services,true,true,false,false,false,AC Repair & Services,Hassan,2025-05-26T12:17:34.329Z
Diamond Services,+,3.7,5 Ratings,"Main Road Vidyanagar Hassan, Hassan",,,Washing Machine Repair & Services; Mobile Phone Repair & Services,true,true,false,false,true,AC Repair & Services,Hassan,2025-05-26T12:17:34.329Z
IFB,I,4.5,4 Ratings,"Kuvempunagar # 9 Th Cross, Hassan",,,Washing Machine Repair & Services-IFB; Washing Machine Repair & Services,true,true,false,false,true,AC Repair & Services,Hassan,2025-05-26T12:17:34.329Z
Lourd Mary Electricals,L,5.0,3 Ratings,"Main Road Hassan Ho, Hassan",,,AC Repair & Services; Electrical Shops,true,true,false,false,false,AC Repair & Services,Hassan,2025-05-26T12:17:34.329Z
J K Refrigeration &air Conditioning Service Centre,J,4.7,3 Ratings,"Main Raod Sakleshpur, Sakleshpur",,,Refrigerator Repair & Services-Godrej; Washing Machine Repair & Services,true,true,false,false,true,AC Repair & Services,Hassan,2025-05-26T12:17:34.329Z
Cold Waves,+,4.3,3 Ratings,"Shop Road NORTHERN EXTENSION, Hassan",,,Refrigerator Repair & Services; AC Repair & Services,true,true,false,false,true,AC Repair & Services,Hassan,2025-05-26T12:17:34.329Z
Mrh Electrician and Electronic Service,+,5.0,2 Ratings,"Hassan Road Arsikere, Hassan",,,Washing Machine Repair & Services; Refrigerator Repair & Services,true,true,false,false,true,AC Repair & Services,Hassan,2025-05-26T12:17:34.329Z
R R AIRCONDTION,R,5.0,2 Ratings,,,,Washing Machine Repair & Services; Refrigerator Repair & Services,true,true,false,false,true,AC Repair & Services,Hassan,2025-05-26T12:17:34.330Z
Skanda Poly Service,+,4.8,2 Ratings,"M N K Building Salagame Road, Hassan",,,Washing Machine Repair & Services; Refrigerator Repair & Services,true,true,false,false,true,AC Repair & Services,Hassan,2025-05-26T12:17:34.330Z
Golden Refrigeration Service,+,4.8,2 Ratings,"Hoslain Road Hassan City, Hassan",,,AC Repair & Services-Daikin; Washing Machine Repair & Services,true,true,false,false,true,AC Repair & Services,Hassan,2025-05-26T12:17:34.330Z
Golden Cool Refrigeration,+,4.8,2 Ratings,"Hosaline Hosaline Road, Hassan",,,Washing Machine Repair & Services; Refrigerator Repair & Services,true,true,false,false,true,AC Repair & Services,Hassan,2025-05-26T12:17:34.330Z
Cool House,+,4.0,2 Ratings,"Bagur Road Channarayapatna, Hassan",,,Refrigerator Repair & Services-Samsung; Washing Machine Repair & Services,true,true,false,false,false,AC Repair & Services,Hassan,2025-05-26T12:17:34.330Z
Cool Zone Air Conditioning,C,4.0,2 Ratings,"Jyoti Apartment Hosaline Road, Hassan",,,Washing Machine Repair & Services; Refrigerator Repair & Services,true,true,false,false,false,AC Repair & Services,Hassan,2025-05-26T12:17:34.330Z
Sri Bhyrava Electronics-Electricals And Geysers Sales And Service,S,4.0,2 Ratings,"Salagame Road PWD Colony, Hassan",,,Electronic Goods Repair & Services; TV Repair & Services,false,true,false,false,false,AC Repair & Services,Hassan,2025-05-26T12:17:34.330Z
Sri Renuka Aircondition Service Centre,S,4.0,2 Ratings,,,,AC Repair & Services,false,true,false,false,false,AC Repair & Services,Hassan,2025-05-26T12:17:34.330Z
Sm traders,S,4.0,2 Ratings,"Pate Bedi Holenarsipur, Hassan",,,Washing Machine Repair & Services; Refrigerator Repair & Services,true,true,false,false,false,AC Repair & Services,Hassan,2025-05-26T12:17:34.330Z
Green Home Appliances And Electronics,+,3.8,2 Ratings,"Kote Beedhi Banavara, Hassan",,,Electronic Goods Repair & Services; Electronic Goods Showrooms,true,true,false,false,false,AC Repair & Services,Hassan,2025-05-26T12:17:34.330Z
SRI Vishwakarma Refrigeration and Infotech,+,5.0,1 Rating,"Ring Road Vidyanagar Hassan, Hassan",,,Washing Machine Repair & Services-IFB; Washing Machine Repair & Services,true,true,false,false,true,AC Repair & Services,Hassan,2025-05-26T12:17:34.330Z
Al- Anas Refrigeration,+,5.0,1 Rating,"Vallabai Road Hassan HO, Hassan",,,Washing Machine Repair & Services; Refrigerator Repair & Services,true,true,false,false,true,AC Repair & Services,Hassan,2025-05-26T12:17:34.330Z
Mahadev Refrigeration,+,5.0,1 Rating,"Aralipete Road Aralepet, Hassan",,,Refrigerator Repair & Services; AC Repair & Services,false,true,false,false,false,AC Repair & Services,Hassan,2025-05-26T12:17:34.330Z
Cauvery House,+,4.5,1 Rating,"Old Muncipal Office Road Bm Road, Hassan",,,Electronic Goods Showrooms; Washing Machine Repair & Services,true,true,false,false,true,AC Repair & Services,Hassan,2025-05-26T12:17:34.330Z
Cool House,+,4.5,1 Rating,"RC Road Race Course Road Hassan, Hassan",,,AC Dealers; Electronic Goods Showrooms,true,true,false,false,true,AC Repair & Services,Hassan,2025-05-26T12:17:34.330Z
Pallavi Electronics,+,4.5,1 Rating,"Arsikere, Hassan",,,AC Repair & Services-Daikin; Washing Machine Repair & Services,true,true,false,false,true,AC Repair & Services,Hassan,2025-05-26T12:17:34.330Z
National Refrigeration,N,4.5,1 Rating,"Arlepete Main Road, Hassan",,,Deep Freezer Repair & Services; Washing Machine Repair & Services,true,true,false,false,false,AC Repair & Services,Hassan,2025-05-26T12:17:34.330Z
Cool Next Refrigerator And Sarvice,C,4.5,1 Rating,"Salgame Road Salagame Road, Hassan",,,Washing Machine Repair & Services; Refrigerator Repair & Services,true,true,false,false,true,AC Repair & Services,Hassan,2025-05-26T12:17:34.330Z
IFB Service Center,I,4.0,1 Rating,"Tanneeruhalla Belur Road, Hassan",,,Washing Machine Repair & Services-IFB; Washing Machine Repair & Services,true,true,false,false,false,AC Repair & Services,Hassan,2025-05-26T12:17:34.330Z
New Trimurti Electronics,N,4.0,1 Rating,,,,LCD TV Repair & Services; Washing Machine Repair & Services,false,true,false,false,false,AC Repair & Services,Hassan,2025-05-26T12:17:34.330Z
Jyothi Mary Refrigerator Works,J,4.0,1 Rating,"Hosline Road Hassan HO, Hassan",,,AC Repair & Services; Washing Machine Repair & Services,true,true,false,false,false,AC Repair & Services,Hassan,2025-05-26T12:17:34.330Z
Shiva ac repair,S,4.0,1 Rating,"Sakaleshpur Road Arehalli Hassan, Hassan",,,AC Repair & Services,true,true,false,false,false,AC Repair & Services,Hassan,2025-05-26T12:17:34.330Z
Nagashree Electronics,N,3.5,1 Rating,"Kr Puram Kr Puram Hassan, Hassan",,,Electronic Goods Repair & Services; TV Repair & Services,true,true,false,false,false,AC Repair & Services,Hassan,2025-05-26T12:17:34.330Z
V P Marketing,+,3.0,1 Rating,"Arlikatte Circle Hassan City, Hassan",,,AC Dealers; Washing Machine Repair & Services,true,true,false,false,false,AC Repair & Services,Hassan,2025-05-26T12:17:34.330Z
Good service HASSAN,+,3.0,1 Rating,"Arsikere, Hassan",,,Washing Machine Repair & Services; Refrigerator Repair & Services,true,true,false,false,false,AC Repair & Services,Hassan,2025-05-26T12:17:34.331Z
KGN Refrigiration,K,3.0,1 Rating,"Circle Holenarasipur Bazar, Hassan",,,Washing Machine Repair & Services; Refrigerator Repair & Services,true,true,false,false,false,AC Repair & Services,Hassan,2025-05-26T12:17:34.331Z
Siddiq Electrical Stall,+,3.0,1 Rating,"Main Road Pension Mohalla, Hassan",,,AC Repair & Services; AC Repair & Services-LG,true,true,false,false,false,AC Repair & Services,Hassan,2025-05-26T12:17:34.331Z
Prj Enterprises and Solution,+,4.7,38 Ratings,"Vv Road Somwarpet, Coorg",,07411790325,,true,true,false,false,true,AC Repair & Services,Hassan,2025-05-26T12:17:34.331Z
Diamond Electricals,D,4.2,14 Ratings,"Shah Gunj Bidar, Bidar",,,Refrigerator Repair & Services-National; AC Repair & Services,true,true,false,false,true,AC Repair & Services,Hassan,2025-05-26T12:17:34.331Z
India Air Conditioning,I,4.4,8 Ratings,"Sindol Complex Shah Gunj, Bidar",,,AC Dealers-Voltas; Electronic Goods Showrooms,true,true,false,false,true,AC Repair & Services,Hassan,2025-05-26T12:17:34.331Z
Universal Electronics,U,5.0,1 Rating,"K R Extn Main Road, Tumkur",,,Electronic Goods Repair & Services; AC Repair & Services,false,true,false,false,false,AC Repair & Services,Hassan,2025-05-26T12:17:34.331Z
Whirlpool India Service Centre,W,3.1,10 Ratings,"Chikmagalur Ho, Chikmagalur",,,Refrigerator Repair & Services; Washing Machine Repair & Services,false,true,false,false,false,AC Repair & Services,Hassan,2025-05-26T12:17:34.331Z
Mj refrigeration,+,4.3,8 Ratings,"Road Jyothinagar Chikmagalur, Chikmagalur",,,Geyser Repair & Services-Spherehot; Refrigerator Repair & Services,true,true,false,false,true,AC Repair & Services,Hassan,2025-05-26T12:17:34.331Z
Sri Raghavendra Enterprises,S,4.5,15 Ratings,"4th Cross Road tiptur, Tumkur",,,AC Repair & Services,true,true,false,false,false,AC Repair & Services,Hassan,2025-05-26T12:17:34.331Z
Kishan Electronics,K,5.0,1 Rating,"Dm Kurke Tiptur, Tumkur",,,Electronic Goods Repair & Services; AC Repair & Services,true,true,false,false,false,AC Repair & Services,Hassan,2025-05-26T12:17:34.331Z
IFB,I,4.3,3 Ratings,,,,Washing Machine Repair & Services-IFB; Washing Machine Repair & Services,true,true,false,false,true,AC Repair & Services,Hassan,2025-05-26T12:17:34.331Z
Sri Sai Electronics,+,5.0,183 Ratings,"Railway Sta Road Tiptur, Tumkur",,,Shop In Store,true,true,false,false,true,AC Repair & Services,Hassan,2025-05-26T12:17:34.331Z
Cool Point,+,5.0,2 Ratings,"Makan Line Tiptur, Tumkur",,,AC Repair & Services,true,true,false,false,false,AC Repair & Services,Hassan,2025-05-26T12:17:34.331Z
I M Refregeration,+,4.6,28 Ratings,"Shareef Street Shariff Street, Chikmagalur",,,Industrial Refrigerator Repair & Services; Refrigerator Repair & Services,true,true,false,false,true,AC Repair & Services,Hassan,2025-05-26T12:17:34.331Z
I M Refrigeration,I,4.8,3 Ratings,"Market Road-Chikmagalur City, Chikmagalur",,,Electronic Goods Showrooms; Refrigerator Repair & Services,true,true,false,false,true,AC Repair & Services,Hassan,2025-05-26T12:17:34.331Z
Z A Cool Care,Z,4.8,16 Ratings,"Market Road Shariff Street, Chikmagalur",,,Copper Ro Water Purifier Repair,true,true,false,false,true,AC Repair & Services,Hassan,2025-05-26T12:17:34.331Z
Baba Cool Care,+,5.0,6 Ratings,"Main Road Vijayapura Main Road, Chikmagalur",,,Refrigerator Repair & Services; Washing Machine Repair & Services,true,true,false,false,true,AC Repair & Services,Hassan,2025-05-26T12:17:34.331Z
Mk Enterprises,+,2.9,4 Ratings,"Street MG Road Chikmagalur, Chikmagalur",,,AC Dealers; Refrigerator Repair & Services,true,true,false,true,false,AC Repair & Services,Hassan,2025-05-26T12:17:34.331Z
Raya Electronics,R,4.0,11 Ratings,"1st Cross Nehru Road Chikmagalur, Chikmagalur",,,Electronic Goods Repair & Services; AC Repair & Services,true,true,false,false,false,AC Repair & Services,Hassan,2025-05-26T12:17:34.331Z
Shivu Electronic,+,4.4,11 Ratings,"Nehru Road Chikmagalur, Chikmagalur",,,LED TV Repair & Services; Washing Machine Repair & Services,true,true,false,false,true,AC Repair & Services,Hassan,2025-05-26T12:17:34.331Z
Lido Electronics,L,5.0,1 Rating,"Barline Road Ig Road, Chikmagalur",,,Electronic Goods Repair & Services; TV Repair & Services,true,true,false,false,false,AC Repair & Services,Hassan,2025-05-26T12:17:34.332Z
Thottimane Info-tech,+,4.5,23 Ratings,"Road Chikmagalur District Office, Chikmagalur",,,AC Repair & Services; Electronic Goods Repair & Services,true,true,false,false,true,AC Repair & Services,Hassan,2025-05-26T12:17:34.332Z
Unnathi Refrigeration,+,3.7,19 Ratings,"STREET Basavanahalli Chikmagalur, Chikmagalur",,,Refrigerator Repair & Services-Videocon; Refrigerator Repair & Services,true,true,false,false,false,AC Repair & Services,Hassan,2025-05-26T12:17:34.332Z
Sree Durga Refrigerator,+,5.0,1 Rating,"No #74 Vijayapuram Chikmagalur, Chikmagalur",,,Refrigerator Repair & Services; Washing Machine Repair & Services,true,true,false,false,true,AC Repair & Services,Hassan,2025-05-26T12:17:34.332Z
Spoorthi Enterprises,+,5.0,14 Ratings,"2nd Main Road Vijayapura, Chikmagalur",,,Washing Machine Repair & Services; AC Repair & Services,true,true,false,false,true,AC Repair & Services,Hassan,2025-05-26T12:17:34.332Z
Lifease Home Services,L,4.8,3 Ratings,"Devanna Pai Layout Uppalli, Chikmagalur",,,24 Hours Open,true,true,false,false,true,AC Repair & Services,Hassan,2025-05-26T12:17:34.332Z
Cool Tech,C,3.3,3 Ratings,"Mallandur Road, Chikmagalur",,,AC Repair & Services; Refrigerator Repair & Services,true,true,false,false,false,AC Repair & Services,Hassan,2025-05-26T12:17:34.332Z
Cool Zone,+,4.9,64 Ratings,"Badriya Circle, Chikmagalur",,,Online Estimates; On Site Services,true,true,false,false,true,AC Repair & Services,Hassan,2025-05-26T12:17:34.332Z
Gunika Enterprises,+,4.7,10 Ratings,"Road Sakrepatna Chikmagalur, Chikmagalur",,08511090988,Water Purifier Repair & Services; AC Repair & Services,true,true,false,true,true,AC Repair & Services,Hassan,2025-05-26T12:17:34.332Z
Tawakkul Refrigeration,+,4.8,4 Ratings,"Hirekole Road Adarsha Nagara, Chikmagalur",,,Refrigerator Repair & Services-Videocon; Refrigerator Repair & Services,true,true,false,false,true,AC Repair & Services,Hassan,2025-05-26T12:17:34.332Z
Tawakkul Refrigeration,+,4.8,4 Ratings,"Uppalli, Chikmagalur",,,Refrigerator Repair & Services; Washing Machine Repair & Services,true,true,false,false,true,AC Repair & Services,Hassan,2025-05-26T12:17:34.332Z
J K Group Company Pvt Ltd,+,5.0,1 Rating,"Street Guluvina Attiguppe, Mysore",,,Electronic Goods Showrooms; Washing Machine Repair & Services,true,true,false,false,false,AC Repair & Services,Hassan,2025-05-26T12:17:34.332Z
Sm Home Appliances Service Care,+,4.5,16 Ratings,"Kushalnagar Kushalnagar, Coorg",,,AC Repair & Services; AC Installation Services,false,true,false,false,true,AC Repair & Services,Hassan,2025-05-26T12:17:34.332Z
Sky Connection,+,5.0,3 Ratings,"Basavanahalli Kushalnagar, Coorg",,,Car Repair & Services-Honda; AC Repair & Services,true,true,false,false,true,AC Repair & Services,Hassan,2025-05-26T12:17:34.332Z
V Tec Electronics,V,4.0,1 Rating,"BM Road Kushalnagar, Coorg",,,Washing Machine Repair & Services; AC Repair & Services,true,true,false,false,false,AC Repair & Services,Hassan,2025-05-26T12:17:34.332Z
Delta,+,4.5,2 Ratings,"BM Road Kushalnagar, Coorg",,,AC Repair & Services-Hitachi; Refrigerator Repair & Services,true,true,false,false,true,AC Repair & Services,Hassan,2025-05-26T12:17:34.332Z
New Refrigeration Point,+,3.8,14 Ratings,"TB Road Kadur, Chikmagalur",,,Electronic Goods Repair & Services; Refrigerator Repair & Services,true,true,false,false,false,AC Repair & Services,Hassan,2025-05-26T12:17:34.332Z
Coorg Refrigeration And Sales Corporation,+,4.7,14 Ratings,"Swami Temple Road Kushalnagar, Coorg",,,Refrigerator Dealers-Godrej; Refrigerator Repair & Services,true,true,false,true,true,AC Repair & Services,Hassan,2025-05-26T12:17:34.332Z
General Air-condition & Electrical,G,4.8,2 Ratings,"Dandinpet Kushalnagar, Coorg",,,AC Dealers-LG; Refrigerator Repair & Services,true,true,false,false,true,AC Repair & Services,Hassan,2025-05-26T12:17:34.332Z
Kerala Prasidda Vashiarana Astrologers,<,4.9,137 Ratings,"Belur Road, Hassan",,09724652066,,true,false,false,true,true,Astrologers,Hassan,2025-05-26T12:18:56.980Z
Kerala Famous Astrologer,<,5.0,24 Ratings,"Skaleshpura Road Thanniruhalla, Hassan",,07411942763,,true,false,false,false,true,Astrologers,Hassan,2025-05-26T12:18:56.980Z
Kerala Prasidda Vashikarana Astrologer,<,5.0,3 Ratings,"Vijayanagar Bm Road, Hassan",,09725644154,,true,true,false,false,true,Astrologers,Hassan,2025-05-26T12:18:56.980Z
Kerala No1 Vashikaran Specialist Shri Bhagavati Jyothishyaru,<,4.9,319 Ratings,"Salagame Road Aralepet, Hassan",,08487048815,,true,false,false,false,true,Astrologers,Hassan,2025-05-26T12:18:56.980Z
No 1 Vashikaran Specialist India,<,4.9,137 Ratings,"Bus Bus Stand Road Hassan, Hassan",,07048604341,,true,false,false,false,true,Astrologers,Hassan,2025-05-26T12:18:56.980Z
Sri Kalikamba Jyothishyalaya Kerala Manthrika Jyothisaru,<,2.6,11 Ratings,"Madhugar Beedi Arsikere, Hassan",,,,true,false,false,false,false,Astrologers,Hassan,2025-05-26T12:18:56.980Z
Kollegala Jyotisharu,<,2.5,3 Ratings,"Salagame Road Salagame Road, Hassan",,08460268290,,true,false,false,false,true,Astrologers,Hassan,2025-05-26T12:18:56.981Z
Sri Kalikamba Jyothishyalaya,<,5.0,1 Rating,"Hosline Road Pension Mohalla, Hassan",,07383089179,,true,false,false,false,true,Astrologers,Hassan,2025-05-26T12:18:56.981Z
Famous Astrologers Kerala (Bhagavati Devi Aradakru),<,4.0,16 Ratings,"Sampige Road Kr Puram Hassan, Hassan",,08045795229,,true,false,true,true,false,Astrologers,Hassan,2025-05-26T12:18:56.981Z
Skandha Jyothishya Kendra,<,5.0,4 Ratings,"Aralikatte Road Salagame Road, Hassan",,07048532483,,true,false,false,false,true,Astrologers,Hassan,2025-05-26T12:18:56.981Z
Kerala Mahamanthrika Astrology,+,5.0,47 Ratings,"Bus Bus Stand Road Hassan, Hassan",,09035242176,,true,false,false,false,true,Astrologers,Hassan,2025-05-26T12:18:56.981Z
Kerala Sri Prasidda Jyothishyaru,+,4.8,44 Ratings,"2nd Floor Kasaragod City, Kasaragod",,09035885420,,true,false,false,false,true,Astrologers,Hassan,2025-05-26T12:18:56.981Z
Astro Award Winner Vashikarana Specialist Kerala Shree Prasidda Astrologer,+,4.9,35 Ratings,"11th Cross Road Vidyaranyapuram, Mysore",,08511749124,,true,false,false,false,true,Astrologers,Hassan,2025-05-26T12:18:56.981Z
Kollegala Jyothishalya and Parihara Kendra,K,5.0,2 Ratings,"Basthipura Kollegala, Chamarajanagar",,07041695609,,true,false,false,false,true,Astrologers,Hassan,2025-05-26T12:18:56.981Z
National Gold Medalist Vashikarn Specialist Kerala Mantrika Astrologer,+,5.0,"1,533 Ratings","Bejai, Mangalore",,08511493001,,true,false,true,true,true,Astrologers,Hassan,2025-05-26T12:18:56.981Z
National ASTRO RATNA Award Winner - Kerala Sri Panchagayathri Famous Astrologers,+,5.0,"1,900 Ratings","Bunder Bhavanthi Street, Mangalore",,,,true,false,true,true,true,Astrologers,Hassan,2025-05-26T12:18:56.981Z
Kollegala Pandith Modi Yallappa Guruji,+,5.0,17 Ratings,"Kollegal, Chamarajanagar",,06366960242,,true,false,false,false,true,Astrologers,Hassan,2025-05-26T12:18:56.981Z
Kerala and Kollegala Sri Mantrika Astrologer,+,5.0,241 Ratings,"Falnir, Mangalore",,08511718424,,true,false,false,false,true,Astrologers,Hassan,2025-05-26T12:18:56.982Z
Om Sri Kollegala Famous Astrologer,+,4.5,93 Ratings,"Road Double Road Chamarajanagar, Chamarajanagar",,08401407674,,true,false,true,true,true,Astrologers,Hassan,2025-05-26T12:18:56.982Z
Famous Vashikarana Specialist Kerala Mahakal,+,5.0,3 Ratings,"Kodialbail, Mangalore",,09054893840,,true,false,false,false,true,Astrologers,Hassan,2025-05-26T12:18:56.982Z
Kollegala Mantrikaru.,+,4.8,43 Ratings,"Devangapete Beedi Kollegala, Chamarajanagar",,08460304154,,true,false,false,false,true,Astrologers,Hassan,2025-05-26T12:18:56.982Z
Shree Durgadevi Jyothishyalaya Karnataka Famous Astrologer,S,4.8,9 Ratings,"Hanumanthappa Circle, Chikmagalur",,08511449396,,true,false,false,false,true,Astrologers,Hassan,2025-05-26T12:18:56.982Z
Rajusheshadri Pandit,+,4.9,14 Ratings,"Railway Road Srirangapatna, Srirangapatna",,09054827763,,true,false,false,false,true,Astrologers,Hassan,2025-05-26T12:18:56.982Z
Kerala Famous Astrologer No.1 Specialist VASUDEV (Tantric),+,5.0,133 Ratings,"K M Marg Bus Stand Road, Udupi",,08401368094,,true,false,false,true,true,Astrologers,Hassan,2025-05-26T12:18:56.982Z
Pandith Sri Gowdru Manjunatha Swamy Astrologer,+,4.5,27 Ratings,"Hondda Rood Holalkere Road, Chitradurga",,,,true,false,false,false,true,Astrologers,Hassan,2025-05-26T12:18:56.982Z
Aeakkott Mana Jyothishalayam,+,4.8,471 Ratings,"Kairali Junction Guruvayur, Thrissur",,09725161834,,true,false,false,false,true,Astrologers,Hassan,2025-05-26T12:18:56.982Z
Soman Panicker Astrologer,S,3.7,3 Ratings,"Kozhikode Road Angadipuram, Malappuram",,08460407048,,true,false,false,false,true,Astrologers,Hassan,2025-05-26T12:18:56.982Z
Kaalabairavar Jothida Alayam,+,4.8,21 Ratings,"Nagar Rasipuram East, Rasipuram",,09724667570,,true,false,false,false,true,Astrologers,Hassan,2025-05-26T12:18:56.982Z
Sri Kerala Chota Nikar Bhagavathi Astrologer,+,4.6,4 Ratings,"Ram Nagar Ramnagar, Hosur",,09725541127,,true,false,false,false,true,Astrologers,Hassan,2025-05-26T12:18:56.982Z
Gokarna Puja Punyaasharma,+,4.9,553 Ratings,"Uttara Kannada Gokarna, Gokarna",,07043982200,,true,false,true,true,true,Astrologers,Hassan,2025-05-26T12:18:56.982Z
Haya Greevar Astro,+,3.5,2 Ratings,"Mg Road Kamaraj Colony, Hosur",,08105244402,,true,false,false,false,false,Astrologers,Hassan,2025-05-26T12:18:56.982Z
Kavini Astrology,+,4.7,112 Ratings,"to Atthani Road Sathyamangalam, Erode",,,,true,false,true,true,true,Astrologers,Hassan,2025-05-26T12:18:56.982Z
Aeakkott Mana Jyothishalayam,+,4.8,471 Ratings,"Kairali Junction Guruvayur, Thrissur",,,,true,false,false,false,true,Astrologers,Hassan,2025-05-26T12:18:56.982Z
Kerala Meenkulathi Bhagavathi Amman Astrology,K,5.0,3 Ratings,"Amman Street Tirthamalai, Dharmapuri",,07041932844,,true,false,false,false,true,Astrologers,Hassan,2025-05-26T12:18:56.982Z
Parasuraman Astrologer and Vastu Consultant,+,4.3,37 Ratings,"Sahs College Hosimin Nagar, Coimbatore",,08105405763,,true,false,false,false,true,Astrologers,Hassan,2025-05-26T12:18:56.983Z
Indian Famous Astro Center,I,4.7,72 Ratings,"Club Road Club Road, Hubli",,08401228945,,true,false,false,false,true,Astrologers,Hassan,2025-05-26T12:18:56.983Z
KERALA MANTHRIHA ASTROLOGER,+,5.0,2 Ratings,"Salem Bye Pass Toppur, Dharmapuri",,09054386088,,true,false,false,false,true,Astrologers,Hassan,2025-05-26T12:18:56.983Z
Sri Kerala Bhagavathi Jyothisharu,S,3.5,2 Ratings,"Kundapura, Udupi",,08904235592,,true,false,false,false,false,Astrologers,Hassan,2025-05-26T12:18:56.983Z
Suresh Rao Iyer Ragavendra Parikara Center,+,4.2,15 Ratings,"West Agraharam Kodumudi, Erode",,,,true,false,false,false,true,Astrologers,Hassan,2025-05-26T12:18:56.983Z
Vedic Welness Trust,V,4.0,3 Ratings,"Basaveshwara Nagar, Bangalore",,,,true,false,false,false,false,Astrologers,Hassan,2025-05-26T12:18:56.983Z
SRI Lakshminarashimha ASTRO Centre,+,4.3,9 Ratings,"2nd Cross Rt Nagar, Bangalore",,,,true,false,false,false,true,Astrologers,Hassan,2025-05-26T12:18:56.983Z
Brahmagnanam Dharumasalai,B,4.8,6 Ratings,"Nager Bus Rajiv Gandhi Nagar, Srirangam",,08511003612,,true,true,false,false,true,Astrologers,Hassan,2025-05-26T12:18:56.983Z
Kerala Bagavathi Amman Astrology,+,4.1,31 Ratings,"Gst Road Mandhakarai, Villupuram",,09972915980,,true,false,false,false,true,Astrologers,Hassan,2025-05-26T12:18:56.983Z
Hindu Pandit Ji,+,4.8,73 Ratings,"Kaisare Lane  Vadle Bhatt Panjim, Goa",,09845429711,,true,false,false,false,true,Astrologers,Hassan,2025-05-26T12:18:56.983Z
Rudra Nadi Astrology,+,4.9,121 Ratings,"District Court Road Old Town, Kurnool",,09725012725,,true,false,false,false,true,Astrologers,Hassan,2025-05-26T12:18:56.983Z
Sivasamy Sivanadi Astrology Center,+,3.4,246 Ratings,"Miladi Street Vaithiswarankoil, Mayiladuthurai",,,,true,false,false,false,false,Astrologers,Hassan,2025-05-26T12:18:56.983Z
Pandit Shrinivas Bhat,+,3.7,5 Ratings,"R T O Circle Tilakwadi Belgaum, Belgaum",,08123143034,,true,false,false,false,false,Astrologers,Hassan,2025-05-26T12:18:56.983Z
Pvk Astrological Solutions,P,4.5,14 Ratings,"Gautham Nagar Dilsukh Nagar, Hyderabad",,07405055459,,true,false,false,false,true,Astrologers,Hassan,2025-05-26T12:18:56.983Z
Aadi Shakti Jyothiyalayam,A,3.5,2 Ratings,"Pedagavegi Mandalam RR Peta, Eluru",,08128209371,,true,false,false,false,false,Astrologers,Hassan,2025-05-26T12:18:56.983Z
ANDHRA COMPUTERS,+,4.7,152 Ratings,"Sastry Street Governerpet, Vijayawada",,09725625004,,true,false,false,false,true,Astrologers,Hassan,2025-05-26T12:18:56.983Z
Sri Lalitha Devi Astrologer,+,5.0,4 Ratings,"Subhash Nagar, Nizamabad",,07041531264,,true,false,false,false,true,Astrologers,Hassan,2025-05-26T12:18:56.983Z
Shashi Tarot Card Reading,S,3.8,18 Ratings,"Kharadi, Pune",,,,true,false,false,false,false,Astrologers,Hassan,2025-05-26T12:18:56.983Z
Kaal Bhairav Jyotish,K,3.5,2 Ratings,"Sojat City Goregaon West, Mumbai",,09724254997,,true,false,false,false,false,Astrologers,Hassan,2025-05-26T12:18:56.984Z
Rajrashewari Shree Mahalsa Mohiniraj Jyotish Karyalaya Chandratre Guruji,R,3.5,2 Ratings,"Panchavati, Nashik",,09054538937,,true,false,false,false,false,Astrologers,Hassan,2025-05-26T12:18:56.984Z
Guruji Astroworld,+,5.0,41 Ratings,"Infront Of PATEL PETROLEUM Amli, Silvassa",,08460415732,,true,false,false,false,true,Astrologers,Hassan,2025-05-26T12:18:56.984Z
Navgrah Puja,+,5.0,469 Ratings,"Off Linking Road Andheri West, Mumbai",,,,true,false,false,false,true,Astrologers,Hassan,2025-05-26T12:18:56.984Z
Harsha Jalgavkar,H,4.1,120 Ratings,"Chakala Andheri East, Mumbai",,,,true,false,false,false,true,Astrologers,Hassan,2025-05-26T12:18:56.984Z
Nirankarandco.in,+,4.9,43 Ratings,,,09724284482,,true,false,false,false,true,Astrologers,Hassan,2025-05-26T12:18:56.984Z
Astro Engineer,A,4.6,5 Ratings,"TP 4 Bhaili, Vadodara",,08460564208,,true,false,false,false,true,Astrologers,Hassan,2025-05-26T12:18:56.984Z
Reiki Tarot Numerology,+,5.0,90 Ratings,"Shahibaug Shahibaug Road, Ahmedabad",,08460515120,,true,false,false,false,true,Astrologers,Hassan,2025-05-26T12:18:56.984Z
Jay Somnath Jyotish,+,4.4,117 Ratings,"Kapur Street Somnath, Veraval",,,,true,false,false,false,true,Astrologers,Hassan,2025-05-26T12:18:56.984Z
Treenetra Jyotish And Vastu Shastra,+,3.5,2 Ratings,"Atladara, Vadodara",,08460443994,,true,false,false,false,false,Astrologers,Hassan,2025-05-26T12:18:56.984Z
Rudra Paranormal Solutions Pvt. Ltd.,+,5.0,9 Ratings,"Hanuman Chokdi Makarpura GIDC, Vadodara",,09606175866,,true,false,false,false,false,Astrologers,Hassan,2025-05-26T12:18:56.984Z
Mahadev Jyotish,M,4.8,4 Ratings,"Char Rasta Chandkheda, Ahmedabad",,08460453706,,true,false,false,false,true,Astrologers,Hassan,2025-05-26T12:18:56.984Z
Aaradhya Natural Healing Center,A,4.8,13 Ratings,"Dev Bhumi Navrangpura, Ahmedabad",,07041730830,,true,false,false,true,true,Astrologers,Hassan,2025-05-26T12:18:56.984Z
Hemant Aghor Tantra Jyotish,H,4.4,25 Ratings,"Satellite, Ahmedabad",,09035098947,,true,false,false,false,true,Astrologers,Hassan,2025-05-26T12:18:56.984Z
Nakshatra Niketan,N,4.1,86 Ratings,"Talkies Ratlam Station Road, Ratlam",,08401874977,,true,false,false,false,true,Astrologers,Hassan,2025-05-26T12:18:56.984Z
NADI JYOTISH ASTRO GEMS DR. NK TIWARI M.PHILL PHD (BHU),+,4.9,"1,314 Ratings","New Market Road New Market, Bhopal",,,,true,false,true,true,true,Astrologers,Hassan,2025-05-26T12:18:56.984Z
Shree Shyam Jyotish,S,5.0,2 Ratings,"Udaipole, Udaipur-Rajasthan",,09725984345,,true,false,false,false,false,Astrologers,Hassan,2025-05-26T12:18:56.984Z
Dr. Anil Tiwari Astro & Vastu Consultant,+,5.0,12 Ratings,"Gali No. 02 Janjgir, Janjgir Champa",,08460279442,,true,false,false,false,false,Astrologers,Hassan,2025-05-26T12:18:56.985Z
Astro Agam,+,4.7,961 Ratings,"Hiran Magri, Udaipur-Rajasthan",,,,true,true,false,false,true,Astrologers,Hassan,2025-05-26T12:18:56.985Z
Destiny Pundit Astrologer,D,4.7,221 Ratings,"Vasundra Vihar Bajrang Nagar, Kota-Rajasthan",,,,true,false,false,false,true,Astrologers,Hassan,2025-05-26T12:18:56.985Z
Dr.Nilakantha Dixit,D,4.3,17 Ratings,"Indira Gandhi Marg Issannagar, Balasore",,,,true,false,true,true,true,Astrologers,Hassan,2025-05-26T12:18:56.985Z
Astrologer Arjun Samrat,+,4.8,87 Ratings,"Vidhyadhar Nagar Chandpole Bazar, Jaipur",,09725065069,,true,false,false,false,true,Astrologers,Hassan,2025-05-26T12:18:56.985Z
Pandit Dayashankar Shukla,+,4.6,43 Ratings,"Dashashwamegh Ghat, Varanasi",,08401658834,,true,false,false,false,true,Astrologers,Hassan,2025-05-26T12:18:56.985Z
Master Vastu Private Limited,+,3.5,2 Ratings,"Calgiri Marg Malviya Nagar, Jaipur",,07041013887,,true,false,false,false,false,Astrologers,Hassan,2025-05-26T12:18:56.985Z
Pandit Acharya Kuldeep Shukla,+,4.9,27 Ratings,"Madar Gate Road, Ajmer",,08460245191,,true,false,false,false,true,Astrologers,Hassan,2025-05-26T12:18:56.985Z
Mahakaal Taantrik,M,5.0,7 Ratings,"Kanta Chourha Jhotwara, Jaipur",,08792489629,,true,false,false,false,false,Astrologers,Hassan,2025-05-26T12:18:56.985Z
South Indian Famous Astrologer Shri Jagganath Swami Ram Krishna Shashtri,+,4.7,52 Ratings,"Shitla Mandir Chowk Sakchi, Jamshedpur",,09740262209,,true,false,false,false,true,Astrologers,Hassan,2025-05-26T12:18:56.985Z
Tantra Guru Aacharya Mangal Spiritual Charitable Trust,+,4.3,10 Ratings,"Prayagraj Highway Vindhyachal, Mirzapur",,08460252497,,true,false,false,false,true,Astrologers,Hassan,2025-05-26T12:18:56.985Z
Pandit Prakash Vyas Astrologer and Vastu Expert,+,4.9,447 Ratings,"Sector E Shastri Nagar, Jodhpur",,09036215599,,true,false,false,false,true,Astrologers,Hassan,2025-05-26T12:18:56.985Z
Astro Guru Prakash Bhatia,+,4.9,190 Ratings,"Jhalamand Pal Road, Jodhpur",,08734987210,,true,false,false,false,true,Astrologers,Hassan,2025-05-26T12:18:56.985Z
Jyotish Pramarsh Kendra,J,5.0,1 Rating,"Jeenmata Road Danta, Sikar",,09035032289,,true,false,false,false,true,Astrologers,Hassan,2025-05-26T12:18:56.985Z
Astrologer M Shastri,+,4.0,73 Ratings,"Jodhpur Rajasthan Jodhpur Ho, Jodhpur",,,,true,false,false,false,true,Astrologers,Hassan,2025-05-26T12:18:56.985Z
Atmashodhan Avm Man Swar Sadhana Shodh Sansthan,A,4.0,178 Ratings,"Siddhi Cauraha Gopalpura Bypass, Jaipur",,,,true,false,false,true,true,Astrologers,Hassan,2025-05-26T12:18:56.985Z
Hill Top Gems & Astrology,+,5.0,"3,502 Ratings","Adityapur-2 Adityapur Colony, Adityapur",,,,true,false,false,false,true,Astrologers,Hassan,2025-05-26T12:18:56.985Z
Dr. Vivek Chopra Astrologer and Vastu Shastra Expert,+,4.3,693 Ratings,"Khanna Marg West Patel Nagar, Delhi",,08147351399,,true,false,false,false,true,Astrologers,Hassan,2025-05-26T12:18:56.986Z
Tarot Whisper By Isha,T,5.0,13 Ratings,"Bahadurgarh Mandi, Bahadurgarh-Haryana",,07383324698,,true,false,false,false,true,Astrologers,Hassan,2025-05-26T12:18:56.986Z
Shubhankar Ghos,+,4.5,8 Ratings,"Kalyani Express Way Barrackpore, Kolkata",,08147515807,,true,false,false,false,true,Astrologers,Hassan,2025-05-26T12:18:56.986Z
Badal De Kismat,B,4.5,31 Ratings,"C3/218 Noida Sector 31, Noida",,08401331556,,true,false,true,true,true,Astrologers,Hassan,2025-05-26T12:18:56.986Z
Star and Wisdom,+,5.0,1 Rating,"Golaghata Road Sree Bhumi, Kolkata",,,,true,false,false,false,true,Astrologers,Hassan,2025-05-26T12:18:56.986Z
Astrologer Sri Ashimanandaji Jyotish Mahamohopadhay,+,5.0,"1,292 Ratings","Ward No. 15 Benachity, Durgapur",,08488866927,,true,false,true,true,true,Astrologers,Hassan,2025-05-26T12:18:56.986Z
Rashmi Mittal Tarot Reiki Healer,R,5.0,7 Ratings,"Nahra Nahri Aggarwal Colony, Bahadurgarh-Haryana",,09980874348,,true,false,false,false,true,Astrologers,Hassan,2025-05-26T12:18:56.986Z
Astro Healer Bandana,A,2.3,3 Ratings,"Delhi Greater Kailash 1, Delhi",,09035142767,,true,false,false,false,false,Astrologers,Hassan,2025-05-26T12:18:56.986Z
Excellent Vashikaran Specialist Rk Shastri,+,4.8,372 Ratings,"Vishram Chowk Rohini, Delhi",,07411672202,,true,false,true,true,true,Astrologers,Hassan,2025-05-26T12:18:56.986Z
The Healing Monk,+,5.0,48 Ratings,"Jessore Road Navapally, Kolkata",,09731968949,,true,false,false,false,true,Astrologers,Hassan,2025-05-26T12:18:56.986Z
Md Tahir Ajmeri - TANTRIIK,+,4.1,56 Ratings,"Office No.1 Green Park, Delhi",,07383097235,,true,false,false,true,true,Astrologers,Hassan,2025-05-26T12:18:56.986Z
Astrologer B S Raju Gurujee,+,3.0,4 Ratings,"Mayur Vihar Phase 1, Delhi",,08128831032,,true,false,false,false,false,Astrologers,Hassan,2025-05-26T12:18:56.986Z
Guru Pasha Ji Bangali Tantarik,+,4.9,953 Ratings,"Shop No 9 Ramesh Nagar, Delhi",,08123546918,,true,true,false,true,true,Astrologers,Hassan,2025-05-26T12:18:56.986Z
Chinmaya Tarot Reader & Astrologer.com,+,4.6,138 Ratings,,,,,true,false,false,false,true,Astrologers,Hassan,2025-05-26T12:18:56.986Z
Naturals Salon,<,4.6,"1,639 Ratings","Mg Road Vidhya Nagar, Hassan",,,,true,true,false,false,true,Body Massage Centres,Hassan,2025-05-26T12:20:12.973Z
Shamys Lounge,<,4.2,796 Ratings,"Shankarmutt Road Kr Puram Hassan, Hassan",,,Home Services Offered; Skin Treatment,true,true,false,false,true,Body Massage Centres,Hassan,2025-05-26T12:20:12.973Z
Shamys Lounge Unisex Spa And Salon,<,4.3,743 Ratings,"Mutt Road Kr Puram Hassan, Hassan",,,,true,true,false,false,true,Body Massage Centres,Hassan,2025-05-26T12:20:12.973Z
Relax centre,<,4.8,64 Ratings,"Bm Road Sakleshpura, Sakleshpur",,,Body Massage Centres,true,true,false,false,true,Body Massage Centres,Hassan,2025-05-26T12:20:12.973Z
Appu Mens Parlour,<,4.0,48 Ratings,"Channarayapatna, Hassan",,,Home Services Offered; Thai Massage,true,true,false,false,false,Body Massage Centres,Hassan,2025-05-26T12:20:12.973Z
Lotus Spa & Beauty Center,<,3.9,48 Ratings,"Race Course Road Pwd Colony, Hassan",,,Home Services Offered; Thai Massage,true,true,false,false,false,Body Massage Centres,Hassan,2025-05-26T12:20:12.974Z
Soni Ladies Beauty Parlour and Fancy Center,<,4.6,5 Ratings,"Arsikere, Hassan",,,Home Services Offered,true,true,false,false,true,Body Massage Centres,Hassan,2025-05-26T12:20:12.974Z
Blush and Curls,<,3.7,3 Ratings,"MG Road Vidya Nagar Hassan, Hassan",,,,true,true,false,false,false,Body Massage Centres,Hassan,2025-05-26T12:20:12.974Z
Agasthya Spa,<,3.7,30 Ratings,"Bypass Road Chokkanna Street, Chikmagalur",,,Herbal Body Massage Centres For Men; Body Massage Centres,false,true,false,false,true,Body Massage Centres,Hassan,2025-05-26T12:20:12.974Z
Mansi Ladies Beauty Parlour,<,4.1,22 Ratings,"Tiptur, Tumkur",,,Home Services Offered,true,true,false,false,true,Body Massage Centres,Hassan,2025-05-26T12:20:12.974Z
SereneSpa Aadrika,S,4.0,55 Ratings,"Theatre Road Chikmagalur HO, Chikmagalur",,,Foot Reflexology Massage Services; Body Massage Centres,true,true,false,false,true,Body Massage Centres,Hassan,2025-05-26T12:20:12.974Z
Ayushmaan Ayurvedic,A,3.6,51 Ratings,"Ig Road, Chikmagalur",,,Body Massage Centres; Massage Centres For Men,true,true,false,false,false,Body Massage Centres,Hassan,2025-05-26T12:20:12.974Z
Durgashree Beauty Parlor,+,5.0,3 Ratings,"MG Road Chikmagalur, Chikmagalur",,,Home Services Offered,false,true,false,false,true,Body Massage Centres,Hassan,2025-05-26T12:20:12.975Z
Sinfinity Unisex Salon,S,4.6,7 Ratings,"1st Floor Rathnagiri Road, Chikmagalur",,,Home Services Offered,false,true,false,false,true,Body Massage Centres,Hassan,2025-05-26T12:20:12.975Z
Guna Beauty Parlor,+,4.0,2 Ratings,"Vijayapuram Chikmagalur, Chikmagalur",,,,true,true,false,false,false,Body Massage Centres,Hassan,2025-05-26T12:20:12.975Z
Agasthya Spa (Siri Nature Roost Resort),A,4.0,4 Ratings,"State Highway 57 Allampura, Chikmagalur",,,Body Massage Centres,true,true,false,false,false,Body Massage Centres,Hassan,2025-05-26T12:20:12.975Z
Satva and Appu Ayurvedic Center,+,3.9,36 Ratings,"Kudloor Village Kushalnagar, Coorg",,,Home Services Offered; Hair Spa,true,true,false,false,false,Body Massage Centres,Hassan,2025-05-26T12:20:12.975Z
Ocean Ayurvedic Spa,+,4.3,78 Ratings,"Kushalnagr Kushalnagar, Coorg",,07383359668,Thai Massage,true,true,false,false,true,Body Massage Centres,Hassan,2025-05-26T12:20:12.975Z
Golden Isha Ayurvedic Unisex Spa & Wellness,+,4.4,166 Ratings,"Block Gandadakote Kushalnagar, Coorg",,09035285540,Beauty Parlours; Body Massage Centres,true,true,true,true,true,Body Massage Centres,Hassan,2025-05-26T12:20:12.975Z
Hair N Face Care,+,4.0,64 Ratings,"BM Road Kushalnagar, Coorg",,,Home Services Offered; Hair Spa,true,true,false,false,true,Body Massage Centres,Hassan,2025-05-26T12:20:12.975Z
Hiko-Thai,+,4.5,94 Ratings,"Extension B.M Road Kushalnagar, Coorg",,06366960246,Thai Massage; Aroma Massage,true,true,false,true,true,Body Massage Centres,Hassan,2025-05-26T12:20:12.975Z
Golden Isha Ayurveda & Western Spa,+,4.5,218 Ratings,"BM Road Kushalnagar, Coorg",,07487914006,Ayurvedic Body Massage Centres; Body Massage Centres,true,true,true,true,true,Body Massage Centres,Hassan,2025-05-26T12:20:12.976Z
Buddha Ayurvedic Spa,+,4.3,40 Ratings,"BM ROAD Koppa Kushalnagar, Coorg",,07487862167,Hair Spa,true,true,false,true,true,Body Massage Centres,Hassan,2025-05-26T12:20:12.976Z
Arya Ayurveda S'pa,+,4.6,34 Ratings,"Koppa Iguru Kushalnagar, Coorg",,,Body Massage Centres; Beauty Spas,true,true,false,false,true,Body Massage Centres,Hassan,2025-05-26T12:20:12.976Z
Iris Ayurvedic Spa & Beauty Studio,I,4.2,56 Ratings,"Old Market Road Kushalnagar, Coorg",,,Business Owned By Women; Online Appointments,true,true,false,false,true,Body Massage Centres,Hassan,2025-05-26T12:20:12.976Z
The Excellency Spa,+,3.6,422 Ratings,"B M Road Guddehosur, Coorg",,,Thai Massage,true,true,false,false,false,Body Massage Centres,Hassan,2025-05-26T12:20:12.976Z
Phinix Mens Ac Parlour,P,3.4,13 Ratings,"Road Birur Chikmagalur, Chikmagalur",,,Home Services Offered,true,true,false,false,false,Body Massage Centres,Hassan,2025-05-26T12:20:12.976Z
Old Kent Estates And Spa,+,4.4,"1,144 Ratings","North and Village Horoor, Coorg",,,Fireplace,true,true,false,false,true,Body Massage Centres,Hassan,2025-05-26T12:20:12.976Z
ARYA AYURVEDA S'PA,A,3.5,6 Ratings,"Periyapatna Town Periyapatna, Mysore",,,Body Massage Centres; Beauty Spas,true,true,false,false,false,Body Massage Centres,Hassan,2025-05-26T12:20:12.977Z
Serene Spa - Coorg,+,4.6,189 Ratings,"K.N Village & Post Madikeri, Coorg",,,Body Massage Centres; Beauty Spas,true,true,false,false,true,Body Massage Centres,Hassan,2025-05-26T12:20:12.977Z
Svaastha Spa,+,4.3,193 Ratings,"Galibeedu Road Madikeri, Coorg",,,Beauty Spas For Women; Body Massage Centres,false,true,false,false,true,Body Massage Centres,Hassan,2025-05-26T12:20:12.977Z
Ayur Jeevan Massage Center,+,4.1,17 Ratings,"Daswala Cross Road Madikeri, Coorg",,,Men Head Massage Services; Body Massage Centres,true,true,false,false,true,Body Massage Centres,Hassan,2025-05-26T12:20:12.977Z
Ayur Spa Massage Center,+,4.4,423 Ratings,"Madikeri Main Road Madikeri, Coorg",,,,true,true,false,false,true,Body Massage Centres,Hassan,2025-05-26T12:20:12.977Z
Heaven Coorg Wellness Spa,+,5.0,3 Ratings,"TEMPLE ROAD Madikeri, Coorg",,08971248309,Thai Massage,true,true,false,true,true,Body Massage Centres,Hassan,2025-05-26T12:20:12.977Z
Golden Lotus S'pa,+,4.3,37 Ratings,"Rajasate Road MG Road Coorg, Coorg",,,Thai Massage,true,true,false,false,true,Body Massage Centres,Hassan,2025-05-26T12:20:12.978Z
Natural Ayurvedic & Wellness Spa,N,4.7,6 Ratings,"Mangalore Madikeri, Coorg",,09725424516,Thai Massage,true,true,false,true,true,Body Massage Centres,Hassan,2025-05-26T12:20:12.978Z
Dew Drop Saloon & Spa,D,3.4,4 Ratings,"MADIKERI COORG Coorg Circle, Coorg",,,Body Massage Centres; Beauty Spas,true,true,false,false,true,Body Massage Centres,Hassan,2025-05-26T12:20:12.978Z
Dr Fish Foot Pedicure,D,4.7,15 Ratings,"Ujire Dharmastala Road Ujire, Dakshina Kannada",,,Body Massage Centres; Beauty Spas,true,true,false,false,true,Body Massage Centres,Hassan,2025-05-26T12:20:12.978Z
Ayur Body Massage and Spa,+,4.5,28 Ratings,"Adimastan Building Tarikere, Chikmagalur",,08197609964,Home Services Offered; Thai Massage; Aroma Massage,true,true,false,true,true,Body Massage Centres,Hassan,2025-05-26T12:20:12.978Z
The Cute Village Resort And Spa,+,3.8,84 Ratings,"Sriranga Patna Nazarbad, Mysore",,08511336097,Thai Massage,true,true,false,false,false,Body Massage Centres,Hassan,2025-05-26T12:20:12.978Z
Athman Wellness Centre,+,4.8,385 Ratings,"Main Road Vijaynagar 4th Stage, Mysore",,07383234428,Hair Spa,true,true,false,true,true,Body Massage Centres,Hassan,2025-05-26T12:20:12.978Z
Style And Style Men'S Hair Designer,S,4.0,6 Ratings,"Surya Bakery Circle, Mysore",,,,true,true,false,false,false,Body Massage Centres,Hassan,2025-05-26T12:20:12.978Z
Ayra Wellness Salon and Spa,A,4.6,8 Ratings,"Double Vijaynagar 2nd Stage, Mysore",,08460513963,Online Appointments; Government Verified; Braids,true,true,false,false,true,Body Massage Centres,Hassan,2025-05-26T12:20:12.979Z
Golden Salon & Spa,+,4.6,32 Ratings,"Hebbal 1st Stage Hebbal, Mysore",,,Body Massage Centres; Beauty Spas,true,true,false,false,true,Body Massage Centres,Hassan,2025-05-26T12:20:12.979Z
Infinity Cloud S'pa,+,4.0,37 Ratings,"Circle Vijaynagar 2nd Stage, Mysore",,09845420783,Body Massage Centres; Beauty Spas,true,true,false,false,true,Body Massage Centres,Hassan,2025-05-26T12:20:12.979Z
Royal Isha Ayrvedic S'pa,+,4.3,73 Ratings,"1st Cross Abishek Circle Hebbal, Mysore",,08904956056,Body Massage Centres; Beauty Spas,true,true,false,false,true,Body Massage Centres,Hassan,2025-05-26T12:20:12.979Z
S'pa Zone Beauty Care Unisex Salon & S'pa,+,4.3,15 Ratings,"Abhishek Circle Road Hebbal, Mysore",,,Body Massage Centres; Beauty Spas,true,true,false,false,true,Body Massage Centres,Hassan,2025-05-26T12:20:12.979Z
Unique S'pa & Salon,+,4.6,53 Ratings,"Meetagali Hebbal, Mysore",,,Body Massage Centres; Beauty Spas,true,true,false,false,true,Body Massage Centres,Hassan,2025-05-26T12:20:12.979Z
Amertha Salon Spa And Wellness,+,4.3,121 Ratings,"Feet Road Vijaynagar 4th Stage, Mysore",,08128250981,,true,true,true,true,true,Body Massage Centres,Hassan,2025-05-26T12:20:12.979Z
Nature's Nest S'pa,+,4.5,106 Ratings,"Lakshmikanth Nagar Metagalli, Mysore",,08511318365,Business Owned By Women; Online Appointments,true,true,true,true,true,Body Massage Centres,Hassan,2025-05-26T12:20:12.979Z
Aura Thai Spa,+,4.5,126 Ratings,"Road Vijaynagar 2nd Stage, Mysore",,08050005183,Business Owned By Women,true,true,true,true,true,Body Massage Centres,Hassan,2025-05-26T12:20:12.979Z
Esa Thai & Bali Spa,+,4.5,383 Ratings,"Gokulam Main Road Gokulam, Mysore",,,Thai Massage; Aroma Massage,true,true,false,false,true,Body Massage Centres,Hassan,2025-05-26T12:20:12.980Z
Soft Touch Beauty S'pa,+,4.1,87 Ratings,"Main Vijaynagar 2nd Stage, Mysore",,08511900814,Body Massage Centres; Massage Centres For Men,true,true,true,true,true,Body Massage Centres,Hassan,2025-05-26T12:20:12.980Z
Lime Spa Mysore,L,4.2,25 Ratings,"METAGALLI Metagalli, Mysore",,08460417689,Aroma Massage,true,true,true,true,true,Body Massage Centres,Hassan,2025-05-26T12:20:12.980Z
Chandana Beauty Parlour Saloon And Spa,+,3.0,12 Ratings,"Sbm Road Vijaynagar 2nd Stage, Mysore",,,Beauty Parlours; Body Massage Centres,true,true,false,false,false,Body Massage Centres,Hassan,2025-05-26T12:20:12.980Z
She Veda Wellness Centre,+,4.4,31 Ratings,"Devraja Maholla Metagalli, Mysore",,,Women Beauty Parlours; Body Massage Centres,true,true,false,false,true,Body Massage Centres,Hassan,2025-05-26T12:20:12.980Z
Lakme Salon,+,4.8,"1,572 Ratings","2nd Phase Vijaynagar 4th Stage, Mysore",,,,true,true,false,false,true,Body Massage Centres,Hassan,2025-05-26T12:20:12.980Z
Blossoms Spa & Beauty Salon,B,4.4,96 Ratings,"Road Vijaynagar 4th Stage, Mysore",,,,true,true,false,false,true,Body Massage Centres,Hassan,2025-05-26T12:20:12.980Z
Santhoshi Beauty Lounge,S,4.7,157 Ratings,"Bakery Main Vijaynagar 2nd Stage, Mysore",,,Home Services Offered; Hair Spa,true,true,false,false,true,Body Massage Centres,Hassan,2025-05-26T12:20:12.980Z
Kushis Beauty Salon Bridal Makeup Nair Art & Academy,+,4.7,927 Ratings,"Bakery Road Vijaynagar 2nd Stage, Mysore",,08511318859,,true,true,false,false,true,Body Massage Centres,Hassan,2025-05-26T12:20:12.980Z
Vo2 Max Performance Academy And Fitness Studio,+,4.4,15 Ratings,"6th Main Vijaynagar 1st Stage, Mysore",,,,false,true,false,false,true,Body Massage Centres,Hassan,2025-05-26T12:20:12.980Z
Elegance Unisex Salon and Spa,+,4.5,40 Ratings,"Vijay Nagar Vijaynagar 1st Stage, Mysore",,,Home Services Offered; Skin Treatment,true,true,false,false,true,Body Massage Centres,Hassan,2025-05-26T12:20:12.980Z
At Ease S PA & Blends,+,5.0,282 Ratings,"RMP Layout Vijaynagar 4th Stage, Mysore",,,Body Massage Centres; Beauty Spas,true,true,false,false,true,Body Massage Centres,Hassan,2025-05-26T12:20:12.981Z
Laxus Spa,+,4.7,431 Ratings,"1St Main Vijaynagar 3rd Stage, Mysore",,,Thai Massage,true,true,false,false,true,Body Massage Centres,Hassan,2025-05-26T12:20:12.981Z
Aishwarya S'pa,+,4.7,154 Ratings,"C Block Vijaynagar 3rd Stage, Mysore",,,Body Massage Centres; Beauty Spas,true,true,false,false,true,Body Massage Centres,Hassan,2025-05-26T12:20:12.981Z
New Savi Mens Parlour,+,4.3,3 Ratings,"8th Main Brindavan Extension, Mysore",,,Home Services Offered,true,true,false,false,true,Body Massage Centres,Hassan,2025-05-26T12:20:12.981Z
White Crystal Spa,+,4.6,189 Ratings,"Kalidasa Road Vijaynagar I Stage, Mysore",,,Business Owned By Women,true,true,false,false,true,Body Massage Centres,Hassan,2025-05-26T12:20:12.981Z
Brahmas Hair & Skin Studio,+,4.3,82 Ratings,"1st Block Vijaynagar 3rd Stage, Mysore",,,Home Services Offered; Hair Spa,true,true,false,false,true,Body Massage Centres,Hassan,2025-05-26T12:20:12.981Z
Kavana,K,3.4,11 Ratings,"Contour Road Gokulam, Mysore",,,Home Services Offered; Skin Treatment,true,true,false,false,false,Body Massage Centres,Hassan,2025-05-26T12:20:12.981Z
Petal Spa,+,4.6,73 Ratings,"Vijaynagar 3rd Stage, Mysore",,09972356160,Thai Massage,true,true,false,false,true,Body Massage Centres,Hassan,2025-05-26T12:20:12.981Z
Marvelous Beauty Spa,M,4.7,148 Ratings,"K D Vijaynagar 1st Stage, Mysore",,,Body Massage Centres; Beauty Spas,true,true,false,false,true,Body Massage Centres,Hassan,2025-05-26T12:20:12.981Z
Coral River Spa,+,4.4,27 Ratings,"Vijaynagar 3rd Stage, Mysore",,,Thai Massage; Aroma Massage,true,true,false,false,true,Body Massage Centres,Hassan,2025-05-26T12:20:12.981Z
The Beautique Salon,+,4.5,311 Ratings,"6th Main Vijaynagar 1st Stage, Mysore",,,,true,true,false,false,true,Body Massage Centres,Hassan,2025-05-26T12:20:12.982Z
Elite Thai & Bali Spa,+,4.7,328 Ratings,"Adipampa Road Vv Mohalla, Mysore",,,Thai Massage; Aroma Massage,true,true,false,false,true,Body Massage Centres,Hassan,2025-05-26T12:20:12.982Z
Adhyas Healthcare Foundation,+,3.7,13 Ratings,"Contour Road Gokulam 3rd Stage, Mysore",,,,true,true,false,false,false,Body Massage Centres,Hassan,2025-05-26T12:20:12.982Z
Nirvana Spa,+,4.4,41 Ratings,"Kalidasa Road Jayalakshmipuram, Mysore",,,Body Massage Centres; Beauty Spas,true,true,false,false,true,Body Massage Centres,Hassan,2025-05-26T12:20:12.982Z
LOREAL Blossom Ayurvedic Center & S'PA,L,4.0,55 Ratings,"Kalidasa Road Vv Mohalla, Mysore",,08511109509,Body Massage Centres; Beauty Spas,true,true,true,true,true,Body Massage Centres,Hassan,2025-05-26T12:20:12.982Z
Dhyana  Ayurvedic Center & S 'PA,+,4.2,122 Ratings,"Studio Road Jayalakshmipuram, Mysore",,08904993725,Body Massage Centres; Beauty Spas,true,true,true,true,true,Body Massage Centres,Hassan,2025-05-26T12:20:12.982Z
Lakme Salon,+,4.5,"1,925 Ratings","Kalidasa Road Jayalakshmipuram, Mysore",,,,true,true,false,false,true,Body Massage Centres,Hassan,2025-05-26T12:20:12.982Z
Fitness World,F,4.2,13 Ratings,"Honda Show Gokulam 2nd Stage, Mysore",,,Get Your Own Trainer; Personal Trainers,true,true,false,false,true,Body Massage Centres,Hassan,2025-05-26T12:20:12.982Z
Isras Bali Spa,+,4.2,592 Ratings,"6th Main Vv Mohalla, Mysore",,08511498684,Body Massage Centres; Massage Centres For Men,true,true,true,true,true,Body Massage Centres,Hassan,2025-05-26T12:20:12.982Z
Mirror Beauty S' PA,+,4.6,414 Ratings,"Gokulam Main Road Gokulam, Mysore",,07383433149,,true,true,true,true,true,Body Massage Centres,Hassan,2025-05-26T12:20:12.982Z
MAGIC Touch Beauty' S PA,+,4.0,25 Ratings,"Gokulam Main Road Gokulam, Mysore",,,Body Massage Centres; Massage Centres For Men,true,true,false,false,false,Body Massage Centres,Hassan,2025-05-26T12:20:12.982Z
Aviva Spa,+,4.7,114 Ratings,"Gokulama Main Road Vv Mohalla, Mysore",,,Thai Massage; Aroma Massage,true,true,false,false,true,Body Massage Centres,Hassan,2025-05-26T12:20:12.982Z
V1 Colours,V,3.5,3 Ratings,"Kalidasa Road Vijaynagar I Stage, Mysore",,,Body Massage Centres; Salons,true,true,false,false,true,Body Massage Centres,Hassan,2025-05-26T12:20:12.982Z
Iris Sppa,+,4.3,387 Ratings,"Stage Gokulam Main Road Gokulam, Mysore",,,Thai Massage; Aroma Massage,true,true,false,false,true,Body Massage Centres,Hassan,2025-05-26T12:20:12.982Z
Amay INDIA - Atharva SuperMulti Speciality Ayurvedic Centre,+,4.9,305 Ratings,"Kantharaj TK Layout 4th Stage, Mysore",,08197351728,Ayurvedic General Consultation; Thyroid,true,true,false,true,true,Body Massage Centres,Hassan,2025-05-26T12:20:12.983Z
Kumuda Spa,K,4.0,326 Ratings,"5th Main Vv Mohalla, Mysore",,,Home Services Offered; Hair Spa; Thai Massage,true,true,false,false,true,Body Massage Centres,Hassan,2025-05-26T12:20:12.983Z
Aakruthi Blossom Spa Professional Massage Therapist (North & South),+,4.7,114 Ratings,"Main Road Siddique Nagar, Mysore",,,Thai Massage,true,true,false,false,true,Body Massage Centres,Hassan,2025-05-26T12:20:12.983Z
Felna Bali Spa,F,4.8,336 Ratings,"Main Road Jayalakshmipuram, Mysore",,,Thai Massage,true,true,false,false,true,Body Massage Centres,Hassan,2025-05-26T12:20:12.983Z
Highlights Family Saloon and S Pa,+,4.2,70 Ratings,"KD  Road Vv Mohalla, Mysore",,,Skin Treatment,true,true,false,false,true,Body Massage Centres,Hassan,2025-05-26T12:20:12.983Z
K2 Bali Spa,+,4.7,40 Ratings,"Ashrama Road Jayalakshmipuram, Mysore",,,Thai Massage; Aroma Massage,true,true,false,false,true,Body Massage Centres,Hassan,2025-05-26T12:20:12.983Z
Gold's Gym,+,4.2,510 Ratings,"Gokulam Road Jayalakshmipuram, Mysore",,,Personal Trainers; Get Your Own Trainer,true,true,false,false,true,Body Massage Centres,Hassan,2025-05-26T12:20:12.983Z
The Luxurious Body & Soul,+,4.6,51 Ratings,"Adi Pampa Road V V Mohalla, Mysore",,,Online Appointments,true,true,false,false,true,Body Massage Centres,Hassan,2025-05-26T12:20:12.983Z
Relax Saloon,R,3.0,1 Rating,"C College Vijaynagar 2nd Stage, Mysore",,,Body Massage Centres; Salons,false,true,false,false,false,Body Massage Centres,Hassan,2025-05-26T12:20:12.983Z
Ayeshu Makeup and Beauty Salon,+,4.7,14 Ratings,"3rd Stage Siddique Nagar, Mysore",,,Home Services Offered; Hair Spa; Skin Treatment,true,true,false,false,true,Body Massage Centres,Hassan,2025-05-26T12:20:12.983Z
Glamour Touch Beauty Parlour,+,4.5,6 Ratings,"Vv Mohalla Vv Mohalla, Mysore",,,Home Services Offered,true,true,false,false,true,Body Massage Centres,Hassan,2025-05-26T12:20:12.983Z
Irisha Spa,+,4.6,174 Ratings,"Adi Pampa Road V V Mohalla, Mysore",,,Thai Massage; Aroma Massage,true,true,false,false,true,Body Massage Centres,Hassan,2025-05-26T12:20:12.983Z
Nishma Bride N Beauty (Spa),N,4.0,1 Rating,"1st Main Road Vv Mohalla, Mysore",,,Home Services Offered; Aroma Massage,true,true,false,false,false,Body Massage Centres,Hassan,2025-05-26T12:20:12.983Z
Dhyana Yuktha Beauty Spa,+,4.4,423 Ratings,"Kalidasa Road Vv Mohalla, Mysore",,08511842446,,true,true,true,true,true,Body Massage Centres,Hassan,2025-05-26T12:20:12.983Z
Sri Vinayaka Tours and Travels,<,4.1,186 Ratings,"R C Road Hassan Ho, Hassan",,07383156927,,true,true,false,true,true,Affordable Prices : Car Rental Services,Hassan,2025-05-26T12:22:08.050Z
Sri Hassanambha Travels,<,5.0,1 Rating,"B M Road Channapatna Extension, Hassan",,08460488503,,true,true,false,true,true,Affordable Prices : Car Rental Services,Hassan,2025-05-26T12:22:08.050Z
Kiran Tours and Travels,<,4.6,10 Ratings,"Salagame Road, Hassan",,08460407607,,true,true,false,true,true,Affordable Prices : Car Rental Services,Hassan,2025-05-26T12:22:08.050Z
Diya Tours And Travels,<,4.7,51 Ratings,"Bangalore Road Channarayapatna, Hassan",,08487021127,,true,true,false,true,true,Affordable Prices : Car Rental Services,Hassan,2025-05-26T12:22:08.050Z
Punya Tours and Travels,<,5.0,152 Ratings,"Saraswatipuram Ext.. Sakleshpur, Sakleshpur",,08735945792,,true,true,false,true,true,Affordable Prices : Car Rental Services,Hassan,2025-05-26T12:22:08.050Z
Ayyappas Tours and Travels,<,4.7,27 Ratings,"Bm Road Sakleshpur, Sakleshpur",,08485984124,,true,true,false,true,true,Affordable Prices : Car Rental Services,Hassan,2025-05-26T12:22:08.050Z
Sakleshpura Tours&travals,<,4.8,418 Ratings,"Bus Stand Sakleshpura Sakleshpur, Sakleshpur",,08488947349,,true,true,false,true,true,Affordable Prices : Car Rental Services,Hassan,2025-05-26T12:22:08.050Z
Dharsh Car Rental,<,4.0,61 Ratings,"Bhimana Colony Bm Road, Hassan",,09054867523,,true,true,false,false,true,Affordable Prices : Car Rental Services,Hassan,2025-05-26T12:22:08.051Z
Sinchu Puttu Tours And Travels,<,4.9,7 Ratings,"Vijayanagara Badavane Belur Road, Hassan",,09054572527,,true,true,false,false,true,Affordable Prices : Car Rental Services,Hassan,2025-05-26T12:22:08.051Z
Jai Shree Ram Car And Bike Rental,<,4.4,54 Ratings,"Vijayanagara Thanniruhalla, Hassan",,08460297724,,true,true,false,false,true,Affordable Prices : Car Rental Services,Hassan,2025-05-26T12:22:08.051Z
Sakleshpur Punarvi Taxi Service,+,5.0,31 Ratings,"New Bus Sakleshpur Market Road, Sakleshpur",,09606271389,,true,true,false,false,true,Affordable Prices : Car Rental Services,Hassan,2025-05-26T12:22:08.051Z
Niriksha Tours & Travels,+,4.9,43 Ratings,"Vidhya Nagar MG Road Hassan, Hassan",,09054538712,,true,true,false,true,true,Affordable Prices : Car Rental Services,Hassan,2025-05-26T12:22:08.051Z
Kanasu Holidays,+,4.4,10 Ratings,"Park Opposite Kr Puram Hassan, Hassan",,08123046981,Car Rental; Travel Agents,true,true,false,false,true,Affordable Prices : Car Rental Services,Hassan,2025-05-26T12:22:08.051Z
Taps Cabs,T,3.5,2 Ratings,"Taps Cabs Hadige, Hassan",,09980102613,,true,true,false,false,false,Affordable Prices : Car Rental Services,Hassan,2025-05-26T12:22:08.051Z
Sri Krishna Tours & Travels,+,4.7,136 Ratings,"Channapatna Bypass Bm Road, Hassan",,09054558294,,true,true,false,true,true,Affordable Prices : Car Rental Services,Hassan,2025-05-26T12:22:08.051Z
Travel Easy,+,4.2,41 Ratings,"R Race Course Road Hassan, Hassan",,08460526029,Visa Assistance; Car Rental,true,true,false,true,true,Affordable Prices : Car Rental Services,Hassan,2025-05-26T12:22:08.051Z
Diamond Taxi,+,4.6,195 Ratings,"Sakleshpur, Sakleshpur",,08401853368,,true,true,false,true,true,Affordable Prices : Car Rental Services,Hassan,2025-05-26T12:22:08.051Z
M S Travels,+,4.9,31 Ratings,"Vidhanasouda Road Kuvempu Nagar, Hassan",,06366960409,,true,true,false,false,true,Affordable Prices : Car Rental Services,Hassan,2025-05-26T12:22:08.051Z
Hasanamba Tours and Travels,+,4.6,7 Ratings,"Housing Board Bm Road, Hassan",,07411551579,,true,true,false,false,true,Affordable Prices : Car Rental Services,Hassan,2025-05-26T12:22:08.051Z
Kanaka Travels,+,5.0,109 Ratings,"Shop No 5 Main Road Arsikere, Hassan",,08460417511,,true,true,false,true,true,Affordable Prices : Car Rental Services,Hassan,2025-05-26T12:22:08.051Z
Mr Manjunatha,+,5.0,2 Ratings,"Thanniruhalla, Hassan",,08460541131,,true,true,false,false,true,Affordable Prices : Car Rental Services,Hassan,2025-05-26T12:22:08.051Z
Thulsi Thanmaya Tourist,T,2.5,2 Ratings,"Arsikere, Hassan",,09845456931,,true,true,false,false,false,Affordable Prices : Car Rental Services,Hassan,2025-05-26T12:22:08.051Z
Janani Tours & Travels,J,5.0,3 Ratings,"Hassan Road 6th Cross Arsikere, Hassan",,08401744365,,true,true,false,false,true,Affordable Prices : Car Rental Services,Hassan,2025-05-26T12:22:08.051Z
Tk Car And Bike Rental,T,4.5,43 Ratings,"Sathyamangala Satyamangala, Hassan",,09035018370,,true,true,false,false,true,Affordable Prices : Car Rental Services,Hassan,2025-05-26T12:22:08.051Z
Hasanamba Tourism,H,5.0,5 Ratings,"Park Road Hemavathinagar, Hassan",,08105383244,,true,true,false,false,false,Affordable Prices : Car Rental Services,Hassan,2025-05-26T12:22:08.051Z
Sri Annapurneshwari Travels,+,4.8,9 Ratings,"8th E Cross Santhi Nagar, Hassan",,07041672063,,true,true,false,false,true,Affordable Prices : Car Rental Services,Hassan,2025-05-26T12:22:08.051Z
B R Tour and Travels,B,4.9,49 Ratings,"Sakaleshapur Sakleshpur, Sakleshpur",,,,true,true,false,false,true,Affordable Prices : Car Rental Services,Hassan,2025-05-26T12:22:08.051Z
Sakleshpur Car Rental,+,4.7,47 Ratings,"B M Road Malali Saklehspur, Sakleshpur",,,,true,true,false,false,true,Affordable Prices : Car Rental Services,Hassan,2025-05-26T12:22:08.051Z
Santhosh Taxi Service,+,4.7,20 Ratings,"Sakleshpur, Sakleshpur",,,,true,true,false,false,true,Affordable Prices : Car Rental Services,Hassan,2025-05-26T12:22:08.052Z
Sakleshpur All Tourism Cab Service,+,5.0,4 Ratings,"7th Cross Sakleshpur Market Road, Sakleshpur",,,,true,true,false,false,true,Affordable Prices : Car Rental Services,Hassan,2025-05-26T12:22:08.052Z
Sakleshpur Adventure Club,S,5.0,19 Ratings,"Donigal Sakleshpur, Sakleshpur",,,,true,true,false,false,true,Affordable Prices : Car Rental Services,Hassan,2025-05-26T12:22:08.052Z
Shree Chamundeshwari Enterprises & MLK Tour and Travels,+,5.0,5 Ratings,"Ring Roadroad Hemavathinagar, Hassan",,,,true,true,false,false,true,Affordable Prices : Car Rental Services,Hassan,2025-05-26T12:22:08.052Z
Venkatesh Car Services,V,5.0,4 Ratings,"Arasikere Road B Katihalli, Hassan",,,,true,true,false,false,true,Affordable Prices : Car Rental Services,Hassan,2025-05-26T12:22:08.052Z
Vikas Travels,+,3.9,4 Ratings,"Channapatna Extension, Hassan",,,,true,true,false,false,false,Affordable Prices : Car Rental Services,Hassan,2025-05-26T12:22:08.052Z
Kenchambike Tours And Travels,K,4.5,1 Rating,"B M Road Sakleshpur Market Road, Sakleshpur",,,,true,true,false,false,true,Affordable Prices : Car Rental Services,Hassan,2025-05-26T12:22:08.052Z
Jaylakshmi Tours and Travels,J,4.4,5 Ratings,"Thanniruhalla, Hassan",,,,true,true,false,false,true,Affordable Prices : Car Rental Services,Hassan,2025-05-26T12:22:08.052Z
Shankarguru Toors And Travels,S,5.0,1 Rating,"B H Road Arsikere, Hassan",,,,true,true,false,false,true,Affordable Prices : Car Rental Services,Hassan,2025-05-26T12:22:08.052Z
Sakleshpur Taxi and Cab Service,+,4.9,257 Ratings,"BM Road Sakleshpur Market Road, Sakleshpur",,,,true,true,false,false,true,Affordable Prices : Car Rental Services,Hassan,2025-05-26T12:22:08.052Z
Ss Cab Service Sakleshpur,+,4.8,73 Ratings,"B M Road Sakleshpur, Sakleshpur",,,,true,true,false,false,true,Affordable Prices : Car Rental Services,Hassan,2025-05-26T12:22:08.052Z
Sakleshpur G T Tours and Travels,+,5.0,133 Ratings,"Main Road Sakleshpur Market Road, Sakleshpur",,,,true,true,false,false,true,Affordable Prices : Car Rental Services,Hassan,2025-05-26T12:22:08.052Z
Hassan Tours And Travels,+,4.5,157 Ratings,"7th Cross Kr Puram, Hassan",,,,true,true,false,true,true,Affordable Prices : Car Rental Services,Hassan,2025-05-26T12:22:08.052Z
Sakleshpura Cab Service,+,4.9,271 Ratings,"Sakleshpur Market Road, Sakleshpur",,,,true,true,false,false,true,Affordable Prices : Car Rental Services,Hassan,2025-05-26T12:22:08.052Z
Sakleshpura Car Rentals,+,4.9,130 Ratings,"Sakleshpur Market Road, Sakleshpur",,,,true,true,false,false,true,Affordable Prices : Car Rental Services,Hassan,2025-05-26T12:22:08.052Z
S.N.cab service,+,4.9,104 Ratings,"Bm Road Sakleshpur, Sakleshpur",,,Car Rental; Taxi Services,true,true,false,false,true,Affordable Prices : Car Rental Services,Hassan,2025-05-26T12:22:08.052Z
Sri Maruthi Travels,+,5.0,88 Ratings,"Henjagondanahalli Arsikere, Hassan",,,,true,true,false,false,true,Affordable Prices : Car Rental Services,Hassan,2025-05-26T12:22:08.052Z
Shankar Guru Tours And Travels,+,4.9,82 Ratings,"Arsikere, Hassan",,,,true,true,false,false,true,Affordable Prices : Car Rental Services,Hassan,2025-05-26T12:22:08.052Z
Sakleshpur Trekking And Travel Service,+,5.0,75 Ratings,"Sp Road Sakleshpur, Sakleshpur",,,,true,true,false,false,true,Affordable Prices : Car Rental Services,Hassan,2025-05-26T12:22:08.052Z
vaibhav tours and travels,+,4.9,76 Ratings,"Mudigerere Road Belur Road, Hassan",,,,true,true,false,false,true,Affordable Prices : Car Rental Services,Hassan,2025-05-26T12:22:08.052Z
Sakaleshpura Tours and Travels,+,4.8,64 Ratings,"BM Road Sakleshpur Market Road, Sakleshpur",,,,true,true,false,false,true,Affordable Prices : Car Rental Services,Hassan,2025-05-26T12:22:08.052Z
Rudreshwara Travels,+,4.1,61 Ratings,"Doddi Road Kr Puram Hassan, Hassan",,,,true,true,false,false,true,Affordable Prices : Car Rental Services,Hassan,2025-05-26T12:22:08.052Z
Sakleshpur Tours And Travels Agency,+,4.8,52 Ratings,"Main Road Ashoka Road, Sakleshpur",,,,true,true,false,false,true,Affordable Prices : Car Rental Services,Hassan,2025-05-26T12:22:08.052Z
JAI SHREE RAM CAR AND BIKE RENTALS,+,4.4,54 Ratings,,,,,true,true,false,false,false,Affordable Prices : Car Rental Services,Hassan,2025-05-26T12:22:08.052Z
sakleshpur car rental,+,4.7,47 Ratings,"Shukravarasanthe, Sakleshpur",,,,true,true,false,false,false,Affordable Prices : Car Rental Services,Hassan,2025-05-26T12:22:08.052Z
Self Drive 247,+,4.5,46 Ratings,"No 926 Bus Stand Road Hassan, Hassan",,,,false,true,false,false,true,Affordable Prices : Car Rental Services,Hassan,2025-05-26T12:22:08.053Z
Make My Tours,+,4.4,46 Ratings,"K R Puram Kr Puram Hassan, Hassan",,,Sight Seeing Planning,true,true,false,false,true,Affordable Prices : Car Rental Services,Hassan,2025-05-26T12:22:08.053Z
Punya Tours And Travels,+,4.9,41 Ratings,"Rangoli Halla Karigowda Colony, Hassan",,,,false,true,false,false,false,Affordable Prices : Car Rental Services,Hassan,2025-05-26T12:22:08.053Z
Divya Cabs Car Rental,+,4.9,40 Ratings,"NH-75 Sakleshpur, Sakleshpur",,,,true,true,false,false,true,Affordable Prices : Car Rental Services,Hassan,2025-05-26T12:22:08.053Z
Abhilash Tourist,A,4.8,37 Ratings,"Nuggehalli Road Nuggihalli, Hassan",,,,true,true,false,false,true,Affordable Prices : Car Rental Services,Hassan,2025-05-26T12:22:08.053Z
Tanvi Travels,+,4.8,34 Ratings,"Mysore Road Channarayapatna, Hassan",,,,true,true,false,false,true,Affordable Prices : Car Rental Services,Hassan,2025-05-26T12:22:08.053Z
Sakleshpura Taxi Service,+,5.0,22 Ratings,"Main Road Ashoka Road, Sakleshpur",,,,false,true,false,false,true,Affordable Prices : Car Rental Services,Hassan,2025-05-26T12:22:08.053Z
Vrl Travels,V,3.7,29 Ratings,"Channarayapattana Gulsinda, Hassan",,,,false,true,false,false,false,Affordable Prices : Car Rental Services,Hassan,2025-05-26T12:22:08.053Z
Sri Ranga Tours And Travels,+,4.7,22 Ratings,"Dasara Koppal Road Hassan City, Hassan",,,,true,true,false,false,true,Affordable Prices : Car Rental Services,Hassan,2025-05-26T12:22:08.053Z
Kavitha Tours And Travels,+,4.2,21 Ratings,"Huliyar Road Banavara, Hassan",,,,true,true,false,false,true,Affordable Prices : Car Rental Services,Hassan,2025-05-26T12:22:08.053Z
Manjunatha Tours & Travels,+,3.6,24 Ratings,"M G Road Hassan HO, Hassan",,,,true,true,false,false,false,Affordable Prices : Car Rental Services,Hassan,2025-05-26T12:22:08.053Z
Ayan Tour's,A,4.9,17 Ratings,"Sakaleshpur Main Road Sakleshpur, Sakleshpur",,,,true,true,false,false,true,Affordable Prices : Car Rental Services,Hassan,2025-05-26T12:22:08.053Z
Raviparmesh Tours & Travels,+,4.2,17 Ratings,"Onnamma Temple Road Balaganchi, Hassan",,,,true,true,false,false,true,Affordable Prices : Car Rental Services,Hassan,2025-05-26T12:22:08.053Z
Iram Complete Travels Hub,I,4.8,12 Ratings,"Old Melekote Road Sannenahalli, Halebeedu",,,,true,true,false,false,true,Affordable Prices : Car Rental Services,Hassan,2025-05-26T12:22:08.053Z
Sri Ranga Tours And Travels,+,4.3,11 Ratings,"Yalavare Harallahalli Arsikere, Hassan",,,,true,true,false,false,true,Affordable Prices : Car Rental Services,Hassan,2025-05-26T12:22:08.053Z
Krishna Travels,+,3.2,14 Ratings,"B M Road Channarayapatna, Hassan",,,,true,true,false,false,false,Affordable Prices : Car Rental Services,Hassan,2025-05-26T12:22:08.053Z
Sakleshpur A K Sagar Taxi,+,4.8,9 Ratings,"Bm Road Sakleshpur, Sakleshpur",,,,true,true,false,false,true,Affordable Prices : Car Rental Services,Hassan,2025-05-26T12:22:08.053Z
Paramya Tours and Travels,+,5.0,8 Ratings,"BM Road Sakleshpura Sakleshpur, Sakleshpur",,,,true,true,false,false,true,Affordable Prices : Car Rental Services,Hassan,2025-05-26T12:22:08.053Z
Hema Tours And Travels,+,3.5,11 Ratings,"Aldhur Road Channarayapatna, Hassan",,,,true,true,false,false,false,Affordable Prices : Car Rental Services,Hassan,2025-05-26T12:22:08.053Z
Delightful Destinations,D,4.3,8 Ratings,"Shankarmutt Road Kr Puram Hassan, Hassan",,,,true,true,false,false,true,Affordable Prices : Car Rental Services,Hassan,2025-05-26T12:22:08.053Z
S N Cabs,+,4.2,8 Ratings,"S. P. Road Sakleshpur, Sakleshpur",,,,true,true,false,false,true,Affordable Prices : Car Rental Services,Hassan,2025-05-26T12:22:08.053Z
Sri Panchalingeshwara Tours and Travels,S,4.8,7 Ratings,"Chanpatna Main Road Bm Road, Hassan",,,,true,true,false,false,true,Affordable Prices : Car Rental Services,Hassan,2025-05-26T12:22:08.053Z
Rehan Sharif Taxi,R,4.8,7 Ratings,"Sakleshpur, Sakleshpur",,,,true,true,false,false,true,Affordable Prices : Car Rental Services,Hassan,2025-05-26T12:22:08.053Z
Jai Sri Ram Tourist,J,4.8,6 Ratings,"Gandhi Circle Channarayapatna, Hassan",,,,true,true,false,false,true,Affordable Prices : Car Rental Services,Hassan,2025-05-26T12:22:08.053Z
Sakleshpura Tours And Travels,S,4.3,6 Ratings,"Road Maheshwari Nagar Sakleshpur, Sakleshpur",,,,true,true,false,false,true,Affordable Prices : Car Rental Services,Hassan,2025-05-26T12:22:08.053Z
Aftab Tours N Travels,+,4.0,6 Ratings,,,,,true,true,false,false,false,Affordable Prices : Car Rental Services,Hassan,2025-05-26T12:22:08.053Z
Sri Lakshmidevi Tours And Travels,S,4.6,5 Ratings,"BM Road Channarayapatna, Hassan",,,,true,true,false,false,true,Affordable Prices : Car Rental Services,Hassan,2025-05-26T12:22:08.053Z
Annapurneshwari Travels,A,4.1,5 Ratings,"1st Cross Salagame Road, Hassan",,,,true,true,false,false,true,Affordable Prices : Car Rental Services,Hassan,2025-05-26T12:22:08.053Z
Pranusha Tours & Travels,+,4.0,5 Ratings,"Golenahalli Shankaranahalli, Hassan",,,,true,true,false,false,false,Affordable Prices : Car Rental Services,Hassan,2025-05-26T12:22:08.053Z
Babu Rental Car,B,4.0,5 Ratings,"Babu Rental Car Vijay Nagar, Hassan",,,,false,true,false,false,false,Affordable Prices : Car Rental Services,Hassan,2025-05-26T12:22:08.054Z
Sai Ram Tours And Travels 2,+,5.0,4 Ratings,"Bangalore Road, Shravanabelagola",,,,true,true,false,false,true,Affordable Prices : Car Rental Services,Hassan,2025-05-26T12:22:08.054Z
Sowmya Tours And Travels,+,5.0,4 Ratings,"Aralepet Road Northern Extension, Hassan",,,,true,true,false,false,true,Affordable Prices : Car Rental Services,Hassan,2025-05-26T12:22:08.054Z
Nanjundeshwara Tours and Travels,+,3.7,5 Ratings,"Mg Road MG Road Hassan, Hassan",,,,true,true,false,false,false,Affordable Prices : Car Rental Services,Hassan,2025-05-26T12:22:08.054Z
Jai Hanuman Travels,+,4.5,4 Ratings,"SBG Road Ravindra Nagar Hassan, Hassan",,,,false,true,false,false,true,Affordable Prices : Car Rental Services,Hassan,2025-05-26T12:22:08.054Z
Shri Lakshmi Tours And Travels And Auto Links,S,5.0,3 Ratings,"Bm Road Channarayapatna, Hassan",,,,true,true,false,false,true,Affordable Prices : Car Rental Services,Hassan,2025-05-26T12:22:08.054Z
Javaregowda Tours & Travels,+,5.0,3 Ratings,"Sathenahalli Hassan HO, Hassan",,,,true,true,false,false,true,Affordable Prices : Car Rental Services,Hassan,2025-05-26T12:22:08.054Z
Sri Lakshmidevi Karibeereshwara Enterprises and Tours and Travels,+,5.0,3 Ratings,"Vidansouda Road Kuvempu Nagar, Hassan",,,,true,true,false,false,true,Affordable Prices : Car Rental Services,Hassan,2025-05-26T12:22:08.054Z
Jenukal Tours And Travels,+,5.0,3 Ratings,"Arsikere Main Road Arsikere, Hassan",,,,true,true,false,false,true,Affordable Prices : Car Rental Services,Hassan,2025-05-26T12:22:08.054Z
Sachin Tours And Travels,+,4.7,3 Ratings,"Channarayapatna, Hassan",,,,true,true,false,false,true,Affordable Prices : Car Rental Services,Hassan,2025-05-26T12:22:08.054Z
Shivganga Bourvells And Travells,+,3.5,4 Ratings,"Pura Road CHANNAPATNA EXTENSION, Hassan",,,,true,true,false,false,false,Affordable Prices : Car Rental Services,Hassan,2025-05-26T12:22:08.054Z
Sri Veerabadreshwara Tours And Travels,S,3.5,4 Ratings,"Thajuru Arsikere, Hassan",,,,true,true,false,false,true,Affordable Prices : Car Rental Services,Hassan,2025-05-26T12:22:08.054Z
Harshith Tours and Travels,+,4.3,3 Ratings,"Road Channapatna Extension, Hassan",,,,true,true,false,false,true,Affordable Prices : Car Rental Services,Hassan,2025-05-26T12:22:08.054Z
Friends Auto Electrical Works,F,4.3,3 Ratings,"A Ashoka Road, Sakleshpur",,,,false,true,false,false,false,Affordable Prices : Car Rental Services,Hassan,2025-05-26T12:22:08.054Z
Agasthya Holidays,A,3.2,4 Ratings,"Tejur Road, Hassan",,,,true,true,false,false,false,Affordable Prices : Car Rental Services,Hassan,2025-05-26T12:22:08.054Z
Sri Parswavanath Tour &Travels,S,4.0,3 Ratings,"Shravanbela Gola Rural, Shravanabelagola",,,,false,true,false,false,false,Affordable Prices : Car Rental Services,Hassan,2025-05-26T12:22:08.054Z
Shree Nimishamba Travels,S,3.7,3 Ratings,"K R Sampige Road Hassan, Hassan",,,,false,true,false,false,false,Affordable Prices : Car Rental Services,Hassan,2025-05-26T12:22:08.054Z
Panchamuki Travels,+,5.0,2 Ratings,"SRT Street Maharaj Park Road, Hassan",,,,true,true,false,false,true,Affordable Prices : Car Rental Services,Hassan,2025-05-26T12:22:08.054Z
Jaheer Ahamad,<,3.8,20 Ratings,"College Road Avk College Road, Hassan",,08460408660,GST Return; TDS Return; Income Tax Return,true,true,false,true,false,Experienced Chartered Accountants and CA Firms,Hassan,2025-05-26T12:24:04.537Z
B N Ramesh & Co,<,5.0,4 Ratings,"Shankar Mutt Rd Kr Puram Hassan, Hassan",,,CA,false,true,false,true,true,Experienced Chartered Accountants and CA Firms,Hassan,2025-05-26T12:24:04.537Z
Kndc and Associates LLP,<,4.7,37 Ratings,"GHS Road Hampankatta, Mangalore",,,Licence; GST Return; TDS Return,true,true,false,true,false,Experienced Chartered Accountants and CA Firms,Hassan,2025-05-26T12:24:04.537Z
Mohit Mahajan & Co.,<,3.9,38 Ratings,"Koppikar Road Koppikar Road, Hubli",,,GST Return; TDS Return; Income Tax Return,true,true,false,false,false,Experienced Chartered Accountants and CA Firms,Hassan,2025-05-26T12:24:04.537Z
CA Anusha Gupte & Associates,<,4.5,4 Ratings,"Nanded City Road Nanded City, Pune",,08460423917,Accounting; GST Return; TDS Return,true,true,false,false,false,Experienced Chartered Accountants and CA Firms,Hassan,2025-05-26T12:24:04.537Z
Yatesh Renuke & Company,<,4.6,22 Ratings,"Erandwane Kothrud, Pune",,08460426416,GST Return; TDS Return; Income Tax Return,true,true,false,true,false,Experienced Chartered Accountants and CA Firms,Hassan,2025-05-26T12:24:04.537Z
Yogita S And Company,<,4.7,33 Ratings,"Thane Bhiwandi Road Kasheli, Bhiwandi",,07795682280,Accounting; GST Return; TDS Return,true,true,false,false,true,Experienced Chartered Accountants and CA Firms,Hassan,2025-05-26T12:24:04.537Z
Mithlesh Pardhi & Co,<,4.2,360 Ratings,"Jaitala Road Jaitala Road, Nagpur",,08511513986,GST Return; TDS Return; Income Tax Return,true,true,true,true,true,Experienced Chartered Accountants and CA Firms,Hassan,2025-05-26T12:24:04.537Z
B R A H M & Associates,<,4.2,46 Ratings,"Jamnagar HO, Jamnagar",,,Accounting; GST Return; NRI ITR Filing,true,true,false,false,true,Experienced Chartered Accountants and CA Firms,Hassan,2025-05-26T12:24:04.538Z
TKSA SERVICES PVT LTD,<,3.5,2 Ratings,"Government Place East Esplanade, Kolkata",,08904955304,Licence; GST Return; NRI ITR Filing,true,true,false,false,false,Experienced Chartered Accountants and CA Firms,Hassan,2025-05-26T12:24:04.538Z
Arpit Gupta & Co,+,4.1,156 Ratings,"Westend Marg Saket, Delhi",,,,true,true,false,false,true,Experienced Chartered Accountants and CA Firms,Hassan,2025-05-26T12:24:04.538Z
K K K D & CO,K,4.8,49 Ratings,"101 BP BLOCK Pitampura, Delhi",,09731820288,Accounting; GST Return; TDS Return,true,true,true,true,true,Experienced Chartered Accountants and CA Firms,Hassan,2025-05-26T12:24:04.538Z
V V S V & CO,V,4.2,13 Ratings,"Pandav Nagar Block A, Delhi",,09035176479,GST Return; TDS Return; Income Tax Return,true,true,false,false,true,Experienced Chartered Accountants and CA Firms,Hassan,2025-05-26T12:24:04.538Z
Equiltax Private Limited,E,,,"Thapar Nagar, Meerut",,08105037165,Business Advisory Services; Name Change; IPO,true,true,false,false,false,Experienced Chartered Accountants and CA Firms,Hassan,2025-05-26T12:24:04.538Z
Dwarka & Co,D,4.1,97 Ratings,"Barabazar Garikhana, Shillong",,09054867046,GST Return; TDS Return; Income Tax Return,true,true,false,false,true,Experienced Chartered Accountants and CA Firms,Hassan,2025-05-26T12:24:04.538Z
B N Ramesh,B,4.7,4 Ratings,"SJP Road, Hassan",,,CA,true,true,false,true,false,Experienced Chartered Accountants and CA Firms,Hassan,2025-05-26T12:24:04.538Z
Nagaraj & Co,N,3.5,3 Ratings,"Ayurvedic College Thanniruhalla, Hassan",,,Auditors; CA,true,true,false,false,false,Experienced Chartered Accountants and CA Firms,Hassan,2025-05-26T12:24:04.538Z
Hassan Dist Lorry Owners Association (R),H,5.0,2 Ratings,"Bm Rd Hassan Ho, Hassan",,,Associations Of Builders; Architects,false,true,false,false,true,Experienced Chartered Accountants and CA Firms,Hassan,2025-05-26T12:24:04.538Z
C K Padmanabha & Co,C,4.5,2 Ratings,"Northern Extension Salagame Road, Hassan",,,CA,false,true,false,false,false,Experienced Chartered Accountants and CA Firms,Hassan,2025-05-26T12:24:04.538Z
M Balakrishna Achar,M,4.5,2 Ratings,"No.1389 Harshamahal Road, Hassan",,,CA,false,true,false,false,false,Experienced Chartered Accountants and CA Firms,Hassan,2025-05-26T12:24:04.538Z
S K Sathyanarayan And Company,S,5.0,1 Rating,"R Race Course Road Hassan, Hassan",,,GST Return; TDS Return; Income Tax Return,true,true,false,false,false,Experienced Chartered Accountants and CA Firms,Hassan,2025-05-26T12:24:04.538Z
Chandru M K,C,5.0,1 Rating,"Aralikatte Circle Salagame Road, Hassan",,,CA,true,true,false,false,false,Experienced Chartered Accountants and CA Firms,Hassan,2025-05-26T12:24:04.538Z
Harish Gowda & Co,H,5.0,1 Rating,"R C Road, Hassan",,,CA,true,true,false,false,false,Experienced Chartered Accountants and CA Firms,Hassan,2025-05-26T12:24:04.538Z
Chandru Mk & Co,C,5.0,1 Rating,"Park Road Salagame Road, Hassan",,,CA; Accounting Services,true,true,false,false,false,Experienced Chartered Accountants and CA Firms,Hassan,2025-05-26T12:24:04.538Z
Karvy Data Management Services Ltd,K,5.0,1 Rating,"Tiptur, Tumkur",,,GST Return; TDS Return; Income Tax Return,true,true,false,false,true,Experienced Chartered Accountants and CA Firms,Hassan,2025-05-26T12:24:04.538Z
Vaibhav S Kangokar & Co,V,4.6,5 Ratings,"Sri Vijayalakshmi, Chikmagalur",,,CA,true,true,false,false,false,Experienced Chartered Accountants and CA Firms,Hassan,2025-05-26T12:24:04.539Z
Joseph V G,J,4.0,1 Rating,"Kelagur Mathias Towers Ig Road, Chikmagalur",,,CA,true,true,false,false,false,Experienced Chartered Accountants and CA Firms,Hassan,2025-05-26T12:24:04.539Z
Sumukha Associates,S,4.5,1 Rating,"Nehru Road Nehru Road, Chikmagalur",,,GST Return; TDS Return; Income Tax Return,true,true,false,false,true,Experienced Chartered Accountants and CA Firms,Hassan,2025-05-26T12:24:04.539Z
Jabiulla B S & Associates,J,5.0,2 Ratings,"U B Road Kadur, Chikmagalur",,,CA,true,true,false,false,true,Experienced Chartered Accountants and CA Firms,Hassan,2025-05-26T12:24:04.539Z
Francis P W and Company,F,5.0,1 Rating,"College Road Madikeri, Coorg",,,CA,true,true,false,false,false,Experienced Chartered Accountants and CA Firms,Hassan,2025-05-26T12:24:04.539Z
A Gopalakrishna,A,4.3,2 Ratings,"Junction-college Madikeri, Coorg",,,CA,true,true,false,true,true,Experienced Chartered Accountants and CA Firms,Hassan,2025-05-26T12:24:04.539Z
Bal And Bhimeshwar,B,5.0,2 Ratings,"Chikpet Madikeri, Coorg",,,ITR Filing,true,true,false,true,true,Experienced Chartered Accountants and CA Firms,Hassan,2025-05-26T12:24:04.539Z
Preetham Jain,P,4.0,2 Ratings,"Km Road Kalasa, Chikmagalur",,,CA,true,true,false,false,false,Experienced Chartered Accountants and CA Firms,Hassan,2025-05-26T12:24:04.539Z
Gayathri Rao and Associates Chartered Accountants,G,4.6,23 Ratings,"Kaniyur Beltangady, Belthangady",,,CA; Accountants,true,true,false,false,false,Experienced Chartered Accountants and CA Firms,Hassan,2025-05-26T12:24:04.539Z
AJR Associates,A,3.6,8 Ratings,"KRS Road Hootagalli, Mysore",,,GST Return; TDS Return; Income Tax Return,true,true,false,false,false,Experienced Chartered Accountants and CA Firms,Hassan,2025-05-26T12:24:04.539Z
CA Dodda Lingappa,C,4.5,1 Rating,"Hebbal, Mysore",,,CA,true,true,false,false,false,Experienced Chartered Accountants and CA Firms,Hassan,2025-05-26T12:24:04.539Z
Bhat Associates Sullia,B,4.8,14 Ratings,"Sullia, Mangalore",,,CA,true,true,false,false,true,Experienced Chartered Accountants and CA Firms,Hassan,2025-05-26T12:24:04.539Z
Prsr And Co Chartered Accountants,P,4.9,65 Ratings,"Sullia Srirampete, Mangalore",,,ITR Filing,false,true,false,false,true,Experienced Chartered Accountants and CA Firms,Hassan,2025-05-26T12:24:04.539Z
Rajesha L And Associates,R,4.3,3 Ratings,"Lokanayaka Nagar Kumbara Koppal, Mysore",,,CA,true,true,false,false,false,Experienced Chartered Accountants and CA Firms,Hassan,2025-05-26T12:24:04.539Z
Bhat And Associates,B,5.0,1 Rating,"Road Sullia Dakshina Kannada, Mangalore",,,CA,true,true,false,false,false,Experienced Chartered Accountants and CA Firms,Hassan,2025-05-26T12:24:04.539Z
Satisha R & Associates,S,4.3,3 Ratings,"Nagar Vijaynagar Mysore, Mysore",,,CA,true,true,false,false,false,Experienced Chartered Accountants and CA Firms,Hassan,2025-05-26T12:24:04.539Z
Sham Prasad And Associates,+,4.9,8 Ratings,"Mahadeshwara Badavane Layout, Mysore",,,Wheel Chair Accessible Entrance And Exit,true,true,false,false,false,Experienced Chartered Accountants and CA Firms,Hassan,2025-05-26T12:24:04.539Z
Kodandera M Subbaiah,K,5.0,1 Rating,"Gonikoppal Gonikoppal Madikeri, Coorg",,,CA,true,true,false,false,false,Experienced Chartered Accountants and CA Firms,Hassan,2025-05-26T12:24:04.539Z
Dna Consulting,+,4.8,122 Ratings,"Office Vijaynagar 3rd Stage, Mysore",,08490056396,Accounting; GST Return; NRI ITR Filing,true,true,true,true,true,Experienced Chartered Accountants and CA Firms,Hassan,2025-05-26T12:24:04.539Z
Krishna C & Associates,K,4.5,4 Ratings,"Vijaynagar Mysore, Mysore",,,CA,true,true,false,false,false,Experienced Chartered Accountants and CA Firms,Hassan,2025-05-26T12:24:04.539Z
Manju K & Associates,M,5.0,83 Ratings,"Temple Road Jayalakshmipuram, Mysore",,,Wheel Chair Accessible Entrance And Exit,true,true,false,false,true,Experienced Chartered Accountants and CA Firms,Hassan,2025-05-26T12:24:04.539Z
Jayashri R And Associates,J,3.0,1 Rating,"3rd A Main Gokulam 2nd Stage, Mysore",,,CA; Associations Of CA,true,true,false,false,false,Experienced Chartered Accountants and CA Firms,Hassan,2025-05-26T12:24:04.540Z
Francis P W & Co,F,3.8,5 Ratings,"Main Road Jayalakshmipuram, Mysore",,,Wheel Chair Accessible Entrance And Exit,true,true,false,false,false,Experienced Chartered Accountants and CA Firms,Hassan,2025-05-26T12:24:04.540Z
Roopa Swamy And Associates,R,4.3,16 Ratings,"Stage 10th Vijaynagar 3rd Stage, Mysore",,,,true,true,false,true,false,Experienced Chartered Accountants and CA Firms,Hassan,2025-05-26T12:24:04.540Z
S Bhargava And Co,+,4.9,75 Ratings,"Vijaynagar Mysore, Mysore",,,Wheel Chair Accessible Entrance And Exit,false,true,false,false,true,Experienced Chartered Accountants and CA Firms,Hassan,2025-05-26T12:24:04.540Z
Surendra Hegde & Co,S,4.4,16 Ratings,"Gokulam, Mysore",,,GST Return; TDS Return; Income Tax Return,true,true,false,false,true,Experienced Chartered Accountants and CA Firms,Hassan,2025-05-26T12:24:04.540Z
NJS Tax And HR Consultants,N,4.5,12 Ratings,"Kalidasa Road Jayalakshmipuram, Mysore",,,GST Return; TDS Return; Income Tax Return,true,true,false,false,true,Experienced Chartered Accountants and CA Firms,Hassan,2025-05-26T12:24:04.540Z
Phani Datta And Associates,P,4.0,2 Ratings,"19th Cross Vidyaranyapuram, Mysore",,,Company Secretary; CA,true,true,false,false,false,Experienced Chartered Accountants and CA Firms,Hassan,2025-05-26T12:24:04.540Z
Elite Accountingpro Llp,E,4.8,13 Ratings,"Road2nd Cross Vani Vilas Mohalla, Mysore",,,CA,false,true,false,false,false,Experienced Chartered Accountants and CA Firms,Hassan,2025-05-26T12:24:04.540Z
Thejaswini & Co,T,4.6,5 Ratings,"Temple Road Jayalakshmipuram, Mysore",,,CA,true,true,false,false,false,Experienced Chartered Accountants and CA Firms,Hassan,2025-05-26T12:24:04.540Z
T Chetan Bhati & Co.,T,5.0,3 Ratings,"Mysuru Jayalakshmipuram, Mysore",,,Wheel Chair Accessible Entrance And Exit,false,true,false,false,false,Experienced Chartered Accountants and CA Firms,Hassan,2025-05-26T12:24:04.540Z
Hariharan And Company Ca,H,4.0,1 Rating,"Narasimharaja Mohalla, Mysore",,,CA,true,true,false,false,false,Experienced Chartered Accountants and CA Firms,Hassan,2025-05-26T12:24:04.540Z
MTR & Co,+,4.9,33 Ratings,"Temple Road Jayalakshmipuram, Mysore",,,CA,true,true,false,false,true,Experienced Chartered Accountants and CA Firms,Hassan,2025-05-26T12:24:04.540Z
Gowtham,G,5.0,1 Rating,"Devaraja Mohalla, Mysore",,,CA,false,true,false,false,false,Experienced Chartered Accountants and CA Firms,Hassan,2025-05-26T12:24:04.540Z
Sastry & Co(ni),S,5.0,2 Ratings,"Kantharaja Urs Road Lakshmipuram, Mysore",,,GST Return; TDS Return; Income Tax Return,false,true,false,false,false,Experienced Chartered Accountants and CA Firms,Hassan,2025-05-26T12:24:04.540Z
Wayfin Tax Solutions,W,4.9,16 Ratings,"Kabir Temple Road Iningere, Mysore",,,GST Return; TDS Return; Income Tax Return,true,true,false,false,true,Experienced Chartered Accountants and CA Firms,Hassan,2025-05-26T12:24:04.540Z
Jagadeesh,J,5.0,1 Rating,"Saraswathipuram, Mysore",,,CA,true,true,false,false,false,Experienced Chartered Accountants and CA Firms,Hassan,2025-05-26T12:24:04.540Z
B A Ganapathy & Co,B,5.0,2 Ratings,"16th Main Saraswathipuram, Mysore",,,CA,true,true,false,false,false,Experienced Chartered Accountants and CA Firms,Hassan,2025-05-26T12:24:04.540Z
Srinivas K And Associates,S,5.0,2 Ratings,"Road Ramakrishnanagar, Mysore",,,CA,true,true,false,false,false,Experienced Chartered Accountants and CA Firms,Hassan,2025-05-26T12:24:04.540Z
Manjunatha And Shobhavathi,M,3.8,8 Ratings,"16th Main Saraswathipuram, Mysore",,,Wheel Chair Accessible Entrance And Exit,true,true,false,false,false,Experienced Chartered Accountants and CA Firms,Hassan,2025-05-26T12:24:04.540Z
Hariharan & Co,+,4.6,53 Ratings,"NR Mohalla Narasimharaja Mohalla, Mysore",,,GST Return; TDS Return; Income Tax Return,false,true,false,false,true,Experienced Chartered Accountants and CA Firms,Hassan,2025-05-26T12:24:04.540Z
B S Nagesh,B,5.0,12 Ratings,"5 Th Cross Saraswathipuram, Mysore",,,CA,true,true,false,true,false,Experienced Chartered Accountants and CA Firms,Hassan,2025-05-26T12:24:04.541Z
L Prasad,L,5.0,1 Rating,"Pampapathi Road Saraswathipuram, Mysore",,,CA,true,true,false,false,false,Experienced Chartered Accountants and CA Firms,Hassan,2025-05-26T12:24:04.541Z
Harish,H,4.0,1 Rating,"Saraswathipuram, Mysore",,,CA,true,true,false,false,false,Experienced Chartered Accountants and CA Firms,Hassan,2025-05-26T12:24:04.541Z
Blacksands Management Consulting,+,4.4,20 Ratings,"Kantharaj Urs Road Kuvempunagar, Mysore",,08511316464,Accounting; GST Return; NRI ITR Filing,true,true,true,true,true,Experienced Chartered Accountants and CA Firms,Hassan,2025-05-26T12:24:04.541Z
Umesh & Co,U,4.5,6 Ratings,"11th Main Road Saraswathipuram, Mysore",,,CA,false,true,false,false,false,Experienced Chartered Accountants and CA Firms,Hassan,2025-05-26T12:24:04.541Z
Mahesh R & Co,M,5.0,8 Ratings,"Street Narasimharaja Mohalla, Mysore",,,GST Return; TDS Return; Income Tax Return,true,true,false,false,true,Experienced Chartered Accountants and CA Firms,Hassan,2025-05-26T12:24:04.541Z
Manjunath & Company,M,4.0,2 Ratings,"N Jois Street Chamaraja Mohalla, Mysore",,,ITR Filing,true,true,false,false,false,Experienced Chartered Accountants and CA Firms,Hassan,2025-05-26T12:24:04.541Z
K A K And Associates,+,5.0,7 Ratings,"Akbar Road Mandi Mohalla, Mysore",,,ITR Filing; Income Tax Return; TDS Return,true,true,false,false,true,Experienced Chartered Accountants and CA Firms,Hassan,2025-05-26T12:24:04.541Z
Devaiah And Co,D,5.0,1 Rating,"Subbaiah Road Chamaraja Mohalla, Mysore",,,GST Return; TDS Return; Income Tax Return,true,true,false,false,false,Experienced Chartered Accountants and CA Firms,Hassan,2025-05-26T12:24:04.541Z
H S Prakash And Company,H,4.9,4 Ratings,"Vinob Road Shivarampet, Mysore",,,CA,true,true,false,false,false,Experienced Chartered Accountants and CA Firms,Hassan,2025-05-26T12:24:04.541Z
Varun Kumar Jain & Co,V,4.8,15 Ratings,"Road Narayan Shastri Road, Mysore",,,ITR Filing,true,true,false,false,true,Experienced Chartered Accountants and CA Firms,Hassan,2025-05-26T12:24:04.541Z
Arogya Raj Loyed,A,2.5,1 Rating,"Lashkar Mohalla, Mysore",,,CA,false,true,false,false,false,Experienced Chartered Accountants and CA Firms,Hassan,2025-05-26T12:24:04.541Z
B N Ashok Kumar & Co,B,5.0,2 Ratings,"Anikethana Road Kuvempunagar, Mysore",,,CA,false,true,false,false,false,Experienced Chartered Accountants and CA Firms,Hassan,2025-05-26T12:24:04.541Z
P V Karthikeyan,+,4.4,24 Ratings,"Road K Block Kuvempunagar, Mysore",,,GST Return; TDS Return; Income Tax Return,true,true,true,true,true,Experienced Chartered Accountants and CA Firms,Hassan,2025-05-26T12:24:04.541Z
M R Jagadish Rao,M,3.0,1 Rating,"3rd Floor Ramaswamy Circle, Mysore",,,CA,true,true,false,false,false,Experienced Chartered Accountants and CA Firms,Hassan,2025-05-26T12:24:04.541Z
B R Sharatchandra & Co.,B,4.8,10 Ratings,"D Subbaiah Road Agasara Beedi, Mysore",,,CA,true,true,false,false,false,Experienced Chartered Accountants and CA Firms,Hassan,2025-05-26T12:24:04.541Z
L R Prakash & Co,L,4.6,5 Ratings,"D Subbiah Rd Kr Mohalla, Mysore",,,CA,false,true,false,false,false,Experienced Chartered Accountants and CA Firms,Hassan,2025-05-26T12:24:04.541Z
L R Prakash & Company,L,5.0,1 Rating,"Chamrajpura, Mysore",,,CA,true,true,false,false,false,Experienced Chartered Accountants and CA Firms,Hassan,2025-05-26T12:24:04.541Z
K Mohan Rao & Co,K,5.0,2 Ratings,"Urs Road Devaraja Mohalla, Mysore",,,CA,true,true,false,false,false,Experienced Chartered Accountants and CA Firms,Hassan,2025-05-26T12:24:04.541Z
Dev Associates,+,5.0,1 Rating,"D Subhai Road Chamrajpura, Mysore",,,CA; Associations Of CA,true,true,false,false,true,Experienced Chartered Accountants and CA Firms,Hassan,2025-05-26T12:24:04.541Z
Pasha & Co,P,4.0,1 Rating,"Old Bank Rd Gandhi Square, Mysore",,,CA,false,true,false,false,false,Experienced Chartered Accountants and CA Firms,Hassan,2025-05-26T12:24:04.541Z
NIRAJ NIKHIL JAIN & ASSOCIATES,+,5.0,23 Ratings,"Narayan Shastri Road Kr Mohalla, Mysore",,09980768995,Accounting; GST Return; TDS Return,true,true,false,false,true,Experienced Chartered Accountants and CA Firms,Hassan,2025-05-26T12:24:04.541Z
Jain Ranka Associates,J,4.7,5 Ratings,"Soji Street Gandhi Square, Mysore",,,CA,false,true,false,false,true,Experienced Chartered Accountants and CA Firms,Hassan,2025-05-26T12:24:04.542Z
Shanmukhiah & Pandurang,S,4.7,7 Ratings,"Kr Circle, Mysore",,,CA,true,true,false,false,false,Experienced Chartered Accountants and CA Firms,Hassan,2025-05-26T12:24:04.542Z
Madhavan & Company,M,5.0,1 Rating,"Kr Circle Mysore, Mysore",,,CA; Computer Consultants,false,true,false,false,false,Experienced Chartered Accountants and CA Firms,Hassan,2025-05-26T12:24:04.542Z
Aiyappa & Associates,A,5.0,2 Ratings,"Kr Circle Mysore, Mysore",,,CA,true,true,false,false,false,Experienced Chartered Accountants and CA Firms,Hassan,2025-05-26T12:24:04.542Z
Mayuresh & Co,M,4.8,90 Ratings,"Karnataka Mandi Mohalla, Mysore",,,CA,false,true,false,false,true,Experienced Chartered Accountants and CA Firms,Hassan,2025-05-26T12:24:04.542Z
Infinitude Consulting Private Limited,+,4.7,196 Ratings,"M G Road Chamarajapuram, Mysore",,08904249964,GST Return; TDS Return; Income Tax Return,true,true,true,true,true,Experienced Chartered Accountants and CA Firms,Hassan,2025-05-26T12:24:04.542Z
Madhavan & Co,M,4.8,9 Ratings,"Kr Circle Mysore, Mysore",,,CA,false,true,false,false,true,Experienced Chartered Accountants and CA Firms,Hassan,2025-05-26T12:24:04.542Z
Shanmukhiah And Pandurang,S,4.7,7 Ratings,"Kr Circle Mysore, Mysore",,,CA; Tax Consultants,false,true,false,false,false,Experienced Chartered Accountants and CA Firms,Hassan,2025-05-26T12:24:04.542Z
lakshmi nivas & co,l,5.0,2 Ratings,"Ramavilas Road, Mysore",,,CA,false,true,false,false,false,Experienced Chartered Accountants and CA Firms,Hassan,2025-05-26T12:24:04.542Z
M B Jain & Co,M,3.0,7 Ratings,"162/1 1st Flour Ramavilas Road, Mysore",,,CA,false,true,false,false,false,Experienced Chartered Accountants and CA Firms,Hassan,2025-05-26T12:24:04.542Z
Manoj R and Associates,M,4.3,3 Ratings,"Shivarampet Road Shivarampet, Mysore",,,Accounting; GST Return; TDS Return,true,true,false,false,false,Experienced Chartered Accountants and CA Firms,Hassan,2025-05-26T12:24:04.542Z
Tejasvi,T,4.4,8 Ratings,"Geetha Road University Campus, Mysore",,,GST Return; TDS Return; Income Tax Return,true,true,false,false,false,Experienced Chartered Accountants and CA Firms,Hassan,2025-05-26T12:24:04.542Z
Svl Technologies,<,4.8,77 Ratings,"Vijay Building Kr Puram Hassan, Hassan",,08460425903,Computer Training Institutes; Python Training Institutes,true,true,false,true,true,Computer Training Institutes,Hassan,2025-05-26T12:25:20.365Z
Malnad Coaching Centre Mcc,<,4.8,474 Ratings,"Channapatna Housing Board Colony, Hassan",,08401060336,Tally Training Institutes; Correspondence Education,true,true,true,true,true,Computer Training Institutes,Hassan,2025-05-26T12:25:20.366Z
Sumukha Associates,<,4.9,14 Ratings,"Hospital Harshamahal Road, Hassan",,,Accounting Training Institutes; Computer Training Institutes,true,true,false,false,true,Computer Training Institutes,Hassan,2025-05-26T12:25:20.366Z
Ideal Computer Education,<,4.9,285 Ratings,"Salagame Road Salagame Road, Hassan",,07041393302,Computer Training Institutes; Tally Training Institutes,true,true,false,false,true,Computer Training Institutes,Hassan,2025-05-26T12:25:20.366Z
Perfect Computer Education Institute,<,4.6,251 Ratings,"Avk College Road, Hassan",,08460555788,Accounting Training Institutes; Computer Training Institutes,true,true,false,false,true,Computer Training Institutes,Hassan,2025-05-26T12:25:20.366Z
The Global Edge,<,4.5,66 Ratings,"Hs Prakesh Road-Salagame Road, Hassan",,09845218852,Fashion Designing Institutes For Women; Computer Training Institutes,true,true,true,true,true,Computer Training Institutes,Hassan,2025-05-26T12:25:20.366Z
Brm Training and Recruitment Solutions Pvt Ltd,<,4.8,28 Ratings,"Koppalu Main Road Vidhya Nagar, Hassan",,08460478202,Institutes For Aviation; Computer Training Institutes,true,true,false,false,true,Computer Training Institutes,Hassan,2025-05-26T12:25:20.367Z
Indian Institute Of Computer Science,<,4.6,251 Ratings,"Vidyanagar Hubli, Hubli",,,Institutes For Distance Education MBA; Computer Training Institutes,true,true,false,false,true,Computer Training Institutes,Hassan,2025-05-26T12:25:20.367Z
Emergio Games,<,4.9,150 Ratings,"Airport Road Infopark Kochi, Ernakulam",,08460448972,Computer Training Institutes; Mobile Game Development Training Institutes,true,true,false,false,true,Computer Training Institutes,Hassan,2025-05-26T12:25:20.367Z
Kj's Trinity Colleges,<,4.0,"1,375 Ratings","Kondhwa Saswad Road Yewalewadi, Pune",,,,true,true,false,false,true,Computer Training Institutes,Hassan,2025-05-26T12:25:20.367Z
Sir Padampat Singhania University,+,4.3,569 Ratings,"Udaipur Udaipur Surajpole, Udaipur-rajasthan",,,,true,true,false,false,true,Computer Training Institutes,Hassan,2025-05-26T12:25:20.367Z
Visvesvaraya Foundation,+,4.2,"1,001 Ratings","Main Road Udaipur Surajpole, Udaipur-Rajasthan",,,Computer Engineering Colleges; Schools,true,true,false,false,true,Computer Training Institutes,Hassan,2025-05-26T12:25:20.368Z
Shri Krishna University,+,4.1,"1,307 Ratings","Sagar Road Chhatrasal Chowk, Chhatarpur",,,,true,true,false,false,true,Computer Training Institutes,Hassan,2025-05-26T12:25:20.368Z
Aks University (Satna M.p),+,4.0,"1,845 Ratings","Panna Road Sherganj, Satna",,,Colleges; ITI Institutes,true,true,false,false,true,Computer Training Institutes,Hassan,2025-05-26T12:25:20.368Z
Maa Bhagwati Institute,M,4.0,905 Ratings,"Ratanada, Jodhpur",,,Computer Hardware Training Institutes; Colleges,true,true,false,false,true,Computer Training Institutes,Hassan,2025-05-26T12:25:20.368Z
Pkr Institute and Recruitment Services,+,4.9,132 Ratings,"Urban Estate Karnal Sector 6, Karnal",,09980200858,Institutes; Computer Training Institutes,true,true,false,true,true,Computer Training Institutes,Hassan,2025-05-26T12:25:20.368Z
Haridwar University,+,4.5,"2,884 Ratings","Bajuheri, Roorkee",,,,true,true,false,false,true,Computer Training Institutes,Hassan,2025-05-26T12:25:20.368Z
Manipal Institute Of Computer Education,+,4.6,58 Ratings,"Race Course Road Hassan, Hassan",,,Accounting Training Institutes; Computer Training Institutes,true,true,false,false,true,Computer Training Institutes,Hassan,2025-05-26T12:25:20.368Z
Ocean Infotech Computer Education,+,5.0,11 Ratings,"Road Krishnaraja Pura, Hassan",,,Computer Training Institutes; Tally Training Institutes,true,true,false,false,true,Computer Training Institutes,Hassan,2025-05-26T12:25:20.368Z
Add Computer Centre,+,4.8,29 Ratings,"Saraswathi Puram Salagame Road, Hassan",,,Computer Training Institutes; Tally Training Institutes,true,true,false,false,true,Computer Training Institutes,Hassan,2025-05-26T12:25:20.368Z
Apple Academy Hassan,+,4.4,23 Ratings,"SBI Race Course Road Hassan, Hassan",,,Language Classes For English; Computer Training Institutes,true,true,false,false,true,Computer Training Institutes,Hassan,2025-05-26T12:25:20.369Z
I Brain Accademy,+,5.0,2 Ratings,"Salgame Road Hassan City, Hassan",,,Computer Training Institutes; Institutes,true,true,false,false,true,Computer Training Institutes,Hassan,2025-05-26T12:25:20.369Z
IACT Computer Centre,+,4.9,150 Ratings,"School Back Side Channarayapatna, Hassan",,,Adca Training Institutes; Computer Training Institutes,true,true,false,false,true,Computer Training Institutes,Hassan,2025-05-26T12:25:20.369Z
Balc Computer Education,+,5.0,137 Ratings,"B M Road Channarayapatna, Hassan",,,Computer Hardware Training Institutes; Computer Training Institutes,true,true,false,false,true,Computer Training Institutes,Hassan,2025-05-26T12:25:20.369Z
Impact Architects & CAD Training Centre,+,4.8,127 Ratings,"Salagame Road Salagame Road, Hassan",,,BSc Interior Designing Institutes; Computer Training Institutes,true,true,false,false,true,Computer Training Institutes,Hassan,2025-05-26T12:25:20.369Z
Iact Computer Center Holenarasipura,I,4.8,119 Ratings,"Pete Main Road Holenarsipur, Hassan",,,Computer Training Institutes; Computer Software Training Institutes,true,true,false,false,true,Computer Training Institutes,Hassan,2025-05-26T12:25:20.369Z
CSEC Competitive Skills Education Center,+,5.0,113 Ratings,"Holenarsipura Town Holenarsipur, Hassan",,,C Programming Training Institutes; Computer Training Institutes,true,true,false,false,true,Computer Training Institutes,Hassan,2025-05-26T12:25:20.369Z
Royal Computer Education Center,+,4.6,57 Ratings,"Road (R.C Road) Hassan City, Hassan",,,Accounting Training Institutes; Correspondence Education,true,true,false,false,true,Computer Training Institutes,Hassan,2025-05-26T12:25:20.369Z
Pcon Cadd Center,P,4.9,46 Ratings,"Dr Lohia Road Vidhya Nagar, Hassan",,,Education Consultants; Computer Training Institutes,true,true,false,false,true,Computer Training Institutes,Hassan,2025-05-26T12:25:20.369Z
Iact Computer Center,I,4.8,44 Ratings,"Pete Main Road Holenarasipur, Hassan",,,Computer Training Institutes,true,true,false,false,true,Computer Training Institutes,Hassan,2025-05-26T12:25:20.369Z
Ecad Eduvin Tech Solution,+,4.6,30 Ratings,"Salagame Road, Hassan",,,3D Animation Training Institutes; Tutorials,true,true,false,false,true,Computer Training Institutes,Hassan,2025-05-26T12:25:20.369Z
Hrutha Technologies Pvt Ltd,+,4.2,17 Ratings,"Vidya Nagar Hassan, Hassan",,,Computer Training Institutes; Android App Development Training Institutes,true,true,false,false,false,Computer Training Institutes,Hassan,2025-05-26T12:25:20.369Z
Ekalavya Edu Academy,+,5.0,12 Ratings,"Salagame Road Hemavathinagar, Hassan",,,Computer Training Institutes; Tally Training Institutes,false,true,false,false,true,Computer Training Institutes,Hassan,2025-05-26T12:25:20.369Z
BRILLIANT COMPU-TECH,B,4.8,11 Ratings,"TEMPLE Pension Mohalla, Hassan",,,Computer Training Institutes; Tally Training Institutes,true,true,false,false,true,Computer Training Institutes,Hassan,2025-05-26T12:25:20.369Z
Balc,+,4.3,8 Ratings,"BM Road Channarayapatna, Hassan",,,Computer Hardware Training Institutes; Computer Training Institutes,true,true,false,false,true,Computer Training Institutes,Hassan,2025-05-26T12:25:20.369Z
Iins Computer Education,I,4.2,7 Ratings,,,,Computer Training Institutes; MS Excel Training Institutes,true,true,false,false,false,Computer Training Institutes,Hassan,2025-05-26T12:25:20.369Z
Balc Hirisave,B,3.6,8 Ratings,"State Highway Road Hirisave, Hassan",,,Computer Training Institutes,true,true,false,false,false,Computer Training Institutes,Hassan,2025-05-26T12:25:20.369Z
Malnad Computer Education,M,3.8,7 Ratings,"R C Road, Hassan",,,Hardware Networking Training Institutes; Computer Training Institutes,true,true,false,false,false,Computer Training Institutes,Hassan,2025-05-26T12:25:20.369Z
Softech computer academy,S,4.3,6 Ratings,"Aralikatte Road Hassan City, Hassan",,,Advanced Java Training Institutes; Computer Training Institutes,true,true,false,false,true,Computer Training Institutes,Hassan,2025-05-26T12:25:20.369Z
Keonics Computer Centre,K,5.0,4 Ratings,"Mutt Road Shankar Mutt Road, Hassan",,,Computer Training Institutes,true,true,false,false,false,Computer Training Institutes,Hassan,2025-05-26T12:25:20.369Z
Team Leader,+,3.9,4 Ratings,"Bulding 2nd Floor Salagame Road, Hassan",,,Computer Training Institutes; Tutorials,true,true,false,false,false,Computer Training Institutes,Hassan,2025-05-26T12:25:20.369Z
NIIT Ltd,+,5.0,3 Ratings,"Salagame Road, Hassan",,,Computer training institutes,false,true,false,false,true,Computer Training Institutes,Hassan,2025-05-26T12:25:20.369Z
Mathrubhumi Enterprises And Computers,M,4.8,3 Ratings,"1st Cross Bm Road, Hassan",,,3D Animation Training Institutes; Computer Training Institutes,true,true,false,false,true,Computer Training Institutes,Hassan,2025-05-26T12:25:20.369Z
The Learning Minds,+,4.3,3 Ratings,"MG Road, Hassan",,,Computer Training Institutes; Computer Software Training Institutes,true,true,false,false,true,Computer Training Institutes,Hassan,2025-05-26T12:25:20.370Z
Keonics Yuva.Com,K,4.3,3 Ratings,,,,Computer Training Institutes; Training Centres,true,true,false,false,false,Computer Training Institutes,Hassan,2025-05-26T12:25:20.370Z
IIJT Education Pvt Ltd,I,4.3,3 Ratings,"Hassan Ho, Hassan",,,Accounting Training Institutes; Computer Training Institutes,true,true,false,false,true,Computer Training Institutes,Hassan,2025-05-26T12:25:20.370Z
Keonics Training Centre,K,4.0,3 Ratings,"Mutt Road Kr Puram Hassan, Hassan",,,Computer Training Institutes; Computer Training Institutes For Basic,false,true,false,false,false,Computer Training Institutes,Hassan,2025-05-26T12:25:20.370Z
Renuka Computer Centre,R,4.0,3 Ratings,"Mysore Road Holenarsipur, Hassan",,,Advanced Java Training Institutes; Computer Training Institutes,true,true,false,false,false,Computer Training Institutes,Hassan,2025-05-26T12:25:20.370Z
Vidyasiri Education Institute,+,5.0,2 Ratings,"MG Road MG Road Hassan, Hassan",,,Computer Training Institutes For Adobe Photoshop 5; Computer Training Institutes,false,true,false,false,true,Computer Training Institutes,Hassan,2025-05-26T12:25:20.370Z
S K B Institute (MICE),+,5.0,2 Ratings,"Agrahara Badavene Banavara, Hassan",,,Computer Training Institutes; Institutes,true,true,false,false,true,Computer Training Institutes,Hassan,2025-05-26T12:25:20.370Z
V2 Simhaasana Ias Coaching Centre,+,5.0,2 Ratings,"Road Circle Salagame Road, Hassan",,,Language Classes For English Conversation; Tutorials,true,true,false,false,true,Computer Training Institutes,Hassan,2025-05-26T12:25:20.370Z
Sri Vinayaka Computers,S,5.0,2 Ratings,"Aralikatte Road Salagame Road, Hassan",,,Computer Training Institutes; Computer Hardware Training Institutes,false,true,false,false,false,Computer Training Institutes,Hassan,2025-05-26T12:25:20.370Z
O R S Computer Centre,O,5.0,2 Ratings,"Srt Road, Hassan",,,Computer Training Institutes,false,true,false,false,false,Computer Training Institutes,Hassan,2025-05-26T12:25:20.370Z
CADD Centre,C,2.7,3 Ratings,"Salagame Road, Hassan",,,Computer Training Institutes,false,true,false,false,false,Computer Training Institutes,Hassan,2025-05-26T12:25:20.370Z
CPC Keonics Computer Training Center,C,4.0,2 Ratings,,,,Computer Training Institutes; Training Centres,false,true,false,false,false,Computer Training Institutes,Hassan,2025-05-26T12:25:20.370Z
New Inspiro Computer Training Education Academy,+,4.0,2 Ratings,"Avk College Road, Hassan",,,Tally Training Institutes; Tutorials,true,true,false,false,false,Computer Training Institutes,Hassan,2025-05-26T12:25:20.370Z
Ants Animation Training School,A,4.0,2 Ratings,"Park Road Hassan Ho, Hassan",,,2D Animation Training Institutes; Computer Training Institutes,false,true,false,false,false,Computer Training Institutes,Hassan,2025-05-26T12:25:20.370Z
Gtec Computer Education Centre,G,4.0,2 Ratings,"Arakalagud, Hassan",,,Computer Training Institutes,false,true,false,false,false,Computer Training Institutes,Hassan,2025-05-26T12:25:20.370Z
Computer Education & Training,C,3.5,2 Ratings,"M.g.road Mg Road Hassan, Hassan",,,Computer Training Institutes; Computer Training Institutes For Educational Software,false,true,false,false,false,Computer Training Institutes,Hassan,2025-05-26T12:25:20.370Z
Global Computer Center,G,3.0,2 Ratings,"College Road Harshamahal Road, Hassan",,,Computer Training Institutes; Institutes,true,true,false,false,false,Computer Training Institutes,Hassan,2025-05-26T12:25:20.370Z
Lakhotia Computer Center,+,5.0,1 Rating,"Mysore Road Channarayapatna, Hassan",,,CNC Training Institutes; Computer Training Institutes,true,true,false,false,true,Computer Training Institutes,Hassan,2025-05-26T12:25:20.370Z
Manipal Institute Of Computer Education,M,5.0,1 Rating,"Channarayapatna, Hassan",,,Computer Training Institutes; Institutes,false,true,false,false,true,Computer Training Institutes,Hassan,2025-05-26T12:25:20.370Z
Sreenidhi Computer,S,5.0,1 Rating,"Channarayapatna, Hassan",,,IT Training Institutes; Computer Training Institutes,true,true,false,false,false,Computer Training Institutes,Hassan,2025-05-26T12:25:20.370Z
Bharatiya Academy Of Linguistics & Communication,B,5.0,1 Rating,"B M Road Hirisave, Hassan",,,Computer Training Institutes; Tally Training Institutes,true,true,false,false,false,Computer Training Institutes,Hassan,2025-05-26T12:25:20.370Z
C-Tech Computers,+,5.0,1 Rating,"Santhi Nagar, Hassan",,,Computer Training Institutes; Tally Training Institutes,true,true,false,false,false,Computer Training Institutes,Hassan,2025-05-26T12:25:20.370Z
Computer Gateway,C,5.0,1 Rating,"Ravindra Nagar Hassan, Hassan",,,Computer Training Institutes,true,true,false,false,false,Computer Training Institutes,Hassan,2025-05-26T12:25:20.370Z
The National Institute Of Commerce & Computer Centre,T,5.0,1 Rating,"Fort Road Holenarsipur, Hassan",,,Computer Training Institutes; Computer Training Institutes For Basic,true,true,false,false,true,Computer Training Institutes,Hassan,2025-05-26T12:25:20.370Z
Delta Computer Centre,D,5.0,1 Rating,,,,Adobe Photoshop Training Institutes; Computer Training Institutes,false,true,false,false,true,Computer Training Institutes,Hassan,2025-05-26T12:25:20.370Z
I Tec Computer Education Centre And Job Consultancy,+,4.5,1 Rating,"College Road Avk College Road, Hassan",,,Computer Hardware Training Institutes; Computer Training Institutes,true,true,false,false,true,Computer Training Institutes,Hassan,2025-05-26T12:25:20.370Z
Yuva R Computer Center,Y,4.5,1 Rating,"Mosalehosahalli Mosalhosahalli, Hassan",,,Computer Training Institutes; AUTOCAD Training Institutes,false,true,false,false,true,Computer Training Institutes,Hassan,2025-05-26T12:25:20.371Z
Chandana computer Training institute,+,4.0,1 Rating,"CC Arsikere, Hassan",,,Computer Training Institutes; Tally Training Institutes,true,true,false,false,false,Computer Training Institutes,Hassan,2025-05-26T12:25:20.371Z
Brilliant Computer Center,+,4.0,1 Rating,"Sahyadri Circle Salagame Road, Hassan",,,Computer Training Institutes; Institutes,true,true,false,false,false,Computer Training Institutes,Hassan,2025-05-26T12:25:20.371Z
Society For Information Technology & Development,S,4.0,1 Rating,"Road Unique Computer Temple Road, Belur",,,Computer Training Institutes; Teacher Training Institutes,true,true,false,false,false,Computer Training Institutes,Hassan,2025-05-26T12:25:20.371Z
V Computers Institute,V,3.6,6 Ratings,"Belur Somvarpet Road Kodlipet, Coorg",,,Computer Training Institutes,false,true,false,false,false,Computer Training Institutes,Hassan,2025-05-26T12:25:20.371Z
Sri Bhyraveshwara Computer Education Center & Cyber Cafe,S,4.5,1 Rating,"STREET Kalasapura Chikmagalur, Chikmagalur",,,Computer Training Institutes; Tally Training Institutes,true,true,false,false,true,Computer Training Institutes,Hassan,2025-05-26T12:25:20.371Z
Sri Bhyaveshwara Computer Education,+,3.8,3 Ratings,"Jawal Kalasapura Chikmagalur, Chikmagalur",,,Accounting Training Institutes; Computer Training Institutes,true,true,false,false,false,Computer Training Institutes,Hassan,2025-05-26T12:25:20.371Z
Sai Angels Scholol,S,4.7,3 Ratings,"Km Road Sirgapura, Chikmagalur",,,Computer Training Institutes; Computer Hardware Training Institutes,false,true,false,false,false,Computer Training Institutes,Hassan,2025-05-26T12:25:20.371Z
Tally Institute And Training Center ITTC,T,3.2,12 Ratings,"Road Jyothinagar Chikmagalur, Chikmagalur",,,Computer Training Institutes; Online Tutorials,true,true,false,false,false,Computer Training Institutes,Hassan,2025-05-26T12:25:20.371Z
ELITE P U college,+,4.9,4 Ratings,"Vikas Nagara Km Road, Chikmagalur",,,Colleges; Science Colleges,true,true,false,false,true,Computer Training Institutes,Hassan,2025-05-26T12:25:20.371Z
Sk Correspondence College,+,3.6,6 Ratings,"Coronation Road Tiptur, Tumkur",,,Computer Training Institutes; Correspondence Education,true,true,false,false,false,Computer Training Institutes,Hassan,2025-05-26T12:25:20.371Z
IIHT,+,3.9,4 Ratings,"2nd Cross Belur Road Chikmagalur, Chikmagalur",,,Advanced Java Training Institutes; Computer Training Institutes,true,true,false,false,false,Computer Training Institutes,Hassan,2025-05-26T12:25:20.371Z
MICE Computer Centres,+,4.8,2 Ratings,"B H Road Tiptur, Tumkur",,,3D Animation Training Institutes; Computer Training Institutes,true,true,false,false,true,Computer Training Institutes,Hassan,2025-05-26T12:25:20.371Z
Sri sai academy,S,5.0,1 Rating,"Mg  Road MG Road Chikmagalur, Chikmagalur",,,Tutorials For Sslc English; Tutorials,true,true,false,false,true,Computer Training Institutes,Hassan,2025-05-26T12:25:20.371Z
Microtech Computer Education Centre,+,4.6,5 Ratings,"Station Road Chikmagalur City, Chikmagalur",,,Schools; Computer Training Institutes,true,true,false,false,true,Computer Training Institutes,Hassan,2025-05-26T12:25:20.371Z
Vignesh Infotech,+,5.0,6 Ratings,"Tiptur, Tumkur",,,Computer Training Institutes,true,true,false,false,true,Computer Training Institutes,Hassan,2025-05-26T12:25:20.371Z
Nit Computer,+,4.9,160 Ratings,"B H Road Tiptur Tiptur, Tumkur",,,Computer Software Training Institutes; Computer Training Institutes,true,true,false,false,true,Computer Training Institutes,Hassan,2025-05-26T12:25:20.371Z
Ezone Inst Of Infor Tech,E,5.0,1 Rating,"I G Road KM Road, Chikmagalur",,,Computer Training Institutes,false,true,false,false,false,Computer Training Institutes,Hassan,2025-05-26T12:25:20.371Z
Sathya Institution,S,4.7,7 Ratings,"Road MG Road Chikmagalur, Chikmagalur",,,Tutorials For BE; Colleges,true,true,false,true,true,Computer Training Institutes,Hassan,2025-05-26T12:25:20.371Z
Sdm Computers,+,5.0,2 Ratings,"Mg Road Chikmagalur, Chikmagalur",,,Computer Training Institutes; Computer Dealers,true,true,false,false,false,Computer Training Institutes,Hassan,2025-05-26T12:25:20.371Z
Karunya Academy,+,5.0,4 Ratings,"Mg Road Mg Road Chikmagalur, Chikmagalur",,,Computer Training Institutes; Institutes,false,true,false,false,true,Computer Training Institutes,Hassan,2025-05-26T12:25:20.371Z
Bayspro Instute Of Interior And Art Designing,B,4.5,2 Ratings,"Arasu Complex Km Road, Chikmagalur",,,Accounting Training Institutes; Computer Training Institutes,true,true,false,false,true,Computer Training Institutes,Hassan,2025-05-26T12:25:20.371Z
Sri Vijaya Institutes Of Commerce,+,3.6,8 Ratings,"M G ROAD Mg Road Chikmagalur, Chikmagalur",,,Computer Hardware Training Institutes; Computer Training Institutes,true,true,false,false,false,Computer Training Institutes,Hassan,2025-05-26T12:25:20.371Z
Sk Computer Education and It Service Centre,+,4.7,42 Ratings,"Coronation Road Tiptur, Tumkur",,,Tally Training Institutes; Colleges,true,true,false,false,true,Computer Training Institutes,Hassan,2025-05-26T12:25:20.371Z
Computech Computers,+,4.5,12 Ratings,"M G Road Chikmagalur HO, Chikmagalur",,08460295619,Computer Training Institutes; Tally Training Institutes,true,true,true,true,true,Computer Training Institutes,Hassan,2025-05-26T12:25:20.372Z
Compu -TECH Computers,+,4.5,12 Ratings,"Theater Road MG Road Chikmagalur, Chikmagalur",,,Computer Software Training Institutes; Computer Training Institutes,true,true,true,true,true,Computer Training Institutes,Hassan,2025-05-26T12:25:20.372Z
Raghu Computech,+,4.6,10 Ratings,"Vinayakanagara Tiptur, Tumkur",,,Computer Training Institutes; Java Training Institutes,true,true,false,false,true,Computer Training Institutes,Hassan,2025-05-26T12:25:20.372Z
Skill Easy Academy,+,5.0,51 Ratings,"Barlane Road Barlane Road, Chikmagalur",,,Computer Training Institutes; Language Classes For English Conversation,true,true,false,false,true,Computer Training Institutes,Hassan,2025-05-26T12:25:20.372Z
Nice Computers,+,3.7,20 Ratings,"Barlane Road Pension Mohalla, Chikmagalur",,,Computer Training Institutes; DTP Training Institutes,true,true,false,false,false,Computer Training Institutes,Hassan,2025-05-26T12:25:20.372Z
Bright Institute Of Information Sciences,+,4.5,2 Ratings,"Barlane Road Mallandur Road, Chikmagalur",,,Computer Training Institutes; Cyber Cafes,true,true,false,false,false,Computer Training Institutes,Hassan,2025-05-26T12:25:20.372Z
Lahari Institute Of Commerce & Computer Education,+,4.9,189 Ratings,"2nd Main Road Tiptur, Tumkur",,,Colleges; Computer Training Institutes,true,true,false,false,true,Computer Training Institutes,Hassan,2025-05-26T12:25:20.372Z
Shree Renukha Devi Transport,<,3.8,17 Ratings,"Extension Ring Road, Hassan",,08792261100,Commercial Courier; Corporate Courier; Ecommerce Courier,true,true,false,false,true,Courier Services,Hassan,2025-05-26T12:26:26.127Z
Vinayaka Enterprises (DTDC Courier),<,4.0,5 Ratings,"Bm Road Alur, Hassan",,,Ecommerce Courier; Domestic Courier,true,true,false,false,true,Courier Services,Hassan,2025-05-26T12:26:26.127Z
Sri Ganapathy Transport and Traveling Agency,<,4.5,19 Ratings,"Palayam Kalappa Naicken Palayam, Coimbatore",,08123376960,Courier Services; Transporters,true,true,true,true,true,Courier Services,Hassan,2025-05-26T12:26:26.127Z
Fastmove Courier,<,4.7,3 Ratings,"Kurudusonnenahalli, Bangalore",,08105091177,Corporate Courier; Ecommerce Courier; Cargo Service,true,true,false,false,true,Courier Services,Hassan,2025-05-26T12:26:26.127Z
Apeksha Logistics Pvt Ltd,<,4.5,1 Rating,"Main Road Singahalli, Bangalore",,07041967715,Cargo Service; Domestic Courier; Urgent Shipment Delivery,true,true,false,false,true,Courier Services,Hassan,2025-05-26T12:26:26.127Z
Sky Land Xpress Cargo,<,4.0,44 Ratings,"KPN Colony Union Mill Road, Tirupur",,,,true,true,true,true,true,Courier Services,Hassan,2025-05-26T12:26:26.127Z
Alleppey Parcel Service L L P,<,4.0,74 Ratings,"Vazhichery Ward Court Road, Alappuzha",,,Commercial Courier; Corporate Courier; Ecommerce Courier,true,true,false,true,true,Courier Services,Hassan,2025-05-26T12:26:26.127Z
Urbx Worldwide,<,4.7,73 Ratings,"Cochin Special Economic Zone, Ernakulam",,08401097476,International Courier; Cargo Service; Domestic Courier,true,true,false,false,true,Courier Services,Hassan,2025-05-26T12:26:26.127Z
Xpress INDIA,<,4.2,394 Ratings,"Street Industrial Colony Trichy, Trichy",,07383608407,Cargo Service; Trucks On Rent; Bulk Courier,true,true,false,false,true,Courier Services,Hassan,2025-05-26T12:26:26.127Z
Fastmove Courier & Cargo Services,<,5.0,1 Rating,"MD Farm Road Kanajiguda, Hyderabad",,08733880985,Corporate Courier; Bulk Courier; Speed Post,true,true,false,false,true,Courier Services,Hassan,2025-05-26T12:26:26.128Z
Speedman Express,+,3.9,81 Ratings,"Chira Bazar-Kalbadevi, Mumbai",,08128897011,Ecommerce Courier; Domestic Courier; Bulk Courier,true,true,false,true,true,Courier Services,Hassan,2025-05-26T12:26:26.128Z
Vrltransport Services,+,3.6,10 Ratings,"Masjid Bunder, Mumbai",,09980763661,Electronic,true,true,false,false,true,Courier Services,Hassan,2025-05-26T12:26:26.128Z
Fastmove Courier & Cargo Services,F,3.5,2 Ratings,"Transport Nagar-Nigdi, Pune",,07041651674,Ecommerce Courier; Bulk Courier; Cargo Service,true,true,false,false,false,Courier Services,Hassan,2025-05-26T12:26:26.128Z
Jay Maa Durge Logistics Pvt Ltd,J,3.6,21 Ratings,"Sakinada Andheri East, Mumbai",,09036695108,Door to Door,true,true,false,false,false,Courier Services,Hassan,2025-05-26T12:26:26.128Z
South Indian Transport Company,+,3.7,13 Ratings,"Mankoli Road Bhiwandi City, Bhiwandi",,07041943753,Door to Door,true,true,false,false,false,Courier Services,Hassan,2025-05-26T12:26:26.128Z
Shubhaam Logistics Services,S,5.0,1 Rating,"Swadeshi Mill Road Sion, Mumbai",,09606413539,Cargo Service,true,true,true,true,true,Courier Services,Hassan,2025-05-26T12:26:26.128Z
Fastmove Courier & Cargo Services,+,4.2,9 Ratings,"Sainaka Andheri East, Mumbai",,08123380727,Commercial Courier; Cargo Service; Corporate Courier,true,true,false,false,true,Courier Services,Hassan,2025-05-26T12:26:26.128Z
Jpg Logistics,J,4.5,8 Ratings,"SOUTH BAGHSEWANIYA Amrai Parisar, Bhopal",,08460300399,Cargo Service; Domestic Courier,true,true,false,false,true,Courier Services,Hassan,2025-05-26T12:26:26.128Z
Associated Logistics Corporation Of INDIA,+,4.1,185 Ratings,"Sector - C Sonagiri Indrapuri, Bhopal",,08460280113,Bulk Courier; Domestic Courier; Corporate Courier,true,true,false,true,true,Courier Services,Hassan,2025-05-26T12:26:26.128Z
Mirai Logistics India Private Limited,+,3.5,279 Ratings,"Kesarwani College Garha Phatak, Jabalpur",,08511256279,International Courier; All India; Cargo Service,true,true,false,false,true,Courier Services,Hassan,2025-05-26T12:26:26.128Z
Bajrang Roadlines,+,4.5,11 Ratings,"Etaura Rewa Super Bazar, Rewa",,08401896025,Door to Door,true,true,false,false,true,Courier Services,Hassan,2025-05-26T12:26:26.128Z
Engineers Parcel,+,4.2,21 Ratings,"I2H Building IIT ISM Hirapur, Dhanbad",,08971740245,Packers And Movers,true,true,false,false,true,Courier Services,Hassan,2025-05-26T12:26:26.128Z
India Door to Door Cargo Services,I,3.1,10 Ratings,"SSB Camp Rangamati, Ranchi",,08460507650,Cargo Service; Domestic Courier; Air Courier,true,true,false,false,false,Courier Services,Hassan,2025-05-26T12:26:26.128Z
Fastmove Courier & Cargo Services,+,4.2,51 Ratings,"Road No. 5K Kishoreganj Chowk, Ranchi",,08197493875,Door to Door,true,true,false,false,true,Courier Services,Hassan,2025-05-26T12:26:26.128Z
Door to Door All India Service,D,5.0,2 Ratings,"Bhumi Link Road Link Road, Mathura",,08460406701,Trucks On Rent; Domestic Courier; Air Courier,true,true,false,false,false,Courier Services,Hassan,2025-05-26T12:26:26.128Z
Om Sai Angdiya,O,4.2,19 Ratings,"Hana Ansari Road Darya Ganj, Delhi",,07383240726,,true,true,false,true,true,Courier Services,Hassan,2025-05-26T12:26:26.128Z
Digital Cargo,D,4.1,16 Ratings,"5 Kaushik Enclave Burari, Delhi",,08792663371,Bulk Courier; Commercial Courier; Corporate Courier,true,true,false,false,false,Courier Services,Hassan,2025-05-26T12:26:26.128Z
Transxpress World Wide,T,3.5,2 Ratings,"Janakpuri B Block, Delhi",,08511712179,Cargo Service,true,true,false,false,false,Courier Services,Hassan,2025-05-26T12:26:26.128Z
Pooja Logistic,+,4.0,8 Ratings,"Kiran Garden-uttam Nagar, Delhi",,07411590145,Commercial Courier; Domestic Courier; Corporate Courier,true,true,false,false,false,Courier Services,Hassan,2025-05-26T12:26:26.128Z
Paan India Door 2 Door Cargo Service,+,4.0,115 Ratings,"Gali No-9 Uttam Nagar, Delhi",,09845437538,International Courier; Cargo Service; Domestic Courier,true,true,false,true,true,Courier Services,Hassan,2025-05-26T12:26:26.128Z
Prime Transport Solution,1,4.1,11 Ratings,"Chandan Hola Chatarpur Noida, Noida",,08460506360,24X7 Customer Care; Door to Door,true,true,false,false,true,Courier Services,Hassan,2025-05-26T12:26:26.128Z
Mahadev Courier Cargo Services,M,4.7,3 Ratings,"Behind Metro Kashmere Gate, Delhi",,08050623191,Cargo Service; Domestic Courier; Bulk Courier,true,true,false,false,true,Courier Services,Hassan,2025-05-26T12:26:26.128Z
Priority Premium Courier Services,+,5.0,4 Ratings,"GALI RAJA KEDARNATH Chawri Bazar, Delhi",,08401398590,,true,true,false,false,true,Courier Services,Hassan,2025-05-26T12:26:26.129Z
Dr Courier Express Pvt. Ltd.,+,3.5,20 Ratings,"Main Vasant Kunj Road Mahipalpur, Delhi",,08460567203,Government Verified; Door to Door,true,true,false,false,false,Courier Services,Hassan,2025-05-26T12:26:26.129Z
Swiftline Cargo & Express Logistics Pvt. Ltd,S,5.0,16 Ratings,"Uttam Nagar Rewari Bypass Road, Rewari",,08511338696,Government Verified; 24X7 Customer Care; Door to Door,true,true,false,false,true,Courier Services,Hassan,2025-05-26T12:26:26.129Z
Fastmove Logistics,+,4.3,33 Ratings,"Baguipara Baguiati, Kolkata",,07405327680,Door to Door,true,true,false,false,true,Courier Services,Hassan,2025-05-26T12:26:26.129Z
Omshiv Express Courier Cargo,O,3.5,13 Ratings,"Office A1 Khengrapatti, Kolkata",,07041477183,International Courier; Ecommerce Courier; Cargo Service,true,true,false,false,false,Courier Services,Hassan,2025-05-26T12:26:26.129Z
Fastmove Courier & Cargo Services,+,4.0,51 Ratings,"NH 30 Adarsh Colony Road, Patna",,09980741983,Commercial Courier; Corporate Courier; Ecommerce Courier,true,true,false,false,true,Courier Services,Hassan,2025-05-26T12:26:26.129Z
Express India Logistic,E,4.5,13 Ratings,"Khajuri Khas, Delhi",,08460270918,,true,true,false,false,true,Courier Services,Hassan,2025-05-26T12:26:26.129Z
Gati Cargo Packer and Mover,+,4.8,4 Ratings,"Najafgarh, Delhi",,09008921591,Domestic Courier; Packers And Movers; Air Cargo,true,true,false,false,true,Courier Services,Hassan,2025-05-26T12:26:26.129Z
Shakti Transport Company,S,4.4,8 Ratings,"Gorakhpur Road Deoria Sadar, Deoria",,08460434045,Packers And Movers; All India; Within City,true,true,false,false,true,Courier Services,Hassan,2025-05-26T12:26:26.129Z
DHL Express Courier,D,4.8,176 Ratings,"Gt Road Anand Avenue, Amritsar",,06366535081,Door to Door,true,true,false,false,true,Courier Services,Hassan,2025-05-26T12:26:26.129Z
Door 2 Door Cargo Service,+,4.0,69 Ratings,"Poonch Road Akhnoor, Jammu",,09035020896,Door to Door,true,true,false,false,true,Courier Services,Hassan,2025-05-26T12:26:26.129Z
Deekins Travel Solutions Pvt Ltd,D,4.0,11 Ratings,"Jammu and Kashmir Horzey, Leh Ladakh",,09606165447,Cargo Service; Domestic Courier; Bulk Courier,true,true,false,false,false,Courier Services,Hassan,2025-05-26T12:26:26.129Z
DTDC Express Ltd,+,4.3,25 Ratings,"Channarayapatna Channarayapatna, Hassan",,,Door to Door,true,true,false,false,true,Courier Services,Hassan,2025-05-26T12:26:26.129Z
ELBEX COURIER SERVICE PVT.LTD & Gst Suvidha Kendra,E,5.0,3 Ratings,"Kasturba Rd HASSAN CITY, Hassan",,,Cargo Service; Domestic Courier; Commercial Courier,true,true,false,false,true,Courier Services,Hassan,2025-05-26T12:26:26.129Z
The Professional Couriers,+,3.9,691 Ratings,"Mutt Road Kr Puram Hassan, Hassan",,,International Courier; Domestic Courier; Corporate Courier,true,true,false,false,false,Courier Services,Hassan,2025-05-26T12:26:26.129Z
VRL Logistics Ltd,+,3.9,228 Ratings,"Bommanayakanahalli Bm Road, Hassan",,,Cargo Service; 24 Hours Aircraft; Domestic Courier,true,true,false,false,false,Courier Services,Hassan,2025-05-26T12:26:26.129Z
DTDC Express Ltd,+,3.9,174 Ratings,"RC Road Bm Road, Hassan",,,Door to Door,true,true,false,false,false,Courier Services,Hassan,2025-05-26T12:26:26.129Z
The Professional Couriers,+,4.3,144 Ratings,"B H Road Arsikere, Hassan",,,International Courier; Domestic Courier; Corporate Courier,true,true,false,false,true,Courier Services,Hassan,2025-05-26T12:26:26.129Z
DTDC Express Ltd,+,3.8,149 Ratings,"Bm Road, Hassan",,,Door to Door,false,true,false,false,false,Courier Services,Hassan,2025-05-26T12:26:26.129Z
The Professional Couriers,+,3.8,102 Ratings,"SAC College Road Channarayapatna, Hassan",,,Corporate Courier; Ecommerce Courier; International Courier,true,true,false,false,false,Courier Services,Hassan,2025-05-26T12:26:26.129Z
Xpressbees Courier,X,2.7,123 Ratings,"Channapatna Extension, Hassan",,,Domestic Courier,true,true,false,false,false,Courier Services,Hassan,2025-05-26T12:26:26.129Z
VRL Logistics Ltd,+,3.8,72 Ratings,"B H Road Arsikere, Hassan",,,Cargo Service; Domestic Courier; International Courier,true,true,false,false,false,Courier Services,Hassan,2025-05-26T12:26:26.129Z
Post Office,+,3.6,75 Ratings,"Arsikere, Hassan",,,Speed Post,false,true,false,false,false,Courier Services,Hassan,2025-05-26T12:26:26.129Z
Delhivery Pvt Ltd,+,2.8,92 Ratings,"Panduranga Temple Road Bm Road, Hassan",,,Domestic Courier,true,true,false,false,false,Courier Services,Hassan,2025-05-26T12:26:26.130Z
VRL Logistics Ltd.,+,4.1,62 Ratings,"Hassan Main Road Channarayapatna, Hassan",,,Cargo Service; Domestic Courier; International Courier,true,true,false,false,true,Courier Services,Hassan,2025-05-26T12:26:26.130Z
Blue Dart Express,+,3.9,65 Ratings,"Ring Road Rangoli Halla, Hassan",,,Bulk Courier; Commercial Courier; Corporate Courier,false,true,false,false,false,Courier Services,Hassan,2025-05-26T12:26:26.130Z
Post Office,P,3.3,67 Ratings,"Old Bus Stand Road Rangoli Halla, Hassan",,,Speed Post,false,true,false,false,false,Courier Services,Hassan,2025-05-26T12:26:26.130Z
Post Office,P,3.1,69 Ratings,"Old Bus Stand Road Hadige, Hassan",,,Speed Post,false,true,false,false,false,Courier Services,Hassan,2025-05-26T12:26:26.130Z
The Professional Couriers,+,3.5,55 Ratings,"B M Road Sakleshpur, Sakleshpur",,,International Courier; Domestic Courier; Corporate Courier,true,true,false,false,false,Courier Services,Hassan,2025-05-26T12:26:26.130Z
Blue Dart Express,+,3.6,52 Ratings,"Sampige Road Channarayapatna, Hassan",,,Bulk Courier; Commercial Courier; Corporate Courier,false,true,false,false,false,Courier Services,Hassan,2025-05-26T12:26:26.130Z
Ekart Logistics,+,3.8,43 Ratings,"Muslims Street Arkalgud, Hassan",,,Transporters; Courier Services,false,true,false,false,false,Courier Services,Hassan,2025-05-26T12:26:26.130Z
The Professional Couriers,+,4.8,33 Ratings,"Temple Road Temple Road, Belur",,,International Courier; Domestic Courier,true,true,false,false,true,Courier Services,Hassan,2025-05-26T12:26:26.130Z
Divya Enterprises,+,4.3,35 Ratings,"Racecourse Road Bm Road, Hassan",,,Bulk Courier; Domestic Courier,true,true,false,false,true,Courier Services,Hassan,2025-05-26T12:26:26.130Z
DTDC EXPRESS LTD,+,4.0,37 Ratings,"BM Road Bm Road, Hassan",,,Door to Door,true,true,false,false,false,Courier Services,Hassan,2025-05-26T12:26:26.130Z
First Flight Couriers Ltd,F,3.2,44 Ratings,"Bm Road, Hassan",,,Door to Door,false,true,false,false,false,Courier Services,Hassan,2025-05-26T12:26:26.130Z
The Professional Couriers,+,3.7,36 Ratings,"Peta Main Road Holenarsipur, Hassan",,,International Courier; Domestic Courier; Corporate Courier,true,true,false,false,false,Courier Services,Hassan,2025-05-26T12:26:26.130Z
Blue Dart Express,+,3.5,36 Ratings,"Pete Main Road Holenarsipur, Hassan",,,Bulk Courier; International Courier; Domestic Courier,false,true,false,false,false,Courier Services,Hassan,2025-05-26T12:26:26.130Z
Gati Kwe Ltd,G,3.3,37 Ratings,"13th Cross Channapatna Extension, Hassan",,,Cargo Service; Domestic Courier; International Courier,true,true,false,false,false,Courier Services,Hassan,2025-05-26T12:26:26.130Z
Instakart Services Pvt Ltd,I,4.2,29 Ratings,"Bm Road, Hassan",,,Domestic Courier; Bulk Courier; Corporate Courier,false,true,false,false,true,Courier Services,Hassan,2025-05-26T12:26:26.130Z
Mg agencies,+,4.8,23 Ratings,"Kr Circle Channarayapatna, Hassan",,,Domestic Courier,true,true,false,false,true,Courier Services,Hassan,2025-05-26T12:26:26.130Z
The Professional Couriers,+,3.7,28 Ratings,"Junior College Road Arkalgud, Hassan",,,International Courier; Domestic Courier,true,true,false,false,false,Courier Services,Hassan,2025-05-26T12:26:26.130Z
VRL Logistics Ltd,V,3.6,26 Ratings,"Old Market Street Sakleshpur, Sakleshpur",,,International Courier; Domestic Courier,true,true,false,false,false,Courier Services,Hassan,2025-05-26T12:26:26.130Z
DTDC Express Ltd,+,4.1,19 Ratings,"S P Road Sakleshpur, Sakleshpur",,,Door to Door,true,true,false,false,true,Courier Services,Hassan,2025-05-26T12:26:26.130Z
Ecom Express,+,3.1,25 Ratings,"Devangru Beedi Belluru, Hassan",,,Door to Door,true,true,false,false,false,Courier Services,Hassan,2025-05-26T12:26:26.130Z
Trackon Couriers Pvt Ltd,T,3.1,25 Ratings,"Kasturba Road Aralepet, Hassan",,,Door to Door,true,true,false,false,false,Courier Services,Hassan,2025-05-26T12:26:26.130Z
GMS Express Pvt Ltd,G,4.1,18 Ratings,"Shankarmutt Road-Kr Puram Hassan, Hassan",,,Corporate Courier; International Courier; Cargo Service,true,true,false,false,true,Courier Services,Hassan,2025-05-26T12:26:26.130Z
Ecom Express,+,2.7,27 Ratings,"Arsikere-hassan Highway Arsikere, Hassan",,,Door to Door,false,true,false,false,false,Courier Services,Hassan,2025-05-26T12:26:26.130Z
St. Courier,+,3.3,22 Ratings,"Mutt Road Shankar Mutt Road, Hassan",,,International Courier; Domestic Courier; Bulk Courier,true,true,false,false,false,Courier Services,Hassan,2025-05-26T12:26:26.130Z
TCL Express Ltd,+,3.3,21 Ratings,"Mahalakshmi Layout Bm Road, Hassan",,,Domestic Courier; International Courier,true,true,false,false,false,Courier Services,Hassan,2025-05-26T12:26:26.131Z
GMS WORLDWIDE EXPRESS PVT LTD,G,2.9,20 Ratings,"Bb.M Road SJP Road, Hassan",,,Bulk Courier; Corporate Courier; Domestic Courier,true,true,false,false,false,Courier Services,Hassan,2025-05-26T12:26:26.131Z
Blue Dart Express,+,2.6,22 Ratings,"Library Road Arkalgud, Hassan",,,Bulk Courier; International Courier; Domestic Courier,false,true,false,false,false,Courier Services,Hassan,2025-05-26T12:26:26.131Z
Prasad,P,4.4,13 Ratings,"Goods Shed Road Arsikere, Hassan",,,Bulk Courier; Corporate Courier; Domestic Courier,true,true,false,false,true,Courier Services,Hassan,2025-05-26T12:26:26.131Z
Standard Overnight,S,3.0,19 Ratings,"Kuvempu Nagar Kuvempu Nagar, Hassan",,,Bulk Courier; International Courier; Domestic Courier,true,true,false,false,false,Courier Services,Hassan,2025-05-26T12:26:26.131Z
Blue Dart Express,+,3.3,17 Ratings,"2nd Cross Arsikere, Hassan",,,International Courier; Domestic Courier; Bulk Courier,false,true,false,false,false,Courier Services,Hassan,2025-05-26T12:26:26.131Z
Jaideep Air Couriers & Cargo Pvt Ltd,J,3.4,16 Ratings,"B M Road Hemavathinagar, Hassan",,,Cargo Service; Domestic Courier; Air Courier,false,true,false,false,false,Courier Services,Hassan,2025-05-26T12:26:26.131Z
Shopadded International Logistic,+,4.3,12 Ratings,"Sainatha Road Arsikere, Hassan",,,International Courier; Domestic Courier; Corporate Courier,true,true,false,false,true,Courier Services,Hassan,2025-05-26T12:26:26.131Z
DTDC Express Ltd,+,4.1,12 Ratings,"BH Road Banavara, Hassan",,,Door to Door,false,true,false,false,true,Courier Services,Hassan,2025-05-26T12:26:26.131Z
Gms Couriers,G,3.9,12 Ratings,"B H Road ArisKare Arsikere, Hassan",,,Ecommerce Courier; Domestic Courier; Bulk Courier,true,true,false,false,false,Courier Services,Hassan,2025-05-26T12:26:26.131Z
Gati Kwe,+,2.5,18 Ratings,"Channapatna Extension, Hassan",,,Cargo Service; Domestic Courier; Bulk Courier,true,true,false,false,false,Courier Services,Hassan,2025-05-26T12:26:26.131Z
Insta Courier & Cargo Service,I,4.9,9 Ratings,"BH Road Arsikere, Hassan",,,Domestic Courier; Bulk Courier; International Courier,true,true,false,false,true,Courier Services,Hassan,2025-05-26T12:26:26.131Z
Delhivery Pvt Ltd,+,4.3,9 Ratings,"Channarayapatna, Hassan",,,Ecommerce Courier; International Courier; Domestic Courier,false,true,false,false,true,Courier Services,Hassan,2025-05-26T12:26:26.131Z
Ecom Express Pvt Ltd,E,2.9,12 Ratings,"Belur Mangalore Villupuram Road, Belur",,,Domestic Courier; Bulk Courier; Corporate Courier,true,true,false,false,false,Courier Services,Hassan,2025-05-26T12:26:26.131Z
Ecom Express,+,3.6,9 Ratings,"Channarayapatna, Hassan",,,International Courier; Domestic Courier; Bulk Courier,true,true,false,false,true,Courier Services,Hassan,2025-05-26T12:26:26.131Z
Blue Dart Express Ltd,B,4.6,7 Ratings,"Dasarakoppalu, Hassan",,,International Courier; Domestic Courier; Corporate Courier,false,true,false,false,true,Courier Services,Hassan,2025-05-26T12:26:26.131Z
Domestic & International Courier Service,+,4.5,7 Ratings,"2nd Stage Kuvempu Nagar, Hassan",,,Domestic Courier; Bulk Courier; Corporate Courier,true,true,false,false,true,Courier Services,Hassan,2025-05-26T12:26:26.131Z
Maa Ambe Traders,M,5.0,6 Ratings,"Tippu Nagar Arsikere, Hassan",,,Ecommerce Courier; Domestic Courier; Bulk Courier,true,true,false,false,true,Courier Services,Hassan,2025-05-26T12:26:26.131Z
DTDC Express Ltd,+,3.3,8 Ratings,"Pete Main Road Holenarsipur, Hassan",,,Door to Door,false,true,false,false,false,Courier Services,Hassan,2025-05-26T12:26:26.131Z
DRL Logistics,D,3.7,7 Ratings,"Sainatha St Arsikere, Hassan",,,Transporters; Courier Services,true,true,false,true,false,Courier Services,Hassan,2025-05-26T12:26:26.131Z
V Computers & Smis,<,4.7,3 Ratings,"Salagame Road Salagame Road, Hassan",,,Wifi Internet,true,true,false,true,true,Laptop Repair & Services,Hassan,2025-05-26T12:27:41.118Z
Malnad Info System,<,4.0,213 Ratings,"Salagame Road, Hassan",,08460433495,Computer Dealers; CCTV Dealers,true,true,false,false,true,Laptop Repair & Services,Hassan,2025-05-26T12:27:41.118Z
R J Enterprises,<,4.4,30 Ratings,"R C Ro Hassan Ho, Hassan",,08734089585,Computer Dealers; Computer Repair & Services,true,true,false,true,true,Laptop Repair & Services,Hassan,2025-05-26T12:27:41.118Z
Sridevi Computers,<,4.7,10 Ratings,"Sridevi Arsikere, Hassan",,08460232379,CCTV Dealers; CCTV Installation Services,true,true,false,true,true,Laptop Repair & Services,Hassan,2025-05-26T12:27:41.119Z
Svp It Care,<,4.8,6 Ratings,"BH Road Arsikere, Hassan",,09724911399,CCTV Dealers-Hikvision; CCTV Dealers,true,true,false,false,true,Laptop Repair & Services,Hassan,2025-05-26T12:27:41.119Z
Hasanaamba Computer Service Cc Tv Instaltion Service,<,4.8,10 Ratings,"Bus Stand Opposite Road Bm Road, Hassan",,09725282521,CCTV Dealers-Hikvision; CCTV Dealers,true,true,false,false,true,Laptop Repair & Services,Hassan,2025-05-26T12:27:41.119Z
System Solution,<,4.5,65 Ratings,"RC Road Bm Road, Hassan",,,Laptop Repair & Services-Toshiba; Computer Repair & Services,true,true,false,true,true,Laptop Repair & Services,Hassan,2025-05-26T12:27:41.119Z
M M Computers,<,4.8,13 Ratings,"Hosline Road Pension Mohalla, Hassan",,,Computer Repair & Services; Laptop Repair & Services,true,true,false,false,true,Laptop Repair & Services,Hassan,2025-05-26T12:27:41.119Z
Likhith Computers Solutions,<,4.4,30 Ratings,"Vidhya Nagar Vidhya Nagar, Hassan",,,Computer Repair & Services; CCTV Dealers,true,true,false,false,true,Laptop Repair & Services,Hassan,2025-05-26T12:27:41.119Z
J P Computers,<,4.5,14 Ratings,"Harali Katte Hassan City Market, Hassan",,,Company Authorised Dealer,true,true,false,false,true,Laptop Repair & Services,Hassan,2025-05-26T12:27:41.119Z
Sheshadri Infotech,+,5.0,13 Ratings,"B M ROAD Channarayapatna, Hassan",,,Computer Dealers; Computer Repair & Services,true,true,false,false,true,Laptop Repair & Services,Hassan,2025-05-26T12:27:41.119Z
Chetana Groups,+,3.7,10 Ratings,"Kr Puram Hassan, Hassan",,,Computer Repair & Services; Washing Machine Repair & Services,false,true,false,false,false,Laptop Repair & Services,Hassan,2025-05-26T12:27:41.119Z
S S COMPUTERS,+,4.7,572 Ratings,"Basadi Road Doddabasti Road, Hassan",,,Laptop Dealers-HP; Electronic Goods Showrooms,true,true,false,false,true,Laptop Repair & Services,Hassan,2025-05-26T12:27:41.120Z
Hp World,H,4.7,277 Ratings,"Aralikatte Circle Salagame Road, Hassan",,,Laptop Dealers; Computer Repair & Services,true,true,false,false,true,Laptop Repair & Services,Hassan,2025-05-26T12:27:41.120Z
Club Laptop,+,4.8,250 Ratings,"Hasdan City Kuvempu Nagar, Hassan",,,Computer Repair & Services; Laptop Repair & Services,true,true,false,false,true,Laptop Repair & Services,Hassan,2025-05-26T12:27:41.120Z
Club Laptops,+,4.8,250 Ratings,"3rd Cross Kuvempu Nagar, Hassan",,,Computer Repair & Services; Laptop Repair & Services,true,true,false,false,true,Laptop Repair & Services,Hassan,2025-05-26T12:27:41.120Z
Hsp Computers,+,4.6,136 Ratings,"Salagame Road, Hassan",,,Computer Repair & Services-Dell; Computer Repair & Services,true,true,false,false,true,Laptop Repair & Services,Hassan,2025-05-26T12:27:41.120Z
Tvs Electronics Pvt Ltd,+,3.0,88 Ratings,"Salagame Road, Hassan",,,Computer Repair & Services; Laptop Repair & Services,true,true,false,false,false,Laptop Repair & Services,Hassan,2025-05-26T12:27:41.120Z
Eye Gate Infotech,+,4.5,40 Ratings,"10th Cross K.R.Puram, Hassan",,,CCTV Dealers; CCTV Installation Services,true,true,false,false,true,Laptop Repair & Services,Hassan,2025-05-26T12:27:41.120Z
Dis N Dat It Solutions,+,4.6,33 Ratings,"Mysore Road Channarayapatna, Hassan",,,Company Authorised Dealer,true,true,false,false,true,Laptop Repair & Services,Hassan,2025-05-26T12:27:41.120Z
BINARY ONE. Hassan.,+,4.6,27 Ratings,"Park Road Maharaj Park Road, Hassan",,,Computer Dealers; Computer Repair & Services,true,true,false,false,true,Laptop Repair & Services,Hassan,2025-05-26T12:27:41.120Z
No.1 Justcall,+,4.7,25 Ratings,"Arsikere, Hassan",,,Computer Repair & Services-Dell; CCTV Dealers,true,true,false,false,true,Laptop Repair & Services,Hassan,2025-05-26T12:27:41.120Z
Hassan It Solutions,+,4.7,21 Ratings,"Belur Road Thanniruhalla, Hassan",,,CCTV Dealers; Computer Repair & Services,true,true,false,false,true,Laptop Repair & Services,Hassan,2025-05-26T12:27:41.120Z
Pc Technology,+,4.7,19 Ratings,"Hassan City, Hassan",,,Computer Dealers; Computer Repair & Services,true,true,false,false,true,Laptop Repair & Services,Hassan,2025-05-26T12:27:41.120Z
Rj Infotech,+,3.3,25 Ratings,"Mutt Road Shankar Mutt Road, Hassan",,,Laptop Repair & Services,true,true,false,false,false,Laptop Repair & Services,Hassan,2025-05-26T12:27:41.120Z
Cn Computers,+,4.6,16 Ratings,"Adlimane Road Hemavathinagar, Hassan",,,CCTV Dealers; Computer Repair & Services,true,true,false,false,true,Laptop Repair & Services,Hassan,2025-05-26T12:27:41.120Z
M I INFOTECH,+,4.8,12 Ratings,"Sampige Road Hassan City, Hassan",,,Computer Dealers; Computer Repair & Services,true,true,false,false,true,Laptop Repair & Services,Hassan,2025-05-26T12:27:41.120Z
HP Service Center,H,4.1,11 Ratings,"Rangoli Halla Salagame Road, Hassan",,,Computer Repair & Services-HP; Computer Repair & Services,false,true,false,false,true,Laptop Repair & Services,Hassan,2025-05-26T12:27:41.121Z
Malnad Info Systems,+,4.9,9 Ratings,"Road Sakleshpur Market Road, Sakleshpur",,,Computer Dealers; Computer Repair & Services,true,true,false,false,false,Laptop Repair & Services,Hassan,2025-05-26T12:27:41.121Z
Infinity Info Solution,+,4.0,11 Ratings,"Salagame Road, Hassan",,,Company Authorised Dealer,true,true,false,false,false,Laptop Repair & Services,Hassan,2025-05-26T12:27:41.121Z
We Care Computers,+,3.9,11 Ratings,"Begur Road Channarayapatna, Hassan",,,Assembled Computer Repair & Services; Computer Repair & Services,true,true,false,false,false,Laptop Repair & Services,Hassan,2025-05-26T12:27:41.121Z
Lucky Infotech,+,4.7,8 Ratings,"Arkalgud Road Holenarsipur, Hassan",,,Computer Dealers; Computer Repair & Services,true,true,false,false,false,Laptop Repair & Services,Hassan,2025-05-26T12:27:41.121Z
Maruthi Electricals,+,4.7,8 Ratings,"Gowrikoppal, Hassan",,,Mobile Phone Dealers; Electrical Shops,true,true,false,false,false,Laptop Repair & Services,Hassan,2025-05-26T12:27:41.121Z
Kalikamba Computer,+,4.4,8 Ratings,"B M Road Channarayapatna, Hassan",,,Computer Dealers; Computer Repair & Services,true,true,false,false,false,Laptop Repair & Services,Hassan,2025-05-26T12:27:41.121Z
AG Cam Technology,A,4.3,8 Ratings,"Hosaline Road, Hassan",,,CCTV Installation Services-Hikvision; CCTV Installation Services,false,true,false,false,true,Laptop Repair & Services,Hassan,2025-05-26T12:27:41.121Z
SVP IT Care,+,3.9,8 Ratings,"B H Road Hassan HO, Hassan",,,Computer Printer Dealers-EPSON; Computer Repair & Services,true,true,false,false,false,Laptop Repair & Services,Hassan,2025-05-26T12:27:41.121Z
Swasthik Info Solution,+,4.4,5 Ratings,"Jain Temple Road, Hassan",,,CCTV Dealers; CCTV Installation Services,true,true,false,false,true,Laptop Repair & Services,Hassan,2025-05-26T12:27:41.121Z
Ark Compo Tech,+,5.0,4 Ratings,"Saraswathipuram Salagame Road, Hassan",,,CCTV Repair & Services; CCTV Dealers,true,true,false,true,false,Laptop Repair & Services,Hassan,2025-05-26T12:27:41.121Z
R V Infosystem,R,4.8,4 Ratings,"2nd Main Road Bm Road, Hassan",,,Computer Repair & Services-Dell; Computer Repair & Services,true,true,false,false,true,Laptop Repair & Services,Hassan,2025-05-26T12:27:41.121Z
Lakshmi Computers,L,4.5,4 Ratings,"S P Road Sakleshpur Market Road, Sakleshpur",,,Computer Repair & Services; Laptop Repair & Services,true,true,false,false,true,Laptop Repair & Services,Hassan,2025-05-26T12:27:41.121Z
Spensa Integrated Enterprise Resource,+,4.4,4 Ratings,"Road Sakleshpur Market Road, Sakleshpur",,,CCTV Installation Services-Hikvision; CCTV Dealers,true,true,false,false,true,Laptop Repair & Services,Hassan,2025-05-26T12:27:41.122Z
Active Technocare,A,2.5,6 Ratings,,,,Computer Repair & Services; Laptop Repair & Services,false,true,false,false,false,Laptop Repair & Services,Hassan,2025-05-26T12:27:41.122Z
R T Printech,+,3.8,3 Ratings,"Bm Road Channarayapatna, Hassan",,,Computer Accessory Repair; Computer Hardware Repair,true,true,false,false,false,Laptop Repair & Services,Hassan,2025-05-26T12:27:41.122Z
Adishwar Computers,+,3.8,3 Ratings,"Vidhyuth Nagar Salagame Road, Hassan",,,Computer Repair & Services; Laptop Repair & Services,true,true,false,false,false,Laptop Repair & Services,Hassan,2025-05-26T12:27:41.122Z
CK Infotech & Home Care,+,5.0,2 Ratings,"Salagame Road, Hassan",,,CCTV Dealers; CCTV Installation Services,true,true,false,false,true,Laptop Repair & Services,Hassan,2025-05-26T12:27:41.122Z
S S Infotech,S,5.0,2 Ratings,"Sahyadri Circle Salagame Road, Hassan",,,Computer Repair & Services; Laptop Repair & Services,true,true,false,false,false,Laptop Repair & Services,Hassan,2025-05-26T12:27:41.122Z
Ayush Computers,+,5.0,2 Ratings,"Channarayapatna, Hassan",,,Computer Part Dealers; Computer Repair & Services,true,true,false,false,true,Laptop Repair & Services,Hassan,2025-05-26T12:27:41.122Z
Computer Clinic,+,5.0,2 Ratings,"3rd Cross Kuvempu Nagar, Hassan",,,Laptop Repair & Services; Laptop Repair & Services-Lenovo,true,true,false,false,false,Laptop Repair & Services,Hassan,2025-05-26T12:27:41.122Z
Maha Electronics Pvt Ltd,M,5.0,2 Ratings,"Northern Extn Salagame Road, Hassan",,,Computer Printer Repair & Services-HP; Laptop Repair & Services,true,true,false,false,false,Laptop Repair & Services,Hassan,2025-05-26T12:27:41.122Z
Aavani Technology,A,4.8,2 Ratings,"Udayagiri, Hassan",,,Company Authorised Dealer,true,true,false,false,true,Laptop Repair & Services,Hassan,2025-05-26T12:27:41.122Z
Hassan Laptop Care,+,4.0,2 Ratings,"Vidhya Nagar, Hassan",,,Laptop Repair & Services,true,true,false,false,false,Laptop Repair & Services,Hassan,2025-05-26T12:27:41.122Z
A M Computers,+,5.0,1 Rating,"Hosline Road Hassan Ho, Hassan",,,CCTV Dealers; CCTV Installation Services,true,true,false,false,true,Laptop Repair & Services,Hassan,2025-05-26T12:27:41.122Z
Baba Electronics,+,5.0,1 Rating,"Sainatha Road Arsikere, Hassan",,,Electronic Goods Showrooms; TV Repair & Services,true,true,false,false,true,Laptop Repair & Services,Hassan,2025-05-26T12:27:41.122Z
Mk Planet,M,5.0,1 Rating,"Channarayapatna, Hassan",,,Mobile Phone Repair & Services-HTC; Mobile Phone Repair & Services,true,true,false,false,false,Laptop Repair & Services,Hassan,2025-05-26T12:27:41.122Z
Visual Group,+,4.5,1 Rating,"Salagame Road, Hassan",,,Computer Hardware Repair & Services; Computer Repair & Services,true,true,false,false,false,Laptop Repair & Services,Hassan,2025-05-26T12:27:41.122Z
Visual Group,+,4.5,1 Rating,"Salagame Road, Hassan",,,Computer Repair & Services; Laptop Repair & Services,true,true,false,false,false,Laptop Repair & Services,Hassan,2025-05-26T12:27:41.122Z
Sri Vinayaka Computers,+,4.0,1 Rating,"Aralikatte Road Salagame Road, Hassan",,,Computer Hardware Repair & Services; Computer Repair & Services,true,true,false,false,false,Laptop Repair & Services,Hassan,2025-05-26T12:27:41.123Z
Eye 3 Tech,+,3.0,1 Rating,"No 2021/1 Maharaj Park Road, Hassan",,,Computer Repair & Services; Laptop Repair & Services,true,true,false,false,false,Laptop Repair & Services,Hassan,2025-05-26T12:27:41.123Z
Panchami Mobile (JioMart Digital Partner),P,3.0,1 Rating,"Main Road Belur, Belur",,,Computer Repair & Services; Laptop Repair & Services,true,true,false,false,false,Laptop Repair & Services,Hassan,2025-05-26T12:27:41.123Z
Natraj Enterprises,+,4.6,25 Ratings,"3rd Main Road Tiptur, Tumkur",,,Computer & Printer Sales Repairing Services; Computer Repair & Services,true,true,false,false,true,Laptop Repair & Services,Hassan,2025-05-26T12:27:41.123Z
Sri Vaari Enterprises,S,3.0,2 Ratings,"Road Jyothinagar Chikmagalur, Chikmagalur",,,Computer Dealers; Computer Repair & Services,true,true,false,false,false,Laptop Repair & Services,Hassan,2025-05-26T12:27:41.123Z
Avis Computers,+,4.8,17 Ratings,"B.H Road Tiptur, Tumkur",,,CCTV Installation Services; CCTV Dealers,true,true,false,false,true,Laptop Repair & Services,Hassan,2025-05-26T12:27:41.123Z
Computer Care,+,5.0,3 Ratings,"Road Jyothinagar Chikmagalur, Chikmagalur",,09980122977,Computer Repair; Computer Accessory Repair; Computer AMC,true,true,false,false,true,Laptop Repair & Services,Hassan,2025-05-26T12:27:41.123Z
Ncomp Services,N,4.0,8 Ratings,"Krishna Raja Extension Tiptur, Tumkur",,,Computer Repair & Services-Dell; Computer Repair & Services,true,true,false,false,false,Laptop Repair & Services,Hassan,2025-05-26T12:27:41.123Z
S L N Technologies,S,4.3,11 Ratings,"Naidu Street, Chikmagalur",,,Computer Repair & Services; Laptop Repair & Services,true,true,false,true,true,Laptop Repair & Services,Hassan,2025-05-26T12:27:41.123Z
Durga Technologies,+,4.5,1 Rating,"Chikmagalur Ho, Chikmagalur",,,Laptop Chip Level Repair & Services; CCTV Dealers,true,true,false,false,true,Laptop Repair & Services,Hassan,2025-05-26T12:27:41.123Z
Suresh S P Computer And Mobile Service,S,4.0,2 Ratings,"Krishna Raja Extension Tiptur, Tumkur",,,Computer Repair & Services; Mobile Phone Repair & Services,true,true,false,false,false,Laptop Repair & Services,Hassan,2025-05-26T12:27:41.123Z
Rd Tech Fix,+,4.9,33 Ratings,"Nehru Road Chikmagalur City, Chikmagalur",,,Laptop Repair & Services; Mobile Phone Repair & Services,true,true,false,false,true,Laptop Repair & Services,Hassan,2025-05-26T12:27:41.123Z
Vikasni Info Systems,V,4.5,1 Rating,"MG Road Chikmagalur, Chikmagalur",,,Computer Repair & Services; CCTV Installation Services,true,true,false,false,true,Laptop Repair & Services,Hassan,2025-05-26T12:27:41.124Z
Computer Kingdom,+,4.2,187 Ratings,"I G Road Chikmagalur Ho, Chikmagalur",,08401715607,Assembled Computer Dealers; Computer Repair & Services,true,true,false,false,true,Laptop Repair & Services,Hassan,2025-05-26T12:27:41.124Z
Smiley Technologies,+,4.3,23 Ratings,"Vijayapuram Chikmagalur, Chikmagalur",,,Computer Repair & Services; Laptop Repair & Services,true,true,false,true,true,Laptop Repair & Services,Hassan,2025-05-26T12:27:41.124Z
SRS Computer World,+,4.5,21 Ratings,"NH 206 Kadur, Chikmagalur",,,Computer Dealers; Computer Repair & Services,true,true,false,false,true,Laptop Repair & Services,Hassan,2025-05-26T12:27:41.124Z
E-Zone Systems,+,4.3,7 Ratings,"Kiran Building Rathnagiri Road, Chikmagalur",,,Internet Service Providers; CCTV Installation Services,false,true,false,false,true,Laptop Repair & Services,Hassan,2025-05-26T12:27:41.124Z
Global It Solutions,G,4.5,15 Ratings,"Jm Road Mudigere, Chikmagalur",,,CCTV Dealers; Computer Repair & Services,true,true,false,false,true,Laptop Repair & Services,Hassan,2025-05-26T12:27:41.124Z
Raza Services,+,4.8,14 Ratings,"Mudigere, Chikmagalur",,,Company Authorised Dealer,true,true,false,false,true,Laptop Repair & Services,Hassan,2025-05-26T12:27:41.124Z
Theja Bro's Enterprises,+,4.9,95 Ratings,"Club Road Somwarpet, Coorg",,09972818673,Laptop Dealers-Dell; CCTV Dealers,true,true,false,true,true,Laptop Repair & Services,Hassan,2025-05-26T12:27:41.124Z
Sri Sai Computers,S,3.0,1 Rating,"Main Road Sakrepatna Chikmagalur, Chikmagalur",,,Computer Repair & Services; Laptop Repair & Services,true,true,false,false,false,Laptop Repair & Services,Hassan,2025-05-26T12:27:41.124Z
Bhyrava Computers,+,3.3,3 Ratings,"Apmc Road Kallahalli, Mandya",,,Computer Repair,true,true,false,false,false,Laptop Repair & Services,Hassan,2025-05-26T12:27:41.125Z
Computer World,+,5.0,2 Ratings,"Harangi Main Road Kushalnagar, Coorg",,,Computer Repair & Services; Laptop Dealers,true,true,false,false,true,Laptop Repair & Services,Hassan,2025-05-26T12:27:41.125Z
APRAMEYA I.T. SOLUTIONS,+,4.7,40 Ratings,"Ratha Bedi Kushalnagar, Coorg",,08460221882,Computer Repair; Computer Accessory Repair; Computer AMC,true,true,false,false,true,Laptop Repair & Services,Hassan,2025-05-26T12:27:41.125Z
Logon Computers,+,4.5,24 Ratings,"Bypass Road Kushalnagar, Coorg",,,Assembled Computer Dealers; Computer Repair & Services,true,true,false,false,true,Laptop Repair & Services,Hassan,2025-05-26T12:27:41.125Z
Waves Computers,+,4.7,16 Ratings,"Bypass Road Kushalnagar, Coorg",,,CCTV Installation Services; Computer Repair & Services,true,true,false,false,true,Laptop Repair & Services,Hassan,2025-05-26T12:27:41.125Z
HP Technologies,+,4.0,1 Rating,"Lakshmish Nagar Kadur, Chikmagalur",,,Computer Repair & Services; Laptop Repair & Services,true,true,false,false,false,Laptop Repair & Services,Hassan,2025-05-26T12:27:41.126Z
KKR Electronics,+,4.5,12 Ratings,"Bm Road Kushalnagar, Coorg",,,Computer Repair & Services; Mobile Phone Repair & Services,true,true,false,false,false,Laptop Repair & Services,Hassan,2025-05-26T12:27:41.127Z
Navneeth Xerox,+,4.4,9 Ratings,"Bm Road Kushalnagar, Coorg",,,Photocopying Centres; Laptop Repair & Services,true,true,false,false,true,Laptop Repair & Services,Hassan,2025-05-26T12:27:41.127Z
Chethan Computers,+,3.6,3 Ratings,"BM Road Kushalnagar, Coorg",,,Computer Repair & Services; Laptop Dealers,true,true,false,false,false,Laptop Repair & Services,Hassan,2025-05-26T12:27:41.127Z
Micro Systems,+,4.1,6 Ratings,"B M Road Kushalnagar, Coorg",,,Computer Software Dealers; Computer Repair & Services,true,true,false,true,false,Laptop Repair & Services,Hassan,2025-05-26T12:27:41.127Z
B P M Computer,B,3.5,3 Ratings,"TB Road Kadur, Chikmagalur",,,Laptop Repair & Services; Computer Dealers,true,true,false,false,false,Laptop Repair & Services,Hassan,2025-05-26T12:27:41.127Z
Galaxy Computer,+,4.8,86 Ratings,"B M Road Kushalnagar, Coorg",,,Laptop Dealers; Computer Repair & Services,true,true,false,false,true,Laptop Repair & Services,Hassan,2025-05-26T12:27:41.127Z
Digitech Computer Sales and Services,+,4.6,12 Ratings,"Market Road Kushalnagar, Coorg",,,CCTV Installation Services; Computer Repair & Services,true,true,false,false,true,Laptop Repair & Services,Hassan,2025-05-26T12:27:41.128Z
Coorg it solution,+,5.0,1 Rating,"Bm Road Kushalnagar, Coorg",,,Computer Repair & Services; Computer Printer Repair & Services,true,true,false,false,true,Laptop Repair & Services,Hassan,2025-05-26T12:27:41.128Z
A P Computers,+,5.0,2 Ratings,"Kadur Kadur, Chikmagalur",,,Computer Dealers; Laptop Repair & Services,true,true,false,false,true,Laptop Repair & Services,Hassan,2025-05-26T12:27:41.128Z
Computers It Solution,+,4.9,61 Ratings,"Furniture Building Kushalnagar, Coorg",,,CCTV Dealers; Computer Repair & Services,true,true,false,false,true,Laptop Repair & Services,Hassan,2025-05-26T12:27:41.128Z
Blue Chip,+,4.3,9 Ratings,"B M Road Kushalnagar, Coorg",,,Wireless CCTV Dealers; Computer Repair & Services,true,true,false,false,true,Laptop Repair & Services,Hassan,2025-05-26T12:27:41.129Z
Gk Group,G,5.0,1 Rating,"Turuvekere, Tumkur",,,CCTV Dealers-Panasonic; CCTV Dealers,true,true,false,false,true,Laptop Repair & Services,Hassan,2025-05-26T12:27:41.129Z
Vijaya Computers,V,2.5,2 Ratings,"Dg Road Turuvekere, Tumkur",,,Computer Dealers; Laptop Repair & Services,true,true,false,false,false,Laptop Repair & Services,Hassan,2025-05-26T12:27:41.129Z
Tibet Computers,T,4.6,6 Ratings,"Bylakuppe, Mysore",,,Mobile Phone Repair & Services; Computer Repair & Services,true,true,false,false,false,Laptop Repair & Services,Hassan,2025-05-26T12:27:41.129Z
I T Point,+,4.6,11 Ratings,"BM Road Suntikoppa Madikeri, Coorg",,,Computer Repair & Services; Laptop Repair & Services,true,true,false,false,false,Laptop Repair & Services,Hassan,2025-05-26T12:27:41.129Z
Olap Computers Sales & Service,O,5.0,1 Rating,"Kuvempu Circle Heggere, Tumkur",,,Computer Monitor Repair & Services-Dell; Computer Repair & Services,true,true,false,false,true,Laptop Repair & Services,Hassan,2025-05-26T12:27:41.129Z
S L R Mobiles & Computers,+,3.8,9 Ratings,"2nd Main Road Belagur, Chitradurga",,,Mobile Phone Repair & Services; Electronic Goods Repair & Services,true,true,false,false,false,Laptop Repair & Services,Hassan,2025-05-26T12:27:41.129Z
SAFE CRANE SERVICES,<,4.5,54 Ratings,"Channarayapatna, Hassan",,08128960505,Towing Services,true,true,false,true,true,Car Repair & Services,Hassan,2025-05-26T12:28:57.255Z
Vinayaka Motors,<,4.4,171 Ratings,"BM Bypass Road Hassan City, Hassan",,08460268667,Car Repair & Services; Garages,true,true,false,true,true,Car Repair & Services,Hassan,2025-05-26T12:28:57.255Z
Vishwa Automotive Services,<,3.3,15 Ratings,"Ring Road Hassan City, Hassan",,09054656964,Company Authorised Dealer; Towing Services,true,true,false,false,false,Car Repair & Services,Hassan,2025-05-26T12:28:57.256Z
Bharath Tinkering Works,<,4.2,14 Ratings,"Bharath Tinkering Works Bm Road, Hassan",,07411850165,Motorcycle Painting Services; Car Repair & Services,true,true,false,false,true,Car Repair & Services,Hassan,2025-05-26T12:28:57.256Z
Malnad Towing Service,<,4.8,53 Ratings,"BM Road Sakleshpur Market Road, Sakleshpur",,08401382743,Delivery Available,true,true,false,false,true,Car Repair & Services,Hassan,2025-05-26T12:28:57.256Z
Hindustan Auto Works,<,3.9,15 Ratings,"Ballupet Ballupet, Sakleshpur",,,Towing Services,true,true,false,false,false,Car Repair & Services,Hassan,2025-05-26T12:28:57.256Z
Evergreen Car Garage,<,4.0,6 Ratings,"Near Reshme Ilakhe Bm Road, Hassan",,07041632304,DoorStep Service; Towing Services,true,true,false,true,true,Car Repair & Services,Hassan,2025-05-26T12:28:57.256Z
Sri Maruthi Auto Work,<,4.1,40 Ratings,"Subhash Maidana Sakleshpur, Sakleshpur",,09980781966,Doorstep Car Repair; Towing Services; On-site Repair,true,true,false,true,true,Car Repair & Services,Hassan,2025-05-26T12:28:57.256Z
Sri Maruthi Car Repair and Service,<,4.5,15 Ratings,"SubhasField Sakleshpur, Sakleshpur",,09725519319,Towing Services,true,true,false,true,true,Car Repair & Services,Hassan,2025-05-26T12:28:57.256Z
Janatha Tinkering And Painting,<,5.0,1 Rating,"Channarayapatna, Hassan",,08460234067,Car Repair & Services; Car Repair & Services-Maruti Suzuki,true,true,false,true,true,Car Repair & Services,Hassan,2025-05-26T12:28:57.256Z
Sri Raksha Car Garage,+,4.3,28 Ratings,"Colony Vidyanagar Hassan, Hassan",,08460424526,,true,true,false,true,true,Car Repair & Services,Hassan,2025-05-26T12:28:57.256Z
Vidhatri Motors Pvt Ltd,+,4.7,"1,820 Ratings","Kandalli Post Bm Road, Hassan",,09054869102,Shop In Store,true,true,false,true,true,Car Repair & Services,Hassan,2025-05-26T12:28:57.256Z
Pavanputhra Car Towing & Car Mechanic,+,5.0,39 Ratings,"Anemahal Donigal, Sakleshpur",,08460233513,Towing Services,true,true,false,false,true,Car Repair & Services,Hassan,2025-05-26T12:28:57.256Z
Javeed Body Builder,+,3.5,2 Ratings,"Hulira Road Arsikere, Hassan",,08123030719,Car Repair & Services; Truck Body Building Services,true,true,false,false,true,Car Repair & Services,Hassan,2025-05-26T12:28:57.256Z
Imperial Car Care,+,4.9,52 Ratings,"Tanniruhalla Hassan HO, Hassan",,09725792995,Car Detailing,true,true,false,true,true,Car Repair & Services,Hassan,2025-05-26T12:28:57.256Z
Friendly Motors,+,4.7,122 Ratings,"Rajagatta By Pass Road Bm Road, Hassan",,07043608856,Towing Services,true,true,false,false,true,Car Repair & Services,Hassan,2025-05-26T12:28:57.256Z
Bsc Car Care,+,4.3,12 Ratings,"Shanthigrama, Hassan",,,Car Repair & Services,true,true,false,false,false,Car Repair & Services,Hassan,2025-05-26T12:28:57.256Z
Indian Car Auto Works,+,4.3,98 Ratings,"BM Road Sakleshpur, Sakleshpur",,,Oil Change; Towing Services,true,true,false,false,true,Car Repair & Services,Hassan,2025-05-26T12:28:57.256Z
Shri Maruthi Motors,S,5.0,4 Ratings,"DM Halli Hassan City, Hassan",,,Car Repair & Services; Truck Repair & Services,true,true,false,false,true,Car Repair & Services,Hassan,2025-05-26T12:28:57.256Z
Arun Motors,+,4.7,50 Ratings,"Bm Road Channarayapatna, Hassan",,,Car Repair & Services; Garages,true,true,false,false,true,Car Repair & Services,Hassan,2025-05-26T12:28:57.257Z
Bosch Speed Automotives,B,3.8,50 Ratings,"H N Pura Road Hassan Ho, Hassan",,,Car Repair & Services-Nissan; Car Repair & Services,true,true,false,false,false,Car Repair & Services,Hassan,2025-05-26T12:28:57.257Z
Shivamoga Car Workshop,+,3.0,2 Ratings,"Channarayapatna, Hassan",,,Car Repair & Services; Garages,true,true,false,false,true,Car Repair & Services,Hassan,2025-05-26T12:28:57.257Z
Auto Craft,+,4.1,28 Ratings,"Opp Mahendhra 1st Bm Road, Hassan",,,Towing Services,true,true,false,false,true,Car Repair & Services,Hassan,2025-05-26T12:28:57.257Z
Safe Crane Service,S,4.5,54 Ratings,"Channarayapatna, Hassan",,,Towing Services,true,true,false,false,true,Car Repair & Services,Hassan,2025-05-26T12:28:57.257Z
Ntc Automobile,+,4.4,55 Ratings,"Hassan Road Arsikere, Hassan",,,Company Authorised Dealer; Same Day Delivery; In Store Collect,true,true,false,true,true,Car Repair & Services,Hassan,2025-05-26T12:28:57.257Z
Vaishnavi Motors,+,4.7,3 Ratings,"B M Road Shanthigrama, Hassan",,,Towing Services,true,true,false,false,true,Car Repair & Services,Hassan,2025-05-26T12:28:57.257Z
Sri Pushpagiri Car Clinic,+,3.7,4 Ratings,"D M Halli Hassan Ho, Hassan",,,Car Repair & Services; Garages,true,true,false,false,true,Car Repair & Services,Hassan,2025-05-26T12:28:57.257Z
Harihara Motors,+,4.5,2 Ratings,"Holenarsipura Road Hassan City, Hassan",,,Lockers; Company Authorised Dealer; DoorStep Service,true,true,false,false,true,Car Repair & Services,Hassan,2025-05-26T12:28:57.257Z
Sagar Enterprises,+,4.0,2 Ratings,"BM Road Channarayapatna, Hassan",,,Company Authorised Dealer,true,true,false,false,false,Car Repair & Services,Hassan,2025-05-26T12:28:57.257Z
National Car Garage,+,4.3,8 Ratings,"B M Road Channarayapatna, Hassan",,,Car Repair & Services; Car Repair & Services-Maruti Suzuki,true,true,false,false,true,Car Repair & Services,Hassan,2025-05-26T12:28:57.257Z
M R Car Washing,+,5.0,1 Rating,"Hassan Main Road, Hassan",,,Car Repair & Services; Car AC Repair & Services,false,true,false,false,true,Car Repair & Services,Hassan,2025-05-26T12:28:57.257Z
Sri Lakshmi Car Care,+,5.0,3 Ratings,"Petrol Pump Channarayapatna, Hassan",,,Car Repair & Services; 24 Hours Car Repair & Services,true,true,false,false,true,Car Repair & Services,Hassan,2025-05-26T12:28:57.257Z
Bharath Car Clinic,+,4.1,13 Ratings,"Bm Road Channarayapatna, Hassan",,,DoorStep Service; Towing Services; 24x7 Customer Support,true,true,false,false,true,Car Repair & Services,Hassan,2025-05-26T12:28:57.257Z
Amk Engineering Sales and Service,+,5.0,4 Ratings,"Old Post Office Road Bm Road, Hassan",,,Towing Services,true,true,false,false,true,Car Repair & Services,Hassan,2025-05-26T12:28:57.257Z
Bajarangi Motors,+,4.8,3 Ratings,"BM Road Kandali, Hassan",,,Car Repair & Services; Car AC Repair & Services,true,true,false,false,true,Car Repair & Services,Hassan,2025-05-26T12:28:57.257Z
Malnad Motors,+,4.3,24 Ratings,"B M Road Ashoka Road, Sakleshpur",,,Customer Lounge,true,true,false,true,true,Car Repair & Services,Hassan,2025-05-26T12:28:57.257Z
Karnataka Car Clinic And Car Electrician,+,4.5,13 Ratings,"Mysore Road Channarayapatna, Hassan",,,Car Repair & Services; Garages,true,true,false,false,true,Car Repair & Services,Hassan,2025-05-26T12:28:57.257Z
Ka13 Carinformers,K,5.0,6 Ratings,"Bypass Uddur, Hassan",,,Second Hand Car Dealers; Car Repair & Services,true,true,false,false,true,Car Repair & Services,Hassan,2025-05-26T12:28:57.257Z
Advaith Motors Pvt. Ltd.,+,4.6,"2,402 Ratings","State Highway 57 Thanniruhalla, Hassan",,,Delivery Available,true,true,true,true,true,Car Repair & Services,Hassan,2025-05-26T12:28:57.257Z
Advaith Hyundai,+,4.7,"1,259 Ratings","B M Road Thanniruhalla, Hassan",,,Company Authorised Dealer; Customer Lounge,true,true,false,false,true,Car Repair & Services,Hassan,2025-05-26T12:28:57.257Z
Tata Motors Showroom,+,4.1,937 Ratings,"Thanniruhalla Bm Road, Hassan",,,Delivery Available,true,true,false,false,true,Car Repair & Services,Hassan,2025-05-26T12:28:57.257Z
Karnataka Agencies,+,3.9,671 Ratings,"D M Halli Bm Road, Hassan",,,Car Dealers; Car Repair & Services,true,true,false,false,true,Car Repair & Services,Hassan,2025-05-26T12:28:57.258Z
Nexa Service Venkat Motors,N,3.6,506 Ratings,"HN Pura Road Hassan Ho, Hassan",,,Car Repair & Services; Tyre Puncture Repair,true,true,false,false,false,Car Repair & Services,Hassan,2025-05-26T12:28:57.258Z
Hasanamba Car Decor And Honour,+,4.9,309 Ratings,"Outer Ring Road Vidhya Nagar, Hassan",,,Company Authorised Dealer,true,true,false,false,true,Car Repair & Services,Hassan,2025-05-26T12:28:57.258Z
Star Hyundai,+,4.5,223 Ratings,"B M Road Channarayapatna, Hassan",,,Loan Facility; Test Ride Offered; Car Insurance Services,true,true,false,false,true,Car Repair & Services,Hassan,2025-05-26T12:28:57.258Z
Inspire Honda,I,4.0,217 Ratings,"Bm Road, Hassan",,,Delivery Available,true,true,false,false,true,Car Repair & Services,Hassan,2025-05-26T12:28:57.258Z
Car Cardiac Care,+,4.8,172 Ratings,"Car Cardiac Care Ring Road, Hassan",,,DoorStep Service,true,true,false,false,true,Car Repair & Services,Hassan,2025-05-26T12:28:57.258Z
Carma Car Detailing Services,+,4.3,182 Ratings,"Office Main Road Kuvempu Nagar, Hassan",,,Company Authorised Dealer; Auto Detailing; Car Detailing,true,true,false,false,true,Car Repair & Services,Hassan,2025-05-26T12:28:57.258Z
Shine My Car,+,4.2,168 Ratings,"1st Main Road Kuvempu Nagar, Hassan",,,Company Authorised Dealer; Auto Detailing; Car Detailing,true,true,false,true,true,Car Repair & Services,Hassan,2025-05-26T12:28:57.258Z
V2 Autocare,+,4.8,67 Ratings,"Nidagodu Belur, Belur",,,Car Repair & Services; Car AC Repair & Services,true,true,false,false,true,Car Repair & Services,Hassan,2025-05-26T12:28:57.258Z
Sv Motors Multibrand Car Clinic,+,4.5,70 Ratings,"By Pass Road Thanniruhalla, Hassan",,,Accident Car Repair & Services; Car Repair & Services,true,true,false,true,true,Car Repair & Services,Hassan,2025-05-26T12:28:57.258Z
S V Motors Multibrand Car Clinic,+,4.5,70 Ratings,"Karnataka Bm Road, Hassan",,,Car Repair & Services; Tyre Puncture Repair,true,true,false,false,true,Car Repair & Services,Hassan,2025-05-26T12:28:57.258Z
Rg Automotives,R,4.5,62 Ratings,"Channapattana, Hassan",,,Car Repair & Services; Tyre Puncture Repair,false,true,false,false,true,Car Repair & Services,Hassan,2025-05-26T12:28:57.258Z
Arjun Emission Test,A,4.7,59 Ratings,"19th A Cross Road Kuvempu Nagar, Hassan",,,Car Repair & Services; Emission Testing Centres,true,true,false,false,true,Car Repair & Services,Hassan,2025-05-26T12:28:57.258Z
City Motors,C,4.7,55 Ratings,"8th Cross Road Hassan HO, Hassan",,,Car Repair & Services; Car Electric Work Services,true,true,false,false,true,Car Repair & Services,Hassan,2025-05-26T12:28:57.258Z
Honour Sports,H,4.9,48 Ratings,"Rc Road Vidya Nagar Hassan, Hassan",,,Car Restoration Services; Car Repair & Services,false,true,false,false,false,Car Repair & Services,Hassan,2025-05-26T12:28:57.258Z
Ashok Leyland Showroom,A,4.0,44 Ratings,"Bm Road, Hassan",,,Car Repair & Services; Car Dealers,true,true,false,false,false,Car Repair & Services,Hassan,2025-05-26T12:28:57.258Z
Shine My Car,S,3.7,46 Ratings,"B M Road Ashoka Road, Sakleshpur",,,Car Repair & Services; Car Polishing Services,false,true,false,false,false,Car Repair & Services,Hassan,2025-05-26T12:28:57.258Z
Ekadantha Tyre Point and Services,+,4.4,38 Ratings,"BM Road Thanniruhalla, Hassan",,,Company Authorised Dealer,true,true,false,false,true,Car Repair & Services,Hassan,2025-05-26T12:28:57.258Z
Elite Motors,+,4.7,33 Ratings,"Vivek Nagar Vivekanagara, Hassan",,,Car Repair & Services; Garages,true,true,false,false,true,Car Repair & Services,Hassan,2025-05-26T12:28:57.258Z
KSRTC Work shop,K,4.3,33 Ratings,"Mangalore Road Shankaripuram, Hassan",,,Car Repair & Services; Tyre Puncture Repair,false,true,false,false,false,Car Repair & Services,Hassan,2025-05-26T12:28:57.258Z
Manzrabad Auto Electrical,+,4.9,28 Ratings,"M Road Sakleshpur Market Road, Sakleshpur",,,Car Repair & Services,true,true,false,false,false,Car Repair & Services,Hassan,2025-05-26T12:28:57.258Z
John Auto Service,J,4.5,30 Ratings,"Ashoka Road Ashoka Road, Sakleshpur",,,Automobile Repair & Services; Car Repair & Services,true,true,false,true,false,Car Repair & Services,Hassan,2025-05-26T12:28:57.258Z
Technic Auto Works,T,3.6,34 Ratings,"Bangalore High Sakleshpur, Sakleshpur",,,Car Repair & Services-Nissan; Car Repair & Services,true,true,false,false,false,Car Repair & Services,Hassan,2025-05-26T12:28:57.258Z
Sam Bodyshop,S,3.7,33 Ratings,"Ring Roadsalgame Road Bm Road, Hassan",,,Auto Detailing; Towing Services,true,true,false,false,false,Car Repair & Services,Hassan,2025-05-26T12:28:57.258Z
Shine My Car,S,3.6,32 Ratings,"Bypass Road Arakalagud, Hassan",,,Car Repair & Services,false,true,false,false,false,Car Repair & Services,Hassan,2025-05-26T12:28:57.259Z
Sr Auto Works,S,3.7,31 Ratings,"Hassan Road Arakalagud, Hassan",,,Car Repair & Services; Garages,true,true,false,false,false,Car Repair & Services,Hassan,2025-05-26T12:28:57.259Z
M G Service Station,M,3.8,30 Ratings,"Hemavathi Nagar Vidyuthnagara, Hassan",,,Car Repair & Services; Car Electric Work Services,false,true,false,false,false,Car Repair & Services,Hassan,2025-05-26T12:28:57.259Z
S P K Car Motors,+,4.3,23 Ratings,"Bustenahalli, Hassan",,,Car Repair & Services; Tyre Puncture Repair,true,true,false,false,false,Car Repair & Services,Hassan,2025-05-26T12:28:57.259Z
New Car Flash,+,4.4,22 Ratings,"Kuvempunagar Main Road Aralepet, Hassan",,,Car Repair & Services-Honda; Car Repair & Services,true,true,false,false,false,Car Repair & Services,Hassan,2025-05-26T12:28:57.259Z
Crysta Automotives,+,5.0,18 Ratings,"Thanniruhalla, Hassan",,,Car Repair & Services; Car AC Repair & Services,true,true,false,false,true,Car Repair & Services,Hassan,2025-05-26T12:28:57.259Z
Venkat Motors,V,3.2,28 Ratings,"Mysore Road Chikkagadduvalli, Hassan",,,Car Repair & Services-Maruti Suzuki; Car Repair & Services,true,true,false,false,false,Car Repair & Services,Hassan,2025-05-26T12:28:57.259Z
Ams Motors,+,4.2,19 Ratings,"Arsikere, Hassan",,,Car Repair & Services; Tyre Puncture Repair,true,true,false,false,true,Car Repair & Services,Hassan,2025-05-26T12:28:57.259Z
Maruthi Motors,+,4.0,19 Ratings,"Road Ravindra Nagar Hassan, Hassan",,,Car Repair & Services; Car Repair & Services-Maruti Suzuki,true,true,false,true,false,Car Repair & Services,Hassan,2025-05-26T12:28:57.259Z
Prem Autoworks and Auto Mobiles,P,4.0,19 Ratings,"Hosakoppalu, Hassan",,,Company Authorised Dealer,true,true,false,false,false,Car Repair & Services,Hassan,2025-05-26T12:28:57.259Z
Kalapana Motors,+,4.3,17 Ratings,"Sh17 Hirisave, Hassan",,,Motorcycle Dealers; Car Repair & Services,true,true,false,false,false,Car Repair & Services,Hassan,2025-05-26T12:28:57.259Z
SADATH TINKERING AND PAINTING WORK,+,4.8,15 Ratings,"Hassan Road Arsikere, Hassan",,,Delivery Available,true,true,false,false,true,Car Repair & Services,Hassan,2025-05-26T12:28:57.259Z
Zen Motors,+,5.0,14 Ratings,"Near Sakleshpur, Sakleshpur",,,Car Repair & Services; Tyre Puncture Repair,true,true,false,false,false,Car Repair & Services,Hassan,2025-05-26T12:28:57.259Z
Moto D Carbo,+,4.4,15 Ratings,"Ring Road Hassan City, Hassan",,,Emission Testing Centres; Car Repair & Services,true,true,false,false,true,Car Repair & Services,Hassan,2025-05-26T12:28:57.259Z
Shine My Car,S,4.0,16 Ratings,"Holenarasipur, Hassan",,,Car Repair & Services,true,true,false,false,false,Car Repair & Services,Hassan,2025-05-26T12:28:57.259Z
Garuda Motars,G,3.6,16 Ratings,"Belur Road, Hassan",,,DoorStep Service,true,true,false,false,false,Car Repair & Services,Hassan,2025-05-26T12:28:57.259Z
Shre Shasthas Auto Works,+,4.8,12 Ratings,"Anemahal Anemahal, Sakleshpur",,,Company Authorised Dealer,true,true,false,false,false,Car Repair & Services,Hassan,2025-05-26T12:28:57.259Z
Alok Motor Car Care,+,4.6,12 Ratings,"Road Channapatna Extension, Hassan",,,Accident Car Repair & Services; Car Repair & Services,true,true,false,false,true,Car Repair & Services,Hassan,2025-05-26T12:28:57.259Z
Satish Motors,S,3.6,14 Ratings,"Jaya Nagar, Hassan",,,Car Repair & Services; Tyre Puncture Repair,true,true,false,false,false,Car Repair & Services,Hassan,2025-05-26T12:28:57.259Z
Anu car care & wheel Allignment,A,5.0,10 Ratings,"Arkalagudu Road Holenarsipur, Hassan",,,DoorStep Service,true,true,false,false,true,Car Repair & Services,Hassan,2025-05-26T12:28:57.259Z
Subramanya Auto Works,S,4.1,12 Ratings,"Megalakere, Hassan",,,Car Repair & Services; Garages,true,true,false,false,true,Car Repair & Services,Hassan,2025-05-26T12:28:57.259Z
Maruthi Car Care,M,4.4,11 Ratings,"Mangalore Road Arsikere, Hassan",,,Car Repair & Services; Garages,false,true,false,false,true,Car Repair & Services,Hassan,2025-05-26T12:28:57.259Z
Taj Works Shop,T,4.5,10 Ratings,"Holenarasipur Holenarsipur, Hassan",,,Car Repair & Services; Garages,true,true,false,false,true,Car Repair & Services,Hassan,2025-05-26T12:28:57.259Z
Shine N Care Express Foam Car Wash,S,4.4,10 Ratings,"Ballu Ballupet, Hassan",,,Car Repair & Services; Car Washing Services,true,true,false,false,false,Car Repair & Services,Hassan,2025-05-26T12:28:57.259Z
Kanchana Automotive,K,2.9,15 Ratings,"No.X3Q95M Kandali, Hassan",,,Car Repair & Services; Tyre Puncture Repair,false,true,false,false,false,Car Repair & Services,Hassan,2025-05-26T12:28:57.259Z
Paramesh Puncture Works,P,3.3,13 Ratings,"Yeslur Hassan, Hassan",,,Car Repair & Services,true,true,false,false,false,Car Repair & Services,Hassan,2025-05-26T12:28:57.259Z
Auto Spa Car Care,+,4.6,9 Ratings,"Vijaya Nagar Belur Road, Hassan",,,Oil Change; Auto Detailing,false,true,false,false,false,Car Repair & Services,Hassan,2025-05-26T12:28:57.260Z
Am Auto Works,A,3.6,11 Ratings,"Hassan Gorur Road Hanumanthapura, Hassan",,,Auto Rickshaw Repair & Services; Car Repair & Services,true,true,false,false,false,Car Repair & Services,Hassan,2025-05-26T12:28:57.260Z
Global Motors,+,3.9,10 Ratings,"Bypass Road Bm Road, Hassan",,,Car Repair & Services; 24 Hours Car Repair & Services,true,true,false,false,false,Car Repair & Services,Hassan,2025-05-26T12:28:57.260Z
Hkgn Auto Works,H,3.9,10 Ratings,"Shanthigrama Road Arsikere, Hassan",,,Car Repair & Services; Car Cleaning Services,true,true,false,false,false,Car Repair & Services,Hassan,2025-05-26T12:28:57.260Z
N. K. B. Auto Electrical And Battery Works,N,3.9,10 Ratings,"Satyakanth Plaza Chikkakondagola, Hassan",,,Automobile Electrical Part Repair & Services; Car Repair & Services,true,true,false,false,false,Car Repair & Services,Hassan,2025-05-26T12:28:57.260Z
Motozone Sri Lakshmi Motors,M,3.3,11 Ratings,"Hanumanthapura, Hassan",,,Car Repair & Services; Tyre Puncture Repair,true,true,false,false,false,Car Repair & Services,Hassan,2025-05-26T12:28:57.260Z
Dhanvi Motors,+,5.0,7 Ratings,"Arakalagud, Hassan",,,Car Repair & Services,true,true,false,false,false,Car Repair & Services,Hassan,2025-05-26T12:28:57.260Z
Jilu Maruthi Service Center And Gas Fitting,J,2.9,12 Ratings,"Bangalore Road Thanniruhalla, Hassan",,,Car Repair & Services; Garages,true,true,false,false,false,Car Repair & Services,Hassan,2025-05-26T12:28:57.260Z
Pavan Enfield (Kalabairaweshvara Motors),P,4.2,8 Ratings,"Azad Road, Hassan",,,Car Repair & Services,true,true,false,false,false,Car Repair & Services,Hassan,2025-05-26T12:28:57.260Z
Beauty Redefined,<,4.3,43 Ratings,"11th Cross Kr Puram Hassan, Hassan",,08490028375,,true,true,false,false,true,Best Dermatologists,Hassan - Book Appointment Online,2025-05-26T12:30:13.297Z
Janapriya Hospital,<,4.1,321 Ratings,"Math Road Kr Puram Hassan, Hassan",,07383059057,,true,false,false,true,true,Best Dermatologists,Hassan - Book Appointment Online,2025-05-26T12:30:13.297Z
Dr Roopesh Gowda - The Skin Clinic Hassan - Dr Sukruthi Raj,<,4.9,536 Ratings,"Harshamahal Rd. Harshamahal Road, Hassan",,08904958870,,true,true,true,true,true,Best Dermatologists,Hassan - Book Appointment Online,2025-05-26T12:30:13.297Z
Dr Priyanka Gowda,<,4.8,23 Ratings,"Shankarmutt Road Kr Puram Hassan, Hassan",,07487975446,,true,true,false,true,true,Best Dermatologists,Hassan - Book Appointment Online,2025-05-26T12:30:13.298Z
Dakshyaini Dental and Cosmetic Clinic,<,4.6,14 Ratings,"Koppalu Main Vidya Nagar Hassan, Hassan",,08904894686,,true,true,false,true,true,Best Dermatologists,Hassan - Book Appointment Online,2025-05-26T12:30:13.298Z
Sahyaadri Multispeciality Hospital,<,4.1,195 Ratings,"RC Road rangoli halla, Hassan",,07383181968,,true,true,false,false,true,Best Dermatologists,Hassan - Book Appointment Online,2025-05-26T12:30:13.298Z
Twacha Skin & Aesthetic Clinic Laboratory,<,4.0,37 Ratings,"Sampige Road Krishnaraja Pura, Hassan",,09054506052,,true,true,false,false,true,Best Dermatologists,Hassan - Book Appointment Online,2025-05-26T12:30:13.298Z
Kaanti Skin and Cosmetic Clinic,<,4.6,18 Ratings,"Shankarmutt Road Kr Puram Hassan, Hassan",,09972833692,,true,true,false,true,true,Best Dermatologists,Hassan - Book Appointment Online,2025-05-26T12:30:13.298Z
Lifeline Clinic and Research Institute,<,4.2,418 Ratings,"Station Road Station Road, Jalgaon",,,,true,true,false,true,true,Best Dermatologists,Hassan - Book Appointment Online,2025-05-26T12:30:13.298Z
Yash Skin & Hair Clinic,<,3.5,9 Ratings,"Old Bus Stand Channarayapatna, Hassan",,09054067758,,true,true,false,false,true,Best Dermatologists,Hassan - Book Appointment Online,2025-05-26T12:30:13.298Z
Ghanishka Skin Care,G,4.2,5 Ratings,"Sampige Road Bm Road, Hassan",,,,true,true,false,false,true,Best Dermatologists,Hassan - Book Appointment Online,2025-05-26T12:30:13.298Z
Royals Clinic,+,5.0,18 Ratings,"Mysore Hassan Road Bm Road, Hassan",,,,true,true,false,false,true,Best Dermatologists,Hassan - Book Appointment Online,2025-05-26T12:30:13.298Z
Mangala Hospital,+,3.9,753 Ratings,"K R Puram Sampige Road Hassan, Hassan",,,,true,true,false,false,false,Best Dermatologists,Hassan - Book Appointment Online,2025-05-26T12:30:13.299Z
Sparsha Skin Hair and Cosmetology Clinic,+,4.7,592 Ratings,"Kalabhavana Road Salagame Road, Hassan",,,,true,true,true,true,true,Best Dermatologists,Hassan - Book Appointment Online,2025-05-26T12:30:13.299Z
Sri Chamarajendra Hospital,+,3.8,115 Ratings,"Race Course Road Hassan, Hassan",,,,true,true,false,false,false,Best Dermatologists,Hassan - Book Appointment Online,2025-05-26T12:30:13.299Z
Dr. Chandra Shekara A G (Chandra Shekara A G),D,3.9,66 Ratings,"Mutt Road Kr Puram Hassan, Hassan",,,,true,true,false,false,false,Best Dermatologists,Hassan - Book Appointment Online,2025-05-26T12:30:13.299Z
Apollo Bgs Hospitals,+,4.2,44 Ratings,"Road Kuvempu Nagar, Hassan",,,,true,false,false,false,true,Best Dermatologists,Hassan - Book Appointment Online,2025-05-26T12:30:13.299Z
Nlbc Clinics,+,4.8,29 Ratings,"Aralepete Road Aralepet, Hassan",,,,false,true,false,false,true,Best Dermatologists,Hassan - Book Appointment Online,2025-05-26T12:30:13.299Z
Dr. Vivekananda Ittigi,D,4.1,25 Ratings,"Sampige Road Sampige Road Hassan, Hassan",,,,true,true,false,false,true,Best Dermatologists,Hassan - Book Appointment Online,2025-05-26T12:30:13.299Z
Dr Nayak Vasudev M,D,4.1,19 Ratings,"K R Puram Ravindra Nagar Hassan, Hassan",,,,false,true,false,false,true,Best Dermatologists,Hassan - Book Appointment Online,2025-05-26T12:30:13.299Z
Geetha Skin and Ent Clinic,G,3.8,10 Ratings,"Mutt Road Kr Puram Hassan, Hassan",,,,true,true,false,false,false,Best Dermatologists,Hassan - Book Appointment Online,2025-05-26T12:30:13.299Z
Rk Skin Care Clinic,R,4.3,6 Ratings,"Road Ravindra Nagar Hassan, Hassan",,,,true,true,false,false,true,Best Dermatologists,Hassan - Book Appointment Online,2025-05-26T12:30:13.299Z
Dr. Ashok B Skin Specialist (Healthcare Clinics),D,4.9,5 Ratings,"K R Sampige Road Hassan, Hassan",,,,false,true,false,false,true,Best Dermatologists,Hassan - Book Appointment Online,2025-05-26T12:30:13.299Z
Dr. Vinay K N (vinay K N),D,3.6,4 Ratings,"Road Kr Puram Hassan, Hassan",,,,true,true,false,false,false,Best Dermatologists,Hassan - Book Appointment Online,2025-05-26T12:30:13.299Z
Aldur Skin & Cosmetic Clinic,A,4.3,3 Ratings,"Rangoli Halla Rangoli Halla, Hassan",,,,false,true,false,false,true,Best Dermatologists,Hassan - Book Appointment Online,2025-05-26T12:30:13.299Z
Dr. Suresh M R (suresh M R),D,3.3,3 Ratings,"Ravindra Nagar Hassan, Hassan",,,,true,true,false,false,false,Best Dermatologists,Hassan - Book Appointment Online,2025-05-26T12:30:13.299Z
Dr. Kumar B R Dhruva,D,4.8,2 Ratings,"Sakaleshpura Donigal, Sakleshpur",,,,true,true,false,false,true,Best Dermatologists,Hassan - Book Appointment Online,2025-05-26T12:30:13.299Z
Dr. Gillian Roga (Mangala Hospital),D,4.5,2 Ratings,"K R Puram Sampige Road Hassan, Hassan",,,,true,true,false,false,true,Best Dermatologists,Hassan - Book Appointment Online,2025-05-26T12:30:13.299Z
kim centre,k,4.3,2 Ratings,"Road Kr Puram Hassan, Hassan",,,,true,true,false,false,true,Best Dermatologists,Hassan - Book Appointment Online,2025-05-26T12:30:13.299Z
Dr.Chaithra B M,D,4.0,2 Ratings,"Sampige Road Krishnaraja Pura, Hassan",,,,false,true,false,false,false,Best Dermatologists,Hassan - Book Appointment Online,2025-05-26T12:30:13.299Z
Shakthi Mens Parlour,+,5.0,1 Rating,"Pass Road Channapatna Extension, Hassan",,,,true,true,false,false,true,Best Dermatologists,Hassan - Book Appointment Online,2025-05-26T12:30:13.300Z
Geetha Skin And Ent Clinic,G,4.5,1 Rating,"Mutt Road Kr Puram Hassan, Hassan",,,,true,true,false,false,true,Best Dermatologists,Hassan - Book Appointment Online,2025-05-26T12:30:13.300Z
Dr.Venkatesh N.D.,D,3.1,4 Ratings,"Belavadi Chikmagalur, Chikmagalur",,,,true,true,false,false,false,Best Dermatologists,Hassan - Book Appointment Online,2025-05-26T12:30:13.300Z
Seetha Clinic,S,4.3,15 Ratings,"Mallandur Road, Chikmagalur",,,,true,true,false,false,true,Best Dermatologists,Hassan - Book Appointment Online,2025-05-26T12:30:13.300Z
Dr. Kannaiah B (Akarsh Skin Clinic),D,4.2,13 Ratings,"Naidu Street, Chikmagalur",,,,true,true,false,false,true,Best Dermatologists,Hassan - Book Appointment Online,2025-05-26T12:30:13.300Z
Akarsh Skin Clinic,A,4.5,2 Ratings,"Naidu Street Road Naidu Street, Chikmagalur",,,,true,true,false,false,true,Best Dermatologists,Hassan - Book Appointment Online,2025-05-26T12:30:13.300Z
Ashraya Hospital,+,4.5,"2,306 Ratings","Ashraya Hospital Naidu Street, Chikmagalur",,,,true,true,false,false,true,Best Dermatologists,Hassan - Book Appointment Online,2025-05-26T12:30:13.300Z
Skinsurg Skin & General Surgery Clinic (Dr. Pratheeksha S),+,4.9,70 Ratings,"Km Road Km Road, Chikmagalur",,,,true,false,false,false,true,Best Dermatologists,Hassan - Book Appointment Online,2025-05-26T12:30:13.300Z
Dr. Swamys Clinic,D,3.5,47 Ratings,"Gurunatha Circle Chikmagalur Ho, Chikmagalur",,,,true,true,false,false,false,Best Dermatologists,Hassan - Book Appointment Online,2025-05-26T12:30:13.300Z
Dr Gillians Advanced Skin Hair Laser Cosmetology Clinic,+,4.6,12 Ratings,"Main Road Mallandur Road, Chikmagalur",,,,true,true,false,false,true,Best Dermatologists,Hassan - Book Appointment Online,2025-05-26T12:30:13.300Z
Dr. Gillians Clinic,D,4.7,268 Ratings,"Mallandur Road, Chikmagalur",,,,true,true,false,false,true,Best Dermatologists,Hassan - Book Appointment Online,2025-05-26T12:30:13.300Z
Dr. G N Karthik,D,5.0,2 Ratings,"Near Vijayapuram Chikmagalur, Bangalore",,,,true,true,false,false,true,Best Dermatologists,Hassan - Book Appointment Online,2025-05-26T12:30:13.300Z
Lakume Salon,+,4.4,366 Ratings,"Harji Road Rathnagiri Road, Chikmagalur",,,,true,true,false,false,true,Best Dermatologists,Hassan - Book Appointment Online,2025-05-26T12:30:13.300Z
Sai Link Networking,S,4.0,3 Ratings,"College Road Belgaum, Chikmagalur",,,,false,true,false,false,false,Best Dermatologists,Hassan - Book Appointment Online,2025-05-26T12:30:13.300Z
Dr. Gillian Roga,D,4.8,41 Ratings,"Chickmagaluru Mallandur Road, Chikmagalur",,,,true,true,false,false,true,Best Dermatologists,Hassan - Book Appointment Online,2025-05-26T12:30:13.300Z
Chetana Hospital,+,4.0,168 Ratings,"NH 206 Kadur, Chikmagalur",,,,true,true,false,false,true,Best Dermatologists,Hassan - Book Appointment Online,2025-05-26T12:30:13.300Z
Cauvery Skin Care Clinic,C,4.1,52 Ratings,"Ratha Beedhi Kushalnagar, Coorg",,,,false,true,false,false,true,Best Dermatologists,Hassan - Book Appointment Online,2025-05-26T12:30:13.300Z
Dr. Siddu Prakash (Cauvery Skin Care Clinic),D,4.2,43 Ratings,"Ratha Beedhi Kushalnagar, Coorg",,,,false,true,false,false,true,Best Dermatologists,Hassan - Book Appointment Online,2025-05-26T12:30:13.300Z
Dr. Ranjitha ML (Chethana Hospital),D,4.9,14 Ratings,"BH Road Kadur, Chikmagalur",,,,false,true,false,false,true,Best Dermatologists,Hassan - Book Appointment Online,2025-05-26T12:30:13.300Z
Dr.Sarda Okram,D,3.0,1 Rating,"Balagangadaranathnagar, Mandya",,,,false,true,false,false,false,Best Dermatologists,Hassan - Book Appointment Online,2025-05-26T12:30:13.300Z
Sree Vasudev Homeopathic Clinic,S,4.1,4 Ratings,"B M ROAD Kushalnagar, Coorg",,,,false,true,false,false,true,Best Dermatologists,Hassan - Book Appointment Online,2025-05-26T12:30:13.300Z
Manipal Hospital,M,4.4,13 Ratings,"Mysore Modur, Mandya",,08460461312,,true,true,false,true,true,Best Dermatologists,Hassan - Book Appointment Online,2025-05-26T12:30:13.300Z
Manipal Hospital,M,2.4,9 Ratings,"Mysore Madikeri, Coorg",,09008499185,,true,true,false,false,true,Best Dermatologists,Hassan - Book Appointment Online,2025-05-26T12:30:13.301Z
Dr. Ganesh Bhat Kk,D,4.0,2 Ratings,"Madikeri, Coorg",,,,false,true,false,false,false,Best Dermatologists,Hassan - Book Appointment Online,2025-05-26T12:30:13.301Z
SRI GANESH SKIN CLINIC,+,5.0,161 Ratings,"College Road Madikeri, Coorg",,08401285247,,true,false,true,true,true,Best Dermatologists,Hassan - Book Appointment Online,2025-05-26T12:30:13.301Z
Panacea Dental Clinic,+,4.8,25 Ratings,"College Road Coorg, Coorg",,,,true,true,false,false,true,Best Dermatologists,Hassan - Book Appointment Online,2025-05-26T12:30:13.301Z
Priya Skin Care,P,5.0,1 Rating,"Madikeri, Coorg",,,,false,true,false,false,true,Best Dermatologists,Hassan - Book Appointment Online,2025-05-26T12:30:13.301Z
Dr Batras Healthcare,+,3.9,435 Ratings,"Devraj Urs Road Hunsur Bridge, Hunsur",,08511155290,,true,false,false,true,false,Best Dermatologists,Hassan - Book Appointment Online,2025-05-26T12:30:13.301Z
S.R. Skin & Hair Centre,S,4.1,24 Ratings,"Mysuru Hootagalli, Mysore",,,,true,false,false,false,true,Best Dermatologists,Hassan - Book Appointment Online,2025-05-26T12:30:13.301Z
Dr. Bhavishya K Shetty (Sdm Hospital),D,5.0,1 Rating,"Vodilnala, Dakshina Kannada",,,,true,true,false,false,false,Best Dermatologists,Hassan - Book Appointment Online,2025-05-26T12:30:13.301Z
Smart Cut Men Saloon,+,5.0,1 Rating,"18th Cross Road Hebbal, Mysore",,,,true,true,false,false,true,Best Dermatologists,Hassan - Book Appointment Online,2025-05-26T12:30:13.301Z
Dr. Arun T.,D,4.5,2 Ratings,"2main Road Hebbal, Mysore",,,,true,true,false,false,true,Best Dermatologists,Hassan - Book Appointment Online,2025-05-26T12:30:13.301Z
Supriya Hospital,+,4.2,75 Ratings,"New Street Hinkal, Mysore",,,,true,true,false,false,true,Best Dermatologists,Hassan - Book Appointment Online,2025-05-26T12:30:13.301Z
Sangama skin clinic,+,5.0,8 Ratings,"1st Floor Vijaynagar 2nd Stage, Mysore",,,,true,false,false,false,true,Best Dermatologists,Hassan - Book Appointment Online,2025-05-26T12:30:13.301Z
Inchara Polyclinic and Medical,+,5.0,2 Ratings,"SBI Main Road Hebbal, Mysore",,,,false,true,false,false,true,Best Dermatologists,Hassan - Book Appointment Online,2025-05-26T12:30:13.301Z
Vigneshwara Clinic,+,4.3,25 Ratings,"2nd Phase Vijaynagar 4th Stage, Mysore",,,,true,true,false,false,true,Best Dermatologists,Hassan - Book Appointment Online,2025-05-26T12:30:13.301Z
Dr Sahana'S Skin Clinic,+,4.9,44 Ratings,"Main Road Krishnadevaraya Circle, Mysore",,,,true,true,false,false,true,Best Dermatologists,Hassan - Book Appointment Online,2025-05-26T12:30:13.301Z
Swasthya Health Care and Diagnostic Centre,+,4.7,80 Ratings,"2nd Phase Vijaynagar 4th Stage, Mysore",,08511708102,,true,true,false,true,true,Best Dermatologists,Hassan - Book Appointment Online,2025-05-26T12:30:13.301Z
Dr Raghavendra H,D,4.0,1 Rating,"2nd Phase Vijaynagar 4th Stage, Mysore",,,,true,true,false,false,false,Best Dermatologists,Hassan - Book Appointment Online,2025-05-26T12:30:13.301Z
Dr. CHETHANA S G (Kangaroo Care Women and Children Hospital),D,5.0,1 Rating,"Road Vijaynagar 1st Stage, Mysore",,,,true,true,false,false,false,Best Dermatologists,Hassan - Book Appointment Online,2025-05-26T12:30:13.301Z
Dr. Sudheer Gowda (Vijayanagara Healthcare Centre),D,3.0,4 Ratings,"Extension. Vijaynagar 2nd Stage, Mysore",,,,true,true,false,false,false,Best Dermatologists,Hassan - Book Appointment Online,2025-05-26T12:30:13.301Z
Sampreet Skin Care Centre,S,2.6,4 Ratings,"Hunsur Main Road Hinkal, Mysore",,,,false,true,false,false,false,Best Dermatologists,Hassan - Book Appointment Online,2025-05-26T12:30:13.302Z
Mahadevswamy,M,3.3,6 Ratings,"Hinkal, Mysore",,,,true,true,false,false,false,Best Dermatologists,Hassan - Book Appointment Online,2025-05-26T12:30:13.302Z
Skin & Cosmetic Clinic( Dr. Sudhir Gowda),+,4.7,272 Ratings,"Main Road Vijaynagar 2nd Stage, Mysore",,,,true,true,false,false,true,Best Dermatologists,Hassan - Book Appointment Online,2025-05-26T12:30:13.302Z
Inchara Skin Clinic,+,4.3,12 Ratings,"Circle Main Rd Hebbal, Mysore",,,,true,true,false,false,true,Best Dermatologists,Hassan - Book Appointment Online,2025-05-26T12:30:13.302Z
Dr. Shivakumar Y M (inchara Skin Clinic),D,4.1,4 Ratings,"Bavanagudi Circle Main Rd Hebbal, Mysore",,,,true,true,false,false,true,Best Dermatologists,Hassan - Book Appointment Online,2025-05-26T12:30:13.302Z
Dr. Sahana Ks (Dr. Sahana's Skin Clinic),D,4.5,2 Ratings,"Main Road Vijaynagar 2Nd Stage, Mysore",,,,false,true,false,false,true,Best Dermatologists,Hassan - Book Appointment Online,2025-05-26T12:30:13.302Z
Dr. Ramegowda H,D,5.0,1 Rating,"2nd STG Vijaynagar Mysore, Mysore",,,,false,true,false,false,false,Best Dermatologists,Hassan - Book Appointment Online,2025-05-26T12:30:13.302Z
Dr. A D Belliappa (skin & Hair Care Centre),D,3.9,62 Ratings,"Bypass Road Gonikoppal Madikeri, Coorg",,,,true,true,false,false,false,Best Dermatologists,Hassan - Book Appointment Online,2025-05-26T12:30:13.302Z
Skin & Hair Care Centre,S,4.2,19 Ratings,"Gonikoppal Madikeri, Coorg",,,,true,true,false,false,true,Best Dermatologists,Hassan - Book Appointment Online,2025-05-26T12:30:13.302Z
A D Belliappa,A,3.9,14 Ratings,"Gonikoppal Madikeri, Coorg",,,,true,true,false,false,true,Best Dermatologists,Hassan - Book Appointment Online,2025-05-26T12:30:13.302Z
Dr. Sanjiv Kunnatur (Pragati Visions Super Speciality Eye Hospital),D,4.8,7 Ratings,"Mysore Mercara Road Hinkal, Mysore",,,,false,true,false,false,true,Best Dermatologists,Hassan - Book Appointment Online,2025-05-26T12:30:13.302Z
Priyadarshini General Hospital,+,4.3,176 Ratings,"4th cross Brindavan Extension, Mysore",,,,true,true,false,false,true,Best Dermatologists,Hassan - Book Appointment Online,2025-05-26T12:30:13.302Z
White Swan Aesthetics Hospital,+,4.8,142 Ratings,"No.837/17 Vijaynagar 1st Stage, Mysore",,,,true,true,false,false,true,Best Dermatologists,Hassan - Book Appointment Online,2025-05-26T12:30:13.302Z
BENAKA Healthcare,+,3.7,48 Ratings,"6th Main Vijaynagar 1st Stage, Mysore",,,,true,true,false,false,false,Best Dermatologists,Hassan - Book Appointment Online,2025-05-26T12:30:13.302Z
Mohan Skin & Hair Clinic,+,4.8,38 Ratings,"K D Road Vijaynagar 1st Stage, Mysore",,,,true,true,false,false,true,Best Dermatologists,Hassan - Book Appointment Online,2025-05-26T12:30:13.302Z
Ego Wellness,+,2.5,23 Ratings,"Road Vijaynagar 1st Stage, Mysore",,,,false,true,false,false,false,Best Dermatologists,Hassan - Book Appointment Online,2025-05-26T12:30:13.302Z
Dr. Ravi s,D,5.0,3 Ratings,"8th Cross Gokulam, Mysore",,,,true,true,false,false,false,Best Dermatologists,Hassan - Book Appointment Online,2025-05-26T12:30:13.302Z
Perfect Style Fashion Men's Saloon,+,4.6,4 Ratings,"Kalidasa Road Jayalakshmipuram, Mysore",,,,true,true,false,false,true,Best Dermatologists,Hassan - Book Appointment Online,2025-05-26T12:30:13.302Z
Perfectcut Hair Saloon,P,4.2,28 Ratings,"Vijaynagar 1st Stage, Mysore",,,,true,true,false,false,true,Best Dermatologists,Hassan - Book Appointment Online,2025-05-26T12:30:13.302Z
Dr. Puneetha B,+,3.0,3 Ratings,"Kalidasa Road Gokulam 2nd Stage, Mysore",,,,false,true,false,false,false,Best Dermatologists,Hassan - Book Appointment Online,2025-05-26T12:30:13.302Z
Dhanvantari Hospital,+,4.8,4 Ratings,"Dhanvantari Building Uppinangady, Mangalore",,,,true,true,false,false,true,Best Dermatologists,Hassan - Book Appointment Online,2025-05-26T12:30:13.303Z
Tejaswi Clinic,T,4.8,8 Ratings,"5th Cross Gokulam 3rd Stage, Mysore",,,,true,false,false,false,true,Best Dermatologists,Hassan - Book Appointment Online,2025-05-26T12:30:13.303Z
Dr. D.P. Jayanth (Deepa Skincare Clinic),D,4.0,26 Ratings,"3rd Stage Gokulam, Mysore",,,,true,true,false,false,true,Best Dermatologists,Hassan - Book Appointment Online,2025-05-26T12:30:13.303Z
Adhyas Healthcare Foundation,+,3.7,13 Ratings,"Contour Road Gokulam 3rd Stage, Mysore",,,,true,true,false,false,false,Best Dermatologists,Hassan - Book Appointment Online,2025-05-26T12:30:13.303Z
Lakme Salon,+,4.5,"1,925 Ratings","Kalidasa Road Jayalakshmipuram, Mysore",,,,true,true,false,false,true,Best Dermatologists,Hassan - Book Appointment Online,2025-05-26T12:30:13.303Z
Skin Care Clinic (Jayalakshmipuram),S,4.3,4 Ratings,"Kalidasa Road Jayalakshmipuram, Mysore",,,,true,true,false,false,false,Best Dermatologists,Hassan - Book Appointment Online,2025-05-26T12:30:13.303Z
Advanced Grohair & Gloskin - Mysuru,+,4.6,272 Ratings,"Kalidasa Road Jayalakshmipuram, Mysore",,09606252991,,true,true,false,true,true,Best Dermatologists,Hassan - Book Appointment Online,2025-05-26T12:30:13.303Z
Dr.hemanth Kumar R (skin Care Clinic),D,4.1,62 Ratings,"Kalidasa Road Jayalakshmipuram, Mysore",,,,true,true,false,false,true,Best Dermatologists,Hassan - Book Appointment Online,2025-05-26T12:30:13.303Z
Apollo Clinic,+,4.7,"3,652 Ratings","Panchavati Circle Vv Mohalla, Mysore",,07487868573,,true,false,false,false,true,Best Dermatologists,Hassan - Book Appointment Online,2025-05-26T12:30:13.303Z
Dakshyaini Dental and Cosmetic Clinic,<,4.6,14 Ratings,"Koppalu Main Vidya Nagar Hassan, Hassan",,08904894686,,true,true,false,true,true,Best Dentists,Hassan - Book Appointment Online,2025-05-26T12:30:58.861Z
Trupti Multispeciality Dental Clinic,<,5.0,8 Ratings,"Sampige Road Sampige Road Hassan, Hassan",,08460469375,,true,false,true,true,true,Best Dentists,Hassan - Book Appointment Online,2025-05-26T12:30:58.862Z
Maruthi Dental Clinic,<,3.0,2 Ratings,"7th Cross Road Krishnaraja Pura, Hassan",,09725500390,,true,true,false,false,true,Best Dentists,Hassan - Book Appointment Online,2025-05-26T12:30:58.862Z
Janapriya Hospital,<,4.1,321 Ratings,"Math Road Kr Puram Hassan, Hassan",,07383059057,,true,false,false,true,true,Best Dentists,Hassan - Book Appointment Online,2025-05-26T12:30:58.862Z
Sri Krishna Dental Clinic,<,4.4,4 Ratings,"Sakleshpura Road Hassan HO, Hassan",,08460412209,,true,true,false,true,true,Best Dentists,Hassan - Book Appointment Online,2025-05-26T12:30:58.862Z
Vijaya Dental Care,<,4.2,29 Ratings,"Matta Road Shankar Mutt Road, Hassan",,,,true,false,false,false,true,Best Dentists,Hassan - Book Appointment Online,2025-05-26T12:30:58.862Z
Aksha Dental Clinic,<,4.7,7 Ratings,"Salagame Road, Hassan",,07041623013,,true,true,false,true,true,Best Dentists,Hassan - Book Appointment Online,2025-05-26T12:30:58.862Z
Bharathi Multispeciality Dental Clinic,<,3.4,7 Ratings,"Road Kasturba Road Hassan, Hassan",,08460296239,,true,true,false,false,true,Best Dentists,Hassan - Book Appointment Online,2025-05-26T12:30:58.862Z
Venu Dental Clinic,<,4.4,7 Ratings,"Shankarmutt Road Kr Puram Hassan, Hassan",,08488912807,,true,true,false,false,true,Best Dentists,Hassan - Book Appointment Online,2025-05-26T12:30:58.862Z
Janatha Hospital & Research Centre,<,4.0,112 Ratings,"Race Course Road Hassan, Hassan",,,,true,true,false,true,true,Best Dentists,Hassan - Book Appointment Online,2025-05-26T12:30:58.862Z
A1 Dental Care,+,4.9,6 Ratings,"BH Road Arsikere, Hassan",,09724282854,,true,true,false,true,true,Best Dentists,Hassan - Book Appointment Online,2025-05-26T12:30:58.862Z
SSM Hospital,+,4.2,"2,024 Ratings","Mutt Road Kr Puram Hassan, Hassan",,,,true,true,false,false,true,Best Dentists,Hassan - Book Appointment Online,2025-05-26T12:30:58.862Z
Yash Multi Speciality Dental Clinic,+,5.0,16 Ratings,"Sampige Road Kr Puram Hassan, Hassan",,,,true,true,false,false,true,Best Dentists,Hassan - Book Appointment Online,2025-05-26T12:30:58.862Z
Keerthi Dental Clinic,+,5.0,1 Rating,"Above Janatha Bazar Arsikere, Hassan",,,,true,true,false,false,true,Best Dentists,Hassan - Book Appointment Online,2025-05-26T12:30:58.862Z
Mathrushree Dental Clinic,M,5.0,6 Ratings,"Hassan City, Hassan",,,,true,true,false,false,true,Best Dentists,Hassan - Book Appointment Online,2025-05-26T12:30:58.862Z
Keethi Dental Clinic,K,4.8,209 Ratings,"Tippu Nagar Arsikere, Hassan",,,,false,false,false,false,true,Best Dentists,Hassan - Book Appointment Online,2025-05-26T12:30:58.862Z
Nuface Sumukha Clinic,+,4.7,126 Ratings,"Sampige Road Kr Puram Hassan, Hassan",,,,true,true,false,false,true,Best Dentists,Hassan - Book Appointment Online,2025-05-26T12:30:58.862Z
Sri Hasanamba Dental College & Hospital,+,4.0,118 Ratings,"Vidhya Nagar Vidya Nagar Hassan, Hassan",,,,true,true,false,false,true,Best Dentists,Hassan - Book Appointment Online,2025-05-26T12:30:58.862Z
K.M dental care,+,4.8,82 Ratings,"R.C Road Hassan HO, Hassan",,,,true,true,false,false,true,Best Dentists,Hassan - Book Appointment Online,2025-05-26T12:30:58.863Z
Sanjeevani Hospital,S,3.5,96 Ratings,"Saraswathipuram Salagame Road, Hassan",,,,false,true,false,false,false,Best Dentists,Hassan - Book Appointment Online,2025-05-26T12:30:58.863Z
Advaitha Multispecialty dental clinic,+,4.9,66 Ratings,"Kunigal Bm Road, Hassan",,,,true,false,false,false,true,Best Dentists,Hassan - Book Appointment Online,2025-05-26T12:30:58.863Z
Jayalakshmi Dental Clinic,+,4.8,51 Ratings,"MAHARAJA PARK Maharaj Park Road, Hassan",,,,false,true,false,false,true,Best Dentists,Hassan - Book Appointment Online,2025-05-26T12:30:58.863Z
V Care Super Speciality Dental Hospital,+,3.9,49 Ratings,"Sampige Road Kr Puram Hassan, Hassan",,,,true,true,false,false,false,Best Dentists,Hassan - Book Appointment Online,2025-05-26T12:30:58.863Z
Apollo Bgs Hospitals,+,4.2,44 Ratings,"Road Kuvempu Nagar, Hassan",,,,true,false,false,false,true,Best Dentists,Hassan - Book Appointment Online,2025-05-26T12:30:58.863Z
SmileDENT Dental Clinic,+,4.8,36 Ratings,"Main Road Kuvempu Nagar, Hassan",,,,true,true,false,false,true,Best Dentists,Hassan - Book Appointment Online,2025-05-26T12:30:58.863Z
Dr. Bharat Kumar C (Jayalakshmi Dental Clinic),D,4.9,24 Ratings,"MAHARAJA PARK Maharaj Park Road, Hassan",,,,true,true,false,false,true,Best Dentists,Hassan - Book Appointment Online,2025-05-26T12:30:58.863Z
Mr Guru,+,4.3,23 Ratings,"BM Road Channarayapatna, Hassan",,,,true,true,false,false,true,Best Dentists,Hassan - Book Appointment Online,2025-05-26T12:30:58.863Z
Dr. Bharath Kumar,+,4.7,14 Ratings,"Aralepet Road Aralepet, Hassan",,,,true,false,false,false,true,Best Dentists,Hassan - Book Appointment Online,2025-05-26T12:30:58.863Z
Javagal Dental Clinic,J,4.5,14 Ratings,"Sampige Road Krishnaraja Pura, Hassan",,,,true,false,false,false,true,Best Dentists,Hassan - Book Appointment Online,2025-05-26T12:30:58.863Z
Benaka Dental Clinic,B,5.0,12 Ratings,"Azad Road Sakleshpur, Sakleshpur",,,,true,true,false,false,true,Best Dentists,Hassan - Book Appointment Online,2025-05-26T12:30:58.863Z
Adarsh Dental Care,A,4.8,12 Ratings,"Saraswathi Puram Arsikere, Hassan",,,,true,false,false,false,false,Best Dentists,Hassan - Book Appointment Online,2025-05-26T12:30:58.863Z
Harsha Dental Clinic,H,4.8,11 Ratings,"Arsikere, Hassan",,,,true,true,false,false,true,Best Dentists,Hassan - Book Appointment Online,2025-05-26T12:30:58.863Z
Mathrushree Multi Speciality Dental Clinic,M,4.6,11 Ratings,"Malleshwara Krupa Salagame Road, Hassan",,,,true,true,false,false,true,Best Dentists,Hassan - Book Appointment Online,2025-05-26T12:30:58.863Z
Hassan Dental Clinic,H,3.5,13 Ratings,"Bus Stand Road Bm Road, Hassan",,,,false,true,false,false,false,Best Dentists,Hassan - Book Appointment Online,2025-05-26T12:30:58.863Z
Sri Balaji Dental Clinic,S,4.8,9 Ratings,"Channarayapatna, Hassan",,,,true,true,false,false,true,Best Dentists,Hassan - Book Appointment Online,2025-05-26T12:30:58.863Z
Chethan Dental Clinic,C,2.8,14 Ratings,"Mg Road Mg Road Hassan, Hassan",,,,true,true,false,false,true,Best Dentists,Hassan - Book Appointment Online,2025-05-26T12:30:58.863Z
Pavan Dental Care And Implant Centre,P,4.6,8 Ratings,"Bangalore Honnavar Hwy Banavara, Hassan",,,,true,true,false,false,false,Best Dentists,Hassan - Book Appointment Online,2025-05-26T12:30:58.863Z
Nava ENT And Dental Care Centre,N,4.3,8 Ratings,"Rc Road Bm Road, Hassan",,,,true,true,false,false,true,Best Dentists,Hassan - Book Appointment Online,2025-05-26T12:30:58.863Z
Sri Lakshmi Dental Clinic,S,3.1,11 Ratings,"Circle Northern Extension, Hassan",,,,true,true,false,false,false,Best Dentists,Hassan - Book Appointment Online,2025-05-26T12:30:58.863Z
Rathna Dental Clinic,+,5.0,5 Ratings,"Shankarmutt Road Hassan Ho, Hassan",,,,true,false,false,false,true,Best Dentists,Hassan - Book Appointment Online,2025-05-26T12:30:58.863Z
Rathna Dental Clinic,R,5.0,5 Ratings,"5th Cross Krishnaraja Pura, Hassan",,,,true,true,false,false,false,Best Dentists,Hassan - Book Appointment Online,2025-05-26T12:30:58.863Z
Rohith Dental Clinic,R,4.6,5 Ratings,"Huliyar Road Banavara, Hassan",,,,true,true,false,false,false,Best Dentists,Hassan - Book Appointment Online,2025-05-26T12:30:58.863Z
Dr.Shamshad'S Dental Care,+,4.6,5 Ratings,"Azaad Road Ashoka Road, Sakleshpur",,,,true,true,false,false,true,Best Dentists,Hassan - Book Appointment Online,2025-05-26T12:30:58.863Z
Dr. Venu B M (Venu Dental Clinic),D,5.0,4 Ratings,"Hospital Road Hassan Ho, Hassan",,,,false,true,false,false,false,Best Dentists,Hassan - Book Appointment Online,2025-05-26T12:30:58.863Z
Dr. Mousum Banerjee (Bharathi Multispeciality Dental Clinic),D,5.0,4 Ratings,"Kastuba Road, Hassan",,,,true,false,false,false,true,Best Dentists,Hassan - Book Appointment Online,2025-05-26T12:30:58.863Z
Sayadri Dental Speciality Clinic,S,4.8,4 Ratings,"Savalanga Road Hassan Ho, Hassan",,,,true,true,false,false,true,Best Dentists,Hassan - Book Appointment Online,2025-05-26T12:30:58.863Z
Dr. Vani Nagesh (Nava Dental Clinic),D,3.8,5 Ratings,"Nava Dental Clinic Bm Road, Hassan",,,,false,true,false,false,false,Best Dentists,Hassan - Book Appointment Online,2025-05-26T12:30:58.863Z
Ravi Dental Clinic,R,4.5,4 Ratings,"Rangoli Halla Rangoli Halla, Hassan",,,,true,false,false,false,true,Best Dentists,Hassan - Book Appointment Online,2025-05-26T12:30:58.863Z
Hassan Dental Clinic,H,4.1,4 Ratings,"Vidya Bhavan Bus Stand Rd-1., Hassan",,,,false,true,false,false,false,Best Dentists,Hassan - Book Appointment Online,2025-05-26T12:30:58.863Z
Sri Nandi Dental Clinic,S,4.0,4 Ratings,"Ladies Hotel Road, Hassan",,,,true,false,false,false,false,Best Dentists,Hassan - Book Appointment Online,2025-05-26T12:30:58.864Z
Dark Light Electrical,<,4.0,5 Ratings,"Main - 6th Cross Hemavathinagar, Hassan",,08734067791,Electricians; Electrical Shops,true,true,false,false,true,Electricians,Hassan,2025-05-26T12:32:07.311Z
R N Groups,<,3.5,2 Ratings,"Near Ksrtc Bus Stand Belur, Belur",,09731948676,Electricians; Plumbers,true,true,false,false,false,Electricians,Hassan,2025-05-26T12:32:07.311Z
Shankmukha Electricals,<,5.0,1 Rating,"Road Channarayapatna, Hassan",,08460487188,Electricians; Electricians For Building,true,true,false,false,true,Electricians,Hassan,2025-05-26T12:32:07.311Z
Sri Maruthi Electronics Land,<,4.9,149 Ratings,"Kr Circle Channarayapatna, Hassan",,,Electrical Shops; Electricians,true,true,false,false,true,Electricians,Hassan,2025-05-26T12:32:07.311Z
Sri Virabadreshwara Electricals,<,3.5,2 Ratings,"Aralikatte Road Salagame Road, Hassan",,08460494448,Electricians; Birthday Party Decorators,true,true,false,false,false,Electricians,Hassan,2025-05-26T12:32:07.311Z
Vaishnavi Electrical Contractor,<,4.0,2 Ratings,"Channarayapatna, Hassan",,,Electricians; Electricians For Commercial,true,true,false,false,false,Electricians,Hassan,2025-05-26T12:32:07.311Z
Hms Electrical,<,3.9,7 Ratings,"Vallabai Road HASSAN CITY, Hassan",,,,true,true,false,false,true,Electricians,Hassan,2025-05-26T12:32:07.312Z
Sw Construction,<,3.7,3 Ratings,"Hilayi Nagara Pension Mohalla, Hassan",,,24 Hours Open,true,true,false,false,false,Electricians,Hassan,2025-05-26T12:32:07.312Z
S A Royal Electricians,<,4.8,11 Ratings,"K R PURAM Bm Road, Hassan",,,Electricians; Electrical Contractors,true,true,false,false,true,Electricians,Hassan,2025-05-26T12:32:07.312Z
SP Technology,<,5.0,1 Rating,"Hassan Channapatna Extension, Hassan",,,,true,true,false,false,true,Electricians,Hassan,2025-05-26T12:32:07.312Z
Jai Hanuman Electronics,+,4.4,24 Ratings,"Doddabasti Road, Hassan",,,DTH TV Broadcast Service Providers; Electricians,true,true,false,false,true,Electricians,Hassan,2025-05-26T12:32:07.312Z
Isha Electrical and Hardwares,+,4.9,25 Ratings,"Ring Road Vidya Nagar Hassan, Hassan",,,24 Hours Open,true,true,false,false,true,Electricians,Hassan,2025-05-26T12:32:07.313Z
Durga Solution,+,4.8,4 Ratings,"Circle Channapatna Extension, Hassan",,,24 Hours Open,true,true,false,false,true,Electricians,Hassan,2025-05-26T12:32:07.313Z
Electro Cooling Solutions,+,4.7,42 Ratings,"Main Road Vivekanagara, Hassan",,,Wiring,true,true,false,false,true,Electricians,Hassan,2025-05-26T12:32:07.313Z
Hafeez Electricals,+,5.0,1 Rating,"80 Feet Road Hassan Ho, Hassan",,,Electricians; Electrical Contractors,true,true,false,false,true,Electricians,Hassan,2025-05-26T12:32:07.313Z
Royal Electrician,+,4.8,38 Ratings,"Adlimane Road Santhi Nagar, Hassan",,,Electricians; Electrical Installation Services,true,true,false,false,true,Electricians,Hassan,2025-05-26T12:32:07.313Z
S A Royal Electrician,S,4.9,23 Ratings,"Oppo Ideal Gym Tippu Nagar, Hassan",,,Electricians,true,true,false,false,true,Electricians,Hassan,2025-05-26T12:32:07.313Z
Al Ameer Home Services,+,4.3,22 Ratings,"Bm Road, Hassan",,,LPG Gas Pipe Line Installation Services; Electricians,true,true,false,false,true,Electricians,Hassan,2025-05-26T12:32:07.313Z
Visakha Electricals and Services,+,4.7,16 Ratings,"Hassan HO, Hassan",,,Electrical Installation Services; Electricians,true,true,false,false,true,Electricians,Hassan,2025-05-26T12:32:07.313Z
Rathor Technician,+,4.8,14 Ratings,"Ammeer Mohalla, Hassan",,,Electricians; Electrical Installation Services,true,true,false,false,true,Electricians,Hassan,2025-05-26T12:32:07.313Z
Classic Auto Electrical Works,+,4.8,14 Ratings,"Ashoka Road, Sakleshpur",,,Electricians,true,true,false,false,true,Electricians,Hassan,2025-05-26T12:32:07.313Z
Madhu Electricals (Class 1 Electric Contractor),M,4.0,15 Ratings,"Bm Road, Hassan",,,Electrical Contractors For Building; Electricians,false,true,false,false,false,Electricians,Hassan,2025-05-26T12:32:07.313Z
A.M Electrical Engineering Works,+,5.0,12 Ratings,"River Bank Road Holenarasipur, Hassan",,,Doorbell; Refrigerator; Fan,true,true,false,false,true,Electricians,Hassan,2025-05-26T12:32:07.313Z
S R Power Expert Electrician And Lightings,+,4.5,13 Ratings,"80 Feet Road Pension Mohalla, Hassan",,,Electricians,true,true,false,false,false,Electricians,Hassan,2025-05-26T12:32:07.313Z
Roya Electric And Plumbing Work,+,5.0,9 Ratings,"Bypass Road Arkalgud Arkalgud, Hassan",,,Electricians; Electrical Contractors,true,true,false,false,true,Electricians,Hassan,2025-05-26T12:32:07.314Z
Krishna Electrical & Home Appliances,+,4.6,9 Ratings,"Old Bus Stand Road Hassan City, Hassan",,,Electricians For Commercial; Electricians,false,true,false,false,true,Electricians,Hassan,2025-05-26T12:32:07.314Z
Jayanth Electrician,J,4.3,6 Ratings,"Bagivalu, Hassan",,,Electricians; Electrical Contractors,true,true,false,false,false,Electricians,Hassan,2025-05-26T12:32:07.314Z
Electro Cooling Solution,+,5.0,5 Ratings,"Vivekanagara Vivekanagara, Hassan",,,Electricians; Water Purifier Dealers,true,true,false,false,true,Electricians,Hassan,2025-05-26T12:32:07.314Z
Yash Constuction and Interiors,Y,3.4,5 Ratings,"Hassan Belur Road Belur Road, Hassan",,,Building,true,true,false,false,true,Electricians,Hassan,2025-05-26T12:32:07.314Z
Aarzoo Electricals and Home Appliances Repairs,A,3.8,4 Ratings,"Hassan HO, Hassan",,,Mixer Grinder Repair & Services-Sumeet; Electricians,true,true,false,false,false,Electricians,Hassan,2025-05-26T12:32:07.314Z
Mr Electrical And Plumbing Cctv,M,5.0,3 Ratings,"Fast Cross Hassan HASSAN CITY, Hassan",,,Plumbers; Electricians,true,true,false,false,true,Electricians,Hassan,2025-05-26T12:32:07.314Z
Ravi Electricals,R,5.0,3 Ratings,"Azad Road Subhash Square, Hassan",,,Electricians; Electrical Goods Dealers,true,true,false,false,false,Electricians,Hassan,2025-05-26T12:32:07.314Z
Yashu Tv Sales And Repair Services,+,4.7,3 Ratings,"Road Hemavathi Nagara Hassan HO, Hassan",,,Home Appliance Dealers; Electricians,true,true,false,false,true,Electricians,Hassan,2025-05-26T12:32:07.314Z
Sri S R S Electrical,+,4.3,3 Ratings,"Main Road Sakleshpur, Sakleshpur",,,Electricians; Electrical Contractors,true,true,false,false,true,Electricians,Hassan,2025-05-26T12:32:07.314Z
Yash Electrician,+,3.5,3 Ratings,"Salagame Road Hemavathinagar, Hassan",,,LCD TV Repair & Services; Electricians,true,true,false,false,true,Electricians,Hassan,2025-05-26T12:32:07.314Z
Sri Kalleswra Prasana,S,5.0,2 Ratings,"Channarayapatna, Hassan",,,Electricians; Borewell Contractors,true,true,false,false,true,Electricians,Hassan,2025-05-26T12:32:07.314Z
Nikhil Electrical,+,5.0,2 Ratings,"Belur, Belur",,,CCTV Dealers; Electricians,true,true,false,false,true,Electricians,Hassan,2025-05-26T12:32:07.314Z
Kaveri Electricals All Dth Service AMD Furnitur,K,4.8,2 Ratings,"Arkalgud Main Road Holenarsipur, Hassan",,,Wiring,true,true,false,false,true,Electricians,Hassan,2025-05-26T12:32:07.314Z
Deepak Electronics,D,4.5,2 Ratings,"Nagar Hassan Bm Road, Hassan",,,Electricians,false,true,false,false,false,Electricians,Hassan,2025-05-26T12:32:07.314Z
Be cool events and tents,B,4.0,2 Ratings,"Tejur, Hassan",,,24 Hours Open,true,true,false,false,false,Electricians,Hassan,2025-05-26T12:32:07.314Z
Nihal Electricals,+,4.0,2 Ratings,"Marga Road Vidya Nagar Hassan, Hassan",,,Electricians; Electrical Shops,true,true,false,false,false,Electricians,Hassan,2025-05-26T12:32:07.315Z
Electrician Venkatesh,E,4.0,2 Ratings,,,,Electricians,false,true,false,false,false,Electricians,Hassan,2025-05-26T12:32:07.315Z
Shivu Events And Home Needs,+,3.8,2 Ratings,"Aralepet, Hassan",,,Car Decoration; 24 Hours Open,true,true,false,false,false,Electricians,Hassan,2025-05-26T12:32:07.315Z
Kukkeshree Electrical Works,K,3.8,2 Ratings,"Bagur Road Channarayapatna, Hassan",,,Electricians; Electricians For Residence,true,true,false,false,false,Electricians,Hassan,2025-05-26T12:32:07.315Z
Sanvi Electricals,+,3.8,2 Ratings,"Road Channarayapatna Fort, Hassan",,,Electricians; Electrical Contractors,true,true,false,false,false,Electricians,Hassan,2025-05-26T12:32:07.315Z
Bhyrava Gas Geyser &Electricals Electronics,+,2.8,2 Ratings,"Aralikatte Road Salagame Road, Hassan",,,Electricians; Water Purifier Repair & Services,true,true,false,false,false,Electricians,Hassan,2025-05-26T12:32:07.315Z
Sri Ranganatha Electricals and hardware,+,5.0,1 Rating,"Belur Road Thanniruhalla, Hassan",,,Electrical Goods Dealers; Electricians,true,true,false,false,true,Electricians,Hassan,2025-05-26T12:32:07.315Z
SLR Crane Service - Hirisave,S,5.0,1 Rating,"B.M Road Hirisave, Hassan",,,Electricians; JCB Hire,true,true,false,false,true,Electricians,Hassan,2025-05-26T12:32:07.315Z
BEST Electricals,+,5.0,1 Rating,"Old Post Office Road Bm Road, Hassan",,,24 Hours Open,true,true,false,false,true,Electricians,Hassan,2025-05-26T12:32:07.315Z
Sampada Interiors,S,5.0,1 Rating,"Channarayapatna, Hassan",,,Electricians; Plumbers,true,true,false,false,true,Electricians,Hassan,2025-05-26T12:32:07.315Z
Sairam Enterprises,S,5.0,1 Rating,"Hosalen Road Hosaline Road, Hassan",,,24 Hours Open,true,true,false,false,false,Electricians,Hassan,2025-05-26T12:32:07.315Z
G M Electricals,G,5.0,1 Rating,"Temple Race Course Road Hassan, Hassan",,,Electricians; Electricians For Residence,true,true,false,false,false,Electricians,Hassan,2025-05-26T12:32:07.315Z
Nageshwar Electricals,+,5.0,1 Rating,"Temple Street Hassan HO, Hassan",,,Electricians; Electrical Shops,true,true,false,false,false,Electricians,Hassan,2025-05-26T12:32:07.316Z
ranghaswami electrical and hardware,r,5.0,1 Rating,"Main Road Keralapura, Hassan",,,Electricians; Plumbers,true,true,false,false,false,Electricians,Hassan,2025-05-26T12:32:07.316Z
Balaji Electricals,B,5.0,1 Rating,"Temple Road Holenarsipur, Hassan",,,Electricians; Electricians For Industries,true,true,false,false,false,Electricians,Hassan,2025-05-26T12:32:07.316Z
Raghavendra Electrical's,+,4.0,1 Rating,"Baagur Road Channarayapatna, Hassan",,,Electrical Goods Dealers; Electricians,true,true,false,false,false,Electricians,Hassan,2025-05-26T12:32:07.316Z
Sri Manjunath Electricals,S,4.0,1 Rating,"Kamalapura Harahahalli, Hassan",,,Electricians; Electrical Contractors,true,true,false,false,false,Electricians,Hassan,2025-05-26T12:32:07.316Z
Bharat Auto Electrician Works,+,3.5,1 Rating,"Thiputur Road Dudda, Hassan",,,Electricians; UPS Dealers,true,true,false,false,false,Electricians,Hassan,2025-05-26T12:32:07.316Z
Vinayaka Hardware And Traders,V,3.0,1 Rating,"Nuggihalli, Hassan",,,Interior paint,true,true,false,false,false,Electricians,Hassan,2025-05-26T12:32:07.316Z
Sri Nandi Electricals,+,5.0,4 Ratings,"Somwarpet (T) Kodlipet Madikeri, Coorg",,,Electricians; Electrical Contractors,true,true,false,false,false,Electricians,Hassan,2025-05-26T12:32:07.316Z
Smacna Engineering Pvt Ltd,+,3.5,2 Ratings,"Mehabub Gunj Shah Gunj Bidar, Bidar",,,AC Dealers; Electricians,true,true,false,false,false,Electricians,Hassan,2025-05-26T12:32:07.316Z
Suryanarayana,S,4.0,1 Rating,,,,Electricians,true,true,false,false,false,Electricians,Hassan,2025-05-26T12:32:07.316Z
Shankar Electricals,S,4.4,5 Ratings,"Koppal Extension Kikkeri, Mandya",,,Industrial Electrical Contractors; Electricians,true,true,false,false,true,Electricians,Hassan,2025-05-26T12:32:07.316Z
Babu Electricals,B,3.0,1 Rating,"Linganna Complex Kr Extn Tiptur, Tumkur",,,Electricians; Electricians For Residence,true,true,false,false,false,Electricians,Hassan,2025-05-26T12:32:07.316Z
Class One Electricals Contractor,C,5.0,1 Rating,"Chikmagalur HO, Chikmagalur",,,Electricians; Electrical Contractors,true,true,false,false,false,Electricians,Hassan,2025-05-26T12:32:07.316Z
Global electrical,G,5.0,1 Rating,"Belur Road Adarsha Nagara, Chikmagalur",,,24 Hours Open,true,true,false,false,true,Electricians,Hassan,2025-05-26T12:32:07.316Z
Ss Electricals,+,5.0,36 Ratings,"2nd Cross Kalidasa Nagar, Chikmagalur",,,Electricians,true,true,false,false,true,Electricians,Hassan,2025-05-26T12:32:07.316Z
AB Enterprises,A,4.8,2 Ratings,"Sharadha Nagar Tiptur, Tumkur",,,Electricians; Pop Contractors,true,true,false,false,true,Electricians,Hassan,2025-05-26T12:32:07.316Z
Shree Annapoorneshwari Electricals And Motor Rewinding Works,+,4.0,6 Ratings,"Road Market Road Chikmagalur, Chikmagalur",,,Electricians; Electric Motor Rewinding Services,true,true,false,false,false,Electricians,Hassan,2025-05-26T12:32:07.316Z
Marulasiddeswara Electrical Works,+,3.0,1 Rating,"Bypass, Chikmagalur",,,Electricians For Commercial; Electricians,true,true,false,false,false,Electricians,Hassan,2025-05-26T12:32:07.316Z
ZS Traders,+,4.4,5 Ratings,"Market Road Chikmagalur, Chikmagalur",,,24 Hours Open,true,true,false,false,true,Electricians,Hassan,2025-05-26T12:32:07.317Z
St. Anthony electronics,+,4.0,1 Rating,"Nehru Road Chikmagalur, Chikmagalur",,,Electricians; Generators On Rent,true,true,false,false,false,Electricians,Hassan,2025-05-26T12:32:07.317Z
Jyothi Industries,+,4.7,5 Ratings,"Barline Road Adarsha Nagara, Chikmagalur",,,Electricians; Motor Rewinding Services,true,true,false,false,true,Electricians,Hassan,2025-05-26T12:32:07.317Z
Jyothi Electrical Services,+,5.0,1 Rating,"Mallandur Road, Chikmagalur",,,Electricians; Construction Contractors,true,true,false,false,true,Electricians,Hassan,2025-05-26T12:32:07.317Z
Lifease Home Services,L,4.8,3 Ratings,"Devanna Pai Layout Uppalli, Chikmagalur",,,24 Hours Open,true,true,false,false,true,Electricians,Hassan,2025-05-26T12:32:07.317Z
Manu Electrical Contractor,M,4.0,2 Ratings,"Hanasoge, Mysore",,,Electricians,true,true,false,false,false,Electricians,Hassan,2025-05-26T12:32:07.317Z
Chethu Electricals,+,3.0,2 Ratings,"Somwarpet Somwarpet, Coorg",,,Electricians; Electricians For Residence,true,true,false,false,false,Electricians,Hassan,2025-05-26T12:32:07.317Z
A R Enterprises,+,4.5,2 Ratings,"Kaluve Vijayapuram Chikmagalur, Chikmagalur",,,Government Approved Civil Contractors; Electricians,true,true,false,false,true,Electricians,Hassan,2025-05-26T12:32:07.317Z
brahmashree constructions,+,5.0,5 Ratings,"Mudigere Mudigere, Chikmagalur",,,Civil Contractors; Electricians,true,true,false,false,true,Electricians,Hassan,2025-05-26T12:32:07.317Z
Adiga Electro Services,A,3.5,1 Rating,"Saligrama, Mysore",,,Electricians,true,true,false,false,false,Electricians,Hassan,2025-05-26T12:32:07.317Z
Mr Gagan,+,4.6,5 Ratings,"Somwarpet, Coorg",,,Electricians,true,true,false,false,false,Electricians,Hassan,2025-05-26T12:32:07.317Z
Shivajothi Electricals,S,4.4,5 Ratings,"Road Vijayapuram Chikmagalur, Chikmagalur",,,Electricians; Electricians For Residence,true,true,false,false,true,Electricians,Hassan,2025-05-26T12:32:07.317Z
Power Electrical,P,5.0,1 Rating,"Somwarpet, Coorg",,,Electrical Shops; Electricians,true,true,false,false,true,Electricians,Hassan,2025-05-26T12:32:07.317Z
Sree Maruthi Enterprises,+,5.0,5 Ratings,"Old Mysore Road Krishnarajapete, Mandya",,,Electricians; Plumbers,false,true,false,false,true,Electricians,Hassan,2025-05-26T12:32:07.317Z
Sri Ramanjaneya Electricals,S,5.0,2 Ratings,"Kalahalli Kallahalli, Mandya",,,Electricians; Labour Contractors,true,true,false,false,true,Electricians,Hassan,2025-05-26T12:32:07.317Z
T Chikkanarasaiah,T,5.0,1 Rating,"Tumkur, Seegur",,,Electricians,true,true,false,false,false,Electricians,Hassan,2025-05-26T12:32:07.317Z
Bhairava Electricals and Plumbers,+,4.3,3 Ratings,"3rd Cross Kushalnagar, Coorg",,,Electricians; Plumbers,true,true,false,false,true,Electricians,Hassan,2025-05-26T12:32:07.317Z
Hr Electrical And Electronics,+,3.1,11 Ratings,"Bypass Road Kushalnagar, Coorg",,,24 Hours Open,true,true,false,false,false,Electricians,Hassan,2025-05-26T12:32:07.317Z
Pars Traders & Consultants,P,3.8,14 Ratings,"Harangi Road Kushalnagar, Coorg",,,Earthmovers On Rent-JCB; Villas On Rent,true,true,false,false,false,Electricians,Hassan,2025-05-26T12:32:07.317Z
Surabhi Enterprises,S,5.0,1 Rating,"Madikeri Kushalnagar, Coorg",,,Electricians; Electrical Contractors,true,true,false,false,true,Electricians,Hassan,2025-05-26T12:32:07.317Z
Shree Durgi Electricals,S,3.5,2 Ratings,"Kushalnagar, Coorg",,09980737485,Electricians; Electrical Shops,true,true,false,false,false,Electricians,Hassan,2025-05-26T12:32:07.317Z
A1 core cutters,A,5.0,1 Rating,"Head Post Office Road Kadur, Chikmagalur",,,Electricians; Construction Contractors,true,true,false,false,true,Electricians,Hassan,2025-05-26T12:32:07.317Z
Nakshathra,+,4.9,8 Ratings,"Bapooji Extension Kushalnagar, Coorg",,,Geyser Dealers; Electricians,true,true,false,false,true,Electricians,Hassan,2025-05-26T12:32:07.318Z
M G N Car Care,M,4.0,2 Ratings,"Bypass Road Kushalnagar, Coorg",,,Electricians; Electrical Goods Repair & Services,false,true,false,false,false,Electricians,Hassan,2025-05-26T12:32:07.318Z
Dadapeer Electrician,D,4.7,3 Ratings,"Holgata Post Kadur, Chikmagalur",,,Electricians; Electrical Contractors,true,true,false,false,true,Electricians,Hassan,2025-05-26T12:32:07.318Z
Lakshmi Electricals,L,4.0,2 Ratings,"Shivamogga Main Road Kadur, Chikmagalur",,,Electricians; Electrical Contractors,true,true,false,false,false,Electricians,Hassan,2025-05-26T12:32:07.318Z
Sri Nimishamba Electricals,S,4.7,3 Ratings,"Mashidi Circle Arkalgud, Hassan",,,Electrical Contractors; Electricians,true,true,false,false,true,Electricians,Hassan,2025-05-26T12:32:07.318Z
Manju Electricals,M,1.8,2 Ratings,"Eshwar Temple Road Konanur, Hassan",,,Electricians; Electrical Contractors,true,true,false,false,false,Electricians,Hassan,2025-05-26T12:32:07.318Z
Shankar Electricals,S,2.0,1 Rating,"Hassan Road Arsikere, Hassan",,,Electricians; CCTV Dealers,true,true,false,false,false,Electricians,Hassan,2025-05-26T12:32:07.318Z
Balaji Electricals,B,2.0,1 Rating,"Peta Main Road Holenarsipur, Hassan",,,Wiring,true,true,false,false,false,Electricians,Hassan,2025-05-26T12:32:07.318Z
Charitha Builders,<,4.0,2 Ratings,"Tejur Post Chikkakondagola, Hassan",,08460430955,Real Estate Agents; Estate Agents For Residential Rental,true,true,false,true,true,Trusted Estate Agents,"Hassan for Property Buying, Selling & Rentals",2025-05-26T12:34:03.694Z
PGR Real Estates,<,4.2,11 Ratings,"Belur Road, Hassan",,,Estate Agents For Commercial Rental; Real Estate Agents,true,true,false,false,true,Trusted Estate Agents,"Hassan for Property Buying, Selling & Rentals",2025-05-26T12:34:03.695Z
Ananda Real Estate,<,4.3,8 Ratings,"PR Kalyana Mantapa Holenarsipur, Hassan",,09972317467,Real Estate Agents; Estate Agents For Residential Rental,true,true,false,true,true,Trusted Estate Agents,"Hassan for Property Buying, Selling & Rentals",2025-05-26T12:34:03.695Z
Sri Lakshmi Real Estate,<,4.9,17 Ratings,"Bm Road, Hassan",,09980260398,Commission,true,true,false,true,true,Trusted Estate Agents,"Hassan for Property Buying, Selling & Rentals",2025-05-26T12:34:03.695Z
Sri Guru Ganesh Real Estate Agencies,<,5.0,10 Ratings,"Holenarsipura Holenarsipur, Hassan",,08490944260,Online Appointments,true,true,false,true,true,Trusted Estate Agents,"Hassan for Property Buying, Selling & Rentals",2025-05-26T12:34:03.695Z
Sri Balaji Real Estate,<,4.9,7 Ratings,"Towards Ring Road Vivekanagara, Hassan",,08488926515,Estate Agents For Bungalow; Real Estate Agents,true,true,false,true,true,Trusted Estate Agents,"Hassan for Property Buying, Selling & Rentals",2025-05-26T12:34:03.695Z
Hassan Projects Pvt Ltd,<,4.3,10 Ratings,"Ring Road, Hassan",,08511640191,Digital; Residential,true,true,false,false,true,Trusted Estate Agents,"Hassan for Property Buying, Selling & Rentals",2025-05-26T12:34:03.695Z
M D REAL ESTATE,<,5.0,1 Rating,"Forest Road Bustenahalli, Hassan",,08460389100,Real Estate Agents; Estate Agents For Residential Rental,true,true,false,false,true,Trusted Estate Agents,"Hassan for Property Buying, Selling & Rentals",2025-05-26T12:34:03.695Z
Sri Siddhi Vinayaka Paying Guest,<,3.9,35 Ratings,"Salgame Road Salagame Road, Hassan",,07022619447,,true,true,false,true,true,Trusted Estate Agents,"Hassan for Property Buying, Selling & Rentals",2025-05-26T12:34:03.695Z
Venkateswara Real Estate,<,3.0,2 Ratings,"TEMPLE STREET Hosaline Road, Hassan",,,,true,true,false,false,false,Trusted Estate Agents,"Hassan for Property Buying, Selling & Rentals",2025-05-26T12:34:03.695Z
Property Solution and Real Estate,P,5.0,4 Ratings,"Bm Road Kuvempu Nagar, Hassan",,,,true,true,false,false,true,Trusted Estate Agents,"Hassan for Property Buying, Selling & Rentals",2025-05-26T12:34:03.696Z
Sri Manjunatha Real Estate Agent,+,4.4,22 Ratings,"2nd Main Road Kuvempu Nagar, Hassan",,08401929867,,true,true,false,false,true,Trusted Estate Agents,"Hassan for Property Buying, Selling & Rentals",2025-05-26T12:34:03.696Z
Sree Ram Enterprises,+,4.0,1 Rating,"Gk Channarayapatna, Hassan",,,Real Estate Agents; Estate Agents For Residential Rental,true,true,false,false,false,Trusted Estate Agents,"Hassan for Property Buying, Selling & Rentals",2025-05-26T12:34:03.696Z
Sri Lakshmi Venkateshwara Real Estate Agency,+,4.8,3 Ratings,"Ballupet Circle Ballupet, Hassan",,,Real Estate Agents; Estate Agents For Residential Rental,true,true,false,false,true,Trusted Estate Agents,"Hassan for Property Buying, Selling & Rentals",2025-05-26T12:34:03.696Z
Shreeman Associates,+,5.0,11 Ratings,"Circle Northern Extension, Hassan",,,Commission; Government Verified; Quick Visit,true,true,false,false,true,Trusted Estate Agents,"Hassan for Property Buying, Selling & Rentals",2025-05-26T12:34:03.696Z
Property Solutions,+,4.6,5 Ratings,"Hemavaty Hospital Road Bm Road, Hassan",,,Real Estate Agents; Estate Agents For Residential Rental,true,true,false,false,true,Trusted Estate Agents,"Hassan for Property Buying, Selling & Rentals",2025-05-26T12:34:03.696Z
Hirvate Estate,+,4.8,310 Ratings,"Holalu Alur, Hassan",,,Fireplace,true,true,false,false,true,Trusted Estate Agents,"Hassan for Property Buying, Selling & Rentals",2025-05-26T12:34:03.696Z
Linger Varshini Estate,L,4.4,173 Ratings,"Road Sakleshpur Market Road, Sakleshpur",,,Real Estate Agents; Estate Agents For Residence,true,true,false,false,true,Trusted Estate Agents,"Hassan for Property Buying, Selling & Rentals",2025-05-26T12:34:03.696Z
Adavi Gowda Petrole Bunk,+,3.7,169 Ratings,"G Road MG Road Hassan, Hassan",,,Estate Agents For Residence; Real Estate Agents,true,true,false,false,false,Trusted Estate Agents,"Hassan for Property Buying, Selling & Rentals",2025-05-26T12:34:03.696Z
Srushti Group,+,4.2,78 Ratings,"Salagame Road Salagame, Hassan",,,Real Estate Agents; Corporate Companies,true,true,false,false,true,Trusted Estate Agents,"Hassan for Property Buying, Selling & Rentals",2025-05-26T12:34:03.696Z
Coffee Estate,+,4.0,67 Ratings,"- Mangaluru Highway Sakleshpur, Sakleshpur",,,Real Estate Agents; Estate Agents For Residence,true,true,false,false,true,Trusted Estate Agents,"Hassan for Property Buying, Selling & Rentals",2025-05-26T12:34:03.696Z
Sri Kadumane Estate Company,S,4.3,62 Ratings,"Maranahalli, Sakleshpur",,,Real Estate Agents; Estate Agents For Residence,false,true,false,false,true,Trusted Estate Agents,"Hassan for Property Buying, Selling & Rentals",2025-05-26T12:34:03.696Z
Doddagolla Estate,D,4.1,33 Ratings,"Nh 76 Watehalli, Hassan",,,Real Estate Agents; Estate Agents For Residence,true,true,false,false,false,Trusted Estate Agents,"Hassan for Property Buying, Selling & Rentals",2025-05-26T12:34:03.696Z
Property One Realty,+,4.8,19 Ratings,"Makan Road Ashoka Road, Sakleshpur",,,Real Estate Agents; Property Consultants,true,true,false,false,true,Trusted Estate Agents,"Hassan for Property Buying, Selling & Rentals",2025-05-26T12:34:03.696Z
Villbiz,+,4.6,19 Ratings,"to Mangalore Road Sakleshpur, Sakleshpur",,,Real Estate Agents; Estate Agents For Residential Rental,true,true,false,false,true,Trusted Estate Agents,"Hassan for Property Buying, Selling & Rentals",2025-05-26T12:34:03.697Z
Ali sons estate,A,4.5,14 Ratings,"Malasavara Malasavara, Hassan",,,Real Estate Agents; Estate Agents For Residence,true,true,false,false,false,Trusted Estate Agents,"Hassan for Property Buying, Selling & Rentals",2025-05-26T12:34:03.697Z
St Anthony's Estate,S,4.7,12 Ratings,"Belur Road Arehalli Hassan, Hassan",,,Real Estate Agents; Estate Agents For Residence,true,true,false,false,false,Trusted Estate Agents,"Hassan for Property Buying, Selling & Rentals",2025-05-26T12:34:03.697Z
Hassan Infra Pvt Ltd,H,4.8,11 Ratings,"Ring Road Rangoli Halla, Hassan",,,Real Estate Agents; Estate Agents For Residence,true,true,false,false,true,Trusted Estate Agents,"Hassan for Property Buying, Selling & Rentals",2025-05-26T12:34:03.697Z
Pavithra Real Estate,P,3.7,14 Ratings,"Ring Road Vidya Nagar Hassan, Hassan",,,Real Estate Agents; Estate Agents For Residential Rental,false,true,false,false,false,Trusted Estate Agents,"Hassan for Property Buying, Selling & Rentals",2025-05-26T12:34:03.697Z
Kamakshi Estate,K,4.7,11 Ratings,"Sakleshpura Road Udevara, Hassan",,,Real Estate Agents; Estate Agents For Residence,true,true,false,false,false,Trusted Estate Agents,"Hassan for Property Buying, Selling & Rentals",2025-05-26T12:34:03.697Z
True Coffee Properties Consultant,+,4.6,11 Ratings,"1st Main Road Sakleshpur, Sakleshpur",,,Real Estate Agents; Estate Agents For Land,true,true,false,false,true,Trusted Estate Agents,"Hassan for Property Buying, Selling & Rentals",2025-05-26T12:34:03.697Z
Sairam Real Estate,S,4.2,12 Ratings,"Maharaja Park Hassan HO, Hassan",,,Estate Agents For Commercial Rental; Real Estate Agents,true,true,false,false,true,Trusted Estate Agents,"Hassan for Property Buying, Selling & Rentals",2025-05-26T12:34:03.697Z
Hole Belluru,H,4.1,12 Ratings,"Bellur Belluru, Hassan",,,Estate Agents For Gated Community Flats; Real Estate Agents,false,true,false,false,false,Trusted Estate Agents,"Hassan for Property Buying, Selling & Rentals",2025-05-26T12:34:03.697Z
Raxidi Bawa Estate,+,4.4,11 Ratings,"Kyamanahalli, Hassan",,,Real Estate Agents; Estate Agents For Residence,true,true,false,false,false,Trusted Estate Agents,"Hassan for Property Buying, Selling & Rentals",2025-05-26T12:34:03.697Z
Arohana Ventures,A,4.5,10 Ratings,"R C Road Hemavathinagar, Hassan",,,Real Estate Agents; Estate Agents For Residence,true,true,false,false,true,Trusted Estate Agents,"Hassan for Property Buying, Selling & Rentals",2025-05-26T12:34:03.697Z
Eshwari Enterprises,E,3.7,12 Ratings,"Main Road Mg Road Hassan, Hassan",,,Estate Agents For Residence; Real Estate Agents,true,true,false,false,false,Trusted Estate Agents,"Hassan for Property Buying, Selling & Rentals",2025-05-26T12:34:03.697Z
Geetha Estate,+,3.4,13 Ratings,"12 Dandudih Hennali, Hassan",,,Real Estate Agents; Estate Agents For Residence,true,true,false,false,false,Trusted Estate Agents,"Hassan for Property Buying, Selling & Rentals",2025-05-26T12:34:03.697Z
H M Erappa Estate,H,4.9,9 Ratings,"Malagalale, Hassan",,,Real Estate Agents; Estate Agents For Residence,true,true,false,false,false,Trusted Estate Agents,"Hassan for Property Buying, Selling & Rentals",2025-05-26T12:34:03.697Z
Devi Enterprises,+,4.4,9 Ratings,"Arsikere Road Hassan HO, Hassan",,,,true,true,false,false,true,Trusted Estate Agents,"Hassan for Property Buying, Selling & Rentals",2025-05-26T12:34:03.697Z
S & S Real Estate,S,4.5,8 Ratings,"Road Hassan Mysore Road Hassan, Hassan",,,Real Estate Agents; Estate Agents For Residence,true,true,false,false,true,Trusted Estate Agents,"Hassan for Property Buying, Selling & Rentals",2025-05-26T12:34:03.697Z
Annapoorna Estate,A,4.4,7 Ratings,"Bakkaravalli, Hassan",,,Real Estate Agents; Estate Agents For Residence,true,true,false,false,false,Trusted Estate Agents,"Hassan for Property Buying, Selling & Rentals",2025-05-26T12:34:03.697Z
Mahala Eatate,M,4.0,7 Ratings,"Kodaganahalli, Hassan",,,Real Estate Agents; Estate Agents For Residence,true,true,false,false,false,Trusted Estate Agents,"Hassan for Property Buying, Selling & Rentals",2025-05-26T12:34:03.698Z
Honey Dew Estate,H,4.6,6 Ratings,"Hebbasale, Sakleshpur",,,Real Estate Agents; Estate Agents For Residence,true,true,false,false,false,Trusted Estate Agents,"Hassan for Property Buying, Selling & Rentals",2025-05-26T12:34:03.698Z
B M R Agencies,B,4.0,6 Ratings,"K H B Colony Hassan Ho, Hassan",,,Real Estate Agents; Estate Agents For Residence,false,true,false,false,false,Trusted Estate Agents,"Hassan for Property Buying, Selling & Rentals",2025-05-26T12:34:03.698Z
New Judicial Quarts,N,4.4,5 Ratings,"Jaya Nagar, Hassan",,,Estate Agents For Gated Community Flats; Real Estate Agents,false,true,false,false,false,Trusted Estate Agents,"Hassan for Property Buying, Selling & Rentals",2025-05-26T12:34:03.698Z
Saragahalli Estate,S,4.5,4 Ratings,"Saragahalli, Hassan",,,Real Estate Agents; Estate Agents For Commercial Spaces,false,true,false,false,false,Trusted Estate Agents,"Hassan for Property Buying, Selling & Rentals",2025-05-26T12:34:03.698Z
Dharmaraju Estate Limited,D,3.9,4 Ratings,"Arekere, Sakleshpur",,,Real Estate Agents; Estate Agents For Residence,true,true,false,false,false,Trusted Estate Agents,"Hassan for Property Buying, Selling & Rentals",2025-05-26T12:34:03.698Z
Bhudeva Real Estate & Land Developers,+,3.1,5 Ratings,"M.G.Road MG Road Hassan, Hassan",,,Real Estate Agents; Estate Agents For Residential Rental,true,true,false,false,false,Trusted Estate Agents,"Hassan for Property Buying, Selling & Rentals",2025-05-26T12:34:03.698Z
Imran Khan Real Estate,I,5.0,3 Ratings,"Road Kushalnagar Ext Sakleshpur, Sakleshpur",,,Estate Agents For Bungalow; Real Estate Agents,true,true,false,false,true,Trusted Estate Agents,"Hassan for Property Buying, Selling & Rentals",2025-05-26T12:34:03.698Z
Ghats Promoters,G,5.0,3 Ratings,"Sakleshpur, Sakleshpur",,,Real Estate Agents; Estate Agents For Residence,true,true,false,false,false,Trusted Estate Agents,"Hassan for Property Buying, Selling & Rentals",2025-05-26T12:34:03.698Z
Siddhidhatri Consultants,S,4.8,3 Ratings,"NEAR GFGCOLLAGE Javagal, Hassan",,,Real Estate Agents; Estate Agents For Residential Rental,true,true,false,false,true,Trusted Estate Agents,"Hassan for Property Buying, Selling & Rentals",2025-05-26T12:34:03.698Z
Shri Pushpagiri Real Estates,S,3.5,4 Ratings,"Hosaline Road, Hassan",,,Estate Agents For Residence; Real Estate Agents,true,true,false,false,false,Trusted Estate Agents,"Hassan for Property Buying, Selling & Rentals",2025-05-26T12:34:03.698Z
Karnataka Auto Links,K,4.3,3 Ratings,"B.m Road Channarayapatna, Hassan",,,Real Estate Agents; Auto Rickshaw Dealers,true,true,false,false,true,Trusted Estate Agents,"Hassan for Property Buying, Selling & Rentals",2025-05-26T12:34:03.698Z
Saklesh Real Estates,+,4.3,3 Ratings,"Bm Road, Sakleshpur",,,Real Estate Agents; Estate Agents For Commercial Rental,false,true,false,false,false,Trusted Estate Agents,"Hassan for Property Buying, Selling & Rentals",2025-05-26T12:34:03.698Z
Sri Ranganatha hall,S,4.3,3 Ratings,"H. Hosahalli Hosahalli, Hassan",,,Real Estate Agents; Estate Agents For Residence,true,true,false,false,true,Trusted Estate Agents,"Hassan for Property Buying, Selling & Rentals",2025-05-26T12:34:03.698Z
Srinidhi Estate,S,4.3,3 Ratings,"Jammanahalli, Hassan",,,Real Estate Agents,false,true,false,false,false,Trusted Estate Agents,"Hassan for Property Buying, Selling & Rentals",2025-05-26T12:34:03.698Z
Snn Construction Naveen Nilaya,S,3.2,4 Ratings,"Channarayapatna, Hassan",,,Real Estate Agents; Property Consultants,true,true,false,false,false,Trusted Estate Agents,"Hassan for Property Buying, Selling & Rentals",2025-05-26T12:34:03.698Z
Prakritik Coffee & Home Stay,P,4.0,3 Ratings,,,,Real Estate Agents; Estate Agents For Residence,true,true,false,false,false,Trusted Estate Agents,"Hassan for Property Buying, Selling & Rentals",2025-05-26T12:34:03.698Z
Budendra Real Estate( Rayaru Groups),B,3.7,3 Ratings,"Channarayapatna, Hassan",,,Real Estate Agents; Estate Agents For Land,true,true,false,false,true,Trusted Estate Agents,"Hassan for Property Buying, Selling & Rentals",2025-05-26T12:34:03.698Z
Dharmaraju H S Estate,D,3.6,3 Ratings,"Arekere, Sakleshpur",,,Real Estate Agents; Estate Agents For Residence,true,true,false,false,false,Trusted Estate Agents,"Hassan for Property Buying, Selling & Rentals",2025-05-26T12:34:03.699Z
Manjunath Real Estate,M,5.0,2 Ratings,"Makkihalli Village Sakleshpur, Sakleshpur",,,Real Estate Agents; Estate Agents For Residential Rental,true,true,false,false,true,Trusted Estate Agents,"Hassan for Property Buying, Selling & Rentals",2025-05-26T12:34:03.699Z
Shree Real Estate,S,5.0,2 Ratings,"Old Post Office Road Bm Road, Hassan",,,Real Estate Agents; Estate Agents For Residential Rental,false,true,false,false,true,Trusted Estate Agents,"Hassan for Property Buying, Selling & Rentals",2025-05-26T12:34:03.699Z
S&S Associates Constructions and Estates Appraiser,S,5.0,2 Ratings,"Bustand Road Hassan City Market, Hassan",,,Real Estate Agents; Estate Agents For Land,true,true,false,false,false,Trusted Estate Agents,"Hassan for Property Buying, Selling & Rentals",2025-05-26T12:34:03.699Z
Nagendra,N,3.0,3 Ratings,"Vatehalli Post Sakleshpur, Sakleshpur",,,Real Estate Agents; Estate Agents For Residential Rental,true,true,false,false,false,Trusted Estate Agents,"Hassan for Property Buying, Selling & Rentals",2025-05-26T12:34:03.699Z
Hoysala Architects,H,3.0,3 Ratings,"College Road Rangoli Halla, Hassan",,,Real Estate Agents; Estate Agents For Residence,false,true,false,false,false,Trusted Estate Agents,"Hassan for Property Buying, Selling & Rentals",2025-05-26T12:34:03.699Z
Nagesh K E,N,3.0,3 Ratings,"Lakkunda, Hassan",,,Real Estate Agents; Estate Agents For Residence,false,true,false,false,false,Trusted Estate Agents,"Hassan for Property Buying, Selling & Rentals",2025-05-26T12:34:03.699Z
Ravi Borewells,+,4.5,2 Ratings,"Jayanagar Ring Road Hassan Ho, Hassan",,,Mini Borewell Contractors; Borewell Contractors,true,true,false,false,true,Trusted Estate Agents,"Hassan for Property Buying, Selling & Rentals",2025-05-26T12:34:03.699Z
Sri Lakshmi Real Estate,S,4.5,2 Ratings,"Govt Clg Channarayapatna Fort, Hassan",,,Real Estate Agents; Estate Agents For Residential Rental,false,true,false,false,true,Trusted Estate Agents,"Hassan for Property Buying, Selling & Rentals",2025-05-26T12:34:03.699Z
Vijay Koushik Real Estate Agency,V,4.5,2 Ratings,"Sakleshpur, Sakleshpur",,,Real Estate Agents; Property Consultants,true,true,false,false,false,Trusted Estate Agents,"Hassan for Property Buying, Selling & Rentals",2025-05-26T12:34:03.699Z
Golden Properties,G,4.0,2 Ratings,"Mysore Road Channarayapatna Fort, Hassan",,,Real Estate Agents; Estate Agents For Residential Rental,false,true,false,false,false,Trusted Estate Agents,"Hassan for Property Buying, Selling & Rentals",2025-05-26T12:34:03.700Z
M J Thimmegoada Estate,+,4.0,2 Ratings,"Kanaguppe, Hassan",,,Real Estate Agents; Estate Agents For Residence,true,true,false,false,false,Trusted Estate Agents,"Hassan for Property Buying, Selling & Rentals",2025-05-26T12:34:03.700Z
Someshwara Coffee Estate,S,4.0,2 Ratings,"Chunganahalli, Belur",,,Real Estate Agents; Estate Agents For Residence,false,true,false,false,false,Trusted Estate Agents,"Hassan for Property Buying, Selling & Rentals",2025-05-26T12:34:03.700Z
Halsuru Estate,H,4.0,2 Ratings,"Halasooru, Hassan",,,Real Estate Agents; Estate Agents For Residence,false,true,false,false,false,Trusted Estate Agents,"Hassan for Property Buying, Selling & Rentals",2025-05-26T12:34:03.700Z
Noor Estate,N,4.0,2 Ratings,"Hebbasale, Sakleshpur",,,Real Estate Agents,false,true,false,false,false,Trusted Estate Agents,"Hassan for Property Buying, Selling & Rentals",2025-05-26T12:34:03.700Z
Unban Tata Coffee Ltd,U,3.0,2 Ratings,"Jinagaravalli Ballupet, Hassan",,,Real Estate Agents; Estate Agents For Commercial Spaces,false,true,false,false,false,Trusted Estate Agents,"Hassan for Property Buying, Selling & Rentals",2025-05-26T12:34:03.700Z
Kempegowda,K,3.0,2 Ratings,,,,Real Estate Agents; Estate Agents For Residence,false,true,false,false,false,Trusted Estate Agents,"Hassan for Property Buying, Selling & Rentals",2025-05-26T12:34:03.700Z
Sri Devi Enterprises,S,5.0,1 Rating,"Arsikere Road Subhash Square, Hassan",,,Real Estate Agents; Estate Agents For Residential Rental,true,true,false,false,true,Trusted Estate Agents,"Hassan for Property Buying, Selling & Rentals",2025-05-26T12:34:03.700Z
Dhanyasri Auto Links,D,5.0,1 Rating,"Channarayapatna, Hassan",,,Real Estate Agents; Estate Agents For Residential Rental,true,true,false,false,true,Trusted Estate Agents,"Hassan for Property Buying, Selling & Rentals",2025-05-26T12:34:03.700Z
Manjunath K V,M,5.0,1 Rating,"Kanigere Cross Hassan City, Hassan",,,Real Estate Agents; Estate Agents For Agricultural Land,true,true,false,false,false,Trusted Estate Agents,"Hassan for Property Buying, Selling & Rentals",2025-05-26T12:34:03.700Z
House For Rent,H,5.0,1 Rating,"Harshith SHANKARIPURAM, Hassan",,,Real Estate Agents,true,true,false,false,false,Trusted Estate Agents,"Hassan for Property Buying, Selling & Rentals",2025-05-26T12:34:03.700Z
Chanukya Land Developers,C,5.0,1 Rating,"Saiyadri Circle Salagame, Hassan",,,Real Estate Agents; Estate Agents For Residential Rental,true,true,false,false,true,Trusted Estate Agents,"Hassan for Property Buying, Selling & Rentals",2025-05-26T12:34:03.701Z
Sai Coffee Estates,S,5.0,1 Rating,"Kamanahalli, Hassan",,,Real Estate Agents; Estate Agents For Residence,true,true,false,false,false,Trusted Estate Agents,"Hassan for Property Buying, Selling & Rentals",2025-05-26T12:34:03.701Z
Sri Ranga Enterprises,S,5.0,1 Rating,"#  Belur Rd Thanniruhalla, Hassan",,,Real Estate Agents; Estate Agents For Residence,true,true,false,false,false,Trusted Estate Agents,"Hassan for Property Buying, Selling & Rentals",2025-05-26T12:34:03.701Z
Rasala Estate,R,5.0,1 Rating,"Sullakki, Sakleshpur",,,Real Estate Agents; Estate Agents For Residence,true,true,false,false,false,Trusted Estate Agents,"Hassan for Property Buying, Selling & Rentals",2025-05-26T12:34:03.701Z
True Coffee Properties,T,5.0,1 Rating,"1st Main Road Sakleshpur, Sakleshpur",,,Real Estate Agents; Estate Agents For Residence,true,true,false,false,false,Trusted Estate Agents,"Hassan for Property Buying, Selling & Rentals",2025-05-26T12:34:03.701Z
Sri Guru Real Estate Agent,+,5.0,1 Rating,"Hospital Road Vidya Nagar Hassan, Hassan",,,Estate Agents,true,true,false,false,false,Trusted Estate Agents,"Hassan for Property Buying, Selling & Rentals",2025-05-26T12:34:03.701Z
Sln Real Estate,S,4.5,1 Rating,"RTO Ofc Kr Puram Hassan, Hassan",,,Loans; Real Estate Agents,true,true,false,false,true,Trusted Estate Agents,"Hassan for Property Buying, Selling & Rentals",2025-05-26T12:34:03.701Z
Urusa Real Estate Urusa Car Auto Links,U,4.5,1 Rating,"Kere Police Colony Hassan Ho, Hassan",,,Real Estate Agents; Estate Agents For Residential Rental,true,true,false,false,true,Trusted Estate Agents,"Hassan for Property Buying, Selling & Rentals",2025-05-26T12:34:03.701Z
Sudarshan K T,S,4.0,1 Rating,"Bm Road, Hassan",,,Real Estate Agents; Estate Agents For Residential Rental,true,true,false,false,false,Trusted Estate Agents,"Hassan for Property Buying, Selling & Rentals",2025-05-26T12:34:03.701Z
Nanjundeshwara Estate,N,4.0,1 Rating,"Sakleshpur Belur Road Sakleshpur, Sakleshpur",,,Real Estate Agents; Estate Agents For Residential Rental,false,true,false,false,false,Trusted Estate Agents,"Hassan for Property Buying, Selling & Rentals",2025-05-26T12:34:03.701Z
Harish Real Estate Agency,H,3.0,1 Rating,"G Road Kr Puram Hassan, Hassan",,,Real Estate Agents; Estate Agents For Residential Rental,true,true,false,false,false,Trusted Estate Agents,"Hassan for Property Buying, Selling & Rentals",2025-05-26T12:34:03.701Z
Sri Lakshmi Ranganath Real Estate,+,3.0,1 Rating,"Ring Road Vidya Nagar Hassan, Hassan",,,Real Estate Agents; Estate Agents For Residential Rental,true,true,false,false,false,Trusted Estate Agents,"Hassan for Property Buying, Selling & Rentals",2025-05-26T12:34:03.701Z
Ranganath Swamy Real Estate,+,3.0,1 Rating,"Honnenalli Cross Bm Road, Hassan",,,Real Estate Agents; Estate Agents For Commercial Spaces,false,true,false,false,false,Trusted Estate Agents,"Hassan for Property Buying, Selling & Rentals",2025-05-26T12:34:03.701Z
Gagan Real Estate,G,3.0,1 Rating,"Kuvempunagar Udayagiri, Hassan",,,Real Estate Agents; Estate Agents For Residence,true,true,false,false,false,Trusted Estate Agents,"Hassan for Property Buying, Selling & Rentals",2025-05-26T12:34:03.701Z
Prashant Estate,P,4.2,4 Ratings,"Bagadalu, Coorg",,,Real Estate Agents,false,true,false,false,false,Trusted Estate Agents,"Hassan for Property Buying, Selling & Rentals",2025-05-26T12:34:03.701Z
Prj Enterprises and Solution,+,4.7,38 Ratings,"Vv Road Somwarpet, Coorg",,07411790325,,true,true,false,false,true,Trusted Estate Agents,"Hassan for Property Buying, Selling & Rentals",2025-05-26T12:34:03.701Z
Karadykan Estate,K,4.4,32 Ratings,"S Bidare Chikmagalur, Chikmagalur",,,Real Estate Agents; Estate Agents For Residence,true,true,false,false,true,Trusted Estate Agents,"Hassan for Property Buying, Selling & Rentals",2025-05-26T12:34:03.701Z
Shree Chaithanya Estate,S,4.8,19 Ratings,"G Hosahalli, Chikmagalur",,,Real Estate Agents; Estate Agents For Residence,true,true,false,false,true,Trusted Estate Agents,"Hassan for Property Buying, Selling & Rentals",2025-05-26T12:34:03.701Z
Sri Murugan Estate,S,5.0,2 Ratings,"Belur Somvarpet Road Nandigunda, Coorg",,,Real Estate Agents,true,true,false,false,false,Trusted Estate Agents,"Hassan for Property Buying, Selling & Rentals",2025-05-26T12:34:03.701Z
Palaniyappa Coffee Estate,P,5.0,1 Rating,"Belur Somvarpet Road Nandigunda, Coorg",,,Real Estate Agents; Estate Agents For Residence,true,true,false,false,false,Trusted Estate Agents,"Hassan for Property Buying, Selling & Rentals",2025-05-26T12:34:03.701Z
Sri Manjunath Engineering Works,<,4.8,4 Ratings,"Gendehalli Belur, Belur",,08460296508,Industrial,true,false,false,true,true,Fabricators,Hassan,2025-05-26T12:35:14.140Z
Star City Engineering Work,<,5.0,3 Ratings,"Adlimane Road Bm Road, Hassan",,09725681784,Commercial; Industrial,true,false,false,true,true,Fabricators,Hassan,2025-05-26T12:35:14.141Z
Shanthi Engineering Works,<,4.9,26 Ratings,"Ring Road Bm Road, Hassan",,09054646774,Industrial,true,false,false,true,true,Fabricators,Hassan,2025-05-26T12:35:14.142Z
Manjunatha Engineering Works,<,3.5,2 Ratings,"Azad Road, Hassan",,08147342403,Fabricators; Aluminium Fabricators,true,false,false,false,false,Fabricators,Hassan,2025-05-26T12:35:14.142Z
Khans Aluminium Work,<,5.0,7 Ratings,"Ramanathapura Main Road Arkalgud, Hassan",,07041635970,,true,false,false,true,true,Fabricators,Hassan,2025-05-26T12:35:14.143Z
Manasa Construction,<,3.5,2 Ratings,"Main Road Hassan Ho, Hassan",,08460535736,Civil Contractors; Residential Builders,true,false,false,false,false,Fabricators,Hassan,2025-05-26T12:35:14.143Z
Lakshmi Engineering Works,<,3.5,2 Ratings,"Main Road Vidyanagar Hassan, Hassan",,07490941966,MS Fabricators; SS Fabricators,true,false,false,false,false,Fabricators,Hassan,2025-05-26T12:35:14.143Z
Kaveri Metals,<,3.7,7 Ratings,"Ring Road Vidya Nagar Hassan, Hassan",,09054065309,Railing Dealers; Steel Dealers,true,false,false,false,true,Fabricators,Hassan,2025-05-26T12:35:14.143Z
Yv Traders,<,4.8,2 Ratings,"Hassan City, Hassan",,08401652546,Brick Dealers; Construction Contractors,true,false,false,false,true,Fabricators,Hassan,2025-05-26T12:35:14.143Z
Sri Kalikamba Aluminium Works,<,4.2,20 Ratings,"Road Channarayapatna, Hassan",,09724635317,Designer; Upvc Door,true,false,true,true,true,Fabricators,Hassan,2025-05-26T12:35:14.143Z
Slv Enterprises,S,4.0,3 Ratings,"Main Road Doddakallasandra, Bangalore",,07041944282,Fabricators; MS Fabricators,true,false,false,false,false,Fabricators,Hassan,2025-05-26T12:35:14.143Z
Blue Sky Aluminium Fabrication,+,5.0,2 Ratings,"Bolpugudde Kavoor, Mangalore",,08511745109,Fabricators; Aluminium Fabricators,true,false,false,false,true,Fabricators,Hassan,2025-05-26T12:35:14.143Z
Laxmi Commercial Arts,+,4.2,22 Ratings,"Besant Complex Kodialbail, Mangalore",,,Computerised Rubber Stamp Manufacturers; Fabricators,true,false,false,false,true,Fabricators,Hassan,2025-05-26T12:35:14.143Z
Sharvaani Enterprises,S,5.0,1 Rating,"2nd Stage Srirampura, Mysore",,08105250877,Industrial,true,false,false,true,true,Fabricators,Hassan,2025-05-26T12:35:14.144Z
Sri Venkateshwara Industries,+,3.5,7 Ratings,"Tilaknagar, Mysore",,,Industrial,true,false,false,false,false,Fabricators,Hassan,2025-05-26T12:35:14.144Z
Dhanalakshmi Infra,+,4.3,75 Ratings,"Bandihalli Tiptur, Tumkur",,08488081601,Plumbers; Hardware Shops,true,false,false,true,true,Fabricators,Hassan,2025-05-26T12:35:14.144Z
Trade Mart,T,4.2,28 Ratings,"Lower Carstreet Road Car Street, Mangalore",,08511771034,PVC Door Dealers; Aluminium Sliding Door Dealers; Company Authorised Dealer,true,false,false,true,true,Fabricators,Hassan,2025-05-26T12:35:14.144Z
Padmashali Aluminium Fabricators,+,4.7,10 Ratings,"Sagri Kunjibettu, Udupi",,,Door Fabricators; Interior Designers,true,false,true,true,true,Fabricators,Hassan,2025-05-26T12:35:14.144Z
Angel & Ana's Aluminium,+,4.6,12 Ratings,"Industrial Area Baikampady, Mangalore",,,Interior Designers For Apartment; Interior Designers,true,false,false,false,true,Fabricators,Hassan,2025-05-26T12:35:14.144Z
H L Power Tech Laser Cutting,+,5.0,1 Rating,"Village Hosur Industrial Complex, Hosur",,07383244439,Fabricators; Powder Coating Services,true,false,false,false,true,Fabricators,Hassan,2025-05-26T12:35:14.144Z
Trancivilia Constructions Private Limited,+,4.6,13 Ratings,"Feet Ring Banashankari 3rd Stage, Bangalore",,09980942009,Industrial,true,false,false,true,true,Fabricators,Hassan,2025-05-26T12:35:14.144Z
Esskay Engineering Works,+,4.5,6 Ratings,"Road Bilekahalli, Bangalore",,08460226048,Industrial; On Site Services,true,false,false,false,true,Fabricators,Hassan,2025-05-26T12:35:14.144Z
Mv Aluminium Trading Company,+,4.6,72 Ratings,"Timber Yard Layout Mysore Road, Bangalore",,09980778466,Aluminium Sliding Door Dealers,true,false,true,true,true,Fabricators,Hassan,2025-05-26T12:35:14.144Z
SREE FOOD MACHINERY,+,4.5,64 Ratings,"Silver Jubilee Park Road, Bangalore",,09035031038,Shop In Store,true,false,true,true,true,Fabricators,Hassan,2025-05-26T12:35:14.144Z
Jk Fab Tech,+,3.8,6 Ratings,"Basaveshwar Nagar Shankar Nagar, Bangalore",,07041343063,MS Fabricators; Fabricators,true,false,false,false,false,Fabricators,Hassan,2025-05-26T12:35:14.144Z
Jcmarvel Engineering and Trading LLP,+,4.6,33 Ratings,"Mukkidipeta, Hindupur",,07022232696,Industrial; Delivery Available; On Site Services,true,false,false,false,true,Fabricators,Hassan,2025-05-26T12:35:14.144Z
MONSOOR All India Manpower Supplier,M,3.9,14 Ratings,"Nagar Bus Stop 18/2 Sundarapuram, Coimbatore",,08460487908,Fabricators; Building Contractors,true,false,false,false,true,Fabricators,Hassan,2025-05-26T12:35:14.144Z
Srimaan Engineering Works,+,4.1,7 Ratings,"Outer Ring Road Mookandapalli, Hosur",,08511494947,Industrial Trolley Manufacturers; Fabricators,true,false,false,false,true,Fabricators,Hassan,2025-05-26T12:35:14.144Z
Kavitha Steel Railing and Fabrication,+,4.8,19 Ratings,"Nagar 80 Feet Road Kamalanagar, Anantapur",,09740181091,Steel Fabricators; Glass Dealers,true,false,false,true,true,Fabricators,Hassan,2025-05-26T12:35:14.144Z
Acetech,+,4.7,25 Ratings,"Kannamapalayam Sulur, Coimbatore",,08460396011,Industrial,true,false,false,false,true,Fabricators,Hassan,2025-05-26T12:35:14.145Z
A A Maimoon Enterprises,+,4.2,182 Ratings,"Bamboo Bazaar City Market, Bangalore",,07411578753,Fabricators; Aluminium Fabricators,true,false,false,true,true,Fabricators,Hassan,2025-05-26T12:35:14.145Z
Sibi Engineering,+,4.3,13 Ratings,"Maruthur Road Vadakaraiatur, Namakkal",,08867834067,,true,false,true,true,true,Fabricators,Hassan,2025-05-26T12:35:14.145Z
Taurus Conveyor Company,+,4.2,17 Ratings,"Sidco Phase 6 Sipcot, Hosur",,,Industrial; Company Authorised Dealer,true,false,false,true,true,Fabricators,Hassan,2025-05-26T12:35:14.145Z
Q-Max Anticorrosion Systems,+,4.1,23 Ratings,"Sipcot - 1 Sipcot, Hosur",,,Fabricators; PVC Pipe Dealers,true,false,false,true,true,Fabricators,Hassan,2025-05-26T12:35:14.145Z
Sri Karpaga Vinayagar Engineering,+,4.7,36 Ratings,"Main Road Palapatti Salem, Salem",,08401668355,,true,false,false,false,true,Fabricators,Hassan,2025-05-26T12:35:14.145Z
Chinitic Industries,+,5.0,2 Ratings,"Idikarai Main Road Idigarai, Coimbatore",,08460308699,Building; Industrial,true,false,false,true,true,Fabricators,Hassan,2025-05-26T12:35:14.145Z
Madani Engineering Works,+,4.6,4 Ratings,"Petrol Pump Navanagar Hubli, Hubli",,08460549952,Industrial,true,false,false,false,true,Fabricators,Hassan,2025-05-26T12:35:14.145Z
Advance Tec,A,4.2,35 Ratings,"Avinashi Road Avinashi Road, Coimbatore",,,Industrial,true,false,false,true,true,Fabricators,Hassan,2025-05-26T12:35:14.145Z
U And R Engineering Pvt Ltd,U,4.0,64 Ratings,"Tamarai Nagar Sihs Colony, Coimbatore",,,Industrial,true,false,false,true,true,Fabricators,Hassan,2025-05-26T12:35:14.145Z
Tanmay Glass and Plywood,+,5.0,1 Rating,"Road RMC Link Road Davangere, Davangere",,08401083667,Upvc Door; Plywood Door Dealers,true,false,false,false,true,Fabricators,Hassan,2025-05-26T12:35:14.145Z
Leo Smart Kitchen's,+,4.3,22 Ratings,"Balaji Nagar Fair Lands, Salem",,09725320917,Aluminium Sliding Door Dealers; Upvc Door,true,false,false,false,true,Fabricators,Hassan,2025-05-26T12:35:14.145Z
Neelavati Enterprises,+,4.4,27 Ratings,"Urdu School Bhairidevarkoppa, Hubli",,09054896966,Furniture Dealers; Fabricators,true,false,false,true,true,Fabricators,Hassan,2025-05-26T12:35:14.145Z
Ssi Furniture,+,3.5,20 Ratings,"Doddanna Industrial Estate-Hegganahalli, Bangalore",,,Furniture Manufacturers; Interior Designers,true,false,false,true,false,Fabricators,Hassan,2025-05-26T12:35:14.145Z
Sarva Systems and Services,+,4.5,31 Ratings,"Floor Pantarpalya Mysore Road, Bangalore",,09845233316,Building,true,false,false,true,true,Fabricators,Hassan,2025-05-26T12:35:14.145Z
Royal Steels,+,4.4,10 Ratings,"First Bus Stop Anand Nagar, Hubli",,,Door Fabricators; Furniture Dealers,true,false,false,true,true,Fabricators,Hassan,2025-05-26T12:35:14.145Z
N B Enterprises,+,4.0,9 Ratings,"Vinobhanagara Extn Davangere, Davangere",,,Industrial,true,false,false,true,false,Fabricators,Hassan,2025-05-26T12:35:14.145Z
Maganahalli Wooden & Steel Furniture Works,+,4.2,10 Ratings,"Near Gandhi Circle Davangere Ho, Davangere",,,Computer Furniture Dealers; Furniture Dealers,true,false,false,true,true,Fabricators,Hassan,2025-05-26T12:35:14.146Z
Nesco Metals,+,3.9,34 Ratings,"Industrial Estate Gokul Road, Hubli",,,Industrial,true,false,false,true,false,Fabricators,Hassan,2025-05-26T12:35:14.146Z
Hsf Steels 2,+,4.5,13 Ratings,"Old Hubli Karwar Road, Hubli",,,Industrial,true,false,false,true,true,Fabricators,Hassan,2025-05-26T12:35:14.146Z
RIBCO,+,4.0,177 Ratings,"National Highway 66 Jali, Karwar",,,Steel Door Dealers; Designer,true,false,false,true,true,Fabricators,Hassan,2025-05-26T12:35:14.146Z
M Projects,M,3.5,2 Ratings,"Mavelikara, Alappuzha",,07043413418,Industrial,true,false,false,false,false,Fabricators,Hassan,2025-05-26T12:35:14.146Z
S K V Metal Roofings - ISO 9001 Certified Company,+,4.3,16 Ratings,"Subam Nagar Old Pallavaram, Chennai",,,Building; Industrial,true,false,false,false,true,Fabricators,Hassan,2025-05-26T12:35:14.146Z
Biscon Solutions,+,4.2,97 Ratings,"ROAD KOCHI Palarivattom, Ernakulam",,,Banner; Flex; Company Authorised Dealer,true,false,false,true,true,Fabricators,Hassan,2025-05-26T12:35:14.146Z
Srhin Industry Private Limited,+,4.7,23 Ratings,"Nanthavanapatty Ns Nagar, Dindigul",,08460474960,Residential; Building,true,false,false,false,true,Fabricators,Hassan,2025-05-26T12:35:14.146Z
Stone Rizze,S,5.0,1 Rating,"Sai Baba Nagar Kukatpally, Hyderabad",,08401602534,Fabricators; Elevator Dealers,true,false,false,false,true,Fabricators,Hassan,2025-05-26T12:35:14.146Z
Sahayadri Fabricators,+,4.2,16 Ratings,"No 1032 Ashok Chowk, Solapur",,,Fabricators; Building Contractors,true,false,false,false,true,Fabricators,Hassan,2025-05-26T12:35:14.146Z
Devi Fabrications,+,4.1,40 Ratings,"Nager Colony Uppal Ramanthapur, Hyderabad",,08197505699,Safety Door Dealers; Industrial,true,false,false,true,true,Fabricators,Hassan,2025-05-26T12:35:14.146Z
SN STRUCTURES ( Quality Pre-Engineered Building ),+,4.2,14 Ratings,"Bibinagar, Nalgonda",,08460513673,Building; Industrial,true,false,false,true,true,Fabricators,Hassan,2025-05-26T12:35:14.146Z
BYC Fabrications,B,4.3,4 Ratings,"Nacharam Industrial Area, Hyderabad",,08128333953,Fabricators; Construction Companies,true,false,false,false,true,Fabricators,Hassan,2025-05-26T12:35:14.146Z
ShivPrasad Roofing and Fabrication,+,4.7,6 Ratings,"Pachgav  Road Pachgaon, Kolhapur",,,Bathroom Tiles; Flooring Tiles,true,false,false,false,true,Fabricators,Hassan,2025-05-26T12:35:14.146Z
Om Sai Ram Engineers and Fabricators,+,4.2,61 Ratings,"Main Road Shiroli Midc, Kolhapur",,07041597929,Light Weight Bricks Making Machine Manufacturers; Fabricators,true,false,false,true,true,Fabricators,Hassan,2025-05-26T12:35:14.147Z
GLASS WORLD HARDWARE (Ozone Authorized Distributor),+,2.6,27 Ratings,"Road Gulbarga Nehrugunj Gulbarga, Gulbarga",,09980842360,Bathroom Door Dealers; Aluminium Sliding Door Dealers,true,false,false,false,true,Fabricators,Hassan,2025-05-26T12:35:14.147Z
Amar Engineering Works,+,4.9,10 Ratings,"Bvb College Road Bidar Ho, Bidar",,,Fabricators; Aluminium Fabricators,true,false,false,true,true,Fabricators,Hassan,2025-05-26T12:35:14.147Z
Bombay Tubes & Poles Company,+,3.7,37 Ratings,"Darukhana-mazgaon, Mumbai",,08904234284,Rail Pole Manufacturers; Hardware Shops,true,false,false,false,false,Fabricators,Hassan,2025-05-26T12:35:14.147Z
Hindon Engineering Works,+,3.9,38 Ratings,"Ardeshir Dadi Street Girgaon, Mumbai",,,Fabricators; Pipe Dealers,true,false,false,false,false,Fabricators,Hassan,2025-05-26T12:35:14.147Z
Superfit Engineering Pvt Ltd (Manufacturing Unit),+,4.0,12 Ratings,"2nd Khetwadi Lane Girgaon, Mumbai",,09845157909,Perforated Metal Sheet Manufacturers; Fabricators,true,false,false,true,false,Fabricators,Hassan,2025-05-26T12:35:14.147Z
Ashish Engineers,A,4.2,20 Ratings,"Mumbai Pune Road Pimpri, Pune",,08867876975,Grating Manufacturers; Fabricators,true,false,false,false,true,Fabricators,Hassan,2025-05-26T12:35:14.148Z
Shreemant Steel,+,4.3,38 Ratings,"5th Kumbharwada Girgaon, Mumbai",,08460212466,MS Flange Manufacturers; Fabricators,true,false,false,true,true,Fabricators,Hassan,2025-05-26T12:35:14.148Z
Dimension Events,+,4.6,39 Ratings,"S V Road Goregaon West, Mumbai",,,,true,false,false,true,true,Fabricators,Hassan,2025-05-26T12:35:14.148Z
Nitin Press Tools,N,3.9,14 Ratings,"Saphale Road Saphale, Palghar",,09980635881,Die Manufacturers; Fabricators,true,false,false,true,false,Fabricators,Hassan,2025-05-26T12:35:14.148Z
S K Fabricators,S,4.0,6 Ratings,"Kwalichem PVT LTD Rabale MIDC, Navi Mumbai",,09972816158,Steel Fabricators; Fabricators,true,false,false,false,false,Fabricators,Hassan,2025-05-26T12:35:14.148Z
IKEA Steel Fab,+,4.0,13 Ratings,"VALVADA Bhilad Valsad, Valsad",,08460438039,,true,false,false,false,false,Fabricators,Hassan,2025-05-26T12:35:14.148Z
Steel Fab Industries,S,4.4,46 Ratings,"Kaman Bhiwandi Road Kaman, Palghar",,,Industrial,true,false,true,true,true,Fabricators,Hassan,2025-05-26T12:35:14.148Z
Jai Bhairav Enterprises,+,3.0,2 Ratings,"Pleasent Park Mira Road East, Thane",,08904238924,Fabricators; Grill Fabricators,true,false,false,false,false,Fabricators,Hassan,2025-05-26T12:35:14.148Z
Desai Engineers,+,4.3,8 Ratings,"Station Roaad Station Road, Valsad",,09972317371,Aluminium,true,false,false,false,true,Fabricators,Hassan,2025-05-26T12:35:14.148Z
Rajendra Fabrication and Engineering Works,+,4.3,42 Ratings,"Colony Road Nandanvan Colony, Nagpur",,08488915331,Industrial,true,false,true,true,true,Fabricators,Hassan,2025-05-26T12:35:14.148Z
Transform Equipment,+,4.2,5 Ratings,"National Highway Hadamtala Kotda, Rajkot",,09980041774,Industrial,true,false,false,false,true,Fabricators,Hassan,2025-05-26T12:35:14.148Z
Vikrraa Engineering and Infratech,V,5.0,7 Ratings,"Makarpura Road Makarpura GIDC, Vadodara",,08511069124,Industrial,true,false,false,false,true,Fabricators,Hassan,2025-05-26T12:35:14.148Z
Skengitech,+,5.0,2 Ratings,"Plot No.4008 Vatva Gidc, Ahmedabad",,08792490331,Fabricators; Crane Manufacturers,true,false,false,false,true,Fabricators,Hassan,2025-05-26T12:35:14.148Z
R B Engineers,+,4.8,9 Ratings,"Bhuvaldi Road Kathwada GIDC, Ahmedabad",,08904126479,Elevator Manufacturers; Fabricators,true,false,false,false,true,Fabricators,Hassan,2025-05-26T12:35:14.148Z
Vedic Infra Project,+,4.6,10 Ratings,"Ramangandi Por, Vadodara",,09724634817,Industrial,true,false,false,false,true,Fabricators,Hassan,2025-05-26T12:35:14.148Z
Mehta Steels,+,4.3,168 Ratings,"Bhilai Industrial Estate, Bhilai",,,MS Plate Dealers; Building Material Dealers,true,false,false,true,true,Fabricators,Hassan,2025-05-26T12:35:14.148Z
Adrenaline Junkers,+,4.2,5 Ratings,"Neelbad Road Neelbad, Bhopal",,08401912377,Building; Industrial,true,false,false,false,true,Fabricators,Hassan,2025-05-26T12:35:14.148Z
Mangalam Alutech,M,5.0,1 Rating,"Bhayli Gokulpura Road Bhayli, Vadodara",,08971618789,,true,false,false,false,true,Fabricators,Hassan,2025-05-26T12:35:14.148Z
Patel Acrylic,+,4.3,45 Ratings,"Nizampura Main Road Nizampura, Vadodara",,08401400467,Acrylic Sign Board Manufacturers; Fabricators,true,false,true,true,true,Fabricators,Hassan,2025-05-26T12:35:14.148Z
Technoking Enterprise,+,5.0,75 Ratings,"Ghetiya Estate Shapar Veraval, Rajkot",,,Industrial,true,false,false,true,true,Fabricators,Hassan,2025-05-26T12:35:14.149Z
Rahul Steel INDIA,+,4.2,772 Ratings,"Gondwara, Raipur-Chhattisgarh",,,Steel Door Dealers; Industrial,true,false,false,true,true,Fabricators,Hassan,2025-05-26T12:35:14.149Z
Ansh Engineering,+,3.5,2 Ratings,"Ansh Engineering Panki, Kanpur",,09724812381,Fabricators; Steel Fabricators,true,false,false,false,false,Fabricators,Hassan,2025-05-26T12:35:14.149Z
Anand Engineering Corporation,+,4.9,28 Ratings,"Road Panki Industrial Area, Kanpur",,08128765844,Industrial,true,false,false,false,true,Fabricators,Hassan,2025-05-26T12:35:14.149Z
Rishabhdev International,R,4.2,177 Ratings,"Air Force Area, Jodhpur",,,Aluminium Sliding Door Dealers; Upvc Door,true,false,true,true,true,Fabricators,Hassan,2025-05-26T12:35:14.149Z
G S Enterprises,+,4.6,13 Ratings,"Mundka, Delhi",,07411720543,Sheet Metal Fabricators; Fabricators,true,false,false,false,true,Fabricators,Hassan,2025-05-26T12:35:14.149Z
Nand & Brothers Engineering Works,+,4.3,27 Ratings,"City Bazar Road Kanchrapara, Kanchrapara",,08128523397,Industrial,true,false,false,true,true,Fabricators,Hassan,2025-05-26T12:35:14.149Z
R.K.Fabrication,+,4.2,19 Ratings,"Pull Banda Road Palla Faridabad, Faridabad",,08460275997,Steel Fabricators; Fabricators,true,false,false,false,true,Fabricators,Hassan,2025-05-26T12:35:14.149Z
B. S. ENGINEERING ENTERPRISE,+,4.7,12 Ratings,"Kona Naskarpara Kona, Howrah",,,Industrial,true,false,true,true,true,Fabricators,Hassan,2025-05-26T12:35:14.149Z
R M Builders,+,4.5,28 Ratings,"Bharat Nagar Ashok Vihar, Delhi",,08460252500,Building Contractors; Labour Contractors,true,false,false,false,true,Fabricators,Hassan,2025-05-26T12:35:14.149Z
Mahaveera Associate,+,5.0,4 Ratings,"DCM Sugar Line Jangbahadur Ganj, Lakhimpur Kheri",,07041614158,Industrial,true,false,false,false,true,Fabricators,Hassan,2025-05-26T12:35:14.149Z
New Bright Enterprises,+,5.0,1 Rating,"Rathdana Road Rathdana, Sonepat",,08488945137,Steel Fabricators; Aluminium Fabricators,true,false,false,false,true,Fabricators,Hassan,2025-05-26T12:35:14.149Z
All In One Fabricator Solutions,+,4.5,66 Ratings,"Loha Mandi-Naraina, Delhi",,08867891513,,true,false,false,true,true,Fabricators,Hassan,2025-05-26T12:35:14.149Z
Dew Industries,+,4.8,62 Ratings,"Panchkula Jagadhri Road Saha, Ambala",,08147956832,Building; Industrial,true,false,true,true,true,Fabricators,Hassan,2025-05-26T12:35:14.149Z
Monarch Automations,+,4.4,39 Ratings,"Sua Road Dhandari Kalan, Ludhiana",,07041758966,Access Control System Dealers; Fabricators,true,false,false,true,true,Fabricators,Hassan,2025-05-26T12:35:14.149Z
Reefa Sofa Works,<,4.4,7 Ratings,"Nagar Police Calony Hassan HO, Hassan",,09980233895,Sofa Set Repair & Services; Bed Dealers,true,true,false,false,true,Furniture Repair & Services,Hassan,2025-05-26T12:36:30.224Z
City Furniture Hassan And Kings Furnishing,<,4.0,75 Ratings,"Bm Road, Hassan",,07383484375,Antique Furniture Dealers; Furniture Dealers,true,true,false,true,true,Furniture Repair & Services,Hassan,2025-05-26T12:36:30.225Z
Indian Oak Furniture,<,4.9,56 Ratings,"B M Main Road Bm Road, Hassan",,,Furniture Dealers; Interior Designers,true,true,false,false,true,Furniture Repair & Services,Hassan,2025-05-26T12:36:30.226Z
National Enterprises,<,4.9,15 Ratings,"Police Station Pension Mohalla, Hassan",,,Sofa Set Repair & Services; Furniture Dealers,true,true,false,false,true,Furniture Repair & Services,Hassan,2025-05-26T12:36:30.227Z
Siddarth Enterprises,<,4.0,4 Ratings,"Main Road Hoysalanagar Main Road, Hassan",,,Sofa Set Repair & Services; Furniture Repair & Services,true,true,false,false,true,Furniture Repair & Services,Hassan,2025-05-26T12:36:30.228Z
H K G N Furniture & Wood Works,<,3.3,3 Ratings,"Kuvempunagar Baragur, Hassan",,,Wooden Furniture Dealers; Furniture Dealers,true,true,false,false,false,Furniture Repair & Services,Hassan,2025-05-26T12:36:30.228Z
Ravi Wood Works,<,4.0,2 Ratings,"Alur, Hassan",,,Carpenters; Furniture Repair & Services,true,true,false,false,false,Furniture Repair & Services,Hassan,2025-05-26T12:36:30.228Z
Pradeep Furniture,<,4.0,1 Rating,"Janwada Road Shah Gunj Bidar, Bidar",,,Carpenters; Office Chair Repair & Services,true,true,false,false,false,Furniture Repair & Services,Hassan,2025-05-26T12:36:30.228Z
Khandya Meubles,<,4.7,468 Ratings,"Mallandur Road, Chikmagalur",,,Bedroom Furniture Dealers; Furniture Dealers,true,true,false,false,true,Furniture Repair & Services,Hassan,2025-05-26T12:36:30.228Z
Guruvayurappan Furniture Works,<,2.8,4 Ratings,"Benagal Benagal, Mysore",,,Furniture Repair & Services,true,true,false,false,false,Furniture Repair & Services,Hassan,2025-05-26T12:36:30.228Z
New Modern Furniture Shops,N,4.8,27 Ratings,"Road Suntikoppa Madikeri, Coorg",,,Furniture Dealers; Wooden Furniture Dealers,true,true,false,false,true,Furniture Repair & Services,Hassan,2025-05-26T12:36:30.228Z
Badsha Bedding & Furniture Shop,+,4.5,2 Ratings,"College Road Madikeri, Coorg",,,Children Furniture Dealers; Furniture Dealers,true,true,false,false,true,Furniture Repair & Services,Hassan,2025-05-26T12:36:30.228Z
S R Furn,+,4.0,1 Rating,"Main Road Madikeri, Coorg",,,Furniture Dealers; Bed Dealers,true,true,false,false,false,Furniture Repair & Services,Hassan,2025-05-26T12:36:30.228Z
Hms Sawmill,+,4.3,3 Ratings,"Huliyar, Tumkur",,,Furniture Repair & Services,true,true,false,false,false,Furniture Repair & Services,Hassan,2025-05-26T12:36:30.229Z
Yashas Interiors and Wood Works,+,4.9,21 Ratings,"Housing Board Hootagalli, Mysore",,09035221723,Carpenters; Interior Designers,true,true,false,false,true,Furniture Repair & Services,Hassan,2025-05-26T12:36:30.229Z
Mathrusri Wood Works and Interior,+,3.5,2 Ratings,"Koorgalli, Mysore",,08904397678,Wooden Door,true,true,false,false,true,Furniture Repair & Services,Hassan,2025-05-26T12:36:30.229Z
Irfan Bedding And Sofa Center,I,3.6,19 Ratings,"Baragenahalli, Chikmagalur",,,Furniture Repair & Services,true,true,false,false,false,Furniture Repair & Services,Hassan,2025-05-26T12:36:30.229Z
Samruddi Cane Works And Furnitures,+,4.8,101 Ratings,"Ring Road Hebbal, Mysore",,,Cane Furniture Dealers; Furniture Dealers,true,true,false,false,true,Furniture Repair & Services,Hassan,2025-05-26T12:36:30.229Z
Nagendra Carpenter,+,4.3,31 Ratings,"Hebbal Main Road Hebbal, Mysore",,08511370032,2 Seater,true,true,false,true,true,Furniture Repair & Services,Hassan,2025-05-26T12:36:30.229Z
Sri Shivaprasad Furnitures And Wood Works,+,3.7,3 Ratings,"Stage Hebbal Industrial Estate, Mysore",,,Carpenters; Furniture Manufacturers,true,true,false,false,true,Furniture Repair & Services,Hassan,2025-05-26T12:36:30.229Z
CARPENTER FOR INTERIOR,+,4.8,98 Ratings,"Surya Bakary Hebbal 1st Stage, Mysore",,08511461206,Wpc Door Dealers; PVC Door Dealers; Fireplace,true,true,false,false,true,Furniture Repair & Services,Hassan,2025-05-26T12:36:30.229Z
VR Interior Designer,+,4.7,3 Ratings,"Lokanayakanagara, Mysore",,,Building,true,true,false,false,true,Furniture Repair & Services,Hassan,2025-05-26T12:36:30.230Z
Flexi Furnitures & Wallpapers,+,4.5,8 Ratings,"Vijaya Nagara Main Road Hebbal, Mysore",,,PVC; Decorative; Delivery Available,true,true,false,false,true,Furniture Repair & Services,Hassan,2025-05-26T12:36:30.230Z
FLEXI FURNITURES & INTERIOR,+,4.5,4 Ratings,"Main Road Hebbal 1st Stage, Mysore",,,Furniture Dealers; Sofa Dealers,true,true,false,false,false,Furniture Repair & Services,Hassan,2025-05-26T12:36:30.230Z
Indian Links Enterprises,+,4.5,24 Ratings,"M G Koppal Main Road Hebbal, Mysore",,,Cane Furniture Dealers; Furniture Dealers,true,true,false,false,true,Furniture Repair & Services,Hassan,2025-05-26T12:36:30.230Z
Elwin Sofas Factory Outlet,+,4.8,118 Ratings,"MG Koppal Main Road Hebbal, Mysore",,,Furniture Manufacturers; Furniture Dealers,true,true,false,false,true,Furniture Repair & Services,Hassan,2025-05-26T12:36:30.230Z
Basha Bedding Works & Sofa Works,B,4.0,1 Rating,"Bakery Circle Lokanayakanagara, Mysore",,,Sofa Repair & Services; Furniture Repair & Services,true,true,false,false,false,Furniture Repair & Services,Hassan,2025-05-26T12:36:30.231Z
Hindustan Bedding Works,+,4.3,4 Ratings,"Vinayaka Nagar Kumbara Koppal, Mysore",,,Bed Dealers; Mosquito Net Dealers,true,true,false,false,true,Furniture Repair & Services,Hassan,2025-05-26T12:36:30.231Z
Sri Nanjundeshwara Wood Works and Wood Furniture,+,4.4,6 Ratings,"Ramamandira Road Hinkal, Mysore",,,Wooden Door,true,true,false,false,true,Furniture Repair & Services,Hassan,2025-05-26T12:36:30.231Z
Visual Furnitures & Services,+,4.9,42 Ratings,"Hinkal, Mysore",,,Office Furniture Repair & Services; Furniture Dealers,true,true,false,false,true,Furniture Repair & Services,Hassan,2025-05-26T12:36:30.231Z
Manjunatha Furniture And Cushion Works,+,4.2,22 Ratings,"Railway Layout Hebbal, Mysore",,,Delivery Available; Same Day Delivery,true,true,false,false,true,Furniture Repair & Services,Hassan,2025-05-26T12:36:30.231Z
Modern Furnitures,+,4.4,4 Ratings,"Main Road Gonikoppal Madikeri, Coorg",,,Furniture Dealers-Nilkamal; Furniture Dealers,true,true,false,false,true,Furniture Repair & Services,Hassan,2025-05-26T12:36:30.231Z
S J Furnishing,+,3.7,3 Ratings,"By Pass Road Gonikoppal Madikeri, Coorg",,,Interior Designers; Fabric Retailers,true,true,false,false,false,Furniture Repair & Services,Hassan,2025-05-26T12:36:30.231Z
Cheluvaraju Handi Craft and Woodworks,+,3.9,7 Ratings,"Brundhavana Metagalli, Mysore",,,Carpenters; Furniture Manufacturers,true,true,false,false,false,Furniture Repair & Services,Hassan,2025-05-26T12:36:30.231Z
Kastha Furniture Studio,+,5.0,5 Ratings,"Road Vijaynagar 1st Stage, Mysore",,,Furniture Dealers; Second Hand Furniture Dealers,true,true,false,false,true,Furniture Repair & Services,Hassan,2025-05-26T12:36:30.231Z
Ak Cushion Works,+,4.8,32 Ratings,"Main New Bannimantap Extension, Mysore",,,Sofa Set Repair & Services; Furniture Dealers,true,true,false,false,true,Furniture Repair & Services,Hassan,2025-05-26T12:36:30.231Z
New Classic Furniture,+,4.1,46 Ratings,"Industrial Area Santhepet, Mysore",,08511438987,Modular Furniture Dealers; Furniture Dealers,true,true,true,true,true,Furniture Repair & Services,Hassan,2025-05-26T12:36:30.231Z
Woodsfreak Pvt Ltd,W,4.6,6 Ratings,"Ring Road Bank Employees Colony, Mysore",,,Furniture Repair & Services; Furniture Wholesalers,true,true,false,false,false,Furniture Repair & Services,Hassan,2025-05-26T12:36:30.231Z
Carpentry Repairs At Door Step,C,4.8,2 Ratings,"Next to Ganapathy Temple Bogadi, Mysore",,,Carpenters; Furniture Repair & Services,true,true,false,false,true,Furniture Repair & Services,Hassan,2025-05-26T12:36:30.231Z
Shamanth Furniture,+,4.0,3 Ratings,"2nd Stage Bogadi, Mysore",,,Same Day Delivery,true,true,false,false,false,Furniture Repair & Services,Hassan,2025-05-26T12:36:30.231Z
H K G N Bed Works,+,4.2,4 Ratings,"Nagara Raod Janatha Nagar, Mysore",,,Bed Dealers; Sofa Repair & Services,true,true,false,false,true,Furniture Repair & Services,Hassan,2025-05-26T12:36:30.231Z
Mysore Interiors and Handy Services,+,4.9,60 Ratings,"Yadavagiri Industrial Estate, Mysore",,08460205376,In Store Shopping; Service Guarantee; Delivery Available,true,true,false,true,true,Furniture Repair & Services,Hassan,2025-05-26T12:36:30.232Z
Mysore Carpenters,M,4.8,106 Ratings,"3rd Cross Road N R Mohalla, Mysore",,,Carpenters; Furniture Dealers,true,true,false,false,true,Furniture Repair & Services,Hassan,2025-05-26T12:36:30.232Z
Amrutha Cushion Work,+,5.0,3 Ratings,"Ganesh Bhandar Road Tk Layout, Mysore",,,Sofa Repair & Services; Sofa Set Repair & Services,true,true,false,false,true,Furniture Repair & Services,Hassan,2025-05-26T12:36:30.232Z
Kmc Cushion Works and Furnitures,+,4.8,38 Ratings,"Pension Block Rajendranagar, Mysore",,,Same Day Delivery,true,true,false,false,true,Furniture Repair & Services,Hassan,2025-05-26T12:36:30.232Z
Savitha Furniture,S,4.0,3 Ratings,"Nagar 7th Cross Tk Layout, Mysore",,,Antique Furniture Dealers; Second Hand Furniture Buyers,false,true,false,false,true,Furniture Repair & Services,Hassan,2025-05-26T12:36:30.232Z
M N Furniture & Furnishing,+,3.0,2 Ratings,"Hospital Road Saraswathipuram, Mysore",,,Imported Furniture Dealers; Furniture Dealers,true,true,false,false,false,Furniture Repair & Services,Hassan,2025-05-26T12:36:30.232Z
Sinchana Enterprises And Furniture,S,3.2,5 Ratings,"Mandya Melukote Road, Mandya",,,On Site Services,true,true,false,false,false,Furniture Repair & Services,Hassan,2025-05-26T12:36:30.232Z
Wood Craft Furniture,+,5.0,38 Ratings,"Chetty Street Mandi Mohalla, Mysore",,,On Site Services,true,true,false,false,true,Furniture Repair & Services,Hassan,2025-05-26T12:36:30.232Z
Royal Beddings And Cushion Works,+,4.1,5 Ratings,"Nrupatunga Road Kuvempunagar, Mysore",,,Sofa Cum Bed Dealers; Mosquito Net Dealers,true,true,false,false,true,Furniture Repair & Services,Hassan,2025-05-26T12:36:30.232Z
Modern Bedding and Furnishing Works and Sarvice,+,4.6,6 Ratings,"Hospital Road Saraswathipuram, Mysore",,,Foam Mattress Manufacturers; Mattress Dealers,true,true,false,false,true,Furniture Repair & Services,Hassan,2025-05-26T12:36:30.232Z
F K Cushion Works,+,4.0,7 Ratings,"Road Narasimharaja Mohalla, Mysore",,,Sofa Manufacturers; Sofa Repair & Services,true,true,false,false,false,Furniture Repair & Services,Hassan,2025-05-26T12:36:30.232Z
Evergreen Sofas,+,4.8,33 Ratings,"Ashoka Road Mandi Mohalla, Mysore",,08511236072,Sofa Set Repair & Services; Sofa Repair & Services,true,true,false,false,true,Furniture Repair & Services,Hassan,2025-05-26T12:36:30.233Z
Prabhat Furnitures,+,4.5,35 Ratings,"Irwin Road Irwin Road, Mysore",,,Computer Furniture Dealers; Furniture Dealers,true,true,false,false,true,Furniture Repair & Services,Hassan,2025-05-26T12:36:30.233Z
Classic Decorative Furniture,+,4.8,43 Ratings,"Ashok Road Lashkar Mohalla, Mysore",,09606272747,Furniture Dealers; Sofa Dealers,true,true,false,false,true,Furniture Repair & Services,Hassan,2025-05-26T12:36:30.233Z
Ravi Furnitures,+,3.5,1 Rating,"Kanthrajurs Road Saraswathipuram, Mysore",,,Antique Furniture Dealers; Second Hand Furniture Buyers,true,true,false,false,false,Furniture Repair & Services,Hassan,2025-05-26T12:36:30.233Z
Madeena Furniture,+,4.6,5 Ratings,"Narayan Shasthri Road KR Mohalla, Mysore",,,Office Chair Dealers; Furniture Dealers,true,true,false,false,true,Furniture Repair & Services,Hassan,2025-05-26T12:36:30.233Z
A2z Enterprises,+,5.0,"1,083 Ratings","4th Cross Udayagiri, Mysore",,08511239544,Sofa Set Repair & Services; Sofa Repair & Services,true,true,false,true,true,Furniture Repair & Services,Hassan,2025-05-26T12:36:30.233Z
A K Furniture,A,2.6,3 Ratings,"No.2763/8 Halladakere, Mysore",,,Carpenters; Furniture Dealers,true,true,false,false,false,Furniture Repair & Services,Hassan,2025-05-26T12:36:30.233Z
Indian Bedding Centre,+,3.2,3 Ratings,"Nrupathunga Road Kuvempunagar, Mysore",,,Bed Dealers; Sofa Repair & Services,true,true,false,false,false,Furniture Repair & Services,Hassan,2025-05-26T12:36:30.233Z
Luxury Furniture,+,3.8,9 Ratings,"Sulthan Road Udayagiri, Mysore",,,Cane Furniture Dealers; Furniture Dealers,true,true,false,false,false,Furniture Repair & Services,Hassan,2025-05-26T12:36:30.233Z
Sun Shine Enterprises,+,4.1,5 Ratings,"3rd Main Kuvempunagar, Mysore",,,Antique Furniture Dealers; Furniture Dealers,true,true,false,false,true,Furniture Repair & Services,Hassan,2025-05-26T12:36:30.233Z
S F Royal Steel Furnitures,+,5.0,1 Rating,"H B Colony Kalyana Girinagar, Mysore",,,Furniture Repair & Services; Steel Furniture Repair & Services,false,true,false,false,true,Furniture Repair & Services,Hassan,2025-05-26T12:36:30.233Z
Shiva Supplies,+,5.0,2 Ratings,"Fort Mohalla Kr Mohalla, Mysore",,,Same Day Delivery,true,true,false,false,true,Furniture Repair & Services,Hassan,2025-05-26T12:36:30.233Z
Crown Furniture,+,4.4,7 Ratings,"Road Nanjumallige Circle, Mysore",,,Cane Furniture Dealers; Carpenters,true,true,false,true,true,Furniture Repair & Services,Hassan,2025-05-26T12:36:30.233Z
Suhana Cushion Crafts,+,5.0,1 Rating,"Sade Road Mandi Mohalla, Mysore",,,Sofa Cushion Dealers; Sofa Repair & Services,true,true,false,false,true,Furniture Repair & Services,Hassan,2025-05-26T12:36:30.233Z
Sheikhs Furnitures,S,4.9,5 Ratings,"No 109 Kalyana Girinagar, Mysore",,08511313235,Furniture Dealers; Sofa Repair & Services,true,true,false,false,true,Furniture Repair & Services,Hassan,2025-05-26T12:36:30.233Z
Hkgn Furniture Works Manufacture,+,4.6,5 Ratings,"Basaveshwara Road Chamundi Extn, Mysore",,,Furniture Repair & Services; Furniture Wholesalers,true,true,false,false,false,Furniture Repair & Services,Hassan,2025-05-26T12:36:30.233Z
Subhaniya Furnitures,+,4.9,3 Ratings,"Rajkumar Road Kalyana Girinagar, Mysore",,,Sofa Set Repair & Services; Sofa Repair & Services,true,true,false,false,true,Furniture Repair & Services,Hassan,2025-05-26T12:36:30.233Z
At Chusion Work,A,5.0,1 Rating,"Old Old MC Road Mandya, Mandya",,,Furniture Repair & Services; Sofa Set Manufacturers,true,true,false,false,true,Furniture Repair & Services,Hassan,2025-05-26T12:36:30.233Z
Madani Bed House,+,4.3,3 Ratings,"Manandavadi Road, Mysore",,,Air Bed Dealers; Mosquito Net Dealers,true,true,false,false,true,Furniture Repair & Services,Hassan,2025-05-26T12:36:30.233Z
Excellent Sofas,+,5.0,21 Ratings,"10th Cross Jp Nagar Stage 2, Mysore",,08511514707,Sofa Set Repair & Services; Sofa Repair & Services,true,true,false,false,true,Furniture Repair & Services,Hassan,2025-05-26T12:36:30.234Z
Chamundeshwari Cushion Works,C,2.9,6 Ratings,"Marga Main Road Siddarthanagar, Mysore",,,Furniture Repair & Services; Sofa Repair & Services,false,true,false,false,false,Furniture Repair & Services,Hassan,2025-05-26T12:36:30.234Z
Royal Livings,+,5.0,273 Ratings,"Akkamahadevi Road Jp Nagar, Mysore",,,Furniture Dealers; Sofa Dealers,true,true,false,false,true,Furniture Repair & Services,Hassan,2025-05-26T12:36:30.234Z
Hindustan Bedding House,+,5.0,1 Rating,"Vinay Marg Siddarthanagar, Mysore",,,Mattress Dealers; Sofa Dealers,true,true,false,false,true,Furniture Repair & Services,Hassan,2025-05-26T12:36:30.234Z
F S New Bed,+,5.0,2 Ratings,"Bannur Road Yaraganahalli, Mysore",,,Folding Bed Dealers; Sofa Repair & Services,true,true,false,false,true,Furniture Repair & Services,Hassan,2025-05-26T12:36:30.234Z
Mahatma Furnitures,+,4.4,144 Ratings,"Ashok Nagar Ashok Nagar Mandya, Mandya",,,Delivery Available; Same Day Delivery,true,true,false,true,true,Furniture Repair & Services,Hassan,2025-05-26T12:36:30.234Z
Mangalore Furniture,M,3.0,1 Rating,"Shri Ram Pete Main Road, Puttur",,,Furniture Repair & Services,true,true,false,false,false,Furniture Repair & Services,Hassan,2025-05-26T12:36:30.234Z
Cauvery Bedding,+,5.0,1 Rating,"100 Feet Road Gandhinagar, Mandya",,,Outdoor Furniture Repair & Services; Furniture Dealers,true,true,false,false,true,Furniture Repair & Services,Hassan,2025-05-26T12:36:30.234Z
Royal Couch Furniture,+,4.9,302 Ratings,"Layout 3rd Stage Alanahalli, Mysore",,07383173215,Parking Available; Same Day Delivery; Service Guarantee,true,true,false,true,true,Furniture Repair & Services,Hassan,2025-05-26T12:36:30.234Z
Vani Shamiyana Centre,+,4.0,1 Rating,"Shivapura Maddur Mandya, Mandya",,,Furniture Dealers; Furniture Repair & Services,true,true,false,false,false,Furniture Repair & Services,Hassan,2025-05-26T12:36:30.234Z
SZ Hardware And Polish Centre,S,4.8,3 Ratings,"Post BH Road Bh Road, Tumkur",,,Plywood Door Dealers,true,true,false,false,true,Furniture Repair & Services,Hassan,2025-05-26T12:36:30.234Z
A M Furniture,+,3.5,7 Ratings,"Mandipet Mainroad Mandipet, Tumkur",,,Furniture Dealers; Second Hand Furniture Dealers,true,true,false,false,false,Furniture Repair & Services,Hassan,2025-05-26T12:36:30.234Z
Sri Raghavendra Furniture & Cane,+,4.3,6 Ratings,"Kunigal Main Road Tumkur Ho, Tumkur",,,Cane Furniture Dealers; Furniture Dealers,true,true,false,false,true,Furniture Repair & Services,Hassan,2025-05-26T12:36:30.234Z
Unique Office Chairs Service,+,4.9,222 Ratings,"Ward No 18 MG Road Tumkur, Tumkur",,,Office Chair Repair & Services; Security Services,true,true,false,false,true,Furniture Repair & Services,Hassan,2025-05-26T12:36:30.234Z
Vs Enterprises,+,5.0,3 Ratings,"MG ROAD MG Road Tumkur, Tumkur",,,Furniture Dealers; Sofa Dealers,true,true,false,false,true,Furniture Repair & Services,Hassan,2025-05-26T12:36:30.234Z
Timberd,+,4.7,8 Ratings,"Bengaluru Honnavar Road Bh Road, Tumkur",,,Carpenters; Bedroom Furniture Manufacturers,false,true,false,false,true,Furniture Repair & Services,Hassan,2025-05-26T12:36:30.234Z
Riyaz Furniture Works,+,5.0,1 Rating,"3rd Main Wadi E Huda, Shimoga",,,Carpenters; Furniture Repair & Services,true,true,false,false,true,Furniture Repair & Services,Hassan,2025-05-26T12:36:30.234Z
Star Future Dreams Group,+,4.7,7 Ratings,"Main Road Bc Road, Mangalore",,,Second Hand Furniture Dealers; Sofa Dealers,true,true,false,false,true,Furniture Repair & Services,Hassan,2025-05-26T12:36:30.234Z
Bombay Furniture,+,4.6,26 Ratings,"100 Feet Road Gajanur Shimoga, Shimoga",,,Designer Furniture Dealers; Furniture Dealers,true,true,false,true,true,Furniture Repair & Services,Hassan,2025-05-26T12:36:30.234Z
Bombay Furniture,+,4.6,26 Ratings,"Ilyaz Nagar Main Road Mandli, Shimoga",,,Furniture Dealers; Furniture Manufacturers,true,true,false,false,true,Furniture Repair & Services,Hassan,2025-05-26T12:36:30.235Z
Comfort Cushion Works,C,2.5,2 Ratings,"Ot Road Kr Puram Shimoga, Shimoga",,,Sofa Set Repair & Services; Furniture Repair & Services,true,true,false,false,false,Furniture Repair & Services,Hassan,2025-05-26T12:36:30.235Z
Suresh Wooden Works,+,5.0,2 Ratings,"1st Cross Rml Nagar, Shimoga",,,Office Furniture Repair & Services; Carpenters,true,true,false,false,true,Furniture Repair & Services,Hassan,2025-05-26T12:36:30.235Z
National Furnitures,+,4.2,14 Ratings,"M Vishveshwaraiah Road Durgigudi, Shimoga",,,Beauty Parlour Furniture Dealers; Furniture Dealers,true,true,false,false,true,Furniture Repair & Services,Hassan,2025-05-26T12:36:30.235Z
Home sofa Interior works,+,5.0,1 Rating,"Road RML Achutha Rao Layout, Shimoga",,,Sofa Repair & Services At Door Step; Furniture Dealers,true,true,false,false,true,Furniture Repair & Services,Hassan,2025-05-26T12:36:30.235Z
New Karnataka Bed Centre,+,4.5,2 Ratings,"Main Road Gopala Extension, Shimoga",,,Bed Dealers; Furniture Repair & Services,true,true,false,false,true,Furniture Repair & Services,Hassan,2025-05-26T12:36:30.235Z
Star Cushion Works,S,4.3,3 Ratings,"Moodbidri, Moodbidri",,,Furniture Repair & Services,true,true,false,false,false,Furniture Repair & Services,Hassan,2025-05-26T12:36:30.235Z
National Furniture,N,4.0,1 Rating,"Samruddi Apartment Moodbidri, Moodbidri",,,Furniture Dealers; Bed Dealers,true,true,false,false,false,Furniture Repair & Services,Hassan,2025-05-26T12:36:30.235Z
I-Tech Furnitures,I,5.0,1 Rating,"100 Feet Road Tilaknagar Shimoga, Shimoga",,,Steel Furniture Repair & Services; Furniture Repair & Services,false,true,false,false,true,Furniture Repair & Services,Hassan,2025-05-26T12:36:30.235Z
Manha Bed Center,M,4.0,2 Ratings,"Manjeshwar Manjeshwar, Kasaragod",,,Carpenters; Furniture Repair & Services,false,true,false,false,false,Furniture Repair & Services,Hassan,2025-05-26T12:36:30.235Z
Jeeva Jyothi Hospital,<,3.8,96 Ratings,"Kalyana Mantapa Road Hassan City, Hassan",,09725392090,Pediatric Surgical Consultation,true,true,true,true,true,Best Hospitals,Hassan,2025-05-26T12:37:40.007Z
Janapriya Hospital,<,4.1,321 Ratings,"Math Road Kr Puram Hassan, Hassan",,07383059057,Hospitals,true,false,false,true,true,Best Hospitals,Hassan,2025-05-26T12:37:40.007Z
Homeocare International Pvt Ltd,<,4.6,194 Ratings,"Bm Road, Hassan",,09054579346,Common Cold; Homeopathic Geriatric Care,true,true,false,false,true,Best Hospitals,Hassan,2025-05-26T12:37:40.007Z
Mmm Hospital and Research Centre,<,4.5,69 Ratings,"Sampige Road Sampige Road Hassan, Hassan",,07383446317,24 Hours Centralised Oxygen; 24 Hours Dialysis; 24 Hours Emergency Service,true,true,false,false,true,Best Hospitals,Hassan,2025-05-26T12:37:40.008Z
Karna Multispeciality Hospital,<,4.5,243 Ratings,"Karna Hospital Shankar Mutt Road, Hassan",,07048877107,Practicing at 2 Locations; Gynaecological Cancer Treatment; Donor Insemination Surrogacy,true,false,false,false,true,Best Hospitals,Hassan,2025-05-26T12:37:40.008Z
Tanya Speciality Hospital,<,4.2,465 Ratings,"Sampige Road Kr Puram Hassan, Hassan",,,Nursing Care; Obstetrics Problems,true,true,false,true,true,Best Hospitals,Hassan,2025-05-26T12:37:40.008Z
Manjunatha Hospital,<,4.6,260 Ratings,"Sampoge Road Kr Puram Hassan, Hassan",,08904974596,Hospitals,true,true,false,false,true,Best Hospitals,Hassan,2025-05-26T12:37:40.008Z
Sahyaadri Multispeciality Hospital,<,4.1,195 Ratings,"RC Road rangoli halla, Hassan",,07383181968,Obstetrics Problems; Vitiligo; Pediatric Surgical Consultation,true,true,false,false,true,Best Hospitals,Hassan,2025-05-26T12:37:40.009Z
Hasanaba Multispeciality Hospital and Gastroenterology,<,4.0,147 Ratings,"Hassan City, Hassan",,09972371879,Hospitals,true,true,false,false,true,Best Hospitals,Hassan,2025-05-26T12:37:40.009Z
Mani Super Speciality Hospital and Research Institute,<,4.3,884 Ratings,"Samige Road Kr Puram Hassan, Hassan",,09972365493,Gynaecological Cancer Treatment,true,true,false,false,true,Best Hospitals,Hassan,2025-05-26T12:37:40.009Z
Janatha Hospital & Research Centre,+,4.0,112 Ratings,"Race Course Road Hassan, Hassan",,,Contact Lens Prescription; Animal Diseases; Ophthalmic Surgical Consultation,true,true,false,true,true,Best Hospitals,Hassan,2025-05-26T12:37:40.010Z
Bethel Medical Mission Hospital & Hosmat Hospital Education Group,+,4.1,158 Ratings,"Preety Nagar Laggere, Bangalore",,07048209067,Hospitals; Colleges,true,true,false,false,true,Best Hospitals,Hassan,2025-05-26T12:37:40.011Z
Shri Tulasigirish Diabetes Hospital & Diabetes Research Foundation,+,4.2,34 Ratings,"Mahaveer Road Bagalkot, Bagalkot",,,Hospitals,true,true,false,false,true,Best Hospitals,Hassan,2025-05-26T12:37:40.011Z
Global Health Tourism,G,4.6,37 Ratings,"Lane No 5 Vishwakarma Nagar, Nagpur",,09980635869,Hospitals,true,true,false,false,true,Best Hospitals,Hassan,2025-05-26T12:37:40.011Z
Pragati Medcity and Stem Cell Centre,+,4.8,30 Ratings,"Ajay Singh Marg Rohit Nagar, Bhopal",,09035344697,Hospitals,true,false,true,true,true,Best Hospitals,Hassan,2025-05-26T12:37:40.012Z
Nephron Kidney Kare Clinic,+,3.9,118 Ratings,"Bariatu Road Bariatu, Ranchi",,,Pediatric Consultation,true,false,false,false,true,Best Hospitals,Hassan,2025-05-26T12:37:40.012Z
Nangal Cancer Hospital & Research Institute,+,4.7,622 Ratings,"College Road Bikaner Agra Road, Bikaner",,,Hematolical Oncology Consultation,true,true,true,true,true,Best Hospitals,Hassan,2025-05-26T12:37:40.012Z
SSM Hospital,+,4.2,"2,024 Ratings","Mutt Road Kr Puram Hassan, Hassan",,,Diseases In Pregnancy; Infertility; Obstetrics Problems,true,true,false,false,true,Best Hospitals,Hassan,2025-05-26T12:37:40.012Z
JSS Hospital,J,4.7,3 Ratings,"Gandhi Road Mysore Hassan Ho, Hassan",,,Private Hospitals; Hospitals,true,true,false,false,true,Best Hospitals,Hassan,2025-05-26T12:37:40.012Z
Swamy Car Decor And Sticker Cutting,+,4.8,4 Ratings,"B M Road Channarayapatna, Hassan",,,Company Authorised Dealer,true,true,false,false,true,Best Hospitals,Hassan,2025-05-26T12:37:40.013Z
Sparsh Hospital,+,4.2,"1,565 Ratings","Sparsh Hospital Bm Road, Hassan",,,Hospitals,true,true,false,false,true,Best Hospitals,Hassan,2025-05-26T12:37:40.013Z
Mangala Hospital,+,3.9,753 Ratings,"K R Puram Sampige Road Hassan, Hassan",,,Obstetrics Problems,true,true,false,false,false,Best Hospitals,Hassan,2025-05-26T12:37:40.013Z
Sri Dharamsthala Manjunatheswara College Of Ayurveda,+,4.4,654 Ratings,"Thanniruhalla Bm Road, Hassan",,,Hospitals; Colleges,true,true,true,true,true,Best Hospitals,Hassan,2025-05-26T12:37:40.013Z
Janapriya Hospital,+,3.9,631 Ratings,"3rd Cross Road Shankaripuram, Hassan",,,Hospitals,true,false,false,false,false,Best Hospitals,Hassan,2025-05-26T12:37:40.013Z
Keshava Nethralaya,+,4.4,355 Ratings,"Harshamahal Road, Hassan",,,Ophthalmic Surgical Consultation,true,true,false,false,true,Best Hospitals,Hassan,2025-05-26T12:37:40.013Z
Manjunatha Hospital,M,4.6,286 Ratings,"1st Cross Shankar Mutt Road, Hassan",,,Hospitals; Private Hospitals,true,true,false,false,true,Best Hospitals,Hassan,2025-05-26T12:37:40.013Z
Dr. Chaitra Niranjan Tanya Speciality Hospital,+,4.5,252 Ratings,"3rd Cross Kr Puram Hassan, Hassan",,,Obstetrics Problems,true,false,false,false,true,Best Hospitals,Hassan,2025-05-26T12:37:40.014Z
Vijayalakshmi Electro World,+,4.0,269 Ratings,"Circle Park Road Salagame Road, Hassan",,,Same Day Delivery; In Store Collect; Shop In Store,true,true,false,false,true,Best Hospitals,Hassan,2025-05-26T12:37:40.014Z
Hemavathi Hospital,+,3.7,191 Ratings,"Northern Extension Aralepet, Hassan",,,Obstetrics Problems; Pediatric Consultation; Diseases In Pregnancy,true,true,false,false,false,Best Hospitals,Hassan,2025-05-26T12:37:40.014Z
Dange Hospital,+,3.7,146 Ratings,"Matta Road Mg Road Hassan, Hassan",,,Contact Lens Prescription; Ophthalmic Surgical Consultation; Pediatric ENT Consultation,true,true,false,false,false,Best Hospitals,Hassan,2025-05-26T12:37:40.015Z
Dange Hospital,+,3.7,146 Ratings,"Vidhya Nagar, Hassan",,,Hospitals,true,true,false,false,false,Best Hospitals,Hassan,2025-05-26T12:37:40.015Z
Rajeev Hospital,R,4.0,125 Ratings,"Hospital Road Kr Puram Hassan, Hassan",,,Hospitals,false,true,false,false,true,Best Hospitals,Hassan,2025-05-26T12:37:40.015Z
Hassanamba Gastroentarolagy Multi Speciality Hospital,H,3.8,117 Ratings,"Hospital Road Rangoli Halla, Hassan",,,Nursing Care,false,true,false,false,false,Best Hospitals,Hassan,2025-05-26T12:37:40.015Z
Sri Chamarajendra Hospital,+,3.8,115 Ratings,"Race Course Road Hassan, Hassan",,,Diseases In Pregnancy; Obstetrics Problems; Diagnostic And Pathology,true,true,false,false,false,Best Hospitals,Hassan,2025-05-26T12:37:40.015Z
Csi Redfern Memorial Hospital,C,4.0,107 Ratings,"Race Course Road Hassan, Hassan",,,Hospitals; Private Hospitals,false,true,false,false,true,Best Hospitals,Hassan,2025-05-26T12:37:40.015Z
Redfern CSI Mission Hospital,R,3.2,123 Ratings,"Race Course Road Hassan, Hassan",,,Hospitals,false,true,false,false,false,Best Hospitals,Hassan,2025-05-26T12:37:40.015Z
Government Hospital,+,2.9,135 Ratings,"Rangoli Halla, Hassan",,,Hospitals; Public Hospitals,false,true,false,false,false,Best Hospitals,Hassan,2025-05-26T12:37:40.015Z
Vaatsalya Hospital,V,3.4,100 Ratings,"R C Road MG Road Hassan, Hassan",,,Obstetrics Problems; Animal Diseases; Diseases In Pregnancy,true,true,false,false,false,Best Hospitals,Hassan,2025-05-26T12:37:40.016Z
Vinay Pediatric And Multispeciality Hospital,+,4.5,75 Ratings,"Shankar Mutt Road, Hassan",,,Nursing Care,true,true,false,false,true,Best Hospitals,Hassan,2025-05-26T12:37:40.016Z
Sanjeevani Hospital,S,3.5,96 Ratings,"Saraswathipuram Salagame Road, Hassan",,,Hospitals,false,true,false,false,false,Best Hospitals,Hassan,2025-05-26T12:37:40.016Z
Government General Hospital,G,3.3,98 Ratings,"B M Road Alur, Hassan",,,Hospitals; Public Hospitals,false,true,false,false,false,Best Hospitals,Hassan,2025-05-26T12:37:40.016Z
Amma Eye And Retina Care Centre,+,4.3,75 Ratings,"Sjp Cross Road Thanniruhalla, Hassan",,,Contact Lens Prescription,true,false,false,false,true,Best Hospitals,Hassan,2025-05-26T12:37:40.016Z
Missan Hospital,+,3.3,93 Ratings,"Krishnaraja Pura, Hassan",,,Hospitals,false,true,false,false,false,Best Hospitals,Hassan,2025-05-26T12:37:40.016Z
Jayashree Nursing Home,J,4.3,56 Ratings,"Kr Puram Hassan, Hassan",,,Hospitals; Nursing Homes,false,true,false,false,true,Best Hospitals,Hassan,2025-05-26T12:37:40.016Z
Sparsha Hospital,+,3.7,64 Ratings,"Channarayapatna, Hassan",,,Hospitals; Private Hospitals,true,true,false,false,false,Best Hospitals,Hassan,2025-05-26T12:37:40.016Z
Vinay Scans,+,4.0,59 Ratings,"Mutt Road Shankar Mutt Road, Hassan",,,Hospitals; Diagnostic Centres,true,true,false,false,true,Best Hospitals,Hassan,2025-05-26T12:37:40.016Z
Sanjeevini Hospital,S,3.1,76 Ratings,"Mutt Road Shankar Mutt Road, Hassan",,,Hospitals,false,true,false,false,false,Best Hospitals,Hassan,2025-05-26T12:37:40.016Z
S S Hospital And Research Centre,S,3.5,67 Ratings,"Hassan Road Arsikere, Hassan",,,Hospitals,true,true,false,false,false,Best Hospitals,Hassan,2025-05-26T12:37:40.016Z
Sanjeevini Co-operative Institute Of Nursing & Hospital,S,3.9,60 Ratings,"Belur Road Kr Puram Hassan, Hassan",,,Hospitals; Private Hospitals,false,true,false,false,false,Best Hospitals,Hassan,2025-05-26T12:37:40.016Z
Mamateya Madilu Hospital,+,3.4,67 Ratings,"D Kalenahalli Road Gulsinda, Hassan",,,Diagnostic And Pathology; Artificial Insemination; Obstetrics Problems,true,true,false,false,false,Best Hospitals,Hassan,2025-05-26T12:37:40.017Z
Rajeev Hospital,+,3.0,72 Ratings,"Rangoli Halla Rangoli Halla, Hassan",,,Hospitals,true,false,false,false,false,Best Hospitals,Hassan,2025-05-26T12:37:40.017Z
Nagesh Hospital,N,4.3,48 Ratings,"Mysore Road Channarayapatna, Hassan",,,Obstetrics Problems; Cardiologist Consultation; Diseases In Pregnancy,true,true,false,false,true,Best Hospitals,Hassan,2025-05-26T12:37:40.017Z
Government General Hospital,+,3.5,56 Ratings,"Byrapura Channarayapatna, Hassan",,,Hospitals; Public Hospitals,false,true,false,false,false,Best Hospitals,Hassan,2025-05-26T12:37:40.017Z
Hassan Government Hospital,H,3.5,55 Ratings,"Holenarasipur Holenarsipur, Hassan",,,Hospitals; Public Hospitals,false,true,false,false,false,Best Hospitals,Hassan,2025-05-26T12:37:40.017Z
Sri Hasanamba Multi Speciality And Gastroenterology Centre,S,3.3,58 Ratings,"Jubilee Park Kr Puram Hassan, Hassan",,,Hospitals; Clinics,false,true,false,false,false,Best Hospitals,Hassan,2025-05-26T12:37:40.017Z
Apollo Bgs Hospitals,+,4.2,44 Ratings,"Road Kuvempu Nagar, Hassan",,,Senior Citizen Health Checkup; Cosmetic and Aesthetic; Female Sexual Problems,true,false,false,false,true,Best Hospitals,Hassan,2025-05-26T12:37:40.017Z
Ashraya Hospital,A,4.1,42 Ratings,"K R Puram Sampige Road Hassan, Hassan",,,Hospitals,true,false,false,false,true,Best Hospitals,Hassan,2025-05-26T12:37:40.017Z
Nagabhushan Hospital,N,3.1,53 Ratings,"B H Road Arsikere, Hassan",,,Hospitals; Private Hospitals,true,true,false,false,false,Best Hospitals,Hassan,2025-05-26T12:37:40.017Z
Jajur Umeshpandith Saibaba Paramparika Naativaidhya Hospital,J,4.6,34 Ratings,"Jajur Arsikere, Hassan",,,Hospitals,false,true,false,false,true,Best Hospitals,Hassan,2025-05-26T12:37:40.017Z
Venkataramana Hospital,V,3.7,42 Ratings,"Bh Road Arsikere, Hassan",,,Diseases In Pregnancy,true,true,false,false,false,Best Hospitals,Hassan,2025-05-26T12:37:40.017Z
Sridevi Hospital,S,4.1,37 Ratings,"Channarayapatna, Hassan",,,Hospitals,false,true,false,false,true,Best Hospitals,Hassan,2025-05-26T12:37:40.017Z
Kamaldev Nursing Home,K,4.7,32 Ratings,"Sakleshpur Rd Sakleshpur, Sakleshpur",,,Hospitals; Nursing Homes,false,true,false,false,true,Best Hospitals,Hassan,2025-05-26T12:37:40.017Z
Rakesh Nethralaya,+,4.5,33 Ratings,"Hospital Road Rangoli Halla, Hassan",,,Hospitals,true,true,false,false,false,Best Hospitals,Hassan,2025-05-26T12:37:40.017Z
Kiran Speciality Hospital,+,4.4,33 Ratings,"Pension Mohalla, Hassan",,,Hospitals,true,false,false,false,true,Best Hospitals,Hassan,2025-05-26T12:37:40.017Z
Jenukal Hospital,J,3.3,44 Ratings,"BH Road Arsikere, Hassan",,,Hospitals; Private Hospitals,true,true,false,false,false,Best Hospitals,Hassan,2025-05-26T12:37:40.018Z
Government Hospital Arsikere,G,4.0,35 Ratings,"St Mary's Church Colony Arsikere, Hassan",,,Hospitals; Public Hospitals,true,true,false,false,false,Best Hospitals,Hassan,2025-05-26T12:37:40.018Z
Crawford General Hospital,C,3.5,36 Ratings,"Sakleshpur, Sakleshpur",,,Hospitals,true,true,false,false,false,Best Hospitals,Hassan,2025-05-26T12:37:40.018Z
Kumaraswamy Hospital,K,2.6,45 Ratings,"Byrapura Channarayapatna, Hassan",,,Hospitals,false,true,false,false,false,Best Hospitals,Hassan,2025-05-26T12:37:40.018Z
NIRANTHARA HEALTH CRAE,N,4.2,25 Ratings,"Sampige Road Sampige Road Hassan, Hassan",,,Hospitals,false,true,false,false,false,Best Hospitals,Hassan,2025-05-26T12:37:40.018Z
Acr Diagnostic Laboratory,A,3.4,30 Ratings,"Pura Krishnaraja Pura, Hassan",,,Hospitals; Diagnostic Centres,true,true,false,false,false,Best Hospitals,Hassan,2025-05-26T12:37:40.018Z
Government General hospital,G,4.0,25 Ratings,"Hoghway 110 Vaikunta Street, Belur",,,Hospitals; Public Hospitals,true,true,false,false,false,Best Hospitals,Hassan,2025-05-26T12:37:40.018Z
District Hospital,D,4.5,21 Ratings,"1st Flr Bm Road, Hassan",,,Hospitals,false,true,false,false,true,Best Hospitals,Hassan,2025-05-26T12:37:40.018Z
Tara Hospital,T,3.9,22 Ratings,"Arakalagud Arkalgud, Hassan",,,Hospitals,true,true,false,false,false,Best Hospitals,Hassan,2025-05-26T12:37:40.018Z
Bahubali Children Hospital,B,3.8,20 Ratings,"Hirisave Road Chalya, Shravanabelagola",,,Hospitals; Children Hospitals,true,true,false,false,false,Best Hospitals,Hassan,2025-05-26T12:37:40.018Z
Navachaitanya Rehab Physiotherapy Centre,N,4.7,15 Ratings,"4th Cross Road Krishnaraja Pura, Hassan",,,Hospitals,false,true,false,false,false,Best Hospitals,Hassan,2025-05-26T12:37:40.018Z
Sri Jayachamarajendra Government Hospital,S,3.1,20 Ratings,"Arsikere, Hassan",,,Hospitals,false,true,false,false,false,Best Hospitals,Hassan,2025-05-26T12:37:40.018Z
Geeta Eye Hospital,G,4.7,13 Ratings,"Krishnaraja Pura, Hassan",,,Hospitals,false,true,false,false,false,Best Hospitals,Hassan,2025-05-26T12:37:40.018Z
Jayachamarajapura Government Hospital,J,4.1,14 Ratings,"Panchanahalli Road Arsikere, Hassan",,,Hospitals,false,true,false,false,false,Best Hospitals,Hassan,2025-05-26T12:37:40.018Z
Community Health Center,C,3.8,15 Ratings,"Mosale Hosahalli Mosalhosahalli, Hassan",,,Health Care Centres; Hospitals,true,true,false,false,false,Best Hospitals,Hassan,2025-05-26T12:37:40.018Z
Sri Lakshmi Eye Hospital,+,4.6,10 Ratings,"Arsikere, Hassan",,,Contact Lens Prescription,false,true,false,false,true,Best Hospitals,Hassan,2025-05-26T12:37:40.018Z
Srimathi savithramma Shansappa Hospital,S,4.1,11 Ratings,"Hassan Road Arsikere, Hassan",,,Hospitals; Private Hospitals,false,true,false,false,true,Best Hospitals,Hassan,2025-05-26T12:37:40.018Z
Pandith Umesh Paramparika Naativaidyalaya,P,4.1,11 Ratings,"Jajur, Hassan",,,Hospitals,true,true,false,false,false,Best Hospitals,Hassan,2025-05-26T12:37:40.018Z
Hoysala Hospital,H,3.6,12 Ratings,"Shankarmutt Road Kr Puram Hassan, Hassan",,,Hospitals,true,true,false,false,false,Best Hospitals,Hassan,2025-05-26T12:37:40.018Z
Sakleshpur Government Hospital,S,3.3,13 Ratings,"Thanniruhalla, Hassan",,,Hospitals; Public Hospitals,false,true,false,false,false,Best Hospitals,Hassan,2025-05-26T12:37:40.018Z
Bhuvaneshwari Hospital,+,4.7,9 Ratings,"SH 71E Bhoovanahalli, Hassan",,,Nursing Care,true,true,false,false,true,Best Hospitals,Hassan,2025-05-26T12:37:40.018Z
Hassan Eye Hospital,H,4.3,9 Ratings,"Sampige Road Bm Road, Hassan",,,Contact Lens Prescription; Ophthalmic Surgical Consultation,false,true,false,false,true,Best Hospitals,Hassan,2025-05-26T12:37:40.018Z
Vatsalya Nursing HOME,V,3.8,10 Ratings,"Race Course Road Hassan, Hassan",,,Hospitals; Nursing Homes,false,true,false,false,false,Best Hospitals,Hassan,2025-05-26T12:37:40.018Z
Sdm Hospital,S,4.1,9 Ratings,"Rangoli Halla Rangoli Halla, Hassan",,,Hospitals,false,true,false,false,false,Best Hospitals,Hassan,2025-05-26T12:37:40.018Z
Government Unani & Ayurveda Hospital,G,5.0,7 Ratings,"Arakalagud Arkalgud, Hassan",,,Hospitals; Public Hospitals,true,true,false,false,true,Best Hospitals,Hassan,2025-05-26T12:37:40.018Z
Government General Hospital,G,4.1,8 Ratings,"State Highway 8 Holenarsipur, Hassan",,,Hospitals; Public Hospitals,false,true,false,false,true,Best Hospitals,Hassan,2025-05-26T12:37:40.018Z
Grass Life Hospital,G,4.4,7 Ratings,"Byrapura Channarayapatna, Hassan",,,Hospitals,false,true,false,false,true,Best Hospitals,Hassan,2025-05-26T12:37:40.018Z
Dammaningala Government Hospital,D,3.8,8 Ratings,"Dammaningala, Shravanabelagola",,,Hospitals,false,true,false,false,false,Best Hospitals,Hassan,2025-05-26T12:37:40.018Z
Mch Hospital,M,3.3,9 Ratings,"Holenarsipur, Hassan",,,Hospitals,false,true,false,false,false,Best Hospitals,Hassan,2025-05-26T12:37:40.019Z
H.i.m.s Women And Children Hospital,H,3.6,8 Ratings,"Rangoli Halla, Hassan",,,Hospitals,false,true,false,false,false,Best Hospitals,Hassan,2025-05-26T12:37:40.019Z
Vayuputra Polyclinic,V,4.0,7 Ratings,"Hassan Rangoli Halla, Hassan",,,Hospitals,true,true,false,false,false,Best Hospitals,Hassan,2025-05-26T12:37:40.019Z
Phc Mallipatna,P,4.5,6 Ratings,"Mallipatna, Hassan",,,Hospitals,true,true,false,false,false,Best Hospitals,Hassan,2025-05-26T12:37:40.019Z
Rajeev Hospital,R,3.8,7 Ratings,"Sampige Road Sampige Road Hassan, Hassan",,,Hospitals; Ambulance Services,true,true,false,false,false,Best Hospitals,Hassan,2025-05-26T12:37:40.019Z
Ashwini Nursing Home,A,3.8,7 Ratings,"B.h. Road Arsikere, Hassan",,,Hospitals; Nursing Homes,false,true,false,false,false,Best Hospitals,Hassan,2025-05-26T12:37:40.019Z
Govt Hospital - Primary Health Care,G,4.4,6 Ratings,"Didaga, Hassan",,,Hospitals,false,true,false,false,false,Best Hospitals,Hassan,2025-05-26T12:37:40.019Z
Government Hospital,G,4.0,6 Ratings,"Konanur, Hassan",,,Hospitals,true,true,false,false,false,Best Hospitals,Hassan,2025-05-26T12:37:40.019Z
Sdm Art Center,<,4.5,7 Ratings,"Mangalore - Dharmastala Hwy, Dakshina Kannada",,,Drama Classes; Hobby Classes,true,false,false,false,true,Hobby Classes,Hassan,2025-05-26T12:39:05.769Z
Rajinis Hobby Classes,<,5.0,16 Ratings,"10 Th Main Gokulam 3rd Stage, Mysore",,,Soft Toy Making Classes; Tailoring Classes,true,false,false,false,true,Hobby Classes,Hassan,2025-05-26T12:39:05.769Z
Clay Canvas Mysuru,<,4.9,31 Ratings,"Gokulam 3rd Stage Gokulam, Mysore",,,Drawing Classes; Handwriting Classes,true,false,false,false,true,Hobby Classes,Hassan,2025-05-26T12:39:05.769Z
Chinmaya Vidyalaya,<,4.1,58 Ratings,"4th Cross Jayalakshmipuram, Mysore",,,Hobby Classes,false,false,false,false,true,Hobby Classes,Hassan,2025-05-26T12:39:05.770Z
Curio City,<,5.0,3 Ratings,"Vv Mohalla, Mysore",,,Hobby Classes; Hobby Classes For Children,true,false,false,false,true,Hobby Classes,Hassan,2025-05-26T12:39:05.770Z
Soni's Daycare & Richa's Art Club,<,4.8,44 Ratings,"2nd Cross Gokulam, Mysore",,,Dance Classes; Language Classes For English Conversation,true,false,false,false,true,Hobby Classes,Hassan,2025-05-26T12:39:05.770Z
The Hobby Place,<,4.6,455 Ratings,"Vivekananda Road Yadavagiri, Mysore",,,Fabric Painting Classes; Music Classes,true,false,false,false,true,Hobby Classes,Hassan,2025-05-26T12:39:05.770Z
Eats N Treats Cooking Classes,<,4.5,14 Ratings,"Hospital Road Kuvempunagar, Mysore",,,Cookery Classes For Cake; Cookery Classes,true,false,false,false,true,Hobby Classes,Hassan,2025-05-26T12:39:05.770Z
Curiocity - School Of Creative Art and Design,<,4.6,39 Ratings,"7th Cross Narasimharaja Mohalla, Mysore",,,Art Schools; Mehendi Artists,true,false,false,false,true,Hobby Classes,Hassan,2025-05-26T12:39:05.770Z
Ananya Creations,<,5.0,1 Rating,"Annasandrapalya Ganesh Nagar, Mysore",,,Hobby Classes,true,false,false,false,true,Hobby Classes,Hassan,2025-05-26T12:39:05.771Z
Champaka Academy,+,4.7,122 Ratings,"E & F Block Ramakrishnanagar, Mysore",,,Dance Classes; Pre Schools,true,false,false,false,true,Hobby Classes,Hassan,2025-05-26T12:39:05.771Z
Kalakuteera Mysore,+,4.1,35 Ratings,"6th Cross Kr Mohalla, Mysore",,,Arts & Crafts Classes For Children; Summer Camps,true,false,false,false,true,Hobby Classes,Hassan,2025-05-26T12:39:05.771Z
All For Kids,+,4.5,3 Ratings,"Banavadi, Bangalore",,,Hobby Classes,true,false,false,false,true,Hobby Classes,Hassan,2025-05-26T12:39:05.771Z
Tagore Painting & Craft Classes,+,5.0,3 Ratings,"Kottara Kottara Chowki, Mangalore",,,Painting Classes; Arts & Crafts Classes,true,false,false,false,true,Hobby Classes,Hassan,2025-05-26T12:39:05.771Z
Mangalore Surf Club,+,4.8,318 Ratings,"Boloor, Mangalore",,,Surfing Classes; Hobby Classes,true,false,false,false,true,Hobby Classes,Hassan,2025-05-26T12:39:05.771Z
Indica Surf School,+,4.7,952 Ratings,"Kolachikambla Road Mulki East, Mangalore",,,Surfing Classes; Hobby Classes,true,false,false,false,true,Hobby Classes,Hassan,2025-05-26T12:39:05.771Z
Drishya School Of Arts,D,4.8,9 Ratings,"No.12137 Vidyaratna Nagar, Manipal",,,Hobby Classes; Art Schools,true,false,false,false,true,Hobby Classes,Hassan,2025-05-26T12:39:05.771Z
Little Millennium,+,4.7,425 Ratings,"Channanayakanapalya Nagasandra, Bangalore",,,Business Owned By Women,true,false,false,false,true,Hobby Classes,Hassan,2025-05-26T12:39:05.771Z
Lakshmi Tailoring Classes And Ladies Tailors,+,3.3,6 Ratings,"Magadi Main Road Sunkadakatte, Bangalore",,,Tailoring Classes; Embroidery Classes,true,false,false,false,false,Hobby Classes,Hassan,2025-05-26T12:39:05.771Z
Eurokids Rukmininagar,+,4.8,253 Ratings,"Rukmini Nagar Nagasandra, Bangalore",,09054863284,Day Care Centres; Pre Schools,true,false,false,true,true,Hobby Classes,Hassan,2025-05-26T12:39:05.772Z
National School Of Drama Bengaluru Centre,+,4.3,164 Ratings,"Kajana Mallathahalli, Bangalore",,,Drama Classes; Acting Classes,false,false,true,true,true,Hobby Classes,Hassan,2025-05-26T12:39:05.772Z
Creative Art Classes,+,4.2,14 Ratings,"2nd Stage Nagarbhavi, Bangalore",,,Fabric Painting Classes; Tutorials,true,false,false,false,true,Hobby Classes,Hassan,2025-05-26T12:39:05.772Z
Ninaadrang,+,5.0,8 Ratings,"Main Road Rajarajeshwari Nagar, Bangalore",,,Dance Classes; Music Classes,true,false,false,false,true,Hobby Classes,Hassan,2025-05-26T12:39:05.772Z
Divya's Art Room,D,5.0,1 Rating,"Layout Rajarajeshwari Nagar, Bangalore",,,Arts & Crafts Classes; Hobby Classes,false,false,false,false,true,Hobby Classes,Hassan,2025-05-26T12:39:05.772Z
Little Daffodils,+,4.6,18 Ratings,"3rd Stage Rajarajeshwari Nagar, Bangalore",,,Schools; Day Care Centres,true,false,false,false,true,Hobby Classes,Hassan,2025-05-26T12:39:05.772Z
Pinwheel Montessori School And Activity Centre,P,4.8,4 Ratings,"BEML Layout Rajarajeshwari Nagar, Bangalore",,,Nursery Schools; Schools,true,false,false,false,true,Hobby Classes,Hassan,2025-05-26T12:39:05.772Z
Music Kids,M,3.2,6 Ratings,"9th Block Nagarbhavi 2nd Stage, Bangalore",,,Music Classes; Music Classes For Guitar,true,false,false,false,false,Hobby Classes,Hassan,2025-05-26T12:39:05.772Z
SRS Abacus,S,5.0,1 Rating,"Lay Out Vijayanagar Attiguppe, Bangalore",,,Summer Camps; Abacus Classes,true,false,false,false,true,Hobby Classes,Hassan,2025-05-26T12:39:05.772Z
Swetha Geetha Tailoring Class,S,3.9,4 Ratings,"Kothnoor Post. Konanakunte, Bangalore",,,Arts & Crafts Classes; Tailoring Classes,true,false,false,false,false,Hobby Classes,Hassan,2025-05-26T12:39:05.772Z
Young Innovators Educational Services Pvt Ltd,+,4.9,93 Ratings,"21st Main Vijayanagar, Bangalore",,,Hobby Classes For Children; Hobby Classes,true,false,false,true,true,Hobby Classes,Hassan,2025-05-26T12:39:05.772Z
DP Venture Digital Marketing and Advertising,<,4.6,64 Ratings,"Hill to Kottara Road Chillimbi, Mangalore",,08128144936,Email Marketing Services; Advertising Agencies,true,false,false,false,true,Internet Website Designers,Hassan,2025-05-26T12:41:03.917Z
Big Faction Consultancy,<,4.1,737 Ratings,"Palya Main Road Ramamurthy Nagar, Bangalore",,09606237920,,true,false,false,false,true,Internet Website Designers,Hassan,2025-05-26T12:41:03.918Z
Amitiel Consultants,<,3.5,2 Ratings,"M G Road, Bangalore",,08904238026,Internet Website Designers,true,false,false,false,false,Internet Website Designers,Hassan,2025-05-26T12:41:03.918Z
Arkesh Technology Private Limited,<,4.5,88 Ratings,"Post Office Road Yelachenahalli, Bangalore",,06366932245,,true,false,false,true,true,Internet Website Designers,Hassan,2025-05-26T12:41:03.918Z
Califorbs,<,4.5,18 Ratings,"Kozhikode Bypass Poovangal, Kozhikode",,08460391609,SEO Internet Website Designers; Internet Website Designers,true,false,false,false,true,Internet Website Designers,Hassan,2025-05-26T12:41:03.918Z
Quaantisc,<,4.9,35 Ratings,"HSR Layout, Bangalore",,09980809357,Internet Website Developers; Mobile Application Developers,true,false,false,false,true,Internet Website Designers,Hassan,2025-05-26T12:41:03.918Z
Maani Web,<,5.0,7 Ratings,"TPV Layout Ganganagar, Bangalore",,08460213743,,true,false,false,false,true,Internet Website Designers,Hassan,2025-05-26T12:41:03.918Z
Ecdigi Technologies,<,4.8,37 Ratings,"Nagar 2nd Cross Kavundampalayam, Coimbatore",,09725472199,E Commerce Service Providers; Digital Marketing Services,true,false,false,false,true,Internet Website Designers,Hassan,2025-05-26T12:41:03.918Z
Rosp Website Platform,<,4.9,14 Ratings,"R.K.M LAYOUT Krishnarajapuram, Bangalore",,09035405690,Logo Designers; Mobile Application Developers,true,false,false,false,true,Internet Website Designers,Hassan,2025-05-26T12:41:03.918Z
First Logic Meta Lab Pvt Ltd,<,4.1,58 Ratings,"Bypass Road Perintalmanna, Malappuram",,08460521673,Software Companies; Computer Software Developers,true,false,false,true,true,Internet Website Designers,Hassan,2025-05-26T12:41:03.918Z
Inovsion,I,4.8,26 Ratings,"Novel Office Central Halasuru, Bangalore",,08460391363,Ios Mobile Application Developers; Mobile Application Developers,true,false,false,true,true,Internet Website Designers,Hassan,2025-05-26T12:41:03.919Z
Shout Out Llc,S,4.0,6 Ratings,"Bharathi Nagar Mettupalayam, Coimbatore",,08460394424,Digital Marketing Services; Advertising Agencies,true,false,false,false,false,Internet Website Designers,Hassan,2025-05-26T12:41:03.919Z
Vibhava Creations,+,4.5,327 Ratings,"Cross Rajajinagar Srirampuram, Bangalore",,09035152635,Videography,true,false,false,false,true,Internet Website Designers,Hassan,2025-05-26T12:41:03.919Z
Soft Venture,+,4.4,18 Ratings,"P.B Road Haveri Bazar, Haveri",,08460456235,Mobile Application Developers; Online Shopping Websites,true,false,false,false,true,Internet Website Designers,Hassan,2025-05-26T12:41:03.919Z
Retail Tech Solution,+,4.8,14 Ratings,"Hadadi Road Taralabalu Extension, Davangere",,,Internet Website Designers For Property; Thermal Printer Dealers,true,false,false,true,true,Internet Website Designers,Hassan,2025-05-26T12:41:03.919Z
Technoviva,T,3.8,9 Ratings,"17th Main Vijayanagar, Bangalore",,09980904480,Internet Website Designers; UPS Battery Dealers,true,false,false,true,true,Internet Website Designers,Hassan,2025-05-26T12:41:03.919Z
The Creative Trading Co,T,5.0,3 Ratings,"Velachery Road Guindy, Chennai",,08460228549,Advertising Agencies; Internet Website Designers,true,false,false,false,true,Internet Website Designers,Hassan,2025-05-26T12:41:03.919Z
Opalminds It Solutions Private Limited,O,4.8,9 Ratings,"Lalkudi Road No 1 Tollgate, Trichy",,07411670188,Computer Software Developers; Mobile Application Developers,true,false,true,true,true,Internet Website Designers,Hassan,2025-05-26T12:41:03.919Z
Zupain Tech Private Limited,+,5.0,1 Rating,"Bharathidasan Colony K K Nagar, Chennai",,08460556344,Internet Website Developers; Online Websites,true,false,false,false,false,Internet Website Designers,Hassan,2025-05-26T12:41:03.919Z
HYFE TECHNOLOGIES,+,4.9,25 Ratings,"Pantheon Road Egmore, Chennai",,08460244486,Digital Marketing Services; Internet Website Designers,true,false,true,true,true,Internet Website Designers,Hassan,2025-05-26T12:41:03.919Z
Race Software Solutions,R,5.0,5 Ratings,"MLA Road Palluruthy, Ernakulam",,07048267552,Mobile Application Developers; Internet Website Designers,true,false,false,false,true,Internet Website Designers,Hassan,2025-05-26T12:41:03.919Z
Vilora Technologies,+,4.6,58 Ratings,"Nagar Ellaipillaichavady, Pondicherry",,08490998730,Software Companies; Internet Website Designers,true,false,false,false,true,Internet Website Designers,Hassan,2025-05-26T12:41:03.919Z
Gatescloud Technologies,G,3.5,2 Ratings,"3rd Street Koodal Nagar, Madurai",,08511713096,Computer Software Developers; Mobile Application Developers,true,false,false,false,false,Internet Website Designers,Hassan,2025-05-26T12:41:03.919Z
Magizh Nexgen Technologies,+,4.6,24 Ratings,"Muneeshwaran Nagar Iyer Bungalow, Madurai",,08511482436,Registration-Software Development,true,false,false,false,true,Internet Website Designers,Hassan,2025-05-26T12:41:03.920Z
Digicherry,+,4.8,52 Ratings,"Main Road Lawspet Pondicherry, Pondicherry",,07041473906,Digital Marketing Services; Software Companies,true,false,false,true,true,Internet Website Designers,Hassan,2025-05-26T12:41:03.920Z
Plant 2 Tree Website Development And Digital Marketing Agency,+,4.8,40 Ratings,"Main Road Melvishram Vellore, Vellore",,08460497351,Internet Website Designers; Advertising Agencies,true,false,false,false,true,Internet Website Designers,Hassan,2025-05-26T12:41:03.920Z
Inspire Marketing,I,3.9,33 Ratings,"Ward No 7 Ilkal, Bagalkot",,,E Commerce Service Providers; Online Shopping Websites,true,false,false,false,false,Internet Website Designers,Hassan,2025-05-26T12:41:03.920Z
Robolabs R&D Pvt Ltd,+,4.6,13 Ratings,"Megha Hills Madhapur, Hyderabad",,09725801812,Internet Website Designers; Mobile Application Developers,true,false,false,false,true,Internet Website Designers,Hassan,2025-05-26T12:41:03.920Z
Around Manikonda,A,5.0,4 Ratings,"Flat No 301 Puppalaguda, Hyderabad",,07411593120,Internet Website Designers; Internet Website Developers,true,false,false,false,true,Internet Website Designers,Hassan,2025-05-26T12:41:03.920Z
Studio Radicals,S,3.8,6 Ratings,"2nd Street Old Washermanpet, Chennai",,08123840684,,true,false,false,false,false,Internet Website Designers,Hassan,2025-05-26T12:41:03.920Z
Digital Media Ads,+,4.7,50 Ratings,"JNTU Rd Kukatpally, Hyderabad",,08460413570,Digital Marketing Services; Internet Website Designers,true,false,false,false,true,Internet Website Designers,Hassan,2025-05-26T12:41:03.920Z
Ppf Web Developer,+,4.5,13 Ratings,"Adarsh Nagar Nagole, Hyderabad",,08511642685,Quick Visit,true,false,true,true,true,Internet Website Designers,Hassan,2025-05-26T12:41:03.920Z
I5digitech Solutions,+,4.2,7 Ratings,"30th Street Santhinagar, Tirunelveli",,,Internet Website Designers For Property; Digital Marketing Services,true,false,false,true,true,Internet Website Designers,Hassan,2025-05-26T12:41:03.920Z
Mak Online Solutions Pvt Ltd,+,4.2,46 Ratings,"Vijapur Road Jule Solapur, Solapur",,,Offers Training Program,true,false,false,true,true,Internet Website Designers,Hassan,2025-05-26T12:41:03.920Z
Vaishnavi Designs,+,5.0,1 Rating,"Santhapeta, Ongole",,08460232833,Digital Marketing Services; Advertising Agencies,true,false,false,false,true,Internet Website Designers,Hassan,2025-05-26T12:41:03.920Z
Shiv Traders Instruments Private Limited,+,4.1,206 Ratings,"Madhav Nagar Road Vishrambag, Sangli",,,Computer Software Developers; Hardware Shops,true,false,false,true,true,Internet Website Designers,Hassan,2025-05-26T12:41:03.920Z
Real Soft Systems,+,5.0,29 Ratings,"Off Paud Phata Road Erandwane, Pune",,08511774802,Internet Website Developers; Computer Graphic Designers,true,false,false,false,true,Internet Website Designers,Hassan,2025-05-26T12:41:03.920Z
Devourin,+,4.9,144 Ratings,"Th Floor Sky One Nagar Road, Pune",,,Restaurant Billing Software Dealers; Computer Software Developers,true,false,false,true,true,Internet Website Designers,Hassan,2025-05-26T12:41:03.921Z
Apps Techno Private Limited,+,4.9,15 Ratings,"Nashik Phata-kasarwadi, Pune",,09606414459,Internet Website Designers; Bulk SMS Services,true,false,true,true,true,Internet Website Designers,Hassan,2025-05-26T12:41:03.921Z
Mohit Enterprises,M,4.5,5 Ratings,"Kamgar Vikas Society Warje, Pune",,09980548083,,true,false,false,false,true,Internet Website Designers,Hassan,2025-05-26T12:41:03.921Z
Eterna Tech Solutions,E,4.5,2 Ratings,"Old Mundhwa Road Vadgaon Sheri, Pune",,07043136651,Digital Marketing Services; Internet Website Developers,true,false,false,false,false,Internet Website Designers,Hassan,2025-05-26T12:41:03.921Z
Bee18 Media Digital Services and It Solutions,B,3.5,2 Ratings,"Mundhwa, Pune",,08511887507,Software Companies; Computer Software Developers,true,false,false,false,false,Internet Website Designers,Hassan,2025-05-26T12:41:03.921Z
Canx Edge,+,4.9,34 Ratings,"Mahaveer Arcade Chinchwad East, Pune",,08511970296,Digital Marketing Services; Internet Website Developers,true,false,false,false,true,Internet Website Designers,Hassan,2025-05-26T12:41:03.921Z
Chintamani Technology Private Limited,C,5.0,2 Ratings,"Jm Road Deccan Gymkhana, Pune",,09972332171,Software Companies; Internet Website Developers,true,false,false,false,true,Internet Website Designers,Hassan,2025-05-26T12:41:03.921Z
Tangle - Design & Technology Company,+,5.0,80 Ratings,"Rambaug Colony Road Paud Road, Pune",,09724947607,Logo Designers; Software Companies,true,false,false,false,true,Internet Website Designers,Hassan,2025-05-26T12:41:03.921Z
Zeplinix Technologies,+,4.9,16 Ratings,"Kharadi Kharadi, Pune",,09008678069,Computer Software Developers; Digital Marketing Services,true,false,false,false,true,Internet Website Designers,Hassan,2025-05-26T12:41:03.921Z
Nowit Services Ltd,N,5.0,32 Ratings,"Uma Shankar Nagar Kanuru, Vijayawada",,07405364530,ATM; CCTV Surveillance,true,false,false,false,true,Internet Website Designers,Hassan,2025-05-26T12:41:03.921Z
KloudBricks Software Solutions Pvt Ltd,+,5.0,"1,607 Ratings","Nagamani Street Currency Nagar, Vijayawada",,08460259984,Mobile Application Developers; Advertising Agencies,true,false,false,false,true,Internet Website Designers,Hassan,2025-05-26T12:41:03.921Z
Kuvio Innovations & Services,+,4.7,3 Ratings,"Magarpatta Road Hadapsar, Pune",,07383101642,Digital Marketing Services; Online Websites,true,false,false,false,true,Internet Website Designers,Hassan,2025-05-26T12:41:03.921Z
Strategy Az,S,4.1,77 Ratings,"Kharadi, Pune",,,,true,false,false,true,false,Internet Website Designers,Hassan,2025-05-26T12:41:03.921Z
Limra Computers,+,4.0,87 Ratings,"No 14 Vishrantwadi Viman Nagar, Pune",,,Computer Software Developers For Billing; Internet Website Developers,true,false,false,true,true,Internet Website Designers,Hassan,2025-05-26T12:41:03.921Z
Sai Ashirwad Informatia,+,4.9,38 Ratings,"Cabin Cross Road Bhayandar East, Thane",,08401168309,Internet Website Developers; Internet Website Designers,true,false,false,true,true,Internet Website Designers,Hassan,2025-05-26T12:41:03.921Z
Shevolve Media,+,5.0,5 Ratings,"Satya Nagar Borivali West, Mumbai",,08867817525,Digital Marketing Services; Internet Website Designers,true,false,false,false,true,Internet Website Designers,Hassan,2025-05-26T12:41:03.921Z
Brand Buzzers,B,5.0,1 Rating,"Subhash Lane Kandivali West, Mumbai",,08460207630,Digital Marketing Services; Internet Website Developers,true,false,false,false,true,Internet Website Designers,Hassan,2025-05-26T12:41:03.921Z
Savydigitech Consulting & Services Pvt. Ltd,S,5.0,5 Ratings,"LBS Road Thane West, Thane",,08460409793,Internet Website Developers; Internet Website Designers,true,false,false,false,false,Internet Website Designers,Hassan,2025-05-26T12:41:03.921Z
Web Graphagency,+,4.5,6 Ratings,"Sagar Complex Mira Road East, Thane",,09980645187,Internet Website Designers; Digital Marketing Services,true,false,false,true,true,Internet Website Designers,Hassan,2025-05-26T12:41:03.922Z
VRatwork,+,4.9,22 Ratings,"Mahim West Matunga West, Mumbai",,06366435595,Digital Marketing Services; Internet Website Developers,true,false,false,false,true,Internet Website Designers,Hassan,2025-05-26T12:41:03.922Z
Spak Communications Pvt Ltd,+,3.9,13 Ratings,"Link Road Malad West, Mumbai",,08128678834,Digital Marketing Services; Advertising Agencies,true,false,false,true,false,Internet Website Designers,Hassan,2025-05-26T12:41:03.922Z
Sai Infocoast,S,5.0,2 Ratings,"Naidu Colony Ghatkopar East, Mumbai",,09724612738,Digital Marketing Services; Advertising Agencies,true,false,true,true,true,Internet Website Designers,Hassan,2025-05-26T12:41:03.922Z
Uc Tech Private Limited,U,5.0,22 Ratings,"Rawalpada-Dahisar East, Mumbai",,09972592389,Internet Website Developers; Internet Website Designers,true,false,false,false,true,Internet Website Designers,Hassan,2025-05-26T12:41:03.922Z
Matrix Infoweb,+,4.5,12 Ratings,"Dumping Road Mulund West, Mumbai",,08123493477,Internet Website Designers; Website Hosting Services,true,false,false,false,true,Internet Website Designers,Hassan,2025-05-26T12:41:03.922Z
Blink Random Technologies,+,4.2,15 Ratings,"Naigaon East, Palghar",,,Internet Website Designers; Digital Marketing Services,true,false,false,false,true,Internet Website Designers,Hassan,2025-05-26T12:41:03.922Z
M90 Technologies,M,4.7,40 Ratings,"Trimurti Chowk Jawahar Colony, Aurangabad-Maharashtra",,,Internet Website Developers; Internet Website Designers,true,false,false,false,true,Internet Website Designers,Hassan,2025-05-26T12:41:03.922Z
Black Grapes Softech,+,4.3,6 Ratings,"Andheri Andheri East, Mumbai",,08105046692,Internet Website Developers; Online Websites,true,false,false,false,false,Internet Website Designers,Hassan,2025-05-26T12:41:03.922Z
Bizyog Corporation,+,4.2,33 Ratings,"Juhu Tara Road Juhu, Mumbai",,,Internet Website Designers; Digital Marketing Services,true,false,true,true,true,Internet Website Designers,Hassan,2025-05-26T12:41:03.922Z
Sms Link Wallet,+,4.1,161 Ratings,"Charkop Kandivali West, Mumbai",,09845249924,,true,false,false,true,true,Internet Website Designers,Hassan,2025-05-26T12:41:03.922Z
Nakoda Enterprise,+,4.1,70 Ratings,"Char Rasta Koparli, Vapi",,,Company Authorised Dealer; Bitcoin,true,false,false,true,true,Internet Website Designers,Hassan,2025-05-26T12:41:03.922Z
Digital Advertising Company,+,4.5,97 Ratings,"Rajguru Flyover Palghar City, Palghar",,09972204458,,true,false,false,true,true,Internet Website Designers,Hassan,2025-05-26T12:41:03.922Z
Brandindia Ai Digital Technologies,+,4.9,31 Ratings,"Adajan Pal Road Adajan Road, Surat",,07411787638,Internet Website Designers; Digital Marketing Services,true,false,false,false,true,Internet Website Designers,Hassan,2025-05-26T12:41:03.922Z
Agevole Innovation Pvt. Ltd,+,4.7,16 Ratings,"Udhna Magdalla Road Vesu, Surat",,08511994539,Software Companies; Internet Website Developers,true,false,false,false,true,Internet Website Designers,Hassan,2025-05-26T12:41:03.922Z
Oved Technologies Pvt Ltd,O,4.2,15 Ratings,"Dharampeth, Nagpur",,09725471897,Digital Marketing Services; Android Application Developers,true,false,false,true,true,Internet Website Designers,Hassan,2025-05-26T12:41:03.922Z
Zenon Labs & Shopify Experts,Z,5.0,12 Ratings,"Puna-canal Road Punagam, Surat",,09724598922,Internet Website Developers; Internet Website Designers,true,false,false,false,true,Internet Website Designers,Hassan,2025-05-26T12:41:03.922Z
Squidteck It Solution,S,5.0,2 Ratings,"Satellite Road Mota Varachha, Surat",,08460300648,Quick Visit,true,false,false,false,true,Internet Website Designers,Hassan,2025-05-26T12:41:03.923Z
Webzotech,+,5.0,21 Ratings,"Basantpur Road Chandra Colony, Rajnandgaon",,08460242528,Advertising Agencies; Social Media Marketing Agencies,true,false,false,false,true,Internet Website Designers,Hassan,2025-05-26T12:41:03.923Z
Sonambika IT Solution,S,5.0,4 Ratings,"Udhna Magdala Road Sosyo Circle, Surat",,07383726439,Internet Website Developers; Digital Marketing Services,true,false,false,false,true,Internet Website Designers,Hassan,2025-05-26T12:41:03.923Z
Venus Global Technology,V,3.5,2 Ratings,"Station Road Delhi Gate, Surat",,08401963728,Internet Website Developers; Internet Website Designers,true,false,false,false,false,Internet Website Designers,Hassan,2025-05-26T12:41:03.923Z
Nirankar & Co,+,4.3,11 Ratings,"Antalia Road College Road, Bilimora",,08460453838,Internet Website Designers; Internet Website Developers,true,false,false,false,true,Internet Website Designers,Hassan,2025-05-26T12:41:03.923Z
Gocinico,+,4.6,10 Ratings,"Sola Road Sola, Ahmedabad",,08511065458,Mobile Application Designers; Mobile Application Developers,true,false,false,false,false,Internet Website Designers,Hassan,2025-05-26T12:41:03.923Z
Infograins Software Solutions Pvt Ltd,+,4.4,218 Ratings,"Atulya IT Park Bhawar Kuan, Indore",,07487869301,Software Companies; Placement Services (Candidate),true,false,false,true,true,Internet Website Designers,Hassan,2025-05-26T12:41:03.923Z
Media World Brand Consultancy,+,4.5,54 Ratings,"Bima Nagar Saket Nagar, Indore",,09725170869,Digital Marketing Services; Advertising Agencies,true,false,true,true,true,Internet Website Designers,Hassan,2025-05-26T12:41:03.923Z
Acore It Hub,A,4.9,53 Ratings,"Part-1 Dewas Naka Indore, Indore",,08460535263,Software Companies; Internet Website Developers,true,false,true,true,true,Internet Website Designers,Hassan,2025-05-26T12:41:03.923Z
PHP Infosec,P,4.6,12 Ratings,"Itc Narmada Vastrapur, Ahmedabad",,07041318248,Wifi Authentication Solution Providers; Internet Website Developers,true,false,false,false,true,Internet Website Designers,Hassan,2025-05-26T12:41:03.923Z
Altius Infoway,+,4.1,27 Ratings,"Station Plot Bhaktinagar, Rajkot",,09606162097,Internet Website Designers; CCTV Dealers,true,false,false,true,true,Internet Website Designers,Hassan,2025-05-26T12:41:03.923Z
Social Monster Digital Marketing Agency,+,4.5,11 Ratings,"Ring Road No. -1 Kushalpur, Raipur-Chhattisgarh",,09845248631,Government Verified,true,false,false,false,true,Internet Website Designers,Hassan,2025-05-26T12:41:03.923Z
Fa Dev It Solution,+,3.5,2 Ratings,"Bridge Police Station Paldi, Ahmedabad",,07041463259,Internet Website Developers; Mobile Application Developers,true,false,false,false,false,Internet Website Designers,Hassan,2025-05-26T12:41:03.923Z
SSV Technologies & Consultancy,+,4.1,102 Ratings,"PU4 Road Vijay Nagar, Indore",,08511295764,Internet Website Designers; Digital Marketing Services,true,false,false,true,true,Internet Website Designers,Hassan,2025-05-26T12:41:03.923Z
Zennova Tech Pvt. Ltd.,Z,5.0,1 Rating,"Science City Road Sola, Ahmedabad",,08733004429,Internet Website Developers; Mobile Application Developers,true,false,false,false,false,Internet Website Designers,Hassan,2025-05-26T12:41:03.923Z
Samcom Technologies,+,5.0,291 Ratings,"4D Squre Motera Chandkheda, Ahmedabad",,09054065936,Digital Marketing Services; Internet Website Developers,true,false,false,false,true,Internet Website Designers,Hassan,2025-05-26T12:41:03.923Z
UBACODE TECHNOLOGIES,U,4.7,7 Ratings,"POTIYA ROAD Borsi, Durg",,08460211391,Internet Website Designers; Computer Software Developers,true,false,false,false,false,Internet Website Designers,Hassan,2025-05-26T12:41:03.923Z
Zetawiz Technologies,Z,4.9,56 Ratings,"Raffel Tower Old Palasia, Indore",,09054637929,Internet Website Developers; Computer Software Developers,true,false,false,false,true,Internet Website Designers,Hassan,2025-05-26T12:41:03.923Z
Eway IT Solutions Pvt Ltd,+,4.6,138 Ratings,"Bahadur Shastri Marg Sanwer Road, Ujjain",,08734967374,On Site Services,true,false,false,false,true,Internet Website Designers,Hassan,2025-05-26T12:41:03.924Z
WDT Technologies Private Limited,W,5.0,8 Ratings,"Nagar Square Kanadia Road, Indore",,09724701780,Internet Website Developers; Computer Software Developers,true,false,false,true,true,Internet Website Designers,Hassan,2025-05-26T12:41:03.924Z
Synoris Information Systems Pvt Ltd,S,5.0,4 Ratings,"Gandhinagar Highway Thaltej, Ahmedabad",,08105716899,Internet Website Developers; Mobile Application Developers,true,false,false,false,true,Internet Website Designers,Hassan,2025-05-26T12:41:03.924Z
Digital One Box Pvt Ltd,+,5.0,28 Ratings,"Bhatera Road Taj Nagar, Balaghat",,09035020196,Internet Website Developers; Internet Website Designers,true,false,true,true,true,Internet Website Designers,Hassan,2025-05-26T12:41:03.924Z
Buzz Deal Services,+,4.5,33 Ratings,"Shree Nagar Bhopal Indore Road, Indore",,08401153633,Internet Website Developers; Computer Software Developers,true,false,false,false,true,Internet Website Designers,Hassan,2025-05-26T12:41:03.924Z
The Tender Star,T,4.4,63 Ratings,"Gurudwara Market Hamidia Road, Bhopal",,08792479734,,true,false,false,true,true,Internet Website Designers,Hassan,2025-05-26T12:41:03.924Z
Fovty Solutions,+,4.5,37 Ratings,"Nipania Scheme 94b, Indore",,08511289859,Internet Website Designers; Search Engine Optimization Services,true,false,true,true,true,Internet Website Designers,Hassan,2025-05-26T12:41:03.924Z
Noology Infotech Software Pvt Ltd,+,4.1,130 Ratings,"Sanganva Chowk Trikon Baug, Rajkot",,,,true,false,false,true,true,Internet Website Designers,Hassan,2025-05-26T12:41:03.924Z
Ultra Modern Technologies,+,5.0,11 Ratings,"By Khatiwala Tank Tower Chouraha, Indore",,08511307825,Software Companies; Internet Website Developers,true,false,false,false,true,Internet Website Designers,Hassan,2025-05-26T12:41:03.924Z
B S Digital Technology,+,4.8,83 Ratings,"Street No 3 Borsi, Durg",,08128460936,Computer Software Developers For Accounting Management; Digital Marketing Services,true,false,false,true,true,Internet Website Designers,Hassan,2025-05-26T12:41:03.924Z
Vijay Silver Palace,<,4.6,92 Ratings,"Devigere Circle Subhash Square, Hassan",,08460211705,Silver Jewellery; Shop In Store; Same Day Delivery,true,false,false,false,true,Jewellery Showrooms,Hassan,2025-05-26T12:42:21.418Z
Rajeshwari Jewellers,<,4.3,8 Ratings,"Society Road Gandhi Bazaar, Hassan",,09724228694,Diamond Jewellery; Gold Jewellery; Shop In Store,true,false,false,false,true,Jewellery Showrooms,Hassan,2025-05-26T12:42:21.418Z
Kanz Gold And Daimonds,<,4.6,11 Ratings,"Subhas Squre Bm Road, Hassan",,09008318361,Silver Jewellery; Diamond Jewellery,true,false,false,true,true,Jewellery Showrooms,Hassan,2025-05-26T12:42:21.418Z
H K S Jewellers,<,4.3,10 Ratings,"Bm Road, Hassan",,,Platinum Jewellery; Silver Jewellery,true,false,false,true,true,Jewellery Showrooms,Hassan,2025-05-26T12:42:21.418Z
Dyuthi Gold Company,<,4.1,10 Ratings,"Bsnl Bhavan Side Bm Road, Hassan",,,Jewellery Showrooms; Gold Jewellery Showrooms,true,false,false,false,true,Jewellery Showrooms,Hassan,2025-05-26T12:42:21.419Z
Bhagavathi Jewels,<,4.9,7 Ratings,"Vasavi Mahal Road Arsikere, Hassan",,,Silver Jewellery; Gold Jewellery,true,false,false,true,true,Jewellery Showrooms,Hassan,2025-05-26T12:42:21.419Z
Bhima Jewellers,<,4.9,"10,866 Ratings","B M Road Kr Puram Hassan, Hassan",,,Pearl Jewellery; Platinum Jewellery; Same Day Delivery,true,false,false,false,true,Jewellery Showrooms,Hassan,2025-05-26T12:42:21.419Z
Joyalukkas,<,4.8,"9,616 Ratings","Bm Road, Hassan",,,Gold Jewellery; Pearl Jewellery; Same Day Delivery,true,false,false,false,true,Jewellery Showrooms,Hassan,2025-05-26T12:42:21.419Z
Malabar Gold & Diamonds,<,4.7,"3,563 Ratings","Lakshmi Arcade Bm Road, Hassan",,,Same Day Delivery; Shop In Store,true,false,true,true,true,Jewellery Showrooms,Hassan,2025-05-26T12:42:21.419Z
G L Acharya Jewellers,<,4.8,"2,843 Ratings","Circle Kasturba Road Hassan, Hassan",,,Pearl Jewellery; Silver Jewellery; Shop In Store,true,false,false,true,true,Jewellery Showrooms,Hassan,2025-05-26T12:42:21.419Z
GRT Jewellers,G,4.8,"1,413 Ratings","Rangoli Halla, Hassan",,,Jewellery Showrooms,true,false,false,false,true,Jewellery Showrooms,Hassan,2025-05-26T12:42:21.419Z
SRS Jewellers,+,4.1,"1,248 Ratings","Bm Road, Hassan",,,Silver Jewellery; Pearl Jewellery; Shop In Store,true,false,false,false,true,Jewellery Showrooms,Hassan,2025-05-26T12:42:21.420Z
The Kanz Gold And Diamonds,+,4.9,418 Ratings,"Subhash Square Bm Road, Hassan",,,Shop In Store; Same Day Delivery,true,false,false,false,true,Jewellery Showrooms,Hassan,2025-05-26T12:42:21.420Z
Kalyan Jewellers,+,3.8,493 Ratings,"Kasturba Road Subhash Square, Hassan",,,Diamond Jewellery; Gold Jewellery; Same Day Delivery,true,false,false,false,false,Jewellery Showrooms,Hassan,2025-05-26T12:42:21.420Z
Sri Roopa Jewellers,+,4.2,124 Ratings,"Subash Square Subhash Square, Hassan",,,Pearl Jewellery; Silver Jewellery,true,false,false,false,true,Jewellery Showrooms,Hassan,2025-05-26T12:42:21.420Z
Sri Roopa Jewellers,+,4.0,100 Ratings,"Gandhibazar Hassan Ho, Hassan",,,Pearl Jewellery; Silver Jewellery,true,false,false,false,true,Jewellery Showrooms,Hassan,2025-05-26T12:42:21.420Z
Nakshatra Jewellers Corporation,+,4.3,76 Ratings,"Bagur Road Channarayapatna, Hassan",,,Pearl Jewellery; Silver Jewellery; Shop In Store,true,false,false,false,true,Jewellery Showrooms,Hassan,2025-05-26T12:42:21.420Z
Nakshatra,+,4.1,73 Ratings,"Bm Road Bm Road, Hassan",,,Silver Jewellery; Diamond Jewellery,true,false,false,false,true,Jewellery Showrooms,Hassan,2025-05-26T12:42:21.420Z
Nakshatra,+,4.1,73 Ratings,"Office Road Subhash Square, Hassan",,,Pearl Jewellery; Silver Jewellery; Same Day Delivery,true,false,false,false,true,Jewellery Showrooms,Hassan,2025-05-26T12:42:21.420Z
Nakshatra,+,4.1,73 Ratings,"Main Road Subhash Square, Hassan",,,Jewellery Showrooms; Jewellery Showrooms-Nakshatra,true,false,false,false,true,Jewellery Showrooms,Hassan,2025-05-26T12:42:21.420Z
Navarathna Jewellers,N,4.2,57 Ratings,"Channarayapatna, Hassan",,,Gold Jewellery; Pearl Jewellery; Shop In Store,true,false,false,false,true,Jewellery Showrooms,Hassan,2025-05-26T12:42:21.421Z
Kanaka Jewellery Mart & Kanaka Bankers,+,4.2,53 Ratings,"N.R.Circle Bm Road, Hassan",,,Imitation Jewellery; Silver Jewellery,true,false,false,false,true,Jewellery Showrooms,Hassan,2025-05-26T12:42:21.421Z
Vasavi Jewellers,+,4.6,48 Ratings,"Vasavi Mahal Road Arsikere, Hassan",,,Gold Jewellery; Silver Jewellery; Shop In Store,true,false,false,false,true,Jewellery Showrooms,Hassan,2025-05-26T12:42:21.421Z
Damas Gold And Silver,+,3.5,61 Ratings,"B M Road Channarayapatna, Hassan",,,Gold Jewellery; Silver Jewellery; Shop In Store,true,false,false,true,false,Jewellery Showrooms,Hassan,2025-05-26T12:42:21.421Z
Rr Gold Palace,+,3.8,53 Ratings,"DHANALAXMI COMPLEX ARKALGUD, Hassan",,,Gold Jewellery; Pearl Jewellery; Delivery Available,true,false,false,false,false,Jewellery Showrooms,Hassan,2025-05-26T12:42:21.421Z
Rj Jeweller,R,4.3,46 Ratings,"Mangalore Road Ammeer Mohalla, Hassan",,,Gold Jewellery; Pearl Jewellery; Delivery Available,true,false,false,false,true,Jewellery Showrooms,Hassan,2025-05-26T12:42:21.421Z
Mahaveer Jewellers,M,4.1,34 Ratings,"Main Road Holenarsipur, Hassan",,,Silver Jewellery; Delivery Available; Same Day Delivery,true,false,false,false,false,Jewellery Showrooms,Hassan,2025-05-26T12:42:21.421Z
Rk Abharana,R,4.3,32 Ratings,"Mangalore Road Gandhi Bazaar, Hassan",,,Silver Jewellery; Same Day Delivery; Shop In Store,true,false,false,false,true,Jewellery Showrooms,Hassan,2025-05-26T12:42:21.421Z
Shree Lakshmi Jewellery Works,S,4.3,32 Ratings,"Doddabasti Road, Hassan",,,Pearl Jewellery; Silver Jewellery; Shop In Store,true,false,false,false,true,Jewellery Showrooms,Hassan,2025-05-26T12:42:21.421Z
Kaveri Jewellers,+,4.9,26 Ratings,"Bazar Street Arasikere Arsikere, Hassan",,,Silver Jewellery; Shop In Store; Same Day Delivery,true,false,false,false,true,Jewellery Showrooms,Hassan,2025-05-26T12:42:21.421Z
Vardhaman Jewellers And Pawn Brokers,+,4.6,27 Ratings,"Peta Main Road Holenarsipur, Hassan",,,Shop In Store; Delivery Available; Same Day Delivery,true,false,false,false,true,Jewellery Showrooms,Hassan,2025-05-26T12:42:21.422Z
Hks Jewelers,H,4.5,27 Ratings,"Ammeer Mohalla Bm Road, Hassan",,,Gold Jewellery; Pearl Jewellery; Same Day Delivery,false,false,false,false,true,Jewellery Showrooms,Hassan,2025-05-26T12:42:21.422Z
Rajkamal Jewellers,+,4.3,26 Ratings,"Road Arkalgud, Hassan",,,Gold Jewellery; Silver Jewellery,true,false,false,false,true,Jewellery Showrooms,Hassan,2025-05-26T12:42:21.422Z
Sri SAI Gold Palace,+,3.6,30 Ratings,"B.M Road Channarayapatna, Hassan",,,Silver Jewellery; Shop In Store,true,false,false,false,false,Jewellery Showrooms,Hassan,2025-05-26T12:42:21.422Z
Parama Jewellers,+,5.0,21 Ratings,"Main Road Kasturba Road Hassan, Hassan",,,Pearl Jewellery; Silver Jewellery; Same Day Delivery,true,false,false,false,true,Jewellery Showrooms,Hassan,2025-05-26T12:42:21.422Z
Hema Jewellers,H,4.2,24 Ratings,"H N Pura Holenarsipur, Hassan",,,Pearl Jewellery; Silver Jewellery; Shop In Store,true,false,false,false,true,Jewellery Showrooms,Hassan,2025-05-26T12:42:21.422Z
Manikanta Pearls and Gems,+,4.5,22 Ratings,"Bm Road, Hassan",,,Pearl Jewellery; Silver Jewellery,false,false,false,false,true,Jewellery Showrooms,Hassan,2025-05-26T12:42:21.423Z
Singhvi Jewellers,S,4.7,21 Ratings,"Gandhi Bazar Road Hassan Ho, Hassan",,,Silver Jewellery; Shop In Store,true,false,false,false,false,Jewellery Showrooms,Hassan,2025-05-26T12:42:21.423Z
Vinayaka Jewellers,V,3.1,30 Ratings,"Banavara, Hassan",,,Jewellery Showrooms; Jewellery Dealers,false,false,false,false,false,Jewellery Showrooms,Hassan,2025-05-26T12:42:21.423Z
Sri Radhakrishna Jewellers,+,5.0,18 Ratings,"Near Pi Internationl Hassan HO, Hassan",,,Silver Jewellery; Delivery Available; Shop In Store,true,false,false,false,false,Jewellery Showrooms,Hassan,2025-05-26T12:42:21.423Z
Sri Roopa Jewellers,+,4.4,20 Ratings,"Arsikere, Hassan",,,Jewellery Showrooms; 1 Gram Gold Jewellery Dealers,true,false,false,false,true,Jewellery Showrooms,Hassan,2025-05-26T12:42:21.423Z
Sri Anand Jewellers,+,5.0,16 Ratings,"Kannika Mahal Complex Arkalgud, Hassan",,,Imitation Jewellery; Silver Jewellery,true,false,false,false,true,Jewellery Showrooms,Hassan,2025-05-26T12:42:21.424Z
Anand Jewellers,+,5.0,16 Ratings,"Halli Mysore Road Arkalgud, Hassan",,,Same Day Delivery; Shop In Store,true,false,false,false,false,Jewellery Showrooms,Hassan,2025-05-26T12:42:21.424Z
Ambika Jewellery Mr Naveen B K,+,4.8,16 Ratings,"No 549/b Bm Road, Hassan",,,Silver Jewellery; Shop In Store,true,false,false,false,false,Jewellery Showrooms,Hassan,2025-05-26T12:42:21.424Z
N S R Jewellers,N,3.9,19 Ratings,"Pete Main Road Holenarsipur, Hassan",,,Shop In Store; Delivery Available,true,false,false,false,false,Jewellery Showrooms,Hassan,2025-05-26T12:42:21.425Z
Shubh Jewellers,+,3.6,19 Ratings,"Bagur Road Channarayapatna, Hassan",,,Pearl Jewellery; Silver Jewellery; Shop In Store,true,false,false,false,false,Jewellery Showrooms,Hassan,2025-05-26T12:42:21.425Z
Paras Jewellers,+,4.8,13 Ratings,"Gandhi Bazaar, Hassan",,,Delivery Available; Same Day Delivery; Shop In Store,true,false,false,false,false,Jewellery Showrooms,Hassan,2025-05-26T12:42:21.425Z
Paras Jewellers,P,4.8,13 Ratings,"Ammeer Mohalla Ammeer Mohalla, Hassan",,,Delivery Available; Same Day Delivery; Shop In Store,true,false,false,false,false,Jewellery Showrooms,Hassan,2025-05-26T12:42:21.425Z
Saklespur Rajadhani Jewellers,S,4.1,15 Ratings,"Mangaluru Highway Sakleshpur, Sakleshpur",,,Shop In Store,true,false,false,false,false,Jewellery Showrooms,Hassan,2025-05-26T12:42:21.425Z
Arun Fancy Store,A,4.7,13 Ratings,"Bengaluru Road Shravanabelagola, Shravanabelagola",,,Shop In Store; Same Day Delivery,true,false,false,false,false,Jewellery Showrooms,Hassan,2025-05-26T12:42:21.425Z
Vishnu Jewellery,V,3.2,19 Ratings,"Reading Room Road Arsikere, Hassan",,,Pearl Jewellery; Silver Jewellery; Shop In Store,true,false,false,false,false,Jewellery Showrooms,Hassan,2025-05-26T12:42:21.425Z
Rukmini Hall,+,3.7,16 Ratings,"Kr Circle, Hassan",,,Jewellery Showrooms,true,false,false,false,false,Jewellery Showrooms,Hassan,2025-05-26T12:42:21.425Z
Renuka Jewellers,R,4.2,13 Ratings,"Bagur Road Channarayapatna, Hassan",,,Shop In Store; Same Day Delivery; Delivery Available,true,false,false,false,false,Jewellery Showrooms,Hassan,2025-05-26T12:42:21.425Z
Pratibha Jewellers,+,4.9,11 Ratings,"National Highway 234 Belur, Belur",,,Shop In Store,true,false,false,false,false,Jewellery Showrooms,Hassan,2025-05-26T12:42:21.425Z
Shree Guru Jewellers,+,4.0,12 Ratings,"Bagur Circle Channarayapatna, Hassan",,,Making Charges,true,false,false,true,false,Jewellery Showrooms,Hassan,2025-05-26T12:42:21.425Z
Shree Krishna Jewellers,+,4.2,10 Ratings,"Bagur Road Channarayapatna, Hassan",,,Shop In Store,true,false,false,false,true,Jewellery Showrooms,Hassan,2025-05-26T12:42:21.425Z
Manjunath Jewellery,M,3.7,11 Ratings,"Bagur Road Channarayapatna, Hassan",,,Silver Jewellery; Shop In Store; Same Day Delivery,true,false,false,false,false,Jewellery Showrooms,Hassan,2025-05-26T12:42:21.426Z
New Srs Jewellers,+,4.5,9 Ratings,"Bm Road Gulsinda, Hassan",,,Same Day Delivery; Shop In Store,true,false,false,false,true,Jewellery Showrooms,Hassan,2025-05-26T12:42:21.426Z
Sri Danlaxmi Jewellers,+,4.7,8 Ratings,"Subhash Square Ammeer Mohalla, Hassan",,,Jewellery Showrooms,true,false,false,false,false,Jewellery Showrooms,Hassan,2025-05-26T12:42:21.426Z
Abharanam Rentals And Novelties,+,4.7,8 Ratings,"Shareef Colony, Hassan",,,Jewellery Showrooms,true,false,false,false,false,Jewellery Showrooms,Hassan,2025-05-26T12:42:21.426Z
R J Jewellers,R,4.5,8 Ratings,"R J Building Bm Road, Hassan",,,Pearl Jewellery; Silver Jewellery,true,false,false,false,true,Jewellery Showrooms,Hassan,2025-05-26T12:42:21.426Z
S P Oswal & Co Jewellers,+,4.4,8 Ratings,"B. M. Road Sakleshpur, Sakleshpur",,,Jewellery Showrooms; Jewellery Dealers,true,false,false,false,true,Jewellery Showrooms,Hassan,2025-05-26T12:42:21.426Z
Ramya Jewellers,+,4.9,7 Ratings,"Gandhi Bazaar Gandhi Bazaar, Hassan",,,Silver Jewellery; Same Day Delivery; Shop In Store,true,false,false,false,false,Jewellery Showrooms,Hassan,2025-05-26T12:42:21.426Z
sri Kanaka Jewellers,s,4.7,7 Ratings,"K J Building Bm Road, Hassan",,,Platinum Jewellery; Silver Jewellery; Same Day Delivery,true,false,false,false,true,Jewellery Showrooms,Hassan,2025-05-26T12:42:21.426Z
Bennerajappa Jewellers,+,4.7,7 Ratings,"Bagur Main Road Channarayapatna, Hassan",,,Silver Jewellery,true,false,false,true,true,Jewellery Showrooms,Hassan,2025-05-26T12:42:21.426Z
Balaji Jewellers,B,4.7,7 Ratings,"Main Road Basavapatna, Hassan",,,Shop In Store,true,false,false,false,false,Jewellery Showrooms,Hassan,2025-05-26T12:42:21.426Z
Jyothi Jewellers,J,3.5,9 Ratings,"Gandasi, Hassan",,,Shop In Store,true,false,false,false,false,Jewellery Showrooms,Hassan,2025-05-26T12:42:21.426Z
Sree Ambika Jewellers,S,3.1,10 Ratings,"Arkalgud, Hassan",,,Platinum Jewellery; Silver Jewellery; Shop In Store,true,false,false,false,false,Jewellery Showrooms,Hassan,2025-05-26T12:42:21.427Z
Shree Ganesh Jewellers,+,4.4,7 Ratings,"Bm Road, Hassan",,,Silver Jewellery,true,false,false,false,true,Jewellery Showrooms,Hassan,2025-05-26T12:42:21.427Z
Sri Jewellers,+,5.0,6 Ratings,"B M Road Hirisave, Hassan",,,Jewellery Showrooms; Jewellery Dealers,true,false,false,false,false,Jewellery Showrooms,Hassan,2025-05-26T12:42:21.427Z
Pawan Jewellers,+,4.6,6 Ratings,"Bagur Village Channarayapatna, Hassan",,,Jewellery Showrooms; Gold Plated Chain Wholesalers,true,false,false,true,false,Jewellery Showrooms,Hassan,2025-05-26T12:42:21.427Z
Balaji Jewellers,B,4.5,6 Ratings,"Bagur Road Channarayapatna, Hassan",,,Jewellery Showrooms; Gold Jewellery Showrooms,true,false,false,false,false,Jewellery Showrooms,Hassan,2025-05-26T12:42:21.427Z
Roopa Jewellers,R,3.7,7 Ratings,"Main Road Madikeri Hassan Ho, Hassan",,,Jewellery Showrooms; Jewellery Ring Dealers,true,false,false,false,false,Jewellery Showrooms,Hassan,2025-05-26T12:42:21.427Z
Pavan Jewellers,P,4.3,6 Ratings,"Pete Main Road Holenarsipur, Hassan",,,Jewellery Showrooms; Jewellery Dealers,true,false,false,false,false,Jewellery Showrooms,Hassan,2025-05-26T12:42:21.427Z
Sagar Jewellers,+,4.7,5 Ratings,"Gandhi Bazaar Gandhi Bazaar, Hassan",,,Silver Jewellery,true,false,false,true,true,Jewellery Showrooms,Hassan,2025-05-26T12:42:21.427Z
Sri Rangalakshmi Jewellers,S,4.6,5 Ratings,"Ammeer Mohalla, Hassan",,,Jewellery Showrooms,false,false,false,false,false,Jewellery Showrooms,Hassan,2025-05-26T12:42:21.427Z
Sahara Gold And Silver Jewellery,S,4.6,5 Ratings,"Arsikere, Hassan",,,Jewellery Showrooms,true,false,false,false,false,Jewellery Showrooms,Hassan,2025-05-26T12:42:21.427Z
Sri Parvathi Jewellers,+,4.4,5 Ratings,"Kasthirba Road Hassan HO, Hassan",,,Jewellery Showrooms; Jewellery Dealers,true,false,false,false,false,Jewellery Showrooms,Hassan,2025-05-26T12:42:21.427Z
Vinayak Jewellers,V,3.5,6 Ratings,"Pete Main Road Holenarsipur, Hassan",,,Jewellery Showrooms; Jewellery Dealers,true,false,false,false,false,Jewellery Showrooms,Hassan,2025-05-26T12:42:21.427Z
Brundavana Jewellers Avs,B,2.6,8 Ratings,"Pete Main Road Holenarsipur, Hassan",,,Jewellery Showrooms; Jewellery Dealers,true,false,false,false,false,Jewellery Showrooms,Hassan,2025-05-26T12:42:21.427Z
Kalikamba Jewellers,K,5.0,4 Ratings,"Bm Road Channarayapatna, Hassan",,,Pearl Jewellery; Silver Jewellery; Old Jewellery Buy Back Option,true,false,false,false,false,Jewellery Showrooms,Hassan,2025-05-26T12:42:21.427Z
Kumar Jewellers,K,3.3,6 Ratings,"Bazaar Street Holenarsipur, Hassan",,,Silver Jewellery,true,false,false,false,false,Jewellery Showrooms,Hassan,2025-05-26T12:42:21.427Z
Anand Jewellers,A,4.8,4 Ratings,"B M Road Sakleshpur, Sakleshpur",,,Jewellery Showrooms; Jewellery Dealers,true,false,false,false,false,Jewellery Showrooms,Hassan,2025-05-26T12:42:21.427Z
Ashirwad artificial jewellary,A,2.7,7 Ratings,"Mangaluru Highway Sakleshpur, Sakleshpur",,,Shop In Store,true,false,false,false,false,Jewellery Showrooms,Hassan,2025-05-26T12:42:21.427Z
Sri Sai Gold Palace,S,3.1,6 Ratings,"Pete Main Road Holenarsipur, Hassan",,,Jewellery Showrooms,true,false,false,false,false,Jewellery Showrooms,Hassan,2025-05-26T12:42:21.427Z
Shri Renuka Jewellers,S,4.5,4 Ratings,"L M Road, Sakleshpur",,,Jewellery Showrooms,false,false,false,false,false,Jewellery Showrooms,Hassan,2025-05-26T12:42:21.427Z
Srd Jewellers,+,4.5,4 Ratings,"Panchanahalli Road Bm Road, Hassan",,,Silver Jewellery,true,false,false,false,true,Jewellery Showrooms,Hassan,2025-05-26T12:42:21.427Z
Apoorva Jewellers,A,4.5,4 Ratings,"Ammeer Mohalla, Hassan",,,Jewellery Showrooms,false,false,false,false,false,Jewellery Showrooms,Hassan,2025-05-26T12:42:21.427Z
Srinivas Jewellers,S,4.5,4 Ratings,"Main Road Holenarasipur, Hassan",,,Jewellery Showrooms,false,false,false,false,false,Jewellery Showrooms,Hassan,2025-05-26T12:42:21.427Z
Sri Ambika Jewellery,S,4.4,4 Ratings,"Mysore Road Ramanathapura, Hassan",,,Jewellery Showrooms,true,false,false,false,false,Jewellery Showrooms,Hassan,2025-05-26T12:42:21.427Z
Vasavi Jewellers,V,4.4,4 Ratings,"Pete Main Road Holenarsipur, Hassan",,,Jewellery Showrooms; Jewellery Dealers,true,false,false,false,false,Jewellery Showrooms,Hassan,2025-05-26T12:42:21.427Z
R K Abharana,R,3.8,4 Ratings,"Bazaar Main Road Gandhi Bazaar, Hassan",,,Jewellery Showrooms; Gold Jewellery Showrooms,true,false,false,false,false,Jewellery Showrooms,Hassan,2025-05-26T12:42:21.428Z
Ganesha Jewellery Works,+,5.0,3 Ratings,"Bagur Road Channarayapatna, Hassan",,,Silver Jewellery; Making Charges,true,false,false,false,false,Jewellery Showrooms,Hassan,2025-05-26T12:42:21.428Z
Mahalakshmi Jewellery Mart,M,5.0,3 Ratings,"1st Cross Gandhi Bazaar, Hassan",,,Platinum Jewellery; Silver Jewellery,true,false,false,false,true,Jewellery Showrooms,Hassan,2025-05-26T12:42:21.428Z
Kanaka Jewellers,K,5.0,3 Ratings,"B M Road Subhash Square, Hassan",,,Silver Jewellery,false,false,false,false,false,Jewellery Showrooms,Hassan,2025-05-26T12:42:21.428Z
Sumukha Jewellers,+,3.6,4 Ratings,"Abhiruchi Hotel Building Bm Road, Hassan",,,Silver Jewellery; Gold Loans Available; Making Charges,true,false,false,false,false,Jewellery Showrooms,Hassan,2025-05-26T12:42:21.428Z
Singhvi Jewellers,S,4.8,3 Ratings,"Old Bus Stand Road Gandhi Bazaar, Hassan",,,Imitation Jewellery; Silver Jewellery,true,false,false,false,false,Jewellery Showrooms,Hassan,2025-05-26T12:42:21.428Z
Uttam Jewellers,U,4.7,3 Ratings,"Gandhi Bazaar, Hassan",,,Silver Jewellery,true,false,false,true,true,Jewellery Showrooms,Hassan,2025-05-26T12:42:21.428Z
Navarathna Jewellers,N,4.7,3 Ratings,"Road K R Circle Channarayapatna, Hassan",,,Jewellery Showrooms; Jewellery Dealers,true,false,false,false,false,Jewellery Showrooms,Hassan,2025-05-26T12:42:21.428Z
Sree Ganesh Jewellers,S,4.5,3 Ratings,"Coat Road Arkalgud, Hassan",,,Silver Jewellery,true,false,false,false,false,Jewellery Showrooms,Hassan,2025-05-26T12:42:21.428Z
Sunil M M (Advocate and Novatry Lawyer),<,,,"Vidya Nagar Vidhya Nagar, Hassan",,08401242675,Lawyers; Civil Lawyers,true,true,false,false,false,Lawyers,Hassan,2025-05-26T12:43:29.571Z
Umesh Ap,<,,,"MAIN ROAD Kandali, Hassan",,,Lawyers,true,true,false,false,false,Lawyers,Hassan,2025-05-26T12:43:29.571Z
Gururaj N Joshi,<,,,"Shree Vansree Malmaddi, Dharwad",,08123116458,Lawyers For Accident Claims; Lawyers,true,true,false,false,false,Lawyers,Hassan,2025-05-26T12:43:29.571Z
Vh Legal Consultants,<,,,"Kodungallur, Thrissur",,08460231436,Legal Consultants; Lawyers,true,true,false,false,false,Lawyers,Hassan,2025-05-26T12:43:29.571Z
M K Jain Consultant,<,,,"Vinayaga Maisty Street Sowcarpet, Chennai",,,Licence; Accounting; GST Return,true,true,false,false,false,Lawyers,Hassan,2025-05-26T12:43:29.571Z
Adv. Subhash Chandra Lawyers & Associates,<,,,"Supreme Court South Tukoganj, Indore",,,Lawyers For Accident Claims; Lawyers,true,true,false,false,false,Lawyers,Hassan,2025-05-26T12:43:29.571Z
Adv. Satyendra Tiwari,<,,,"Chamber No. 203 Civil Lines, Allahabad",,07487861805,Lawyers For High Court; Lawyers,true,true,false,false,false,Lawyers,Hassan,2025-05-26T12:43:29.572Z
M B Subhrahmanyam & Associates,<,,,"Kunj Nagar Sakchi, Jamshedpur",,08401449462,Lawyers For Commercial Law; Lawyers,true,true,false,false,false,Lawyers,Hassan,2025-05-26T12:43:29.572Z
Ruchi Gupta & Associates,<,,,"Building No 13 G Kamla Nagar, Delhi",,08904953622,Lawyers; Lawyers For Supreme Court,true,true,false,false,false,Lawyers,Hassan,2025-05-26T12:43:29.572Z
Strengthdesk Als LLP,<,,,"Vikram Tower Rajendra Place, Delhi",,08867753551,Lawyers For Supreme Court; Lawyers,true,true,false,false,false,Lawyers,Hassan,2025-05-26T12:43:29.572Z
Kumar Law Associates,K,,,"Shivalik-Malviya Nagar, Delhi",,09972331375,Lawyers; Lawyers For Criminal,true,true,false,false,false,Lawyers,Hassan,2025-05-26T12:43:29.572Z
Adv.Subhash Chandra,A,,,"Puri Krishna Nagar New Delhi, Delhi",,,Lawyers; Business Consultants,true,true,false,false,false,Lawyers,Hassan,2025-05-26T12:43:29.572Z
Adv. Sunil Singh,A,,,"New Colony Mahadeva, Siwan",,08460274959,NOC; Public Provident Fund; GST Return,true,true,false,false,false,Lawyers,Hassan,2025-05-26T12:43:29.572Z
Apex Juris Consultants. Amandeep Malhotra Advocate,A,,,"Dhakoli Zikarpur, Zirakpur",,07041484134,Lawyers; Lawyers For High Court,true,true,false,false,false,Lawyers,Hassan,2025-05-26T12:43:29.572Z
Ashoka Legal Documentation,A,,,"Main Market Hadige, Hassan",,,Lawyers; Share Transfer Agents,true,true,false,false,false,Lawyers,Hassan,2025-05-26T12:43:29.572Z
Lokesh H E,L,,,"B.m Road Alur, Hassan",,,Lawyers,true,true,false,false,false,Lawyers,Hassan,2025-05-26T12:43:29.572Z
Raje Gowda J H,R,,,"Hassan Bm Road, Hassan",,,Lawyers; Lawyers For Service Matters,false,true,false,false,false,Lawyers,Hassan,2025-05-26T12:43:29.572Z
K M Suresh,K,,,"NR Circle, Hassan",,,Lawyers,true,true,false,false,false,Lawyers,Hassan,2025-05-26T12:43:29.572Z
Svm Law Associates,+,,,"Shankarmutt Road Kr Puram Hassan, Hassan",,,Lawyers For Accident Claims; Lawyers,true,true,false,false,false,Lawyers,Hassan,2025-05-26T12:43:29.572Z
Srikanth Advocate,S,,,"Sakleshpur, Sakleshpur",,,Lawyers For Criminal; Lawyers,true,true,false,false,false,Lawyers,Hassan,2025-05-26T12:43:29.572Z
Vaasu Deva P,V,,,"B H RoadM N Compound Arsikere, Hassan",,,Lawyers For Corporate Law; Lawyers,true,true,false,false,false,Lawyers,Hassan,2025-05-26T12:43:29.572Z
Hassan District Advocate Association,H,,,"Rangoli Halla Bm Road, Hassan",,,Lawyers; NGOS,true,true,false,false,false,Lawyers,Hassan,2025-05-26T12:43:29.572Z
Mr Mohan D Advocate,M,,,"B M Road Hassan Ho, Hassan",,,Lawyers; Civil Lawyers,true,true,false,false,false,Lawyers,Hassan,2025-05-26T12:43:29.572Z
B C M And Associates,B,,,"Road Channarayapatna, Hassan",,,Lawyers,true,true,false,false,false,Lawyers,Hassan,2025-05-26T12:43:29.572Z
Farooq Pasha,F,,,"Devigere Road Hassan Ho, Hassan",,,Lawyers For Banking; Lawyers,true,true,false,false,false,Lawyers,Hassan,2025-05-26T12:43:29.572Z
K G Nagaraja Associate,K,,,"Bickod Road Alur, Hassan",,,Lawyers; Civil Lawyers,true,true,false,false,false,Lawyers,Hassan,2025-05-26T12:43:29.572Z
Kns Law Associates,K,,,"Sampaige Road CHANNARAYAPATNA, Hassan",,,Lawyers; Civil Lawyers,true,true,false,false,false,Lawyers,Hassan,2025-05-26T12:43:29.572Z
Geetha H S,G,,,"B H Road Arsikere, Hassan",,,Lawyers,true,true,false,false,false,Lawyers,Hassan,2025-05-26T12:43:29.572Z
Manjunath Advocate,M,,,"Goodana Thanniruhalla, Hassan",,,Lawyers; Civil Lawyers,true,true,false,false,false,Lawyers,Hassan,2025-05-26T12:43:29.572Z
S S Renuka Prasad Advocate,S,,,"Matt Road Kr Puram Hassan, Hassan",,,Lawyers; Civil Lawyers,true,true,false,false,false,Lawyers,Hassan,2025-05-26T12:43:29.572Z
Heragu Ramesh advocate,H,,,"Old Post Office Road Bm Road, Hassan",,,Lawyers; Civil Lawyers,true,true,false,false,false,Lawyers,Hassan,2025-05-26T12:43:29.572Z
HVT And HTS Advocates,+,,,"10th C Cross Kr Puram Hassan, Hassan",,,Lawyers For Consumer Court; Lawyers,true,true,false,false,false,Lawyers,Hassan,2025-05-26T12:43:29.572Z
K K Dharmappa Advocate,K,,,"Bus Stand Road Belur Road, Hassan",,,Lawyers,true,true,false,false,false,Lawyers,Hassan,2025-05-26T12:43:29.572Z
H J Raju,H,,,"Sahyadri 2nd Cross Hassan Ho, Hassan",,,Lawyers,true,true,false,false,false,Lawyers,Hassan,2025-05-26T12:43:29.572Z
Sri Vishwanath M S Advocate,S,,,"Rc Road Hassan Ho, Hassan",,,Lawyers; Civil Lawyers,false,true,false,false,false,Lawyers,Hassan,2025-05-26T12:43:29.572Z
Dilip Kumar K N,D,,,"2nd Main RC Road, Hassan",,,Lawyers,false,true,false,false,false,Lawyers,Hassan,2025-05-26T12:43:29.572Z
E Peethambaram,E,,,"Ashoka Road Ashoka Road, Sakleshpur",,,Lawyers,false,true,false,false,false,Lawyers,Hassan,2025-05-26T12:43:29.572Z
Adv. S N Lingesg,A,,,"Main Road Belur, Belur",,,Lawyers,true,true,false,false,false,Lawyers,Hassan,2025-05-26T12:43:29.573Z
J P Shekar,J,,,"K. R. Puram Sampige Road Hassan, Hassan",,,Lawyers,true,true,false,false,false,Lawyers,Hassan,2025-05-26T12:43:29.573Z
M G Poornachandra Thejaswi,M,,,"College Road Rangoli Halla, Hassan",,,Lawyers,true,true,false,false,false,Lawyers,Hassan,2025-05-26T12:43:29.573Z
Purushottam B R,P,,,"Pete Main Road Holenarsipur, Hassan",,,Lawyers For Divorce Case; Lawyers,true,true,false,false,false,Lawyers,Hassan,2025-05-26T12:43:29.573Z
Vishwanath P Setty advocate,V,,,"Basaweshwara Bdavane Hassan Ho, Hassan",,,Notary Services; Lawyers,false,true,false,false,false,Lawyers,Hassan,2025-05-26T12:43:29.573Z
Channakeshava Gowda (Advocate),C,,,"Brahmin Street Sakleshpur, Sakleshpur",,,Lawyers; Lawyers For Criminal,false,true,false,false,false,Lawyers,Hassan,2025-05-26T12:43:29.573Z
Sri Jayarama Shetty B Advocate,S,,,"573201 Hassan Ho, Hassan",,,Lawyers; Civil Lawyers,false,true,false,false,false,Lawyers,Hassan,2025-05-26T12:43:29.573Z
Rajendra Prabhu(advocate),R,,,"Court Road Holenarsipur, Hassan",,,Lawyers For Consumer Court; Lawyers,true,true,false,false,false,Lawyers,Hassan,2025-05-26T12:43:29.573Z
A Sridhara Advocate,A,,,"Holenarasipur Holenarsipur, Hassan",,,Lawyers,true,true,false,false,false,Lawyers,Hassan,2025-05-26T12:43:29.573Z
Adv. Somashekar,A,,,"MNK Building Salagame Road, Hassan",,,Lawyers; Civil Lawyers,true,true,false,false,false,Lawyers,Hassan,2025-05-26T12:43:29.573Z
Manjunathamurthy H S,M,,,"Hassan Hassan HO, Hassan",,,Lawyers,false,true,false,false,false,Lawyers,Hassan,2025-05-26T12:43:29.573Z
Gp Associates,+,,,"Bm Road Channarayapatna, Hassan",,,Lawyers For Accident Claims; Lawyers,true,true,false,false,false,Lawyers,Hassan,2025-05-26T12:43:29.573Z
Subramanya Swamy,S,,,"Hanumantha Naga Arsikere, Hassan",,,Lawyers; Lawyers For Criminal,false,true,false,false,false,Lawyers,Hassan,2025-05-26T12:43:29.573Z
Prakash (Advocate),P,,,"Bm Road Channarayapatna, Hassan",,,Banks; Lawyers,false,true,false,false,false,Lawyers,Hassan,2025-05-26T12:43:29.573Z
D S Jagadhamba Advocate,D,,,"Kr Puram Hassan, Hassan",,,Lawyers; Lawyers For Notary,true,true,false,false,false,Lawyers,Hassan,2025-05-26T12:43:29.573Z
N S Gopal Advocate,N,,,"Slaters Hall Road Hassan Ho, Hassan",,,Lawyers,true,true,false,false,false,Lawyers,Hassan,2025-05-26T12:43:29.573Z
Mr Vijaya K N,M,,,"Near NR Circle NR Circle, Hassan",,,GST Return; TDS Return; Income Tax Return,true,true,false,false,false,Lawyers,Hassan,2025-05-26T12:43:29.573Z
M.N.J & Associate'S,M,,,"Krishnaraja Pura, Hassan",,,Lawyers,true,true,false,false,false,Lawyers,Hassan,2025-05-26T12:43:29.573Z
Samruddhi,S,,,"Kuvempu Nagar, Hassan",,,Lawyers,true,true,false,false,false,Lawyers,Hassan,2025-05-26T12:43:29.573Z
V P Pratap Advocate,V,,,"B M Road Sakleshpur, Sakleshpur",,,Lawyers; Lawyers For Notary,true,true,false,false,false,Lawyers,Hassan,2025-05-26T12:43:29.573Z
Sri Ramesh Advocate,S,,,"J P Road Hassan Ho, Hassan",,,Lawyers; Civil Lawyers,true,true,false,false,false,Lawyers,Hassan,2025-05-26T12:43:29.573Z
Sheshadri,S,,,"Aralepet, Hassan",,,Lawyers,true,true,false,false,false,Lawyers,Hassan,2025-05-26T12:43:29.573Z
Vani BP,V,,,"Bm Road Shukravarasanthe, Sakleshpur",,,Lawyers; Civil Lawyers,true,true,false,false,false,Lawyers,Hassan,2025-05-26T12:43:29.573Z
Adv. Natesh Kumar B V,A,,,"Rangoli Halla, Hassan",,,Lawyers; Legal Consultants,true,true,false,false,false,Lawyers,Hassan,2025-05-26T12:43:29.573Z
Sri Ranganath G R Advocate,S,,,"Main Road Hassan Ho, Hassan",,,Lawyers; Civil Lawyers,false,true,false,false,false,Lawyers,Hassan,2025-05-26T12:43:29.573Z
Madhusudhana P. Advocate,M,,,"Jali Lane Hassan Ho, Hassan",,,Lawyers; Civil Lawyers,false,true,false,false,false,Lawyers,Hassan,2025-05-26T12:43:29.573Z
Vijay Kumar Advocte,V,,,"Damodar Complex Sakleshpur, Sakleshpur",,,Lawyers; Civil Lawyers,true,true,false,false,false,Lawyers,Hassan,2025-05-26T12:43:29.573Z
K Prasad Advocate,K,,,"oppsite of Kgid office, Hassan",,,Lawyers; Civil Lawyers,true,true,false,false,false,Lawyers,Hassan,2025-05-26T12:43:29.573Z
N Subramanya Swamy,N,,,"St Mary's Church Colony Arsikere, Hassan",,,Lawyers,true,true,false,false,false,Lawyers,Hassan,2025-05-26T12:43:29.573Z
Manjunath Advocate,M,,,"2nd Main Road Aralepet, Hassan",,,Lawyers,true,true,false,false,false,Lawyers,Hassan,2025-05-26T12:43:29.573Z
Chandrashekar (Ni),C,,,"Channarayapatna, Hassan",,,Lawyers; Civil Lawyers,true,true,false,false,false,Lawyers,Hassan,2025-05-26T12:43:29.573Z
Mr Natesh Kumar B E,M,,,"Kuvempunagar Hassan Ho, Hassan",,,Lawyers; Civil Lawyers,false,true,false,false,false,Lawyers,Hassan,2025-05-26T12:43:29.573Z
Manjegowda A,M,,,"Hassan, Hassan",,,Lawyers,false,true,false,false,false,Lawyers,Hassan,2025-05-26T12:43:29.573Z
Ks yogish advocate,K,,,"Devemma Temple Road Hassan City, Hassan",,,Lawyers; Civil Lawyers,true,true,false,false,false,Lawyers,Hassan,2025-05-26T12:43:29.573Z
Lingaraj G L Advocate,L,,,"Main Road Hassan HO, Hassan",,,Lawyers,true,true,false,false,false,Lawyers,Hassan,2025-05-26T12:43:29.573Z
Suresh Kumar Advocate,S,,,"Opp New Newbustand Bm Road, Hassan",,,Lawyers; Civil Lawyers,true,true,false,false,false,Lawyers,Hassan,2025-05-26T12:43:29.573Z
Jayaram Advocate,J,,,"Arakalagudu Road Holenarsipur, Hassan",,,Lawyers; Civil Lawyers,true,true,false,false,false,Lawyers,Hassan,2025-05-26T12:43:29.573Z
Black Coats Associate,B,,,"Mg Road Mg Road Hassan, Hassan",,,Lawyers; Civil Lawyers,true,true,false,false,false,Lawyers,Hassan,2025-05-26T12:43:29.573Z
Sri Nataraj B C Advocate,S,,,"Chethana Nilaya Hassan Ho, Hassan",,,Lawyers; Civil Lawyers,false,true,false,false,false,Lawyers,Hassan,2025-05-26T12:43:29.573Z
Gopal Krishna.A Advocate,G,,,"Amaravathi Hassan Ho, Hassan",,,Lawyers; Civil Lawyers,false,true,false,false,false,Lawyers,Hassan,2025-05-26T12:43:29.574Z
D A Vasu Advocate,+,,,"B M Road Channarayapatna, Hassan",,,Lawyers; Civil Lawyers,true,true,false,false,false,Lawyers,Hassan,2025-05-26T12:43:29.574Z
Sri Jithendra N S Advocate,S,,,"Kuvempu Nagara Kuvempu Nagar, Hassan",,,Lawyers; Civil Lawyers,false,true,false,false,false,Lawyers,Hassan,2025-05-26T12:43:29.574Z
Sri Anand S M Advocate,S,,,"Vokkaligara Hassan Ho, Hassan",,,Lawyers; Civil Lawyers,true,true,false,false,false,Lawyers,Hassan,2025-05-26T12:43:29.574Z
Adv. Ganghadhar Bahujan,A,,,"Madaghatta, Hassan",,,Lawyers,true,true,false,false,false,Lawyers,Hassan,2025-05-26T12:43:29.574Z
Sri Nagaraja K H Advocate,S,,,"Croos Road Hassan Ho, Hassan",,,Lawyers; Civil Lawyers,false,true,false,false,false,Lawyers,Hassan,2025-05-26T12:43:29.574Z
Adv Shreekanth,A,,,"Race Course Road Hassan, Hassan",,,Lawyers For Criminal; Lawyers,true,true,false,false,false,Lawyers,Hassan,2025-05-26T12:43:29.574Z
Adv. PRADEEP,A,,,"Belur to Hassan Highway Belluru, Hassan",,,Labour Law Lawyers; Lawyers,true,true,false,false,false,Lawyers,Hassan,2025-05-26T12:43:29.574Z
Sri Anantharamaih K (Advocate),S,,,"Bus-Stand Road Hassan Ho, Hassan",,,Notary Services; Lawyers,false,true,false,false,false,Lawyers,Hassan,2025-05-26T12:43:29.574Z
Adv. Thulasiram KJ,A,,,"22nd Cross Kuvempu Nagar, Hassan",,,Lawyers,true,true,false,false,false,Lawyers,Hassan,2025-05-26T12:43:29.574Z
Dodda Mane,D,,,"Chikkunduru Sakleshpur, Sakleshpur",,,Lawyers,true,true,false,false,false,Lawyers,Hassan,2025-05-26T12:43:29.574Z
Vani B P,V,,,"Road Bandadka Bengaluru Road, Sakleshpur",,,Lawyers,true,true,false,false,false,Lawyers,Hassan,2025-05-26T12:43:29.574Z
Sri Dyave Gowda R Advocate,S,,,"Gandekatte Forest Road Hassan Ho, Hassan",,,Lawyers; Civil Lawyers,true,true,false,false,false,Lawyers,Hassan,2025-05-26T12:43:29.574Z
Indira Kumar K R,I,,,"Sathya Mangal Road Hassan HO, Hassan",,,Lawyers; Civil Lawyers,true,true,false,false,false,Lawyers,Hassan,2025-05-26T12:43:29.574Z
Sri Anand S M (Advocate),S,,,"B M Road Hassan Ho, Hassan",,,Notary Services; Lawyers,false,true,false,false,false,Lawyers,Hassan,2025-05-26T12:43:29.574Z
Banashankari Home Products,B,,,"Main Road Hemavathinagar, Hassan",,,Lawyers; Fruit Juice Manufacturers,true,true,false,false,false,Lawyers,Hassan,2025-05-26T12:43:29.574Z
Sri Laxminarayana,S,,,"Vidyanagar Hassan Ho, Hassan",,,Lawyers; Civil Lawyers,true,true,false,false,false,Lawyers,Hassan,2025-05-26T12:43:29.574Z
Lokesh Kumaar. K. N. Advocate Office,L,,,"Anche Koppalu Arsikere, Hassan",,,Lawyers,true,true,false,false,false,Lawyers,Hassan,2025-05-26T12:43:29.574Z
Sri Chandre Gowda D A Advocate,S,,,"Prashantha 573201 Hassan Ho, Hassan",,,Lawyers; Civil Lawyers,false,true,false,false,false,Lawyers,Hassan,2025-05-26T12:43:29.574Z
Entatthe Estate,E,,,"Nagavara Harihalli, Hassan",,,Lawyers; Lawyers For Property Case,false,true,false,false,false,Lawyers,Hassan,2025-05-26T12:43:29.574Z
Km Suresh,K,,,"N.R. Circle, Hassan",,,Lawyers,false,true,false,false,false,Lawyers,Hassan,2025-05-26T12:43:29.574Z
ATS ASSOCIATES,A,,,"Petrol Bunk Channarayapatna, Hassan",,,Lawyers; Civil Lawyers,true,true,false,false,false,Lawyers,Hassan,2025-05-26T12:43:29.574Z
Ravish Hulikal Advocate Notary,R,,,"Channapattana, Hassan",,,Lawyers,true,true,false,false,false,Lawyers,Hassan,2025-05-26T12:43:29.574Z
Svm Law Associates S.Vinod Manohar B.Com Llb,+,,,"Mutt Road Krishnaraja Pura, Hassan",,,Lawyers; Civil Lawyers,false,true,false,false,false,Lawyers,Hassan,2025-05-26T12:43:29.574Z
Chandan Studio and Event Management,<,4.8,17 Ratings,"Adlimane Road Adarsha Nagar, Hassan",,08460495446,Photographers; Event Organisers,true,true,false,true,true,Photographers,Hassan,2025-05-26T12:45:36.966Z
Pragathi Studio,<,4.6,10 Ratings,"Maharaj Park Road, Hassan",,08867830864,Videography,true,true,true,true,true,Photographers,Hassan,2025-05-26T12:45:36.966Z
Kalyani Digital Studio,<,4.8,46 Ratings,"Bm Road Sakleshpur Market Road, Sakleshpur",,09724307785,Videography,true,true,false,true,true,Photographers,Hassan,2025-05-26T12:45:36.967Z
SHRUTHI DIGITALS,<,4.9,12 Ratings,"SHRUTHI DIGITALS Arsikere, Hassan",,08792483652,Videography,true,true,false,false,true,Photographers,Hassan,2025-05-26T12:45:36.967Z
Chandan Studios And Event Management,<,4.8,17 Ratings,"Road Adarsh Nagar Santhi Nagar, Hassan",,07411576541,Videography,true,true,true,true,true,Photographers,Hassan,2025-05-26T12:45:36.967Z
New Image Digital Studio,<,3.7,3 Ratings,"College Road Harshamahal Road, Hassan",,08460492107,Videography,true,true,false,false,false,Photographers,Hassan,2025-05-26T12:45:36.967Z
Image Digital Studio,<,4.4,7 Ratings,"Azad Road Sakleshpur, Sakleshpur",,,Videography,true,true,false,false,true,Photographers,Hassan,2025-05-26T12:45:36.967Z
Appu Events,<,5.0,10 Ratings,"Salagame Road, Hassan",,08147028235,Flower Decorators; Photographers,true,true,false,true,true,Photographers,Hassan,2025-05-26T12:45:36.967Z
Kampana Photography,<,4.7,231 Ratings,"Shambhu Complex Ashoka Road, Sakleshpur",,09725049138,Photo Studios; Photographers,true,true,false,false,true,Photographers,Hassan,2025-05-26T12:45:36.967Z
Acharane Events,<,4.8,95 Ratings,"Extraction Hassan City, Hassan",,08734974655,Birthday Party Decorators; Flower Decorators,true,true,false,false,true,Photographers,Hassan,2025-05-26T12:45:36.967Z
Little Baby Photography,+,4.7,28 Ratings,"Sampige Road Krishnaraja Pura, Hassan",,08401147787,Videography,true,true,false,false,true,Photographers,Hassan,2025-05-26T12:45:36.967Z
Clicks24 Photography,+,4.5,12 Ratings,"2nd Cross Bm Road, Hassan",,08490039775,Cinematography; Videography; Albums,true,true,false,false,true,Photographers,Hassan,2025-05-26T12:45:36.967Z
Magic Moments & Events,M,5.0,3 Ratings,"6th Cross Kuvempu Nagar, Hassan",,09035098545,Corporate; Banquet Hall Decoration; Balloon Arch,true,true,false,false,true,Photographers,Hassan,2025-05-26T12:45:36.967Z
Nuclear Events,+,4.9,17 Ratings,"Subrub Vidyaranyapuram, Mysore",,08460255672,On Site Services; In Store Collect; Same Day Delivery,true,true,false,false,true,Photographers,Hassan,2025-05-26T12:45:36.967Z
Independent Technologies,+,4.8,43 Ratings,"Kalyan Nagar Bandihalli, Chikmagalur",,,Irrigation System Dealers; Agricultural Equipment Dealers,true,true,false,true,true,Photographers,Hassan,2025-05-26T12:45:36.967Z
The Maarvel Studio,+,4.8,10 Ratings,"Market Basaveshwara Nagar, Bangalore",,08460204920,Videography,true,true,false,true,true,Photographers,Hassan,2025-05-26T12:45:36.967Z
Vibhava Creations,+,4.5,327 Ratings,"Cross Rajajinagar Srirampuram, Bangalore",,09035152635,Videography,true,true,false,false,true,Photographers,Hassan,2025-05-26T12:45:36.968Z
Rainbow Studio and Video,+,4.2,15 Ratings,"Main Road Kundapura, Udupi",,,Videography,true,true,false,false,true,Photographers,Hassan,2025-05-26T12:45:36.968Z
Sree Durga Parameshwari Catering Service,+,4.5,15 Ratings,"Main Road Hanumantha Nagar, Bangalore",,,Home Delivery,true,true,false,false,true,Photographers,Hassan,2025-05-26T12:45:36.968Z
Ork Studio And Video,+,5.0,153 Ratings,"Ramchandra Nagar Kamalanagar, Anantapur",,,Videography,true,true,false,false,true,Photographers,Hassan,2025-05-26T12:45:36.968Z
Masters Event Management,+,4.5,85 Ratings,"Ward No 8 Town Hall Sqaure, Chickballapur",,,Event Organisers; Caterers,true,true,false,false,true,Photographers,Hassan,2025-05-26T12:45:36.968Z
Wedding Invitation Video Maker - Weditations (INDIA),+,4.3,52 Ratings,"Plot. No:01 Lingampally, Hyderabad",,08792492833,Invitation Video Makers; Photographers,true,true,false,false,true,Photographers,Hassan,2025-05-26T12:45:36.968Z
Sr Events,+,4.4,18 Ratings,"Puduru Palakollu, West Godavari",,08460403938,Event Organisers; Caterers,true,true,false,false,true,Photographers,Hassan,2025-05-26T12:45:36.968Z
Visualvid Creation,+,5.0,3 Ratings,"Tapovan Link Road Dwarka, Nashik",,08904584587,Videography,true,true,false,false,true,Photographers,Hassan,2025-05-26T12:45:36.968Z
Enzoey.com,+,4.5,131 Ratings,,,08488949380,Bakery; Cake Shops; Home Delivery,true,true,true,true,true,Photographers,Hassan,2025-05-26T12:45:36.968Z
Aerizone,+,4.5,237 Ratings,"Hingna Road Parsodi, Nagpur",,08401032409,,true,true,false,true,true,Photographers,Hassan,2025-05-26T12:45:36.968Z
Alpine Creation,+,3.9,261 Ratings,"Dadu Marg Barkat Nagar, Jaipur",,,Photographers; E Commerce Photographers,true,true,true,true,false,Photographers,Hassan,2025-05-26T12:45:36.968Z
Sutter Count Photography,+,5.0,1 Rating,"Rambag Road Chandausi Kaithal, Chandausi",,08460513665,Videography,true,true,false,false,true,Photographers,Hassan,2025-05-26T12:45:36.968Z
Payal Studio Pvt Ltd,+,4.6,81 Ratings,"Circular Road Abohar, Abohar",,08050811895,Videography,true,true,false,false,true,Photographers,Hassan,2025-05-26T12:45:36.968Z
Atharva Photography,A,4.8,11 Ratings,"B M Road Thanniruhalla, Hassan",,,Videography,true,true,false,false,true,Photographers,Hassan,2025-05-26T12:45:36.968Z
Chaithra Photography,+,3.3,4 Ratings,"Channarayapatna, Hassan",,,Videography,true,true,false,false,false,Photographers,Hassan,2025-05-26T12:45:36.968Z
Padmini Digital Studio,+,4.4,8 Ratings,"Hemavathi HOspital Road-Hassan HO, Hassan",,,Videography,true,true,false,false,false,Photographers,Hassan,2025-05-26T12:45:36.968Z
Akram Digital Studio,A,5.0,1 Rating,"Main Road Pension Mohalla, Hassan",,,Videography,true,true,false,false,true,Photographers,Hassan,2025-05-26T12:45:36.968Z
Magic Moments Events,+,4.5,60 Ratings,"2nd Stage Kuvempu Nagar, Hassan",,,Photographers; Flower Decorators,true,true,false,false,true,Photographers,Hassan,2025-05-26T12:45:36.968Z
Babu Studio,B,4.5,2 Ratings,"Shanthigrama Town Shanthigrama, Hassan",,,Videography,true,true,false,false,true,Photographers,Hassan,2025-05-26T12:45:36.968Z
AP Photo Zone,+,4.5,10 Ratings,"Ap Channarayapatna, Hassan",,,Photographers; Photo Studios,true,true,false,false,true,Photographers,Hassan,2025-05-26T12:45:36.968Z
Magic Event Management,M,5.0,1 Rating,"Gorur and Hassan Salagame Road, Hassan",,,Photographers; Flower Decorators,true,true,false,false,false,Photographers,Hassan,2025-05-26T12:45:36.968Z
Chandan Hi-Tech Studio,+,4.9,167 Ratings,"Salagame Road Hallymysore, Hassan",,,Photo Studios; Photographers,false,true,false,false,true,Photographers,Hassan,2025-05-26T12:45:36.969Z
Karthik Photography,K,4.7,124 Ratings,"Kaveri Road Keralapura, Hassan",,,Photographers,false,true,false,false,true,Photographers,Hassan,2025-05-26T12:45:36.969Z
Clicks 24 Photography,+,4.6,86 Ratings,"Northran Extantion Hassan HO, Hassan",,,Videography,true,true,false,false,true,Photographers,Hassan,2025-05-26T12:45:36.969Z
Mahadi Moments,M,4.8,76 Ratings,"Salgame Road Bm Road, Hassan",,,Photographers; Wedding Photographers,true,true,false,false,true,Photographers,Hassan,2025-05-26T12:45:36.969Z
R H Photoshop,+,4.3,76 Ratings,"Salagame Road, Hassan",,,Videography,true,true,false,false,true,Photographers,Hassan,2025-05-26T12:45:36.969Z
Bridal Studio,+,4.2,54 Ratings,"Hemavathi Hemavathy Nagar Hassan, Hassan",,,Commercial Photographers; Photographers,true,true,false,false,true,Photographers,Hassan,2025-05-26T12:45:36.969Z
Navin Clicks Photography,+,4.9,44 Ratings,"Sakleshpura Ashoka Road, Sakleshpur",,,Photographers,true,true,false,false,false,Photographers,Hassan,2025-05-26T12:45:36.969Z
Tejas Photo Care,+,4.9,41 Ratings,"Salagame Road Hemavathinagar, Hassan",,,Videography,true,true,false,false,true,Photographers,Hassan,2025-05-26T12:45:36.970Z
Swamy Studio,+,4.5,34 Ratings,"Old Bus Stop Channarayapatna, Hassan",,,Photographers; Fashion Photographers,true,true,false,false,false,Photographers,Hassan,2025-05-26T12:45:36.970Z
GOSON PHOTOGRAPHY,G,4.6,26 Ratings,"Main Road Shravanabelagola, Shravanabelagola",,,Videography,true,true,false,false,true,Photographers,Hassan,2025-05-26T12:45:36.970Z
Geethanjali photography,G,4.9,23 Ratings,"Near Tanyaa Hospital Hassan City, Hassan",,,Videography,true,true,false,false,true,Photographers,Hassan,2025-05-26T12:45:36.970Z
Amulya Digital Studio,+,4.9,23 Ratings,"Hosaline Road, Hassan",,,Videography,true,true,false,false,false,Photographers,Hassan,2025-05-26T12:45:36.970Z
Geethanjali Photography,G,4.9,23 Ratings,"Pura Krishnaraja Pura, Hassan",,,Photographers; Photo Studios,true,true,false,false,false,Photographers,Hassan,2025-05-26T12:45:36.970Z
Kodak Express Photo Studio,+,4.5,24 Ratings,"Vijaya Bank road Channarayapatna, Hassan",,,Videography,true,true,false,false,false,Photographers,Hassan,2025-05-26T12:45:36.970Z
Sagar's views,+,4.7,22 Ratings,"Hosaline Road, Hassan",,,Videography,true,true,false,false,false,Photographers,Hassan,2025-05-26T12:45:36.970Z
Sagar's Views,+,4.7,22 Ratings,"Penshan Mohalla Hosaline Road, Hassan",,,Photographers; Photo Studios,true,true,false,false,false,Photographers,Hassan,2025-05-26T12:45:36.970Z
Neelakanta Digital Studio,N,4.3,22 Ratings,"Main Road Belur, Belur",,,Videography,true,true,false,false,false,Photographers,Hassan,2025-05-26T12:45:36.970Z
Sudeep Photography Hassan,+,4.4,20 Ratings,"Hassan City, Hassan",,,Videography,true,true,false,false,false,Photographers,Hassan,2025-05-26T12:45:36.970Z
Sachin Studio,+,4.8,17 Ratings,"Channapatna Housing Board Colony, Hassan",,,Photographers,true,true,false,false,false,Photographers,Hassan,2025-05-26T12:45:36.970Z
Photo Point,+,4.7,15 Ratings,"Rohini Complex Harshamahal Road, Hassan",,,Videography,true,true,false,false,false,Photographers,Hassan,2025-05-26T12:45:36.970Z
Gallery World Studio & Video,+,3.7,19 Ratings,"Arsikere Road Hebbale, Hassan",,,Photographers; Wedding Photographers,true,true,false,false,false,Photographers,Hassan,2025-05-26T12:45:36.971Z
Amrutha Digitals,+,4.3,16 Ratings,"Old Post Office Road Bm Road, Hassan",,,Videography,true,true,false,false,true,Photographers,Hassan,2025-05-26T12:45:37.001Z
Sri Manjunatha Colour Lab,S,4.3,14 Ratings,"Rangoli Halla Rangoli Halla, Hassan",,,Photographers; Photo Studios,false,true,false,false,false,Photographers,Hassan,2025-05-26T12:45:37.001Z
S L R Digital Studio,S,4.1,14 Ratings,"Jp Nagar Main Road belur, Belur",,,Videography,true,true,false,false,false,Photographers,Hassan,2025-05-26T12:45:37.001Z
S L N Studio,+,4.4,13 Ratings,"Periyapatna Road Hanumanthapura, Hassan",,,Photographers; Photo Studios,true,true,false,false,false,Photographers,Hassan,2025-05-26T12:45:37.001Z
Sagar Studio,+,3.9,14 Ratings,"Main Road Maharaj Park Road, Hassan",,,Videography,true,true,false,false,false,Photographers,Hassan,2025-05-26T12:45:37.001Z
Sagarstudio,+,3.9,14 Ratings,"C Road Maharaj Park Road, Hassan",,,Videography,true,true,false,false,false,Photographers,Hassan,2025-05-26T12:45:37.001Z
Tharangini Digital Studio,+,4.1,13 Ratings,"26th Cross Kuvempu Nagar, Hassan",,,Videography,true,true,false,false,false,Photographers,Hassan,2025-05-26T12:45:37.001Z
Sri Ganga Digital Studio,+,3.8,14 Ratings,"Mg Road Vidyanagar Hassan, Hassan",,,Videography,true,true,false,false,false,Photographers,Hassan,2025-05-26T12:45:37.001Z
Pragathi Studio,+,4.6,10 Ratings,"Rangolihalla Hassan City, Hassan",,,Photographers; Photo Studios,true,true,false,false,false,Photographers,Hassan,2025-05-26T12:45:37.001Z
Creative Photo Zone,+,4.7,8 Ratings,"Channarayapatna, Hassan",,,Photographers; Wedding Photographers,true,true,false,false,false,Photographers,Hassan,2025-05-26T12:45:37.001Z
Kushal Digital,+,4.6,8 Ratings,"Kasturba Road Hassan, Hassan",,,Photographers; Wedding Photographers,true,true,false,false,false,Photographers,Hassan,2025-05-26T12:45:37.001Z
Giri Studio,+,4.4,8 Ratings,"Kasthurba RoaD Subhash Square, Hassan",,,Videography,true,true,false,false,false,Photographers,Hassan,2025-05-26T12:45:37.001Z
Giri Studio (Ni),+,4.4,8 Ratings,"Beedi Kasturba Road Hassan, Hassan",,,Candid Wedding Photographers; Photographers,true,true,false,false,false,Photographers,Hassan,2025-05-26T12:45:37.001Z
Jenushree Creations,J,4.9,7 Ratings,"Arakalagud Arkalgud, Hassan",,,Photographers; Photo Studios,true,true,false,false,false,Photographers,Hassan,2025-05-26T12:45:37.002Z
Shivu Event Organiser,+,4.7,7 Ratings,"23  Rd Cross Kuvempu Nagar, Hassan",,,Event Organisers; Birthday Party Decorators,true,true,false,false,true,Photographers,Hassan,2025-05-26T12:45:37.002Z
Prashanth Photography,+,4.1,7 Ratings,"Channarayapatna, Hassan",,,Photographers,true,true,false,false,false,Photographers,Hassan,2025-05-26T12:45:37.002Z
Priyanka Studio,P,3.5,8 Ratings,"Road Vidya Nagar Hassan, Hassan",,,Videography,true,true,false,false,false,Photographers,Hassan,2025-05-26T12:45:37.002Z
Deepu Photogrphy,D,4.0,7 Ratings,"Shankaripuram Shankaripuram, Hassan",,,Photographers; Photo Studios,false,true,false,false,false,Photographers,Hassan,2025-05-26T12:45:37.002Z
Soorya Colour Lab,S,4.3,6 Ratings,"Rangoli Halla Rangoli Halla, Hassan",,,Photographers; Photo Studios,false,true,false,false,false,Photographers,Hassan,2025-05-26T12:45:37.002Z
Kiran Candid Photography,+,4.2,6 Ratings,"Yellama Temple Hassan HO, Hassan",,,Videography,true,true,false,false,false,Photographers,Hassan,2025-05-26T12:45:37.002Z
Sambram Digital Studio,+,5.0,5 Ratings,"Koppal Road KR Puram Hassan, Hassan",,,Digital Photographers; Photographers,true,true,false,false,false,Photographers,Hassan,2025-05-26T12:45:37.002Z
Soorya Colour Lab,S,4.8,5 Ratings,"Temple Hassan Ho, Hassan",,,Videography,true,true,false,false,false,Photographers,Hassan,2025-05-26T12:45:37.002Z
SPH photography,+,4.6,5 Ratings,"Channarayapatna, Hassan",,,Photographers; Photo Studios,true,true,false,false,false,Photographers,Hassan,2025-05-26T12:45:37.002Z
Tejas Photography,T,4.6,5 Ratings,"Rangoli Halla, Hassan",,,Photographers; Photo Studios,false,true,false,false,false,Photographers,Hassan,2025-05-26T12:45:37.002Z
Swathi Digital Studio,S,5.0,4 Ratings,"BM Road Channarayapatna, Hassan",,,Videography,true,true,false,false,true,Photographers,Hassan,2025-05-26T12:45:37.002Z
See Shot Photography,S,5.0,4 Ratings,"Dental College Road Vidhya Nagar, Hassan",,,Videography,true,true,false,false,false,Photographers,Hassan,2025-05-26T12:45:37.003Z
Ekadantha Digitals,+,4.5,4 Ratings,"B H Road Arsikere, Hassan",,,Videography,true,true,false,false,false,Photographers,Hassan,2025-05-26T12:45:37.003Z
Mynaa Studio,+,4.5,4 Ratings,"Bm Road Channarayapatna, Hassan",,,Videography,true,true,false,false,true,Photographers,Hassan,2025-05-26T12:45:37.003Z
Sln Digital Photography,S,4.5,4 Ratings,"Boovanahalli, Hassan",,,Delivery,false,true,false,false,false,Photographers,Hassan,2025-05-26T12:45:37.003Z
Shri Hasanamba Digital Colour Lab,+,4.1,4 Ratings,"B M Road NR Circle, Hassan",,,Digital Photo Studios; Photographers,true,true,false,false,false,Photographers,Hassan,2025-05-26T12:45:37.003Z
H S S Digital Studio,+,3.2,5 Ratings,"Road Channapatna Extension, Hassan",,,Videography,true,true,false,false,false,Photographers,Hassan,2025-05-26T12:45:37.003Z
Shruthi Digital Studio,S,3.9,4 Ratings,"Main Road Shravanabelagola, Shravanabelagola",,,Photographers; Photo Studios,true,true,false,false,false,Photographers,Hassan,2025-05-26T12:45:37.003Z
R G S Digital Studio And Video,+,4.8,3 Ratings,"7th Cross Kr Puram Hassan, Hassan",,,Videography,true,true,false,false,false,Photographers,Hassan,2025-05-26T12:45:37.003Z
Jenushree Digital Studio,+,4.8,3 Ratings,"hn pura road chanpatna bipass, Hassan",,,Videography,true,true,false,false,false,Photographers,Hassan,2025-05-26T12:45:37.003Z
Sk Event,+,4.7,3 Ratings,"Channarayapatna, Hassan",,,Videography,true,true,false,false,true,Photographers,Hassan,2025-05-26T12:45:37.003Z
Sufi Creations,S,3.5,4 Ratings,"Vallabai Road Tippu Nagar, Hassan",,,Videography,true,true,false,false,false,Photographers,Hassan,2025-05-26T12:45:37.003Z
Creative Captures,C,4.3,3 Ratings,"Tiptur Channarayapatna Road, Hassan",,,Photographers,false,true,false,false,false,Photographers,Hassan,2025-05-26T12:45:37.003Z
Shruthi Digital Prints,S,4.3,3 Ratings,"Ravindra Nagar Hassan, Hassan",,,Photographers; Photo Studios,true,true,false,false,false,Photographers,Hassan,2025-05-26T12:45:37.003Z
Photography And Videography,P,4.3,3 Ratings,"Athini, Hassan",,,Photographers,false,true,false,false,false,Photographers,Hassan,2025-05-26T12:45:37.003Z
Chamundeshwari Studio,+,4.3,3 Ratings,"Arkalgud Taluk Keralapura, Hassan",,,Photographers; Photo Studios,false,true,false,false,false,Photographers,Hassan,2025-05-26T12:45:37.003Z
Vasanth Digital,V,4.3,3 Ratings,"Ganesh Pendal Road Arsikere, Hassan",,,Photographers,true,true,false,false,false,Photographers,Hassan,2025-05-26T12:45:37.004Z
Sri Ganga Graphics,+,4.3,3 Ratings,"Arasikere Panchanahalli Road, Hassan",,,Photographers,true,true,false,false,false,Photographers,Hassan,2025-05-26T12:45:37.004Z
Das Home Nursing Services,<,4.6,146 Ratings,"H N Pura Road NR Circle, Hassan",,07383446102,Nursing Care,true,true,false,true,true,Nursing Services,Hassan,2025-05-26T12:46:57.027Z
N V Home Health Care Services,<,1.8,3 Ratings,"Hassan Road-Arkalgud, Hassan",,08147995879,Home Nursing Services; Nursing Services,true,true,false,false,false,Nursing Services,Hassan,2025-05-26T12:46:57.027Z
Standard Group,<,4.0,218 Ratings,"Nellikai Road Nellikai Road, Mangalore",,,Overseas Placement,true,true,false,false,true,Nursing Services,Hassan,2025-05-26T12:46:57.027Z
Ramesh Aili Home Care Service,<,4.4,25 Ratings,"Basaveshwar Nagar Gadag Betgeri, Gadag",,09972845472,Home Nursing Services; Nursing Services,true,true,false,false,true,Nursing Services,Hassan,2025-05-26T12:46:57.028Z
Mother Home Care Nursing And Nursing Aid Services,<,3.8,15 Ratings,"Basapura Biet, Davangere",,,Nursing services,true,true,false,true,false,Nursing Services,Hassan,2025-05-26T12:46:57.028Z
Mahishi Trust Yoga and Naturopathy Hospital,<,4.7,336 Ratings,"Daddikamalpur Alnavar Road Mugad, Dharwad",,,Weight Loss,true,true,false,false,true,Nursing Services,Hassan,2025-05-26T12:46:57.028Z
Good Health Home Care Services,<,5.0,1 Rating,"Tejur Road Chikkakondagola, Hassan",,,Home Nursing Services; Nursing Services,true,true,false,false,true,Nursing Services,Hassan,2025-05-26T12:46:57.028Z
Shree Chamundeshwari Krupa Home Nursing Service and Admission Care Centre,<,5.0,3 Ratings,"Bm Road, Hassan",,,Home Nursing Services; Nursing Services,true,true,false,false,true,Nursing Services,Hassan,2025-05-26T12:46:57.028Z
Shabari Home Health Care,<,4.4,7 Ratings,"and 11th Kr Puram Hassan, Hassan",,,Home Nursing Services; Nursing Services,true,true,false,false,true,Nursing Services,Hassan,2025-05-26T12:46:57.028Z
Health &wellness Health Care Service,<,5.0,43 Ratings,"Mutt Road Avk College Road, Hassan",,,Home Nursing Services; Health Care Centres,true,true,false,false,true,Nursing Services,Hassan,2025-05-26T12:46:57.028Z
Rajiv Nursing Home,R,3.8,34 Ratings,"Hospital Road Hassan Ho, Hassan",,,Nursing Homes; Home Nursing Services,false,true,false,false,false,Nursing Services,Hassan,2025-05-26T12:46:57.028Z
DAS Promotions(r),D,4.9,26 Ratings,"N R Circle Hassan Ho, Hassan",,,Home Nursing Services; Institutions For Aged,true,true,false,true,true,Nursing Services,Hassan,2025-05-26T12:46:57.028Z
Ramakrishna Nursing Home,R,4.4,14 Ratings,"Vidhya Nagar, Hassan",,,Nursing Services,true,true,false,false,false,Nursing Services,Hassan,2025-05-26T12:46:57.028Z
Ramakrishna Nursing Home,R,4.1,15 Ratings,"MG Road MG Road Hassan, Hassan",,,Home Nursing Services; Nursing Homes,false,true,false,false,true,Nursing Services,Hassan,2025-05-26T12:46:57.028Z
Dr Lal Pathlabs,+,3.7,9 Ratings,"3rd Cross Kr Puram Hassan, Hassan",,,Charitable; Prenatal Check Up; Health Checkup Packages,true,true,false,false,false,Nursing Services,Hassan,2025-05-26T12:46:57.028Z
V Guard Securities And Manpower Supply,V,3.5,3 Ratings,"Lakshmi Venkteshwara Building, Hassan",,,Home Nursing Services; Nursing Homes,true,true,false,false,false,Nursing Services,Hassan,2025-05-26T12:46:57.028Z
Shree Shaila Human Care,S,,,"Main Road Channapatna Extension, Hassan",,,Home Nursing Services; Nursing Services,true,true,false,false,false,Nursing Services,Hassan,2025-05-26T12:46:57.028Z
DHANVANTARI HOME NURSING SERVICE,D,5.0,1 Rating,"Hassan City, Hassan",,,Nursing services,true,true,false,false,true,Nursing Services,Hassan,2025-05-26T12:46:57.028Z
Medi Magic Home Nursing Services,+,4.8,29 Ratings,"2nd Main Nagarbhavi, Bangalore",,,Home Nursing Services For Bedridden; Home Nursing Services,true,true,false,false,true,Nursing Services,Hassan,2025-05-26T12:46:57.028Z
Sri Chamundeshwri Krupa Home Nursing And Service Center,+,4.7,9 Ratings,"Kadur Adarsha Nagara, Chikmagalur",,,Home Nursing Services; 24 Hours Home Nursing Services,true,true,false,false,true,Nursing Services,Hassan,2025-05-26T12:46:57.028Z
Sri Chamundeshwari Krupa Home Nursing Service and Admission Center,+,4.1,5 Ratings,"Ig Road, Chikmagalur",,08050876098,Home Nursing Services; 24 Hours Home Nursing Services,true,true,false,true,true,Nursing Services,Hassan,2025-05-26T12:46:57.029Z
V 2 Home Nursing Service,V,4.5,1 Rating,"Road Vijayapuram Chikmagalur, Chikmagalur",,09725108785,Home Nursing Services; Nursing Services,true,true,false,false,true,Nursing Services,Hassan,2025-05-26T12:46:57.029Z
Arya Home Nursing Services,+,4.2,5 Ratings,"Mudigere, Chikmagalur",,,Home Nursing Services; 24 Hours Home Nursing Services,true,true,false,false,true,Nursing Services,Hassan,2025-05-26T12:46:57.029Z
Sree Chamundeshwari Krupa Home Nursing Services And Care Center,+,3.3,6 Ratings,"Kadur Tq Kadur, Chikmagalur",,,Home Nursing Services; 24 Hours Home Nursing Services,true,true,false,false,false,Nursing Services,Hassan,2025-05-26T12:46:57.029Z
Sai Seva Trust and Health Care,+,5.0,18 Ratings,"Madikeri, Coorg",,09980857563,Home Nursing Services; Nursing Services,true,true,false,false,true,Nursing Services,Hassan,2025-05-26T12:46:57.029Z
Shri Manjunatha Home Care Nursing Services,S,4.0,4 Ratings,"Madikeri Coorg Madikeri, Coorg",,,Home Nursing Services; Senior Citizen Care Taker Services,true,true,false,false,true,Nursing Services,Hassan,2025-05-26T12:46:57.029Z
Karthik Home Nursing & Patient Admission Center,+,4.5,6 Ratings,"N R Pura Chikmangalur, Chikmagalur",,,Nursing services,true,true,false,false,true,Nursing Services,Hassan,2025-05-26T12:46:57.029Z
VARADHANI Enterprises,V,4.9,14 Ratings,"Kohinur Road Coorg Circle, Coorg",,,Nursing services,true,true,false,false,true,Nursing Services,Hassan,2025-05-26T12:46:57.029Z
Carewise Palliative and Elderly Nursing Services,+,4.9,6 Ratings,"Coorg Madikeri, Coorg",,,Home Nursing Services; Institutions For Aged,true,true,false,false,true,Nursing Services,Hassan,2025-05-26T12:46:57.029Z
Good Health Home Care Service,+,4.6,7 Ratings,"Kohinur Road Madikeri, Coorg",,,Home Nursing Services; 24 Hours Home Nursing Services,true,true,false,false,true,Nursing Services,Hassan,2025-05-26T12:46:57.029Z
Octaplus Medicare Solution Pvt Ltd,O,4.3,3 Ratings,"Industrial Area Hootagalli, Mysore",,,Nursing services,false,true,false,false,true,Nursing Services,Hassan,2025-05-26T12:46:57.029Z
Anu Home Nursing Services,A,5.0,2 Ratings,"Entrance Ilavala Hobli, Mysore",,,Home Nursing Services; Home Nursing Services For Senior Citizen,false,true,false,false,true,Nursing Services,Hassan,2025-05-26T12:46:57.029Z
Apollo Diagnostics,+,3.8,6 Ratings,"Hunsur Main Road Hootagalli, Mysore",,,Charitable; Health Checkup Packages; Prenatal Check Up,true,true,false,false,false,Nursing Services,Hassan,2025-05-26T12:46:57.029Z
Ayushmaan Health Care,+,4.5,208 Ratings,"Citb Choultry Main Road Hebbal, Mysore",,08123678324,Home Nursing Services; Home Nursing Services For Senior Citizen,true,true,false,false,true,Nursing Services,Hassan,2025-05-26T12:46:57.029Z
TAMARA Health Care & Old Age Home,+,4.8,225 Ratings,"KIADB Housing Layout Hebbal, Mysore",,08511628149,Nursing services,true,true,true,true,true,Nursing Services,Hassan,2025-05-26T12:46:57.029Z
Shabari Home Health Care,S,4.6,25 Ratings,"KHB Colony Hootagalli, Mysore",,,Home Nursing Services; Senior Citizen Care Taker Services,true,true,false,false,true,Nursing Services,Hassan,2025-05-26T12:46:57.029Z
Gunashree Home Nursing Service,G,4.1,12 Ratings,"Kaveri Circle Hebbal, Mysore",,,24 Hours Home Nursing Services; Home Nursing Services,true,true,false,false,true,Nursing Services,Hassan,2025-05-26T12:46:57.029Z
Sri Vidya Home Nursing Service,+,4.7,22 Ratings,"Ganapathi Temple Road Hebbal, Mysore",,08792915469,Nursing services,true,true,false,false,true,Nursing Services,Hassan,2025-05-26T12:46:57.029Z
Arogya Ashraya Dhama,A,4.2,37 Ratings,"Circle Vijaynagar 2nd Stage, Mysore",,08511281486,Home Nursing Services; Institutions For Aged,true,true,false,false,true,Nursing Services,Hassan,2025-05-26T12:46:57.030Z
Ayushmaan Elders Paradise,+,4.8,57 Ratings,"KIADB Layout Hebbal, Mysore",,08511473014,Home Nursing Services; Institutions For Aged,true,true,false,false,true,Nursing Services,Hassan,2025-05-26T12:46:57.030Z
Ayushmaan Health Care,+,4.5,208 Ratings,"Hebbal 3rd Stage Hebbal, Mysore",,07383524649,Home Nursing Services; Patient Care Taker Services,true,true,true,true,true,Nursing Services,Hassan,2025-05-26T12:46:57.030Z
Maruti Nursing Home,M,2.7,3 Ratings,"Sjm Layout Hosadurga, Chitradurga",,,Nursing Homes; Hospitals,true,true,false,false,false,Nursing Services,Hassan,2025-05-26T12:46:57.030Z
Thanu Enterprises,T,4.3,2 Ratings,"3rd Phase Vijaynagar 4th Stage, Mysore",,,Home Nursing Services; Home Nursing Services For Senior Citizen,true,true,false,false,true,Nursing Services,Hassan,2025-05-26T12:46:57.030Z
Sri Sai Facility Services and Sri Sai Rehablitacion Center,+,3.6,17 Ratings,"2nd Stage Hebbal, Mysore",,09035287913,Home Nursing Services; Placement Services (For Employers),true,true,false,false,true,Nursing Services,Hassan,2025-05-26T12:46:57.030Z
Care Connect Home Care Service,+,5.0,1 Rating,"Vijaynagar 2nd Stage, Mysore",,,Home Nursing Services; Home Nursing Services For Senior Citizen,true,true,false,false,true,Nursing Services,Hassan,2025-05-26T12:46:57.030Z
Retrocare Diagnostics,+,5.0,3 Ratings,"Vaari Complex Hebbal 1st Stage, Mysore",,,Health Checkup Packages,true,true,false,false,true,Nursing Services,Hassan,2025-05-26T12:46:57.030Z
Prakruthi Enterprises,P,3.5,2 Ratings,"Vijaynagar 4th Stage, Mysore",,09980542017,Home Nursing Services; Patient Care Taker Services,true,true,false,false,false,Nursing Services,Hassan,2025-05-26T12:46:57.030Z
Dhruthi Med Services,+,4.8,123 Ratings,"Hebbal Hebbal, Mysore",,09054753984,Home Sample Collection,true,true,false,false,true,Nursing Services,Hassan,2025-05-26T12:46:57.030Z
Varuna Home Nursing Services,V,4.1,11 Ratings,"Hebbal Road Hebbal 1st Stage, Mysore",,,Home Nursing Services; Nursing Services,true,true,false,false,true,Nursing Services,Hassan,2025-05-26T12:46:57.030Z
Varuna Home Nursing Service,V,4.1,11 Ratings,"Metagalli, Mysore",,,Home Nursing Services; Home Nursing Services For Senior Citizen,true,true,false,false,true,Nursing Services,Hassan,2025-05-26T12:46:57.030Z
Shree Padma Health Care,+,4.6,42 Ratings,"Maholla Vijaynagar 2nd Stage, Mysore",,,Home Nursing Services; Patient Care Taker Services,true,true,false,false,true,Nursing Services,Hassan,2025-05-26T12:46:57.030Z
Clean Care India,C,2.8,3 Ratings,"Kumbara Koppal, Mysore",,,Home Nursing Services; Nursing Services,false,true,false,false,false,Nursing Services,Hassan,2025-05-26T12:46:57.030Z
Best Home Care,+,5.0,24 Ratings,"Abhishek Circle Hebbal 1st Stage, Mysore",,,Home Nursing Services; Institutions For Aged,true,true,false,false,true,Nursing Services,Hassan,2025-05-26T12:46:57.031Z
Careascentan Healthcare,+,4.0,39 Ratings,"Railway Layout Hebbal, Mysore",,,Geriatric Physiotherapy Consultation; 24 Hours Dentists; Health Checkup Packages,true,true,false,true,true,Nursing Services,Hassan,2025-05-26T12:46:57.031Z
Power Home Nursing Services,P,4.5,2 Ratings,"Vijaynagar 4th Stage, Mysore",,,Nursing services,true,true,false,false,true,Nursing Services,Hassan,2025-05-26T12:46:57.031Z
Ab2 Home Care Services,+,3.9,7 Ratings,"2nd & 4th Main Kumbara Koppal, Mysore",,08511468758,Home Nursing Services; Patient Care Taker Services,true,true,false,false,false,Nursing Services,Hassan,2025-05-26T12:46:57.031Z
Wecare Home Nursing,+,4.8,69 Ratings,"Feet Road Vijaynagar 3rd Stage, Mysore",,,Nursing Services,true,true,false,false,true,Nursing Services,Hassan,2025-05-26T12:46:57.031Z
Wecare Home Nursing and Security Solutions,+,4.6,9 Ratings,"80 Feet Road Vijayanagara Hinkal, Mysore",,09980765068,Neonatal Nursing,true,true,false,true,true,Nursing Services,Hassan,2025-05-26T12:46:57.031Z
Mruthyunjaya Health Services,M,4.8,2 Ratings,"Vijaynagar 4th Stage, Mysore",,,Home Nursing Services; Nursing Services,false,true,false,false,false,Nursing Services,Hassan,2025-05-26T12:46:57.031Z
Sanjeevini Plus Home Nursing Services,+,5.0,11 Ratings,"Vijaynagar 3rd Stage, Mysore",,,Home Nursing Services; Home Nursing Services For Senior Citizen,true,true,false,false,true,Nursing Services,Hassan,2025-05-26T12:46:57.031Z
Mysore Niranthara Charitable Trust,+,4.5,20 Ratings,"2nd Phase Vijaynagar 4th Stage, Mysore",,,Home Nursing Services; Institutions For Aged,true,true,false,false,true,Nursing Services,Hassan,2025-05-26T12:46:57.031Z
Sree Marikamba Services,+,3.3,9 Ratings,"Narasimharajapura Chikmagalur, Chikmagalur",,,Home Nursing Services For Tracheostomy; Home Nursing Services,true,true,false,false,false,Nursing Services,Hassan,2025-05-26T12:46:57.031Z
Advitha Human Care,+,3.6,32 Ratings,"No.37 Vijaynagar 4th Stage, Mysore",,,Home Nursing Services; Home Nursing Services For Senior Citizen,true,true,false,false,false,Nursing Services,Hassan,2025-05-26T12:46:57.031Z
Matrutva Health Care Services,+,4.3,12 Ratings,"Layout Vijaynagar 3rd Stage, Mysore",,,Home Nursing Services; Home Nursing Services For Senior Citizen,true,true,false,false,true,Nursing Services,Hassan,2025-05-26T12:46:57.032Z
T M N Home Nursing Services and Old Age Home,T,5.0,14 Ratings,"8th Main Road Gokulam 3rd Stage, Mysore",,09725756107,Home Nursing Services; Patient Care Taker Services,true,true,false,false,true,Nursing Services,Hassan,2025-05-26T12:46:57.032Z
Apollo Diagnostics,+,3.8,28 Ratings,"Main Road Vijaynagar 3rd Stage, Mysore",,,Charitable; Prenatal Check Up; Health Checkup Packages,true,true,false,false,false,Nursing Services,Hassan,2025-05-26T12:46:57.032Z
Medapp,M,4.7,3 Ratings,"Vijaynagar 3 Stage, Mysore",,,Geriatric Physiotherapy Consultation; Range of Motion Exercises,true,true,false,false,true,Nursing Services,Hassan,2025-05-26T12:46:57.032Z
Belaku Health Care,+,4.7,100 Ratings,"Stage Bogadi, Mysore",,08123820969,Home Nursing Services; Baby Sitting At Home,true,true,true,true,true,Nursing Services,Hassan,2025-05-26T12:46:57.032Z
Protect Home Care Services,+,4.8,429 Ratings,"No 833 Gokulam 3rd Stage, Mysore",,,Home Nursing Services; Placement Services For Cook (For Employers),true,true,false,false,true,Nursing Services,Hassan,2025-05-26T12:46:57.032Z
Belaku Health Care,+,4.7,100 Ratings,"Bogadi, Mysore",,09845458794,Home Nursing Services; Baby Sitting At Home,true,true,false,false,true,Nursing Services,Hassan,2025-05-26T12:46:57.033Z
Serene Senior Living Care,S,5.0,1 Rating,"Kodava Samaja Road Virajpet, Coorg",,08401791450,Care Taker Services For Liver Transplant Patient; Home Nursing Services,true,true,true,true,true,Nursing Services,Hassan,2025-05-26T12:46:57.033Z
Shalini Home For The Aged And Care Giving Centre,S,5.0,2 Ratings,"Bogadi Outer Ring Road Bogadi, Mysore",,,Home Nursing Services; Institutions For Aged,true,true,false,false,true,Nursing Services,Hassan,2025-05-26T12:46:57.033Z
Kushi Home Nursing Services,K,5.0,2 Ratings,"Road Vijaynagar 3rd Stage, Mysore",,,Nursing services,true,true,false,false,true,Nursing Services,Hassan,2025-05-26T12:46:57.033Z
Dr Lal PathLabs,+,4.4,5 Ratings,"Mysore Road Bennimantap, Mysore",,,Health Checkup Packages; Charitable; Pre Employment Checkup Packages,true,true,false,false,true,Nursing Services,Hassan,2025-05-26T12:46:57.033Z
Amma Home Nursing Service,A,5.0,2 Ratings,"Maratikyathanahalli Bogadi, Mysore",,,Home Nursing Services; Home Nursing Services For Senior Citizen,false,true,false,false,true,Nursing Services,Hassan,2025-05-26T12:46:57.033Z
Dr Lal Pathlabs,+,4.4,5 Ratings,"HUDCO Bennimantap, Mysore",,,Health Checkup Packages; Charitable; Pre Employment Checkup Packages,true,true,false,false,true,Nursing Services,Hassan,2025-05-26T12:46:57.033Z
Vikram Jeev Hospital O & M By Advika Hospital L L P,V,4.1,81 Ratings,"Vevekananda Road Yadavagiri, Mysore",,,Weight Loss; Prenatal Check Up; Nutrition Consultation,true,true,false,false,true,Nursing Services,Hassan,2025-05-26T12:46:57.033Z
24Nu Health Services,2,4.6,5 Ratings,"2nd Cross Road Bannimantap, Mysore",,,Nursing Services,false,true,false,false,false,Nursing Services,Hassan,2025-05-26T12:46:57.033Z
H and S Health Care (R),+,4.9,150 Ratings,"2nd Stage Janatha Nagar, Mysore",,,Nursing services,true,true,false,true,true,Nursing Services,Hassan,2025-05-26T12:46:57.034Z
H Y Home Care And Home Nursing Service,+,4.8,7 Ratings,"Extension Narasimharaja Mohalla, Mysore",,,Home Nursing Services; Home Nursing Services For Senior Citizen,true,true,false,false,true,Nursing Services,Hassan,2025-05-26T12:46:57.034Z
Maurya Hospital,+,4.4,154 Ratings,"Chennaiah Road Janatha Nagar, Mysore",,,Prenatal Check Up; Ovarian Diseases; Nutrition Consultation,true,false,false,false,true,Nursing Services,Hassan,2025-05-26T12:46:57.034Z
SAI KUSHI DHAMA - Senior Citizen Care Campus,+,4.9,7 Ratings,"Kamanakerehundi Kamanakerehundi, Mysore",,08904930518,Institutions For Aged; Nursing Services,true,true,false,false,true,Nursing Services,Hassan,2025-05-26T12:46:57.034Z
Sathya Sai Suraksha Kendra,+,2.5,2 Ratings,"Pampapathi Road Saraswathipuram, Mysore",,,Nursing services,true,true,false,false,false,Nursing Services,Hassan,2025-05-26T12:46:57.034Z
V 2 Home Nursing Services,V,3.3,6 Ratings,"Halligattu Village Ponnampet, Coorg",,08460483402,Home Nursing Services; Nursing Services,true,true,false,false,false,Nursing Services,Hassan,2025-05-26T12:46:57.034Z
Das Home Nursing Services,+,4.6,85 Ratings,"Ashoka Road, Mysore",,08511655509,Home Nursing Services; Home Nursing Services For Senior Citizen,true,true,true,true,true,Nursing Services,Hassan,2025-05-26T12:46:57.034Z
Shree Shaila Home Nursing Service,S,5.0,1 Rating,"No.50 Bogadi, Mysore",,,Home Nursing Services; Home Nursing Services For Senior Citizen,true,true,false,false,false,Nursing Services,Hassan,2025-05-26T12:46:57.034Z
Sri Chamundeshwari Home Nursing Service (Wn),S,4.2,19 Ratings,"Amulyanagara Belavadi, Mysore",,,Home Nursing Services; Nursing Services,true,true,false,false,true,Nursing Services,Hassan,2025-05-26T12:46:57.034Z
Sri Sathya Sai Home Nursing Care (R),+,3.7,35 Ratings,"6th Main Sharadadevi Nagar, Mysore",,09980866680,Home Nursing Services; Baby Sitting At Home,true,true,false,false,true,Nursing Services,Hassan,2025-05-26T12:46:57.034Z
Carewise Palliative and Elderly Nursing Services,+,4.9,167 Ratings,"Mohalla Saraswathipuram, Mysore",,07947196373,Health Checkup Packages; Prenatal Check Up; Animal Diseases,true,true,false,false,true,Nursing Services,Hassan,2025-05-26T12:46:57.034Z
Care Enlight Healthcare,+,4.2,20 Ratings,"Road 10th Main Saraswathipuram, Mysore",,,Nursing services,true,true,false,false,true,Nursing Services,Hassan,2025-05-26T12:46:57.035Z
Sri Vinayaka Home Care & Oldage Home,+,4.3,35 Ratings,"Datagalli Ramakrishnanagar, Mysore",,08511014957,Home Nursing Services; Patient Care Taker Services,true,true,true,true,true,Nursing Services,Hassan,2025-05-26T12:46:57.035Z
Dr Lal Pathlabs,+,5.0,2 Ratings,"2nd Cross Dattagalli, Mysore",,,Health Checkup Packages; Charitable; Pre Employment Checkup Packages,true,true,false,false,true,Nursing Services,Hassan,2025-05-26T12:46:57.035Z
Sainatha Old Age Home and Home Nursing Services,+,4.8,19 Ratings,"Kantharaj Urs Road Kuvempunagar, Mysore",,08511014247,Home Nursing Services; Institutions For Aged,true,true,false,true,true,Nursing Services,Hassan,2025-05-26T12:46:57.035Z
Manya Home Nursing Services And Administration Center,M,4.7,3 Ratings,"Kuvempu Nagara Mysore City, Mysore",,,Home Nursing Services; Home Nursing Services For Senior Citizen,true,true,false,false,true,Nursing Services,Hassan,2025-05-26T12:46:57.035Z
Sanjeevini Health Care Nursing,+,4.7,13 Ratings,"11th Cross Saraswathipuram, Mysore",,,Home Nursing Services; Nursing Services,true,true,false,false,true,Nursing Services,Hassan,2025-05-26T12:46:57.035Z
Mathru Home Nursing Care,M,3.7,9 Ratings,"E & F Block Ramakrishnanagar, Mysore",,,Home Nursing Services; Home Nursing Services For Senior Citizen,true,true,false,false,false,Nursing Services,Hassan,2025-05-26T12:46:57.035Z
Manvith Home Care Services,+,4.9,258 Ratings,"7th Main Road Saraswathipuram, Mysore",,07204102268,Home Nursing Services; Patient Care Taker Services,true,true,true,true,true,Nursing Services,Hassan,2025-05-26T12:46:57.035Z
New Life Palliative Care,+,4.9,24 Ratings,"Nagar Main Road Vidyaranyapuram, Mysore",,,Home Nursing Services; Home Nursing Services For Senior Citizen,true,true,false,false,true,Nursing Services,Hassan,2025-05-26T12:46:57.035Z
B K Nursing Care Center,+,4.3,24 Ratings,"Double Road Kuvempunagar, Mysore",,,Home Nursing Services For Bedridden; Nursing Homes,true,true,false,true,true,Nursing Services,Hassan,2025-05-26T12:46:57.035Z
Dr Lal Pathlabs,+,4.3,200 Ratings,"Kantharaja Urs Road Kuvempunagar, Mysore",,,Charitable; Diagnostic And Pathology; Health Checkup Packages,false,true,false,false,true,Nursing Services,Hassan,2025-05-26T12:46:57.035Z
Anand Offset Printers,<,4.4,39 Ratings,"Ranganatha Building Bm Road, Hassan",,09054880706,Digital; Book,true,false,true,true,true,Reliable Printing Services,Hassan - Quality You Can Trust,2025-05-26T12:48:07.270Z
Shringar Arts,<,5.0,1 Rating,"Sainatha Road Arsikere, Hassan",,08460218327,Digital; Flex,true,false,false,true,true,Reliable Printing Services,Hassan - Quality You Can Trust,2025-05-26T12:48:07.270Z
Sri Krishna Digital Big Print,<,4.6,71 Ratings,"Hole Narsipura Road Bm Road, Hassan",,08197326082,Digital; Flex; Videography,true,false,false,true,true,Reliable Printing Services,Hassan - Quality You Can Trust,2025-05-26T12:48:07.270Z
Kanasu LED & Signages,<,5.0,13 Ratings,"Temple Beside Bm Road, Hassan",,08904890741,Digital; Flex,true,false,false,true,true,Reliable Printing Services,Hassan - Quality You Can Trust,2025-05-26T12:48:07.271Z
Sri Amanthrana Offsets,<,4.7,35 Ratings,"Bus Bus Stand Road Hassan, Hassan",,07411562762,Banner; Book; Same Day Delivery,true,false,true,true,true,Reliable Printing Services,Hassan - Quality You Can Trust,2025-05-26T12:48:07.271Z
Sree Mahaveera Printers,<,3.6,6 Ratings,"Eshwari Complex Bm Road, Hassan",,,Book,true,false,false,false,false,Reliable Printing Services,Hassan - Quality You Can Trust,2025-05-26T12:48:07.271Z
Siri Sign Creation,<,4.4,10 Ratings,"Mg Road Hassan, Hassan",,,Digital; Flex,true,false,false,false,true,Reliable Printing Services,Hassan - Quality You Can Trust,2025-05-26T12:48:07.271Z
Ub Royal Sticker Cutting,<,2.5,2 Ratings,"Mysore Road Channarayapatna, Hassan",,,Flex; Company Authorised Dealer,true,false,false,false,false,Reliable Printing Services,Hassan - Quality You Can Trust,2025-05-26T12:48:07.271Z
R K Printers,<,4.4,135 Ratings,"Old Bus Stand Road-Hassan HO, Hassan",,,Flex; Digital; On Site Services,true,false,false,false,true,Reliable Printing Services,Hassan - Quality You Can Trust,2025-05-26T12:48:07.271Z
Venus Big Prints & Advertisers,<,4.9,114 Ratings,"School Field Kr Puram Hassan, Hassan",,,Digital; Flex,true,false,false,false,true,Reliable Printing Services,Hassan - Quality You Can Trust,2025-05-26T12:48:07.271Z
KALA PRINTS,+,4.8,108 Ratings,"Sampige Road Hassan City, Hassan",,,Flex,true,false,false,false,true,Reliable Printing Services,Hassan - Quality You Can Trust,2025-05-26T12:48:07.272Z
Venus Big Prints,+,4.9,74 Ratings,"Malnad Nursing Home Hassan City, Hassan",,,Digital Printing Services On Scarf; Digital Printing Services On Door,true,false,false,false,true,Reliable Printing Services,Hassan - Quality You Can Trust,2025-05-26T12:48:07.272Z
R H Photoshop,+,4.3,76 Ratings,"Salagame Road, Hassan",,,Videography,true,false,false,false,true,Reliable Printing Services,Hassan - Quality You Can Trust,2025-05-26T12:48:07.272Z
Chirag Graphics And Printers,+,4.8,54 Ratings,"Panduranaga Temple Road Bm Road, Hassan",,,Book,true,false,false,false,true,Reliable Printing Services,Hassan - Quality You Can Trust,2025-05-26T12:48:07.272Z
Sri Vasavi Printers,+,4.9,45 Ratings,"Main Road Banavara, Hassan",,,Flex,true,false,false,false,true,Reliable Printing Services,Hassan - Quality You Can Trust,2025-05-26T12:48:07.272Z
D Print'S Uv Printing Solution,+,5.0,28 Ratings,"Channarayapatna, Hassan",,,Photo; Same Day Delivery,true,false,false,false,false,Reliable Printing Services,Hassan - Quality You Can Trust,2025-05-26T12:48:07.273Z
Sri Raghavendra Offset Printers,S,4.2,18 Ratings,"Hassan HO, Hassan",,,Printing Services,true,false,false,false,false,Reliable Printing Services,Hassan - Quality You Can Trust,2025-05-26T12:48:07.275Z
Shanthi Printers,+,4.8,15 Ratings,"Hassan District Arkalgud, Hassan",,,Printing Press; Printing Services,true,false,false,false,false,Reliable Printing Services,Hassan - Quality You Can Trust,2025-05-26T12:48:07.275Z
Bright Trophies And Gift Center,+,4.8,13 Ratings,"Sjp Road Kr Puram Hassan, Hassan",,,Gift Dealers; Sports Goods Dealers,true,false,false,false,true,Reliable Printing Services,Hassan - Quality You Can Trust,2025-05-26T12:48:07.275Z
Shri Lakshmi Stickers,+,4.4,14 Ratings,"Hassan Hassan HO, Hassan",,,Digital; Flex,true,false,false,false,false,Reliable Printing Services,Hassan - Quality You Can Trust,2025-05-26T12:48:07.275Z
Nagendra Offset Printers and Stationery,+,5.0,11 Ratings,"Y R Road Arsikere, Hassan",,,Offset Printing Services For Bill; Printing Services,true,false,false,false,false,Reliable Printing Services,Hassan - Quality You Can Trust,2025-05-26T12:48:07.275Z
Cartridge Zone,+,4.3,12 Ratings,"Apoorva Hotel Road Hassan HO, Hassan",,,Book,true,false,false,false,true,Reliable Printing Services,Hassan - Quality You Can Trust,2025-05-26T12:48:07.276Z
J.P Creative Images,+,4.6,10 Ratings,"Hemavathi Hospital Rangoli Halla, Hassan",,,Digital; Flex,true,false,false,false,false,Reliable Printing Services,Hassan - Quality You Can Trust,2025-05-26T12:48:07.276Z
Nisarga Printers,N,4.6,10 Ratings,"Hemavathinagar Hemavathinagar, Hassan",,,Flex,true,false,false,false,false,Reliable Printing Services,Hassan - Quality You Can Trust,2025-05-26T12:48:07.276Z
Jp Creative Images,+,4.6,10 Ratings,"Aralepet, Hassan",,,Printing Services; Brochure Printing Services,true,false,false,false,false,Reliable Printing Services,Hassan - Quality You Can Trust,2025-05-26T12:48:07.276Z
Uttam Printing Press,U,4.7,9 Ratings,"S.L.N Temple Road, Hassan",,,Printing Services,false,false,false,false,false,Reliable Printing Services,Hassan - Quality You Can Trust,2025-05-26T12:48:07.276Z
Aadhya Enterprises,+,4.5,7 Ratings,"Sankalapura, Hassan",,,Printing Services,true,false,false,false,false,Reliable Printing Services,Hassan - Quality You Can Trust,2025-05-26T12:48:07.276Z
Sapthagiri Printers,S,4.2,7 Ratings,"Devigere Road Subhash Square, Hassan",,,Printing Services,false,false,false,false,false,Reliable Printing Services,Hassan - Quality You Can Trust,2025-05-26T12:48:07.276Z
Chandrashobha Printech,+,4.1,7 Ratings,"Road Cross Doddabasti Road, Hassan",,,Flex; Book,true,false,false,false,true,Reliable Printing Services,Hassan - Quality You Can Trust,2025-05-26T12:48:07.276Z
Chandrashobha Printech,+,4.1,7 Ratings,,,,Printing Services,true,false,false,false,false,Reliable Printing Services,Hassan - Quality You Can Trust,2025-05-26T12:48:07.276Z
Manju Screen And Offset Printshop,M,4.0,7 Ratings,"B M Road Bm Road, Hassan",,,Printing Press; Printing Services,true,false,false,false,false,Reliable Printing Services,Hassan - Quality You Can Trust,2025-05-26T12:48:07.277Z
Sangam Printers & Insurance Zone,S,4.0,7 Ratings,"PLD Bank Alur, Hassan",,,Printing Press; Printing Services,true,false,false,false,false,Reliable Printing Services,Hassan - Quality You Can Trust,2025-05-26T12:48:07.277Z
Sri Gowri Printers,+,5.0,5 Ratings,"Market Road Hassan Ho, Hassan",,,Book,true,false,false,false,false,Reliable Printing Services,Hassan - Quality You Can Trust,2025-05-26T12:48:07.277Z
Sri gowri printers,+,5.0,5 Ratings,,,,Printing Services,true,false,false,false,false,Reliable Printing Services,Hassan - Quality You Can Trust,2025-05-26T12:48:07.277Z
Praveen Printers,P,4.0,6 Ratings,"Sh 8 Hirisave, Hassan",,,Printing Services,true,false,false,false,false,Reliable Printing Services,Hassan - Quality You Can Trust,2025-05-26T12:48:07.277Z
Umesh Computer Stickers Cutting,U,4.4,5 Ratings,"Sakleshpur, Hassan",,,Printing Services,true,false,false,false,false,Reliable Printing Services,Hassan - Quality You Can Trust,2025-05-26T12:48:07.277Z
Malnad printers,+,4.3,5 Ratings,"Agrahara Road Hassan City, Hassan",,,Book; Flex,true,false,false,false,false,Reliable Printing Services,Hassan - Quality You Can Trust,2025-05-26T12:48:07.277Z
Bhavani Printers,+,4.2,5 Ratings,"Kalyana Mantapa Aralepet, Hassan",,,Book; Flex,true,false,false,true,true,Reliable Printing Services,Hassan - Quality You Can Trust,2025-05-26T12:48:07.277Z
Bhavani Printers,+,4.2,5 Ratings,"Aralepet Road Aralepet, Hassan",,,Book,true,false,false,true,false,Reliable Printing Services,Hassan - Quality You Can Trust,2025-05-26T12:48:07.277Z
Sri Sai Digital Big Prints,+,4.1,5 Ratings,"Race Course Road Hassan, Hassan",,,Digital; Flex,true,false,false,false,false,Reliable Printing Services,Hassan - Quality You Can Trust,2025-05-26T12:48:07.277Z
Slv Arts,+,5.0,4 Ratings,"Bypass Road Thanniruhalla, Hassan",,,Flex,true,false,false,false,true,Reliable Printing Services,Hassan - Quality You Can Trust,2025-05-26T12:48:07.277Z
Sri Sapthagiri Offset Printers,S,5.0,4 Ratings,"Devrajurs Market Bm Road, Hassan",,,Flex; Book,true,false,false,false,false,Reliable Printing Services,Hassan - Quality You Can Trust,2025-05-26T12:48:07.277Z
Srushti Arts And Big Prints,+,5.0,4 Ratings,"Bagur Road Channarayapatna, Hassan",,,Flex,true,false,false,false,false,Reliable Printing Services,Hassan - Quality You Can Trust,2025-05-26T12:48:07.277Z
Eshwar Offset Printers,E,4.5,4 Ratings,"Girls School Road Arsikere, Hassan",,,Same Day Delivery,false,false,false,false,false,Reliable Printing Services,Hassan - Quality You Can Trust,2025-05-26T12:48:07.277Z
Bharath Sticker Cutting,+,4.1,4 Ratings,"B M Road Channarayapatna, Hassan",,,Book; Flex,true,false,false,false,true,Reliable Printing Services,Hassan - Quality You Can Trust,2025-05-26T12:48:07.277Z
Shankar Commercial Arts,S,3.6,4 Ratings,"Hassan HO, Hassan",,,Printing Services,true,false,false,false,false,Reliable Printing Services,Hassan - Quality You Can Trust,2025-05-26T12:48:07.277Z
Shankar Commercial Arts,S,3.6,4 Ratings,"Channapatna Housing Board Colony, Hassan",,,Printing Press; Printing Services,true,false,false,false,false,Reliable Printing Services,Hassan - Quality You Can Trust,2025-05-26T12:48:07.277Z
Sri Lakshmi Graphics,+,4.6,3 Ratings,"Temple Street Hosaline Road, Hassan",,,Flex; Photo,true,false,false,false,false,Reliable Printing Services,Hassan - Quality You Can Trust,2025-05-26T12:48:07.277Z
Swarnamba Print,S,4.3,3 Ratings,"Tippu Nagar Arsikere, Hassan",,,Printing Services,true,false,false,false,false,Reliable Printing Services,Hassan - Quality You Can Trust,2025-05-26T12:48:07.277Z
Falak Stickers & Car Decore,+,4.3,3 Ratings,"Arakalagudu Road Holenarsipur, Hassan",,,Digital; Flex,true,false,false,false,false,Reliable Printing Services,Hassan - Quality You Can Trust,2025-05-26T12:48:07.277Z
Srinidhi Enterprises Printers And Signages,+,4.3,3 Ratings,"Main Road Bus Stand Road, Hassan",,,Printing Services,true,false,false,false,false,Reliable Printing Services,Hassan - Quality You Can Trust,2025-05-26T12:48:07.278Z
Ravindra Big Prints and Decoration,+,3.7,3 Ratings,"Channarayapatna, Hassan",,,Flex; Car Decoration,true,false,false,false,false,Reliable Printing Services,Hassan - Quality You Can Trust,2025-05-26T12:48:07.278Z
Krishna Tshirt Printing,+,5.0,2 Ratings,"Devanga Street Hosaline Road, Hassan",,,Printing Services; T Shirt Printing Services,true,false,false,false,false,Reliable Printing Services,Hassan - Quality You Can Trust,2025-05-26T12:48:07.278Z
Zeetech Computers,Z,4.8,2 Ratings,"1st Floor Hosaline Road, Hassan",,,Printing Services; Digital Printing Services,true,false,false,false,false,Reliable Printing Services,Hassan - Quality You Can Trust,2025-05-26T12:48:07.278Z
Sri Hanuman Printers,S,5.0,2 Ratings,"Kattinakere Market, Hassan",,,Book,true,false,false,false,false,Reliable Printing Services,Hassan - Quality You Can Trust,2025-05-26T12:48:07.278Z
Prabhu Arts,+,5.0,2 Ratings,"Pura Road Channapatna Extension, Hassan",,,Digital; Flex,true,false,false,false,true,Reliable Printing Services,Hassan - Quality You Can Trust,2025-05-26T12:48:07.278Z
Pragathi Printers,P,5.0,2 Ratings,"Temple Road Temple Road, Belur",,,Book,true,false,false,false,false,Reliable Printing Services,Hassan - Quality You Can Trust,2025-05-26T12:48:07.278Z
D Prints,+,5.0,2 Ratings,"Yaswanth Complex Channarayapatna, Hassan",,,UV; Digital,true,false,false,false,true,Reliable Printing Services,Hassan - Quality You Can Trust,2025-05-26T12:48:07.278Z
Advertising and Allied Services,A,5.0,2 Ratings,"Doddi Road Kr Puram, Hassan",,,Flex,true,false,false,false,false,Reliable Printing Services,Hassan - Quality You Can Trust,2025-05-26T12:48:07.278Z
Prints,+,5.0,2 Ratings,"Old Post Office Road Bm Road, Hassan",,,Flex; Book,true,false,false,false,false,Reliable Printing Services,Hassan - Quality You Can Trust,2025-05-26T12:48:07.278Z
SRI Raghavendra Printers,S,5.0,2 Ratings,"Slgm Road Aralepet, Hassan",,,Printing Press; Printing Services,false,false,false,false,false,Reliable Printing Services,Hassan - Quality You Can Trust,2025-05-26T12:48:07.278Z
Mubarak Graphics & Printer,+,5.0,2 Ratings,"Panduranga Temple Road, Hassan",,,Printing Services,true,false,false,false,false,Reliable Printing Services,Hassan - Quality You Can Trust,2025-05-26T12:48:07.278Z
Shiva Jyothi Laser Works,+,4.8,2 Ratings,"Baguru Road Channarayapatna, Hassan",,,Flex,true,false,false,false,true,Reliable Printing Services,Hassan - Quality You Can Trust,2025-05-26T12:48:07.278Z
Hassanamba Big Prints,+,4.5,2 Ratings,"Yellama Temple Road Aralepet, Hassan",,,Digital; Flex,true,false,false,false,false,Reliable Printing Services,Hassan - Quality You Can Trust,2025-05-26T12:48:07.278Z
Jenukal Art Digital Flex Print,+,4.3,2 Ratings,"JF Arsikere, Hassan",,,Flex; Book,true,false,false,false,false,Reliable Printing Services,Hassan - Quality You Can Trust,2025-05-26T12:48:07.278Z
Shri Lakshmiranganatha Priting Press Halebeedu,S,4.0,2 Ratings,,,,Printing Services,true,false,false,false,false,Reliable Printing Services,Hassan - Quality You Can Trust,2025-05-26T12:48:07.278Z
Hassan Printers,+,4.0,2 Ratings,"Old Post Office Road Hassan City, Hassan",,,Flex; Book,true,false,false,false,false,Reliable Printing Services,Hassan - Quality You Can Trust,2025-05-26T12:48:07.278Z
Xerox Point Cyber And Stationery,X,4.0,2 Ratings,"Hpcl Road, Hassan",,,Printing Services,false,false,false,false,false,Reliable Printing Services,Hassan - Quality You Can Trust,2025-05-26T12:48:07.278Z
Siddushree Printers,S,4.0,2 Ratings,"Arsikere, Hassan",,,Printing Services,true,false,false,false,false,Reliable Printing Services,Hassan - Quality You Can Trust,2025-05-26T12:48:07.278Z
R N Printers And Graphics,R,4.0,2 Ratings,,,,Photo; Same Day Delivery,true,false,false,false,false,Reliable Printing Services,Hassan - Quality You Can Trust,2025-05-26T12:48:07.278Z
Krishna Arts,+,4.0,2 Ratings,"BM Road Channarayapatna, Hassan",,,Digital; Flex,true,false,false,false,false,Reliable Printing Services,Hassan - Quality You Can Trust,2025-05-26T12:48:07.278Z
Jenukal printers,J,4.0,2 Ratings,"Bengaluru Honnavar Road Arsikere, Hassan",,,Printing Services,true,false,false,false,false,Reliable Printing Services,Hassan - Quality You Can Trust,2025-05-26T12:48:07.278Z
Jenukal Net Cafe,J,4.0,2 Ratings,"H N Pura Road, Hassan",,,Printing Services,false,false,false,false,false,Reliable Printing Services,Hassan - Quality You Can Trust,2025-05-26T12:48:07.278Z
Jayalakshmi Printer,+,4.0,2 Ratings,"Street. Arasikere Arsikere, Hassan",,,Same Day Delivery,true,false,false,false,false,Reliable Printing Services,Hassan - Quality You Can Trust,2025-05-26T12:48:07.279Z
Rajath Printers L Narayan Gowda,R,4.0,2 Ratings,"Vidyuth Nagar Hemavathinagar, Hassan",,,Printing Press; Printing Services,false,false,false,false,false,Reliable Printing Services,Hassan - Quality You Can Trust,2025-05-26T12:48:07.279Z
Malleshwara Printing Press,M,4.0,2 Ratings,"Hethur Hethur, Hassan",,,Printing Services; Invitation Card Printers,false,false,false,false,false,Reliable Printing Services,Hassan - Quality You Can Trust,2025-05-26T12:48:07.279Z
Siddarth Printers,S,4.0,2 Ratings,"Mutt Road Shankar Mutt Road, Hassan",,,Printing Services,true,false,false,false,false,Reliable Printing Services,Hassan - Quality You Can Trust,2025-05-26T12:48:07.279Z
Sri Shakthi Offset Printers,+,4.0,2 Ratings,"Lakshmishanagara, Chikmagalur",,,Printing Services,true,false,false,false,false,Reliable Printing Services,Hassan - Quality You Can Trust,2025-05-26T12:48:07.279Z
Maruthi Printers,M,4.0,2 Ratings,"Penshan Mohalla Hassan Rural, Hassan",,,Printing Services,false,false,false,false,false,Reliable Printing Services,Hassan - Quality You Can Trust,2025-05-26T12:48:07.279Z
Hamsa Printers Prajavani,H,3.5,2 Ratings,"Thipatur Road, Hassan",,,Same Day Delivery,true,false,false,false,false,Reliable Printing Services,Hassan - Quality You Can Trust,2025-05-26T12:48:07.279Z
Santhu Photography,+,3.0,2 Ratings,"Channarayapatna Fort, Hassan",,,Videography,true,false,false,false,false,Reliable Printing Services,Hassan - Quality You Can Trust,2025-05-26T12:48:07.279Z
Surya Colour Lab,+,5.0,1 Rating,"Maharaj Park Road, Hassan",,,Photo,true,false,false,false,true,Reliable Printing Services,Hassan - Quality You Can Trust,2025-05-26T12:48:07.279Z
Simhadhwani News Paper,S,5.0,1 Rating,"A V K College Road, Hassan",,,Flex,true,false,false,false,true,Reliable Printing Services,Hassan - Quality You Can Trust,2025-05-26T12:48:07.279Z
Nisarga Printers,N,5.0,1 Rating,"Main Road Hassan Ho, Hassan",,,Printing Press; Printing Services,true,false,false,false,false,Reliable Printing Services,Hassan - Quality You Can Trust,2025-05-26T12:48:07.279Z
Vinayaka Digital Flex And Printers,V,5.0,1 Rating,"Arkalgud, Hassan",,,Printing Services,true,false,false,false,false,Reliable Printing Services,Hassan - Quality You Can Trust,2025-05-26T12:48:07.279Z
Arun Printing Press,A,5.0,1 Rating,"Channarayapatna, Hassan",,,Flex,true,false,false,false,true,Reliable Printing Services,Hassan - Quality You Can Trust,2025-05-26T12:48:07.279Z
Unique laser and big print,+,5.0,1 Rating,"Channarayapatna Fort, Hassan",,,Flex,true,false,false,false,false,Reliable Printing Services,Hassan - Quality You Can Trust,2025-05-26T12:48:07.279Z
Sree Vinayaka Digitel Studio,S,5.0,1 Rating,"KONALUR ROAD Ramanathapura, Hassan",,,Videography,true,false,false,false,false,Reliable Printing Services,Hassan - Quality You Can Trust,2025-05-26T12:48:07.279Z
NV Digital Banner Print,+,5.0,1 Rating,"Nehar Nagar Bennur, Belur",,,Digital; Flex,true,false,false,false,false,Reliable Printing Services,Hassan - Quality You Can Trust,2025-05-26T12:48:07.279Z
R K Graphics,R,5.0,1 Rating,"Hassan HO, Hassan",,,Printing Services,true,false,false,false,false,Reliable Printing Services,Hassan - Quality You Can Trust,2025-05-26T12:48:07.279Z
Isiri Big Prints,+,4.5,1 Rating,"A V K College Road Aralepet, Hassan",,,Digital; Flex,true,false,false,true,false,Reliable Printing Services,Hassan - Quality You Can Trust,2025-05-26T12:48:07.279Z
Sri Raghavendra Printers,+,4.5,1 Rating,"Circle 2nd Cross Salagame Road, Hassan",,,Flex,true,false,false,false,false,Reliable Printing Services,Hassan - Quality You Can Trust,2025-05-26T12:48:07.279Z
Pappa's Print House,P,4.5,1 Rating,"MG Road MG Road Hassan, Hassan",,,Printing Services; Offset Printing Services For Newspaper,true,false,false,false,false,Reliable Printing Services,Hassan - Quality You Can Trust,2025-05-26T12:48:07.279Z
Keshava Printers & graphics,K,4.5,1 Rating,"Road Ameer Mohalla Hosaline Road, Hassan",,,ID Card Printing Services; Printing Services,true,false,false,false,false,Reliable Printing Services,Hassan - Quality You Can Trust,2025-05-26T12:48:07.280Z
Shiva Jyoti Lesar Works,+,4.0,1 Rating,"Nethaji Road Channarayapatna, Hassan",,,Flex,true,false,false,false,false,Reliable Printing Services,Hassan - Quality You Can Trust,2025-05-26T12:48:07.280Z
Anand Printers,A,4.0,1 Rating,"Park Road Maharaj Park Road, Hassan",,,Printing Press; Printing Services,true,false,false,false,false,Reliable Printing Services,Hassan - Quality You Can Trust,2025-05-26T12:48:07.280Z
Durgamba Offset Printer,D,3.0,1 Rating,"Mini Vidhana Soudha Arsikere, Hassan",,,Flex,true,false,false,false,false,Reliable Printing Services,Hassan - Quality You Can Trust,2025-05-26T12:48:07.281Z
Vardhaman Designers,+,4.8,17 Ratings,"Bm Road Bm Road, Hassan",,09980960606,Digital; Flex,true,false,false,false,true,Reliable Printing Services,Hassan - Quality You Can Trust,2025-05-26T12:48:07.281Z
Art Root Studio,+,4.9,11 Ratings,"Katihalli Circle B Kattihalli, Hassan",,,3D Painting,true,false,false,false,true,Reliable Printing Services,Hassan - Quality You Can Trust,2025-05-26T12:48:07.281Z
Hassan Flex Big Prints,+,2.3,3 Ratings,"Basatti Koppal, Hassan",,,Digital; Flex,true,false,false,false,false,Reliable Printing Services,Hassan - Quality You Can Trust,2025-05-26T12:48:07.281Z
Ms Solutions,<,4.4,205 Ratings,"Aralikatte Road Salagame Road, Hassan",,09724282261,Placement Services (Candidate); Work From Home Jobs,true,true,false,true,true,Placement Services Candidate,Hassan,2025-05-26T12:49:17.039Z
Career Success Way to Job,<,4.7,"1,167 Ratings","MG Road Hassan, Hassan",,08105255206,Placement Services (Candidate); Placement Services For Construction Company (Candidate),true,true,false,true,true,Placement Services Candidate,Hassan,2025-05-26T12:49:17.039Z
Ms-solutions,<,4.4,205 Ratings,"Aralikatte Circle Salagame Road, Hassan",,,Placement Services (Candidate); Work From Home Jobs,true,true,false,false,true,Placement Services Candidate,Hassan,2025-05-26T12:49:17.039Z
Kbn Enterprises,<,3.8,41 Ratings,"Kotte Road Channarayapatna, Hassan",,,Placement Services (Candidate); Work From Home Jobs,true,true,false,false,false,Placement Services Candidate,Hassan,2025-05-26T12:49:17.040Z
Ganapa Manpower Services,<,4.6,509 Ratings,"Vani Vilas College Hassan Ho, Hassan",,,Interview Room,true,true,false,false,true,Placement Services Candidate,Hassan,2025-05-26T12:49:17.040Z
Gms Infotech Solution,<,4.7,312 Ratings,"New Bus Stand Road Hassan City, Hassan",,,Placement Services (Candidate); Placement Services For Driver (Candidate),true,true,false,false,true,Placement Services Candidate,Hassan,2025-05-26T12:49:17.040Z
Ms-Solutions,<,4.4,205 Ratings,"Arali Katte Circal Salagame Road, Hassan",,,Work From Home Jobs; Placement Services (Candidate),true,true,false,false,true,Placement Services Candidate,Hassan,2025-05-26T12:49:17.040Z
Pf Solutions,<,3.4,89 Ratings,"Mysore Road Sankalapura, Hassan",,,Placement Services (Candidate),false,true,false,false,false,Placement Services Candidate,Hassan,2025-05-26T12:49:17.040Z
Karnataka Job Information Centre,<,4.2,30 Ratings,"Sociati Road Gandhi Bazaar, Hassan",,,Overseas Placement,false,true,false,false,true,Placement Services Candidate,Hassan,2025-05-26T12:49:17.040Z
Mr Dileep,<,4.5,16 Ratings,"Arus Road Vidya Nagar Hassan, Hassan",,,Overseas Placement,true,true,false,false,true,Placement Services Candidate,Hassan,2025-05-26T12:49:17.040Z
Jeshtah Talent Solution,J,4.1,17 Ratings,"RC Road Race Course Road Hassan, Hassan",,,Interview Room; Offers Training Program; Online Aptitude Tests,true,true,false,false,false,Placement Services Candidate,Hassan,2025-05-26T12:49:17.040Z
Jast Consultants,J,4.7,8 Ratings,"Race Course Road Rangoli Halla, Hassan",,,Placement Services (Candidate),true,true,false,false,true,Placement Services Candidate,Hassan,2025-05-26T12:49:17.040Z
Ideal Groups,I,4.3,8 Ratings,"Hassan Road Arsikere, Hassan",,,Placement Services (Candidate); Placement Services For Marketing Executive (Candidate),true,true,false,false,true,Placement Services Candidate,Hassan,2025-05-26T12:49:17.040Z
Aspex Solutions,A,4.4,7 Ratings,"MG Road Hassan, Hassan",,,Interview Room; Overseas Placement,true,true,false,false,true,Placement Services Candidate,Hassan,2025-05-26T12:49:17.040Z
Disha Group,+,3.4,9 Ratings,"Ring Road Rangoli Halla, Hassan",,,Online Placement,true,true,false,false,false,Placement Services Candidate,Hassan,2025-05-26T12:49:17.040Z
Stier Consultancy Solution,S,4.2,7 Ratings,"Harali Katte Raod Salagame Road, Hassan",,,Education Consultants For MBA; Placement Services (Candidate),true,true,false,false,true,Placement Services Candidate,Hassan,2025-05-26T12:49:17.040Z
S K Security and Man Power Supply,S,3.5,8 Ratings,"Main Kuvempu Nagar Kuvempu Nagar, Hassan",,,Placement Services (Candidate); Placement Services For Security Staff (Candidate),true,true,false,false,false,Placement Services Candidate,Hassan,2025-05-26T12:49:17.040Z
Byrava Manpower Service,+,4.9,5 Ratings,"R C Road Rangoli Halla, Hassan",,,Manpower Suppliers; Placement Services (Candidate),true,true,false,false,true,Placement Services Candidate,Hassan,2025-05-26T12:49:17.040Z
Sri Manjunatha Internet Center,+,3.8,5 Ratings,"Arsikere, Hassan",,,Placement Services (Candidate),true,true,false,false,false,Placement Services Candidate,Hassan,2025-05-26T12:49:17.040Z
PROFESSIONL INFOTECH,P,3.6,5 Ratings,"Hassan City, Hassan",,,Manpower Suppliers For Packers And Movers Industry; Placement Services (Candidate),true,true,false,false,false,Placement Services Candidate,Hassan,2025-05-26T12:49:17.040Z
Vishwagnani Enterprises,+,4.8,3 Ratings,"Lakshmi Complex Channarayapatna, Hassan",,,Placement Services (Candidate); Data Entry Job Works,true,true,false,false,true,Placement Services Candidate,Hassan,2025-05-26T12:49:17.040Z
Sri Lalitha Enterprises,+,3.5,4 Ratings,"Main Road Kr Puram Hassan, Hassan",,,Placement Services (Candidate),true,true,false,false,false,Placement Services Candidate,Hassan,2025-05-26T12:49:17.041Z
Sri Lalitha Enterprises,+,3.5,4 Ratings,"Krishnaraja Pura, Hassan",,,Placement Services (Candidate),true,true,false,false,false,Placement Services Candidate,Hassan,2025-05-26T12:49:17.041Z
Shudyoga Consultancy,+,3.6,3 Ratings,"Kr Puram Hassan, Hassan",,,Placement Services (Candidate); Placement Services For Driver (Candidate),true,true,false,false,false,Placement Services Candidate,Hassan,2025-05-26T12:49:17.041Z
SK Enterprises,S,5.0,2 Ratings,"1st Main Road Kuvempu Nagar, Hassan",,,Placement Services (Candidate); Placement Services For Security Staff (Candidate),true,true,false,false,true,Placement Services Candidate,Hassan,2025-05-26T12:49:17.041Z
Global Job Training & Placement,G,4.0,2 Ratings,"Rc Road, Hassan",,,Placement Services (Candidate),true,true,false,false,false,Placement Services Candidate,Hassan,2025-05-26T12:49:17.041Z
Rational Destination Pvt Ltd,R,3.8,2 Ratings,"ST JOSEPH SCHOOL ROAD, Hassan",,,Overseas Placement,true,true,false,false,true,Placement Services Candidate,Hassan,2025-05-26T12:49:17.041Z
Aspex Consultancy Services,A,3.5,2 Ratings,"Mg Road Hassan City, Hassan",,,Placement Services (Candidate); Placement Services For Construction Company (Candidate),true,true,false,false,false,Placement Services Candidate,Hassan,2025-05-26T12:49:17.041Z
Integrated Global Services,I,5.0,1 Rating,"1st Floor Hassan Ho, Hassan",,,Placement Services (Candidate),true,true,false,false,true,Placement Services Candidate,Hassan,2025-05-26T12:49:17.041Z
Itm Direct Sales Marketing,I,5.0,1 Rating,"Area Hassan Settihalli, Hassan",,,Placement Services (Candidate); Placement Services (For Employers),true,true,false,false,true,Placement Services Candidate,Hassan,2025-05-26T12:49:17.041Z
Soft Tech Goal Pvt Ltd,S,3.0,1 Rating,"BH Road Kr Extn Tiptur, Tumkur",,,Placement Services (Candidate); Placement Services For Night Shift (Candidate),true,true,false,false,false,Placement Services Candidate,Hassan,2025-05-26T12:49:17.041Z
BRIGHT JOBS INDIA,B,3.0,2 Ratings,"INTICY BUILDING Chikmagalur HO, Chikmagalur",,,Placement Services (Candidate); Placement Services (For Employers),true,true,false,false,false,Placement Services Candidate,Hassan,2025-05-26T12:49:17.041Z
Eventa Placements Service,E,4.3,3 Ratings,"Banglore to Tumkur Road Tiptur, Tumkur",,,Overseas Placement,true,true,false,false,true,Placement Services Candidate,Hassan,2025-05-26T12:49:17.041Z
Dream's Creative Solution,+,3.6,8 Ratings,"Theater Road Adarsha Nagara, Chikmagalur",,,Placement Services (Candidate); Placement Services For Driver (Candidate),true,true,false,false,false,Placement Services Candidate,Hassan,2025-05-26T12:49:17.041Z
JC Group. Com,+,4.1,84 Ratings,"Chikmagalur District Office, Chikmagalur",,08296238351,Online Placement; Placement For Home Based Job; Online Earning,true,true,true,true,true,Placement Services Candidate,Hassan,2025-05-26T12:49:17.041Z
Aslam Enterprises,+,4.2,25 Ratings,"Shareef Street Chikmagalur HO, Chikmagalur",,,Audio/Visual Room Available; Interview Room; Offers Training Program,true,true,false,false,true,Placement Services Candidate,Hassan,2025-05-26T12:49:17.041Z
Dynamo Campus,D,3.6,6 Ratings,"Pura Vijayapuram Chikmagalur, Chikmagalur",,,Placement Services (Candidate),true,true,false,false,true,Placement Services Candidate,Hassan,2025-05-26T12:49:17.041Z
Vstaar Plus Life Style Pvt Ltd,+,4.3,260 Ratings,"Gowrikalve MG Road Chikmagalur, Chikmagalur",,,Placement Services (Candidate); Placement Services (For Employers),false,true,false,false,true,Placement Services Candidate,Hassan,2025-05-26T12:49:17.041Z
Adithya Communications,A,3.5,2 Ratings,"By Pass Road Kushalnagar, Coorg",,,Placement Services (Candidate); Manpower Suppliers,true,true,false,false,true,Placement Services Candidate,Hassan,2025-05-26T12:49:17.041Z
Ayodhya Associates,+,4.0,14 Ratings,"Madikeri Main Road Kushalnagar, Coorg",,,Security Services For Bank; Placement Services (Candidate),true,true,false,true,true,Placement Services Candidate,Hassan,2025-05-26T12:49:17.041Z
Evershine Placement Tours & Travels,E,4.0,1 Rating,"Road Mallandur Chikmagalur, Chikmagalur",,,Placement Services (Candidate),true,true,false,false,false,Placement Services Candidate,Hassan,2025-05-26T12:49:17.041Z
Velarto Placement,V,4.8,10 Ratings,"By Pass Road Kushalnagar, Coorg",,,Placement Services (Candidate); Placement Services (For Employers),false,true,false,false,true,Placement Services Candidate,Hassan,2025-05-26T12:49:17.041Z
Ideal Groups,I,3.3,8 Ratings,"Ideal Building G Chikmangalur, Chikmagalur",,,Placement Services (Candidate); Placement Services For Marketing Executive (Candidate),false,true,false,false,false,Placement Services Candidate,Hassan,2025-05-26T12:49:17.041Z
Dp Career Centre,+,4.9,24 Ratings,"Block Basaveshwara BLK, Mysore",,,Placement Services (Candidate); Placement Services For BPO (Candidate),true,true,false,false,true,Placement Services Candidate,Hassan,2025-05-26T12:49:17.041Z
Store Keeper,S,3.5,4 Ratings,"Market Road Madikeri, Coorg",,,Interview Room,true,true,false,false,false,Placement Services Candidate,Hassan,2025-05-26T12:49:17.041Z
Dream Jobs,D,4.8,3 Ratings,"New Extension Madikeri, Coorg",,,Placement Services (Candidate); Placement Services (For Employers),false,true,false,false,true,Placement Services Candidate,Hassan,2025-05-26T12:49:17.041Z
Speakindia Online Service Pvt Ltd,S,4.0,3 Ratings,"178/1 Aloka Road Yelwal, Mysore",,,Online Placement,false,true,false,false,false,Placement Services Candidate,Hassan,2025-05-26T12:49:17.042Z
Nandini Enterprises,N,3.0,1 Rating,"K R S Road Hootagalli, Mysore",,,Overseas Placement,true,true,false,false,false,Placement Services Candidate,Hassan,2025-05-26T12:49:17.042Z
Cornar Spone Services,+,5.0,1 Rating,"GROUP 3 Hootagalli, Mysore",,,Provides Recruitment Logistics,true,true,false,false,true,Placement Services Candidate,Hassan,2025-05-26T12:49:17.042Z
S R Enterprises,+,5.0,1 Rating,"Krs Road Hootagalli, Mysore",,,Placement Services (Candidate); Placement Services (For Employers),true,true,false,false,true,Placement Services Candidate,Hassan,2025-05-26T12:49:17.042Z
Itm Pvt Ltd,I,3.9,10 Ratings,"Infosys Road Hootagalli, Mysore",,,Placement Services (Candidate); Work From Home Jobs,false,true,false,false,false,Placement Services Candidate,Hassan,2025-05-26T12:49:17.042Z
Bioclinica,B,3.8,196 Ratings,"Area Hebbal Industrial Estate, Mysore",,,Placement Services (Candidate),false,true,false,false,false,Placement Services Candidate,Hassan,2025-05-26T12:49:17.042Z
Sln Management Facilities,+,3.6,8 Ratings,"Road Hebbal Industrial Estate, Mysore",,,Interview Room; Offline Aptitude Tests; Resume Building,true,true,false,false,false,Placement Services Candidate,Hassan,2025-05-26T12:49:17.042Z
Sri Male Mahadeshwara Enterprises,+,4.1,5 Ratings,"Abhishek Circle Hebbal, Mysore",,,Placement Services (Candidate); Placement Services For Driver (Candidate),true,true,false,false,true,Placement Services Candidate,Hassan,2025-05-26T12:49:17.042Z
Devaiah Hv,D,4.8,2 Ratings,"Mythadi Road Mythadi, Coorg",,,Placement Services (Candidate),false,true,false,false,true,Placement Services Candidate,Hassan,2025-05-26T12:49:17.042Z
Sourcein HR Services,S,4.9,37 Ratings,"Hunsur Main Road Hootagalli, Mysore",,,Placement Services (Candidate); Placement Services (For Employers),true,true,false,false,true,Placement Services Candidate,Hassan,2025-05-26T12:49:17.042Z
Amulya Solutions,A,3.8,11 Ratings,"Baburayanakoppal, Mandya",,,Placement Services (Candidate),true,true,false,false,true,Placement Services Candidate,Hassan,2025-05-26T12:49:17.042Z
Rakesh Drivers,R,4.6,42 Ratings,"CIPET COLLEGE ROAD Hebbal, Mysore",,,Placement Services (Candidate); Placement Services For Driver (Candidate),true,true,false,false,true,Placement Services Candidate,Hassan,2025-05-26T12:49:17.042Z
Rakesh Placements & Realtors,R,4.8,33 Ratings,"Cipet College Road Hebbal, Mysore",,,Placement Services (Candidate); Placement Services (For Employers),true,true,false,false,true,Placement Services Candidate,Hassan,2025-05-26T12:49:17.042Z
S R S labour service,S,5.0,1 Rating,"Manchegowdan Kopplu Hebbal, Mysore",,,Placement Services (Candidate); Placement Services For Part Time Job (Candidate),true,true,false,false,true,Placement Services Candidate,Hassan,2025-05-26T12:49:17.042Z
Adecco INDIA,+,3.5,22 Ratings,"Hebbal Main Road Metagalli, Mysore",,,Placement Services (Candidate); Placement Services (For Employers),false,true,false,false,false,Placement Services Candidate,Hassan,2025-05-26T12:49:17.042Z
Sri Durga Hr Solutions,S,5.0,2 Ratings,"Citb Choultry Main Road Hebbal, Mysore",,,Placement Services (Candidate); Placement Services For Part Time Job (Candidate),true,true,false,false,true,Placement Services Candidate,Hassan,2025-05-26T12:49:17.042Z
Sphatika Facility Services,S,4.4,5 Ratings,"20th A Main Road Hoysala Circle, Mysore",,,Placement Services (Candidate),true,true,false,false,true,Placement Services Candidate,Hassan,2025-05-26T12:49:17.042Z
S P Enterprises,+,5.0,2 Ratings,"Hebbal Main Road Hebbal, Mysore",,,Home Security Guard,true,true,false,false,true,Placement Services Candidate,Hassan,2025-05-26T12:49:17.042Z
Elite India Services,E,5.0,1 Rating,"Byraveshwara Nagar Hebbal, Mysore",,,Placement Services (Candidate); Placement Services For Driver (Candidate),true,true,false,false,true,Placement Services Candidate,Hassan,2025-05-26T12:49:17.042Z
Pride Hr Solutions,+,4.1,585 Ratings,"SBI Main Road Hebbal, Mysore",,,Placement Services (Candidate),true,true,false,false,true,Placement Services Candidate,Hassan,2025-05-26T12:49:17.042Z
Sunrise consultancy,S,4.8,5 Ratings,"Tank Road Vijaynagar I Stage, Mysore",,,Placement Services (Candidate); Manpower Consultants,true,true,false,false,true,Placement Services Candidate,Hassan,2025-05-26T12:49:17.042Z
hexagon talent advisors,+,5.0,7 Ratings,"Mysore 570017 Hinkal, Mysore",,,Placement Services (Candidate),true,true,false,false,true,Placement Services Candidate,Hassan,2025-05-26T12:49:17.042Z
Global rider solution,G,4.4,5 Ratings,"Main Road Srirangapatna, Srirangapatna",,,Placement Services (Candidate); Placement Services For Driver (Candidate),true,true,false,false,true,Placement Services Candidate,Hassan,2025-05-26T12:49:17.042Z
SRI Manjunatha Enterprises & Data Solutions,+,4.0,15 Ratings,"Lokanayakanagara, Mysore",,,Resume Building,true,true,false,false,true,Placement Services Candidate,Hassan,2025-05-26T12:49:17.042Z
S.M Data Solutions,S,4.4,34 Ratings,"Basavanagudi Hebbal, Mysore",,,,true,true,false,false,true,Placement Services Candidate,Hassan,2025-05-26T12:49:17.042Z
Seshadri Enterprises,S,4.5,1 Rating,"66 Road Hebbal, Mysore",,,Placement Services (Candidate); Placement Services (For Employers),true,true,false,false,true,Placement Services Candidate,Hassan,2025-05-26T12:49:17.043Z
Komal Enterprises,K,3.0,1 Rating,"Railway Layout Vijaynagar Mysore, Mysore",,,Placement Services (Candidate); Manpower Suppliers,true,true,false,false,false,Placement Services Candidate,Hassan,2025-05-26T12:49:17.043Z
Genius Staffing,G,3.0,1 Rating,"Hebbal Main Road Hebbal, Mysore",,,Placement Services (Candidate),false,true,false,false,false,Placement Services Candidate,Hassan,2025-05-26T12:49:17.043Z
Incubinc Consultancy,+,4.6,137 Ratings,"Hebbal Main Vijaynagar 2nd Stage, Mysore",,,Placement Services (Candidate); Placement Services For Construction Company (Candidate),true,true,false,false,true,Placement Services Candidate,Hassan,2025-05-26T12:49:17.043Z
Samrudi Care Pravid and Sufficient,S,3.1,5 Ratings,"No.9597 Vijaynagar 4th Stage, Mysore",,,Part Time Placement,true,true,false,false,false,Placement Services Candidate,Hassan,2025-05-26T12:49:17.043Z
Career Prime,C,4.3,2 Ratings,"Hebbal Industrial Area Metagalli, Mysore",,,Placement Services (Candidate),false,true,false,false,true,Placement Services Candidate,Hassan,2025-05-26T12:49:17.043Z
C M Jolly Service,C,3.6,11 Ratings,"B T Road Hinkal, Mysore",,,Placement Services (Candidate); Placement Services For Driver (Candidate),true,true,false,false,false,Placement Services Candidate,Hassan,2025-05-26T12:49:17.043Z
Pride Hr Solution,P,4.0,15 Ratings,"Floor Above Vijaynagar 2nd Stage, Mysore",,,Overseas Placement,true,true,false,false,true,Placement Services Candidate,Hassan,2025-05-26T12:49:17.043Z
Sri Cauvery Enterprises,S,3.5,2 Ratings,"Mahadeshwara Badavane Layout, Mysore",,,Placement Services (Candidate); Labour Contractors,true,true,false,false,false,Placement Services Candidate,Hassan,2025-05-26T12:49:17.043Z
Iriss,I,4.5,4 Ratings,"No. 105 Vijaynagar 4th Stage, Mysore",,,Overseas Placement,true,true,false,false,true,Placement Services Candidate,Hassan,2025-05-26T12:49:17.043Z
Vethali Manpower & Allied Services,V,3.7,3 Ratings,"No 7795 Vijaynagar 4th Stage, Mysore",,,Placement Services (Candidate); Placement Services For Construction Company (Candidate),true,true,false,false,false,Placement Services Candidate,Hassan,2025-05-26T12:49:17.043Z
VVCE Training and Placement,V,4.5,9 Ratings,"3rd Stage Gokulam, Mysore",,,Placement Services (Candidate),false,true,false,false,true,Placement Services Candidate,Hassan,2025-05-26T12:49:17.043Z
J C Tech,J,4.5,2 Ratings,"Krs Rd Metagalli, Mysore",,,Placement Services (Candidate); Placement Services (For Employers),false,true,false,false,true,Placement Services Candidate,Hassan,2025-05-26T12:49:17.043Z
Rasika Consultancy And Academy,R,4.1,13 Ratings,"Mahadeshwara Badavane Layout, Mysore",,,Overseas Placement,false,true,false,true,true,Placement Services Candidate,Hassan,2025-05-26T12:49:17.043Z
Vidyavardhaka Industrial Training Centre,V,3.8,2 Ratings,"3rd Stage Gokulam, Mysore",,,Placement Services (Candidate); Placement Services For Part Time Job (Candidate),false,true,false,false,false,Placement Services Candidate,Hassan,2025-05-26T12:49:17.043Z
Vssr Consulting,V,4.3,79 Ratings,"12th Main Road Vijaynagar Mysore, Mysore",,,Placement Services (Candidate),true,true,false,false,true,Placement Services Candidate,Hassan,2025-05-26T12:49:17.043Z
Professional Consultants,P,3.5,1 Rating,"No.266/A Brindavan Extension, Mysore",,,Placement Services (Candidate); Placement Services (For Employers),false,true,false,false,false,Placement Services Candidate,Hassan,2025-05-26T12:49:17.043Z
Pinhopes,P,4.2,5 Ratings,"2nd Main Road Hinkal, Mysore",,,Placement Services (Candidate),true,true,false,false,true,Placement Services Candidate,Hassan,2025-05-26T12:49:17.043Z
Dimension Properties,D,3.0,2 Ratings,"Contour Road Gokulam, Mysore",,,Placement Services (Candidate),true,true,false,false,false,Placement Services Candidate,Hassan,2025-05-26T12:49:17.043Z
Careerprime Campus Recruitment Solutions,+,4.6,634 Ratings,"New 80 Feet Road Bogadi, Mysore",,,Provides Recruitment Logistics,true,true,false,false,true,Placement Services Candidate,Hassan,2025-05-26T12:49:17.043Z
MA Foi Management Consultants Ltd,M,3.7,25 Ratings,"Kalidasa Road Jayalakshmipuram, Mysore",,,Placement Services (Candidate); Placement Services (For Employers),false,true,false,false,false,Placement Services Candidate,Hassan,2025-05-26T12:49:17.043Z
Gnosis Institution,+,5.0,2 Ratings,"1st Main Road Gokulam 2nd Stage, Mysore",,,Placement Services (Candidate); Placement Services For Driver (Candidate),true,true,false,false,true,Placement Services Candidate,Hassan,2025-05-26T12:49:17.043Z
Amora Costa Education And Consultant,A,4.3,3 Ratings,"2nd Main Road Jayalakshmipuram, Mysore",,,Placement Services (Candidate),false,true,false,false,false,Placement Services Candidate,Hassan,2025-05-26T12:49:17.043Z
Ultismart Infotech LLP,+,4.6,475 Ratings,"Main Road Jayalakshmipuram, Mysore",,,Placement Services (Candidate); Manpower Suppliers,true,true,false,false,true,Placement Services Candidate,Hassan,2025-05-26T12:49:17.043Z
Ng Tec,N,3.5,2 Ratings,"3rd Main Road Vv Mohalla, Mysore",,,Placement Services (Candidate),false,true,false,false,false,Placement Services Candidate,Hassan,2025-05-26T12:49:17.043Z
Coorg S2 Group,C,3.5,11 Ratings,"1st Cross Yadavagiri, Mysore",,,Overseas Placement,true,true,false,false,false,Placement Services Candidate,Hassan,2025-05-26T12:49:17.043Z
Sharada Vision Gurukula Academy,S,4.0,1 Rating,"Vv Mohalla, Mysore",,,Overseas Placement,true,true,false,false,false,Placement Services Candidate,Hassan,2025-05-26T12:49:17.043Z
N G Staffing,N,3.5,43 Ratings,"3rd Main Vv Mohalla, Mysore",,,Staffing Solutions,true,true,false,false,false,Placement Services Candidate,Hassan,2025-05-26T12:49:17.043Z
Amcat - Freshers Jobs,A,3.6,6 Ratings,"Jayalakshmipuram, Mysore",,,Placement Services (Candidate); Placement Services (For Employers),false,true,false,false,false,Placement Services Candidate,Hassan,2025-05-26T12:49:17.043Z
Activ - I Pest Solution,<,4.9,12 Ratings,"Hotel Road Kr Puram Hassan, Hassan",,08511369503,Pest Control Services; Pest Control Services For Honey Bees,true,true,false,false,true,Trusted Pest Control Services,Hassan,2025-05-26T12:50:35.845Z
Anu Pest Control,<,4.9,23 Ratings,"Bus Bus Stand Road Hassan, Hassan",,07041546598,,true,true,false,false,true,Trusted Pest Control Services,Hassan,2025-05-26T12:50:35.846Z
Blue Line Pest Control Hassan,<,4.9,101 Ratings,"Channapatna Extension, Hassan",,09980255775,Pest Control Services For Snakes; Pest Control Services,true,true,false,false,true,Trusted Pest Control Services,Hassan,2025-05-26T12:50:35.846Z
S S Marketing,<,4.4,22 Ratings,"80feet Pension Mohalla, Hassan",,09972233663,Aluminium Sliding Door Dealers,true,true,true,true,true,Trusted Pest Control Services,Hassan,2025-05-26T12:50:35.846Z
Pqgs Solutions Opc Pvt Ltd,<,4.2,13 Ratings,"Kacharakana Halli Hbr Layout, Bangalore",,09035175226,24 Hours,true,true,false,true,true,Trusted Pest Control Services,Hassan,2025-05-26T12:50:35.846Z
Transparent Pest Control,<,4.6,55 Ratings,"Sanmarg Nagar Airport Road Hubli, Hubli",,08401209692,24 Hours,true,true,false,true,true,Trusted Pest Control Services,Hassan,2025-05-26T12:50:35.846Z
Southland Group Of Companies,<,4.2,115 Ratings,"PAPPANAICKENPALAYAM Gandhipuram, Coimbatore",,07022607720,Waterproofing; Wall Tiles,true,true,true,true,true,Trusted Pest Control Services,Hassan,2025-05-26T12:50:35.847Z
Misckin Pest Management Co,<,4.8,177 Ratings,"Gunj Road Gunj Road Raichur, Raichur",,08460536134,Commercial Pest Control Services; Waterproofing Contractors,true,true,false,true,true,Trusted Pest Control Services,Hassan,2025-05-26T12:50:35.847Z
Fumigation Services Pvt Ltd,<,4.3,122 Ratings,"Buddu Street Parrys, Chennai",,08460425863,Residential Pest Control Services; Pest Control Services,true,true,false,false,true,Trusted Pest Control Services,Hassan,2025-05-26T12:50:35.847Z
Ingle Pest Control,<,4.1,45 Ratings,"Jain Colony Ekta Nagar Karond, Bhopal",,08401133470,,true,true,false,true,true,Trusted Pest Control Services,Hassan,2025-05-26T12:50:35.847Z
Total Solution & Pest Control Service,+,4.8,"1,087 Ratings","M G Road Bhawar Kuan, Indore",,08511358979,24 Hours,true,true,false,true,true,Trusted Pest Control Services,Hassan,2025-05-26T12:50:35.847Z
Active Pest Control,A,4.5,8 Ratings,"Prakash Nagar Krishna Nagar, Mathura",,08401673962,Fumigant Wholesalers; Pest Control Services,true,true,false,false,true,Trusted Pest Control Services,Hassan,2025-05-26T12:50:35.847Z
City Clap,+,4.0,647 Ratings,"Main Road Namkum, Ranchi",,,,true,true,true,true,true,Trusted Pest Control Services,Hassan,2025-05-26T12:50:35.847Z
Vu Care Services,V,5.0,3 Ratings,"Mallandur Road Mallandur Road, Chikmagalur",,08460241526,24 Hours,true,true,false,false,true,Trusted Pest Control Services,Hassan,2025-05-26T12:50:35.847Z
Assured Herbal Pest Control Services,A,4.9,8 Ratings,"No 344 Lyice Villa Kushalnagar, Coorg",,,Commercial Pest Control Services; Cleaning Services,true,true,false,true,true,Trusted Pest Control Services,Hassan,2025-05-26T12:50:35.847Z
Nisarga Enterprises,N,5.0,1 Rating,"Coorg Madikeri, Coorg",,08460421273,Pest Control Services; Residential Pest Control Services,true,true,false,true,true,Trusted Pest Control Services,Hassan,2025-05-26T12:50:35.847Z
Sai Herbal Pest Control Services (Since 1994),+,4.3,6 Ratings,"Railway Layout Vijaynagar Mysore, Mysore",,,24 Hours,true,true,false,false,true,Trusted Pest Control Services,Hassan,2025-05-26T12:50:35.848Z
Indoor Pest Control,+,4.9,69 Ratings,"Cross Hebbal, Mysore",,,Pest Control Services; Residential Pest Control Services,true,true,false,false,true,Trusted Pest Control Services,Hassan,2025-05-26T12:50:35.848Z
Assured Services - Herbal Pest Control Service,+,4.7,178 Ratings,"8th Main Vijaynagar 1st Stage, Mysore",,,Commercial Pest Control Services; Pest Control Services,true,true,false,true,true,Trusted Pest Control Services,Hassan,2025-05-26T12:50:35.848Z
Sign In Services,S,4.1,4 Ratings,"13th Cross Gokulam 2nd Stage, Mysore",,08511519716,24 Hours,true,true,false,true,true,Trusted Pest Control Services,Hassan,2025-05-26T12:50:35.848Z
I Care Pest Control,+,4.1,69 Ratings,"Urs Road Saraswathipuram, Mysore",,08460249789,Commercial Pest Control Services; Pest Control Services,true,true,false,true,true,Trusted Pest Control Services,Hassan,2025-05-26T12:50:35.848Z
Raghavendra Pest Control Services,+,4.5,41 Ratings,"Raghavendra Mutt N S Road, Mysore",,08511155349,Pre Construction Pest Control Services; Pest Control Services,true,true,false,true,true,Trusted Pest Control Services,Hassan,2025-05-26T12:50:35.848Z
Heritage Pest Solutions,+,4.7,29 Ratings,"Main Road Lashkar Mohalla, Mysore",,06366959768,Commercial Pest Control Services; Pest Control Services,true,true,false,false,true,Trusted Pest Control Services,Hassan,2025-05-26T12:50:35.848Z
Raghavendra Pest Control Services,+,4.5,12 Ratings,"Road Narayan Shastri Road, Mysore",,08511136285,Commercial Pest Control Services; Pest Control Services,true,true,true,true,true,Trusted Pest Control Services,Hassan,2025-05-26T12:50:35.848Z
Maruthi Pest Control Service,+,4.5,14 Ratings,"100 Fit Road Kr Mohalla, Mysore",,09972944299,24 Hours,true,true,false,false,true,Trusted Pest Control Services,Hassan,2025-05-26T12:50:35.848Z
Protech Pest Control Services,+,4.7,181 Ratings,"Milk Centre Road Vidyaranyapuram, Mysore",,08904938970,,true,true,false,true,true,Trusted Pest Control Services,Hassan,2025-05-26T12:50:35.848Z
Pest Control Services Hindustan,+,4.3,15 Ratings,"D Subbaih Road Chamaraja Mohalla, Mysore",,08511325849,24 Hours,true,true,false,false,true,Trusted Pest Control Services,Hassan,2025-05-26T12:50:35.848Z
Activ-i Pest Solutions,+,4.9,36 Ratings,"Cross Road Krishnamurthy Puram, Mysore",,08511908190,24 Hours,true,true,false,false,true,Trusted Pest Control Services,Hassan,2025-05-26T12:50:35.849Z
Hygiene Pest Control,+,4.9,247 Ratings,"Devmani Agrahara Agrahara, Mysore",,08511315773,Commercial Pest Control Services; Pest Control Services,true,true,true,true,true,Trusted Pest Control Services,Hassan,2025-05-26T12:50:35.849Z
Kiran Pest Control,K,5.0,2 Ratings,"Saptagiri BSK Bangalore, Mysore",,,24 Hours,true,true,false,false,true,Trusted Pest Control Services,Hassan,2025-05-26T12:50:35.849Z
Yashas Pest Control and Allied Service Private Limited,Y,3.5,2 Ratings,"6th Cross Vidyaranyapuram, Mysore",,09035079085,Pest Control Services; Residential Pest Control Services,true,true,false,false,false,Trusted Pest Control Services,Hassan,2025-05-26T12:50:35.849Z
Green INDIA Herbal Pest Control,+,4.6,14 Ratings,"Siddhartha Layout, Mysore",,,Commercial Pest Control Services; Pest Control Services,true,true,false,false,true,Trusted Pest Control Services,Hassan,2025-05-26T12:50:35.849Z
Kiran Enterprises Pest Control Services,+,4.7,14 Ratings,"10th Cross Road Jp Nagar, Mysore",,,24 Hours,true,true,false,false,true,Trusted Pest Control Services,Hassan,2025-05-26T12:50:35.849Z
I Care Pest Control,I,5.0,1 Rating,"Station Road Ashok Nagar Mandya, Mandya",,08460497605,24 Hours,true,true,false,false,true,Trusted Pest Control Services,Hassan,2025-05-26T12:50:35.849Z
R K Pest Control Services,+,4.5,25 Ratings,"Tumkur Mallasandra, Tumkur",,08511751087,24 Hours,true,true,false,true,true,Trusted Pest Control Services,Hassan,2025-05-26T12:50:35.849Z
Prahara Services,+,3.0,27 Ratings,"Municipal Layout SS Puram, Tumkur",,07383804131,Pest Control Services; Water Tank Cleaning Services,true,true,false,false,false,Trusted Pest Control Services,Hassan,2025-05-26T12:50:35.850Z
Global Pest Solutions,G,3.2,13 Ratings,"1st A Main Sira Road Tumkur, Tumkur",,07383806919,Pest Control Services; Residential Pest Control Services,true,true,false,true,false,Trusted Pest Control Services,Hassan,2025-05-26T12:50:35.850Z
Gominee Pest Management Services,+,4.9,46 Ratings,"Nelalal Post Vasanthanarasapura, Tumkur",,09972907978,Quick Visit; 24 Hours,true,true,true,true,true,Trusted Pest Control Services,Hassan,2025-05-26T12:50:35.850Z
V Care Solutions,+,3.9,64 Ratings,"SIT Main Road Sit Campus, Tumkur",,07383811061,Commercial Pest Control Services; Pest Control Services,true,true,false,false,false,Trusted Pest Control Services,Hassan,2025-05-26T12:50:35.850Z
Pescon Pest Control Services,+,4.6,54 Ratings,"Jail Road Jail Road Shimoga, Shimoga",,09054067532,Commercial Pest Control Services; Residential Pest Control Services,true,true,true,true,true,Trusted Pest Control Services,Hassan,2025-05-26T12:50:35.850Z
Expert Pest Control Service,+,5.0,14 Ratings,"Shivamogga Basavana Ganguru, Shimoga",,08147930534,Pest Control Services For Snakes; Residential Pest Control Services,true,true,false,false,true,Trusted Pest Control Services,Hassan,2025-05-26T12:50:35.850Z
ARCHAKARAHALLI SHIVARUDRAIAH MAHESH,A,5.0,7 Ratings,"Archakarahalli Ijoor, Ramanagara",,,Pest Control Services,true,true,false,false,true,Trusted Pest Control Services,Hassan,2025-05-26T12:50:35.850Z
Ash Pest Control,A,4.5,1 Rating,"Main Road Vidyanagar, Kasaragod",,08460434225,24 Hours,true,true,false,false,true,Trusted Pest Control Services,Hassan,2025-05-26T12:50:35.850Z
United Pest Control,U,5.0,1 Rating,"Kasargode, Kasaragod",,,Pest Control Services For Wall; Pest Control Services,true,true,false,false,true,Trusted Pest Control Services,Hassan,2025-05-26T12:50:35.850Z
Vr Pest Control Services Pvt Ltd,+,4.7,33 Ratings,"MG Road Karandakkad, Kasaragod",,09731664191,Pest Control Services; Pest Control Services-Godrej,true,true,false,false,true,Trusted Pest Control Services,Hassan,2025-05-26T12:50:35.850Z
Rapidcare Pest Solution Pvt Ltd,R,4.9,8 Ratings,"Kumbla Bus Stand Kumbla, Kasaragod",,09724947063,Pest Control Services For Rodents; Pest Control Services,true,true,false,false,true,Trusted Pest Control Services,Hassan,2025-05-26T12:50:35.850Z
Total Pest Control Mangalore,+,4.8,207 Ratings,"Alfa Center Kankanady, Mangalore",,07411564798,24 Hours,true,true,false,true,true,Trusted Pest Control Services,Hassan,2025-05-26T12:50:35.850Z
Universal Pest Control and Water Tank Cleaning,+,4.8,37 Ratings,"Kankanady, Mangalore",,08511926123,Residential Cleaning Services; Pest Control Services,true,true,true,true,true,Trusted Pest Control Services,Hassan,2025-05-26T12:50:35.850Z
Rapidcare Pest Solution Pvt Ltd,R,5.0,3 Ratings,"Abc Line Kadri, Mangalore",,,Pest Control Services; Residential Pest Control Services,true,true,false,false,true,Trusted Pest Control Services,Hassan,2025-05-26T12:50:35.850Z
M S House Keeping,+,4.6,73 Ratings,"Falnir Road Falnir, Mangalore",,08511323208,Housekeeping Services For Commercial; Security Services,true,true,false,true,true,Trusted Pest Control Services,Hassan,2025-05-26T12:50:35.850Z
Ash Pest Control,+,4.7,64 Ratings,"N.G Road Attavara Attavar, Mangalore",,08511629260,Commercial Pest Control Services; Pest Control Services,true,true,false,true,true,Trusted Pest Control Services,Hassan,2025-05-26T12:50:35.850Z
Chinmayee Enterprises,+,4.9,139 Ratings,"Maidan Road Hampankatta, Mangalore",,,Commercial Pest Control Services; Pest Control Services,true,true,false,true,true,Trusted Pest Control Services,Hassan,2025-05-26T12:50:35.851Z
Kudla Pest Control,+,3.4,5 Ratings,"Balmatta Road Hampankatta, Mangalore",,08511769217,Pest Control Services; Residential Pest Control Services,true,true,false,false,false,Trusted Pest Control Services,Hassan,2025-05-26T12:50:35.851Z
Vishal Pest Control,+,4.3,8 Ratings,"PVS Circle M G Road, Mangalore",,,Commercial Pest Control Services; Pest Control Services,true,true,false,false,true,Trusted Pest Control Services,Hassan,2025-05-26T12:50:35.851Z
Pml Pestman Pvt Ltd,+,4.6,12 Ratings,"Nellikai Road Nellikai Road, Mangalore",,08511917948,On Site Services; 24 Hours,true,true,false,true,true,Trusted Pest Control Services,Hassan,2025-05-26T12:50:35.851Z
CMP Pest Control Services,+,4.3,11 Ratings,"Babasabarapalya Kengeri, Bangalore",,,Commercial Pest Control Services; Pest Control Services,true,true,false,false,true,Trusted Pest Control Services,Hassan,2025-05-26T12:50:35.851Z
Prateeksha Pest Management,P,4.3,9 Ratings,"Balkunje Post Mulky, Mangalore",,08511704459,Commercial Pest Control Services; Pest Control Services,true,true,false,false,true,Trusted Pest Control Services,Hassan,2025-05-26T12:50:35.851Z
Sai Suchith Pest Control,+,5.0,6 Ratings,"2nd Cross Nelamangala, Bangalore",,08511749631,Residential Pest Control Services; Pest Control Services,true,true,false,true,false,Trusted Pest Control Services,Hassan,2025-05-26T12:50:35.851Z
ASHWA SOLUTIONS (PEST CONTROL),+,4.0,5 Ratings,"Lakshmisagara Bidadi, Bangalore",,,24 Hours,true,true,false,false,false,Trusted Pest Control Services,Hassan,2025-05-26T12:50:35.851Z
Rentokil PCI,+,4.8,382 Ratings,"3rd Stage Hejjala, Bangalore",,,Pest Control Services; Residential Pest Control Services,true,true,false,false,true,Trusted Pest Control Services,Hassan,2025-05-26T12:50:35.851Z
Star Globe Services,+,4.7,23 Ratings,"Dasharth Nagar 9th Cross Manipal, Manipal",,08147535915,Cleaning Services; Pest Control Services,true,true,false,false,true,Trusted Pest Control Services,Hassan,2025-05-26T12:50:35.851Z
United Pest Control,U,3.9,4 Ratings,"Talap, Kannur",,08460443681,Pest Control Services; Residential Pest Control Services,true,true,false,true,false,Trusted Pest Control Services,Hassan,2025-05-26T12:50:35.851Z
Whatyouwant Service,+,3.4,149 Ratings,"Main Road Ananth Nagar, Manipal",,08401986217,Electricians; Carpenters,true,true,false,true,false,Trusted Pest Control Services,Hassan,2025-05-26T12:50:35.851Z
Central Pest Control,+,3.9,29 Ratings,"Syndicate Circle Manipal, Manipal",,,Pest Control Services; Residential Pest Control Services,true,true,false,true,false,Trusted Pest Control Services,Hassan,2025-05-26T12:50:35.851Z
Pestend International,P,4.1,15 Ratings,"Kannur City, Kannur",,08488959057,24 Hours,true,true,false,true,true,Trusted Pest Control Services,Hassan,2025-05-26T12:50:35.851Z
Blue Falcon Pest Control Service,B,4.7,3 Ratings,"Kannur South Kannur South, Kannur",,09724914038,Pest Control Services; Residential Pest Control Services,true,true,false,true,true,Trusted Pest Control Services,Hassan,2025-05-26T12:50:35.851Z
Gominee Pest Management Services,+,4.5,37 Ratings,"Ashrivada Layout Madanayakahalli, Bangalore",,08460242698,Quick Visit; 24 Hours,true,true,true,true,true,Trusted Pest Control Services,Hassan,2025-05-26T12:50:35.851Z
HYGIEA PEST CONTROL AND CLEANING SOLUTIONS,+,5.0,3 Ratings,"Collectrate Cannanore, Kannur",,08867815370,24 Hours,true,true,false,true,true,Trusted Pest Control Services,Hassan,2025-05-26T12:50:35.851Z
Verminator,+,4.6,42 Ratings,"Onden Road Cannanore, Kannur",,,,true,true,false,false,true,Trusted Pest Control Services,Hassan,2025-05-26T12:50:35.851Z
Yashas Pest Control & Allied Service Pvt Ltd,+,4.3,8 Ratings,"Nagasandra, Bangalore",,07411812784,Pest Control Services; Residential Pest Control Services,true,true,false,false,true,Trusted Pest Control Services,Hassan,2025-05-26T12:50:35.852Z
Maruthi Pest Control,M,3.5,2 Ratings,"Tank Road 10th Cross Nagasandra, Bangalore",,08867892549,24 Hours,true,true,false,false,false,Trusted Pest Control Services,Hassan,2025-05-26T12:50:35.852Z
Sujith Pest Control and Sanitaizing Center,+,4.0,4 Ratings,"Main Road Kengeri Kengeri, Bangalore",,,Commercial Pest Control Services; Pest Control Services,true,true,false,false,true,Trusted Pest Control Services,Hassan,2025-05-26T12:50:35.852Z
Kwality Pest Control,K,5.0,1 Rating,"Magadi Road Bharat Nagar, Bangalore",,08147448313,Residential Pest Control Services; Pest Control Services,true,true,false,false,true,Trusted Pest Control Services,Hassan,2025-05-26T12:50:35.852Z
V-Care Solutions,+,4.9,8 Ratings,"Jnana Bharathi Gnanabharathi, Bangalore",,,Commercial Pest Control Services; Pest Control Services,true,true,false,false,true,Trusted Pest Control Services,Hassan,2025-05-26T12:50:35.852Z
Vanajakshi Facility Management,+,4.4,32 Ratings,"Convent Road Ajjarkad, Udupi",,07383437910,Crane Service Providers; Plant Nurseries,true,true,false,false,true,Trusted Pest Control Services,Hassan,2025-05-26T12:50:35.852Z
Biligiri Pest Control Services,B,4.3,6 Ratings,"Adi Udupi, Udupi",,08401941279,24 Hours,true,true,false,false,true,Trusted Pest Control Services,Hassan,2025-05-26T12:50:35.852Z
Shree Aishwarya Enterprises,+,5.0,3 Ratings,"Pipeline Road Sunkadakatte, Bangalore",,,Security Services; Housekeeping Services,true,true,false,true,true,Trusted Pest Control Services,Hassan,2025-05-26T12:50:35.852Z
Ashvith Pest Control Services,+,4.9,370 Ratings,"Kalsanka Road Ambagilu, Udupi",,08401758984,Commercial Pest Control Services; Pest Control Services,true,true,false,true,true,Trusted Pest Control Services,Hassan,2025-05-26T12:50:35.852Z
Surya Facility Services,S,3.8,29 Ratings,"Behind Dominoes Pizza Nagasandra, Bangalore",,08460196644,Commercial Pest Control Services; Pest Control Services,true,true,false,true,true,Trusted Pest Control Services,Hassan,2025-05-26T12:50:35.852Z
Global Pest Solutions,+,4.8,869 Ratings,"Nagarbhavi 2nd Stage, Bangalore",,07383690925,Residential Pest Control Services; Pest Control Services,true,true,false,false,true,Trusted Pest Control Services,Hassan,2025-05-26T12:50:35.852Z
Rcb Pest Control Service,+,4.3,7 Ratings,"Peenya Peenya 2nd Stage, Bangalore",,,,true,true,false,false,true,Trusted Pest Control Services,Hassan,2025-05-26T12:50:35.852Z
Ellammadevi Pest Control Services,+,3.5,13 Ratings,"Peenya-Rajagopal Nagar, Bangalore",,09980241193,Pest Control Services For Bed Bugs; Pest Control Services,true,true,false,true,false,Trusted Pest Control Services,Hassan,2025-05-26T12:50:35.852Z
Imperial Pest Control Services,+,4.9,353 Ratings,"NH - 66 Santhekatte, Udupi",,08460412289,24 Hours,true,true,true,true,true,Trusted Pest Control Services,Hassan,2025-05-26T12:50:35.852Z
Go Green Pest Control Services,+,4.7,16 Ratings,"Nagar Basaveshwara Nagar, Bangalore",,,Pest Control Services; Residential Pest Control Services,true,true,false,false,true,Trusted Pest Control Services,Hassan,2025-05-26T12:50:35.852Z
Ideal Pest Control,+,4.1,139 Ratings,"Layout Rajarajeshwari Nagar, Bangalore",,09980224007,24 Hours,true,true,false,true,true,Trusted Pest Control Services,Hassan,2025-05-26T12:50:35.852Z
Godrej I Care Pest Control Services,+,4.7,241 Ratings,"Main Road Rajarajeshwari Nagar, Bangalore",,,Pest Control Services; Residential Pest Control Services,true,true,false,false,true,Trusted Pest Control Services,Hassan,2025-05-26T12:50:35.852Z
Pleasant Pest Control,P,5.0,1 Rating,"Tata Silk Farm Circle Yediyur, Bangalore",,07947061202,Pest Control Services,true,true,false,false,true,Trusted Pest Control Services,Hassan,2025-05-26T12:50:35.852Z
Shrijaya Pest Control Services,+,5.0,3 Ratings,"Nagarbhavi Main Road Nagarbhavi, Bangalore",,,Pest Control Services,true,true,false,false,true,Trusted Pest Control Services,Hassan,2025-05-26T12:50:35.853Z
professional pest control services,p,4.3,53 Ratings,"Basaveshwara Nagar, Bangalore",,,Pest Control Services,true,true,false,false,true,Trusted Pest Control Services,Hassan,2025-05-26T12:50:35.853Z
NANDI HOME CARE,+,4.7,7 Ratings,"No 24. Off KPTCL Abbigere, Bangalore",,09054041441,Pest Control Services; Residential Pest Control Services,true,true,false,false,true,Trusted Pest Control Services,Hassan,2025-05-26T12:50:35.853Z
Srinidhi Pest Control,+,4.3,33 Ratings,"2nd Block Nandini Layout, Bangalore",,07411847911,Pest Control Services For Bed Bugs; Pest Control Services,true,true,false,true,true,Trusted Pest Control Services,Hassan,2025-05-26T12:50:35.853Z
Dailyday Pest Contral Service,+,5.0,76 Ratings,"Kurubarahalli Kurubarahalli, Bangalore",,08401838914,,true,true,false,false,true,Trusted Pest Control Services,Hassan,2025-05-26T12:50:35.853Z
Eco Pest Solutions,E,4.2,19 Ratings,"3rd Main Road Nandini Layout, Bangalore",,07041628394,Pest Control Services; Residential Pest Control Services,true,true,false,false,true,Trusted Pest Control Services,Hassan,2025-05-26T12:50:35.853Z
Godrej Pest Control,+,4.7,391 Ratings,"MC Layout Vijayanagar, Bangalore",,09980219665,Pest Control Services; Residential Pest Control Services,true,true,false,false,true,Trusted Pest Control Services,Hassan,2025-05-26T12:50:35.853Z
Professional Pest Control Services,+,4.9,256 Ratings,"2nd Main Banashankari 3rd Stage, Bangalore",,06366949203,24 Hours,true,true,false,false,true,Trusted Pest Control Services,Hassan,2025-05-26T12:50:35.853Z
Godrej Control,+,4.3,45 Ratings,"8th Main Basaveshwara Nagar, Bangalore",,,Pest Control Services; Residential Pest Control Services,true,true,false,false,true,Trusted Pest Control Services,Hassan,2025-05-26T12:50:35.853Z
Jk Cure N Care,+,4.4,27 Ratings,"5th Main Rpc Layout, Bangalore",,,Quick Visit; 24 Hours,true,true,false,false,true,Trusted Pest Control Services,Hassan,2025-05-26T12:50:35.853Z
Cwc Pest Control,C,4.5,2 Ratings,"Bangalore Nandini Layout, Bangalore",,08123858996,24 Hours,true,true,false,false,true,Trusted Pest Control Services,Hassan,2025-05-26T12:50:35.853Z
S L V Pest Control,S,4.6,5 Ratings,"POORNAPRAGNA LAYOUT Uttarahalli, Bangalore",,,Pest Control Services; Residential Pest Control Services,true,true,false,false,true,Trusted Pest Control Services,Hassan,2025-05-26T12:50:35.853Z
Intellipest,+,3.6,89 Ratings,"Hosahalli Kanakapura Road, Bangalore",,,Pest Control Services; Commercial Pest Control Services,true,true,false,false,false,Trusted Pest Control Services,Hassan,2025-05-26T12:50:35.853Z
HN Groups HN Homes Interiors Artful,<,4.6,30 Ratings,"Banglore Rural Thanniruhalla, Hassan",,09035031473,Upvc Door; 3D Painting,true,true,false,false,true,Painting Contractors,Hassan,2025-05-26T12:51:59.150Z
Maruthi Paints,<,4.8,533 Ratings,"Nehru Street Gandhi Bazaar, Hassan",,,Interior paint; Textured Paints,true,true,false,false,true,Painting Contractors,Hassan,2025-05-26T12:51:59.150Z
Sharath Traders,<,3.0,2 Ratings,"Grama Kasaba Hobble Alanahalli, Mysore",,09980767482,Textured Paints,true,true,false,false,true,Painting Contractors,Hassan,2025-05-26T12:51:59.150Z
Dhanalakshmi Infra,<,4.3,75 Ratings,"Bandihalli Tiptur, Tumkur",,08488081601,Plumbers; Hardware Shops,true,true,false,true,true,Painting Contractors,Hassan,2025-05-26T12:51:59.150Z
Logic Builders,<,5.0,13 Ratings,"Mahadeshwara Badavane Layout, Mysore",,09980764075,Residential; Building,true,true,true,true,true,Painting Contractors,Hassan,2025-05-26T12:51:59.151Z
Sri Sai Engineering Service,<,4.0,8 Ratings,"Mangalwarpeth, Hubli",,08401194263,Interior paint; Waterproofing,true,true,false,true,false,Painting Contractors,Hassan,2025-05-26T12:51:59.151Z
GNL Building Solutions Pvt Ltd,<,4.1,5 Ratings,"Rayanna Nagar Bhairidevarkoppa, Hubli",,,Waterproofing Chemical Dealers; Builders & Developers,true,true,false,true,true,Painting Contractors,Hassan,2025-05-26T12:51:59.151Z
Southland Group Of Companies,<,4.2,115 Ratings,"PAPPANAICKENPALAYAM Gandhipuram, Coimbatore",,07022607720,Waterproofing; Wall Tiles,true,true,true,true,true,Painting Contractors,Hassan,2025-05-26T12:51:59.151Z
Purnima Manpower Labour Supply Pvt Ltd,<,4.3,3 Ratings,"J Towers Road Ahmednagar Camp, Ahmednagar",,09035503270,Construction Contractors; Labour Contractors,true,true,false,false,true,Painting Contractors,Hassan,2025-05-26T12:51:59.151Z
Rediant Energy Industries,<,4.6,51 Ratings,"Parekh Marg Ladwadi Kalbadevi, Mumbai",,09725239663,Solar,true,true,false,true,true,Painting Contractors,Hassan,2025-05-26T12:51:59.151Z
Shree Decors,+,4.3,61 Ratings,"Gymkhana Road Dombivli East, Thane",,08511493514,Upvc Door; Bathroom Door Dealers; Apartment,true,true,false,true,true,Painting Contractors,Hassan,2025-05-26T12:51:59.151Z
Yesb Infratech Pvt Ltd,Y,4.2,11 Ratings,"- NH 48 Atak Pardi, Valsad",,09972267166,Building; Industrial,true,true,false,false,true,Painting Contractors,Hassan,2025-05-26T12:51:59.151Z
Pal Epoxy Flooring Seals And Services,+,4.9,33 Ratings,"Street Canal Road, Rajkot",,07795668595,Painting Contractors; Waterproofing Contractors,true,true,false,false,true,Painting Contractors,Hassan,2025-05-26T12:51:59.151Z
Shreenath Terrolock Waterproofing Pvt. Ltd,S,4.5,43 Ratings,"Sumel Business Park Saraspur, Ahmedabad",,,Waterproofing Contractors; Painting Contractors,true,true,false,true,true,Painting Contractors,Hassan,2025-05-26T12:51:59.151Z
Tanu Sales and Service,+,3.3,3 Ratings,"Maurya Market Fazullaganj, Lucknow",,07022427081,,true,true,false,false,true,Painting Contractors,Hassan,2025-05-26T12:51:59.152Z
Trilok Enterprises,+,4.1,375 Ratings,"3rd Road Sardarpura, Jodhpur",,,Cleaning; Exterior Paint; Company Authorised Dealer,true,true,false,true,true,Painting Contractors,Hassan,2025-05-26T12:51:59.152Z
City Clap,+,4.0,647 Ratings,"Main Road Namkum, Ranchi",,,,true,true,true,true,true,Painting Contractors,Hassan,2025-05-26T12:51:59.152Z
K R P Enterprises,+,4.5,9 Ratings,"Neemrana, Alwar",,08792062127,Textured Wall Painting; White Wash Painting,true,true,false,false,true,Painting Contractors,Hassan,2025-05-26T12:51:59.152Z
S R Manpower Labour Supplier,+,2.5,2 Ratings,"Road Berhampore Station Road, Berhampore-West Bengal",,09035018495,Marble Contractors; Civil Contractors,true,true,false,false,false,Painting Contractors,Hassan,2025-05-26T12:51:59.152Z
Drop Dream Interior,+,4.7,20 Ratings,"Office No 551 Vaishali Sector 1, Ghaziabad",,08123801500,Building,true,true,false,false,true,Painting Contractors,Hassan,2025-05-26T12:51:59.152Z
Right Key Construction,+,4.2,29 Ratings,"Sunhera Road Sunhera Road, Roorkee",,08401998194,,true,true,false,true,true,Painting Contractors,Hassan,2025-05-26T12:51:59.152Z
Expert Manpower Solution,+,3.9,27 Ratings,"Devnagar Kasumpti, Shimla",,08460549508,Construction Companies; Civil Contractors,true,true,false,false,false,Painting Contractors,Hassan,2025-05-26T12:51:59.152Z
Raa Techno Mechanical and Civil Work,+,4.8,4 Ratings,"M Hosakoppalu Bm Road, Hassan",,,,true,true,false,false,true,Painting Contractors,Hassan,2025-05-26T12:51:59.152Z
Avinash Stylist Painter,+,5.0,1 Rating,"RC Road, Hassan",,,Textured Paints; Textured Wall Painting,true,true,false,false,true,Painting Contractors,Hassan,2025-05-26T12:51:59.152Z
Sw Construction,+,3.7,3 Ratings,"Hilayi Nagara Pension Mohalla, Hassan",,,24 Hours Open,true,true,false,false,false,Painting Contractors,Hassan,2025-05-26T12:51:59.152Z
Vineeth Kothari Constructions,+,4.9,84 Ratings,"Chikkabasti Road Bm Road, Hassan",,,Building,true,true,false,false,true,Painting Contractors,Hassan,2025-05-26T12:51:59.152Z
Shekar Paints & Ceramics,+,4.2,268 Ratings,"Sumuka Complex Bm Road, Hassan",,,Textured Paints; Exterior Paint,true,true,false,false,true,Painting Contractors,Hassan,2025-05-26T12:51:59.153Z
Decor Hassan,+,4.9,146 Ratings,"Jayanagar Ring Road jaya nagar, Hassan",,,Waterproof; PVC; Same Day Delivery,true,true,false,false,true,Painting Contractors,Hassan,2025-05-26T12:51:59.153Z
Am Interior Designers,+,4.7,25 Ratings,"Industrial Area Hassan City, Hassan",,,Industrial,true,true,false,false,true,Painting Contractors,Hassan,2025-05-26T12:51:59.153Z
Harish Enterprises,H,4.8,9 Ratings,"Sakleshpur, Sakleshpur",,,Painting Contractors,false,true,false,false,false,Painting Contractors,Hassan,2025-05-26T12:51:59.153Z
S K Interior Wall,+,4.5,8 Ratings,"Karnataka Thanniruhalla, Hassan",,,Textured Wall Painting,true,true,false,false,false,Painting Contractors,Hassan,2025-05-26T12:51:59.153Z
Kowso Architects,K,4.4,8 Ratings,"Salagame Road Salagame Road, Hassan",,,Building,true,true,false,false,true,Painting Contractors,Hassan,2025-05-26T12:51:59.153Z
Sri Lakshmi Glass Plywood,+,4.9,6 Ratings,"Shop No 4 Channarayapatna, Hassan",,,Exterior Paint; Interior paint,true,true,false,false,true,Painting Contractors,Hassan,2025-05-26T12:51:59.153Z
Bairava Paints and Hardware,+,4.5,6 Ratings,"M G Road Ravindra Nagar Hassan, Hassan",,,Paint Dealers; Paint Dealers-Asian Paints,true,true,false,false,true,Painting Contractors,Hassan,2025-05-26T12:51:59.153Z
Vijayashakti Enterprises,+,3.7,7 Ratings,"Holenarsipura Road, Hassan",,,Wood Coatings; Plywood Door Dealers,true,true,false,true,false,Painting Contractors,Hassan,2025-05-26T12:51:59.153Z
M S Paints & Hardware,+,4.3,5 Ratings,"Sampige Road Dudda, Hassan",,,Interior paint; Textured Paints,true,true,false,false,true,Painting Contractors,Hassan,2025-05-26T12:51:59.153Z
M.K.S Painter,M,4.8,4 Ratings,"Rc Road Hassan City Market, Hassan",,,Textured Wall Painting,true,true,false,false,true,Painting Contractors,Hassan,2025-05-26T12:51:59.154Z
Inspire Designs & Constructions,+,5.0,3 Ratings,"60 Feet Road Vivekanagara, Hassan",,,Vastu Consultation,true,true,false,false,true,Painting Contractors,Hassan,2025-05-26T12:51:59.154Z
Nabha Associates,+,5.0,3 Ratings,"NB Channarayapatna, Hassan",,,Residential Builders; Construction Companies,true,true,false,false,false,Painting Contractors,Hassan,2025-05-26T12:51:59.154Z
Varna paint and hardware,+,4.8,3 Ratings,"B M Road Sakleshpur, Sakleshpur",,,Interior paint; Textured Wall Painting,true,true,false,false,true,Painting Contractors,Hassan,2025-05-26T12:51:59.154Z
A M Painters,A,3.5,4 Ratings,"Mirja Mohalla Hassan HO, Hassan",,,Painting Contractors; House Painters,true,true,false,false,false,Painting Contractors,Hassan,2025-05-26T12:51:59.154Z
Mr Jayanth Jayanth,+,5.0,2 Ratings,"Main Road Shravanabelagola, Shravanabelagola",,,Paint Manufacturers; Painting Contractors,true,true,false,false,false,Painting Contractors,Hassan,2025-05-26T12:51:59.154Z
Nawaz Enterprises,+,4.8,2 Ratings,"Hosline Road Hassan City, Hassan",,,Textured Wall Painting,true,true,false,false,true,Painting Contractors,Hassan,2025-05-26T12:51:59.154Z
Mallesh Painting Contractor,+,4.0,2 Ratings,"Arsikere Main Road Arsikere, Hassan",,,White Wash Painting,true,true,false,false,false,Painting Contractors,Hassan,2025-05-26T12:51:59.154Z
Racing Stars,+,4.0,2 Ratings,"Melkote Road Channarayapatna, Hassan",,,Textured Wall Painting; 3D Painting,true,true,false,false,false,Painting Contractors,Hassan,2025-05-26T12:51:59.155Z
BS Paint And Hardware,+,3.8,2 Ratings,"Tanniruhalla Bm Road, Hassan",,,Exterior Paint; Interior paint; Company Authorised Dealer,true,true,false,false,false,Painting Contractors,Hassan,2025-05-26T12:51:59.155Z
Shiva Paints,S,3.5,2 Ratings,"Holenarsipur, Hassan",,,White Wash Painting; Textured Wall Painting,true,true,false,false,false,Painting Contractors,Hassan,2025-05-26T12:51:59.155Z
Siddeshwara Water Proofing,S,3.3,2 Ratings,"Aralikatte Road Salagame Road, Hassan",,,Cement Based Waterproofing Contractors; Painting Contractors,false,true,false,false,false,Painting Contractors,Hassan,2025-05-26T12:51:59.155Z
Ramesh Paints,+,5.0,1 Rating,"Mysore Road Hassan Ho, Hassan",,,Imported,true,true,false,false,false,Painting Contractors,Hassan,2025-05-26T12:51:59.155Z
Adhya Interior and Exterior,+,5.0,1 Rating,"Ring Road Hassan City, Hassan",,,Textured Wall Painting,true,true,false,false,false,Painting Contractors,Hassan,2025-05-26T12:51:59.156Z
Sampada Interiors,S,5.0,1 Rating,"Channarayapatna, Hassan",,,Electricians; Plumbers,true,true,false,false,true,Painting Contractors,Hassan,2025-05-26T12:51:59.156Z
Vishwanath Paint Contractor,V,4.5,1 Rating,"Gorur Road Hassan Ho, Hassan",,,House Painters; Painting Contractors,true,true,false,false,false,Painting Contractors,Hassan,2025-05-26T12:51:59.156Z
Vinayaka Hardware And Traders,V,3.0,1 Rating,"Nuggihalli, Hassan",,,Interior paint,true,true,false,false,false,Painting Contractors,Hassan,2025-05-26T12:51:59.156Z
Prj Enterprises and Solution,+,4.7,38 Ratings,"Vv Road Somwarpet, Coorg",,07411790325,,true,true,false,false,true,Painting Contractors,Hassan,2025-05-26T12:51:59.156Z
Nasir Painting,N,5.0,1 Rating,"Nagar Adhishakthi Nagar, Chikmagalur",,,White Wash Painting; 3D Painting,true,true,false,false,true,Painting Contractors,Hassan,2025-05-26T12:51:59.156Z
Sri Kollapuradhamma Paints and Hardware,+,5.0,80 Ratings,"Kote Kere Belur Road Chikmagalur, Chikmagalur",,09845445624,Exterior Paint,true,true,false,true,true,Painting Contractors,Hassan,2025-05-26T12:51:59.157Z
HN Groups . HN Homes Interiors Artfull,+,4.9,9 Ratings,"Azeez Lane Chikmagalur HO, Chikmagalur",,08401430731,Building,true,true,false,true,true,Painting Contractors,Hassan,2025-05-26T12:51:59.157Z
Girish Painting Contractors,+,4.5,7 Ratings,"Belur Road Adarsha Nagara, Chikmagalur",,08460516012,3D Painting; Textured Wall Painting,true,true,false,true,true,Painting Contractors,Hassan,2025-05-26T12:51:59.157Z
Sri Honnalakshmi Ceramics And Hardware,+,5.0,2 Ratings,"K B Cross Tiptur, Tumkur",,,Flooring Tiles; Glossy Tiles,true,true,false,false,true,Painting Contractors,Hassan,2025-05-26T12:51:59.157Z
SHRI RANGA CONSTRUCTION,+,5.0,3 Ratings,"Chikmagalur District Office, Chikmagalur",,,Civil Contractors; Civil Engineers,true,true,false,false,false,Painting Contractors,Hassan,2025-05-26T12:51:59.157Z
Gangaarathi Designs and Constructions,+,5.0,2 Ratings,"Housing Board Km Road, Chikmagalur",,,Civil Contractors; Residential Builders,true,true,false,false,false,Painting Contractors,Hassan,2025-05-26T12:51:59.157Z
AB Enterprises,A,4.8,2 Ratings,"Sharadha Nagar Tiptur, Tumkur",,,Electricians; Pop Contractors,true,true,false,false,true,Painting Contractors,Hassan,2025-05-26T12:51:59.157Z
Sknb Total Ventures,+,4.2,5 Ratings,"Circle Jyothinagar Chikmagalur, Chikmagalur",,08147368390,Industrial; solar Panel Repair; Quick Visit,true,true,true,true,true,Painting Contractors,Hassan,2025-05-26T12:51:59.157Z
Mr. Painter and Decor,M,4.6,6 Ratings,"Sharif Street Chikmagalur Fort, Chikmagalur",,,Interior Designers; Interior Designers For Modular Kitchen,true,true,false,false,false,Painting Contractors,Hassan,2025-05-26T12:51:59.157Z
Mohammad Sharif Painting Contractor,+,5.0,4 Ratings,"Jyothi Naagr Chikmagalur Zp, Chikmagalur",,,Textured Wall Painting; 3D Painting,true,true,false,false,true,Painting Contractors,Hassan,2025-05-26T12:51:59.157Z
Kishore,K,3.7,4 Ratings,"Aldur Chikmagalur Chikmagalur HO, Chikmagalur",,,Textured Wall Painting; 3D Painting,true,true,false,false,false,Painting Contractors,Hassan,2025-05-26T12:51:59.157Z
Jairam Painting Contractor,J,4.9,5 Ratings,"Kalyana Nagar Adarsha Nagara, Chikmagalur",,07411597750,Painting Contractors For Building; House Painters,true,true,false,true,true,Painting Contractors,Hassan,2025-05-26T12:51:59.157Z
Sri Nimishamba Hardware,+,3.5,2 Ratings,"Road Halepalya, Tumkur",,08511754917,Exterior Paint; Interior paint,true,true,false,false,false,Painting Contractors,Hassan,2025-05-26T12:51:59.157Z
S R Construction,+,5.0,1 Rating,"Chikmagalur District Office, Chikmagalur",,08401978815,Industrial; Building,true,true,false,false,true,Painting Contractors,Hassan,2025-05-26T12:51:59.157Z
Lifease Home Services,L,4.8,3 Ratings,"Devanna Pai Layout Uppalli, Chikmagalur",,,24 Hours Open,true,true,false,false,true,Painting Contractors,Hassan,2025-05-26T12:51:59.158Z
G Painting Contractor,G,5.0,1 Rating,"Sowmvarpete  Circle Somwarpet, Coorg",,,Textured Paints; Wood Coatings,true,true,false,false,true,Painting Contractors,Hassan,2025-05-26T12:51:59.158Z
Sri Sapthagiri Constructions,+,4.9,18 Ratings,"Nagar Krishnarajapete, Mandya",,,Building; Online Appointments,true,true,false,false,true,Painting Contractors,Hassan,2025-05-26T12:51:59.158Z
Design 4 You Construction,+,4.5,4 Ratings,"Ph Road Bettadapura, Seegur",,,Construction Companies; Building Consultants,true,true,false,false,true,Painting Contractors,Hassan,2025-05-26T12:51:59.158Z
Imras Colour World,+,3.5,2 Ratings,"BM Road Kushalnagar, Coorg",,,Interior paint; Exterior Paint,true,true,false,false,false,Painting Contractors,Hassan,2025-05-26T12:51:59.158Z
Abdul Azeez,+,4.8,2 Ratings,"Avalli Road Aldur Chikmagalur, Chikmagalur",,,Textured Wall Painting,true,true,false,false,false,Painting Contractors,Hassan,2025-05-26T12:51:59.158Z
M G CREATION,+,5.0,2 Ratings,"Road Gummanakolli Kushalnagar, Coorg",,08460562904,Civil Contractors; Interior Designers,true,true,false,false,true,Painting Contractors,Hassan,2025-05-26T12:51:59.158Z
Sri Raghavendra Steel and Hardware,+,5.0,1 Rating,"BH Road 206 Kadur, Chikmagalur",,08401432900,Exterior Paint,true,true,false,false,true,Painting Contractors,Hassan,2025-05-26T12:51:59.158Z
Aishwarya Decorators,A,5.0,1 Rating,"Rytasakara Bhavana Kushalnagar, Coorg",,,Architects; Painting Contractors,true,true,false,false,false,Painting Contractors,Hassan,2025-05-26T12:51:59.158Z
The Land Mark Constructive Ideas,+,4.5,11 Ratings,"Somwart Pet Road Kushalnagar, Coorg",,08904613207,Residential; Industrial,true,true,false,false,true,Painting Contractors,Hassan,2025-05-26T12:51:59.158Z
Pars Traders & Consultants,P,3.8,14 Ratings,"Harangi Road Kushalnagar, Coorg",,,Earthmovers On Rent-JCB; Villas On Rent,true,true,false,false,false,Painting Contractors,Hassan,2025-05-26T12:51:59.158Z
Abid Painting Contractor Kushalnagar,+,4.6,7 Ratings,"Madapatna Kushalnagar, Coorg",,,Painting Contractors,true,true,false,false,false,Painting Contractors,Hassan,2025-05-26T12:51:59.158Z
S S Constructions,S,5.0,1 Rating,"Dhanimpet Kushalnagar, Coorg",,,Civil Contractors; Building Contractors,false,true,false,false,false,Painting Contractors,Hassan,2025-05-26T12:51:59.158Z
Chandan Painters,+,5.0,1 Rating,"Biluvala Post Kadur, Chikmagalur",,08147484166,Textured Wall Painting; White Wash Painting,true,true,false,false,true,Painting Contractors,Hassan,2025-05-26T12:51:59.158Z
A R bannada mane,+,5.0,1 Rating,"Old Bus Stand Road Kadur, Chikmagalur",,,Waterproofing,true,true,false,false,true,Painting Contractors,Hassan,2025-05-26T12:51:59.158Z
S R Painters,S,5.0,1 Rating,"Venkateshwar Nagar Kadur, Chikmagalur",,,Textured Wall Painting; White Wash Painting,true,true,false,false,false,Painting Contractors,Hassan,2025-05-26T12:51:59.158Z
RR DESIGNS & CONSTRUCTIONS,+,5.0,1 Rating,"Doddapete Kadur, Chikmagalur",,,Industrial; Building,true,true,false,false,true,Painting Contractors,Hassan,2025-05-26T12:51:59.158Z
Sri Muthappa Construction,+,3.0,1 Rating,"B M Road Kushalnagar, Coorg",,,Textured Wall Painting,true,true,false,false,false,Painting Contractors,Hassan,2025-05-26T12:51:59.159Z
Ars Interior Designing Works,A,5.0,3 Ratings,"DeveGowda Badwane Turuvekere, Tumkur",,,Civil Contractors; Interior Designers,true,true,false,false,true,Painting Contractors,Hassan,2025-05-26T12:51:59.159Z
Kumar painting works,K,5.0,1 Rating,"B M Road Kushalnagar, Coorg",,,Textured Wall Painting; White Wash Painting,true,true,false,false,true,Painting Contractors,Hassan,2025-05-26T12:51:59.159Z
Kansai Nerolac Paints,+,5.0,1 Rating,"Kansai Paints Arenahalli, Mysore",,,Textured Wall Painting; White Wash Painting,false,true,false,false,true,Painting Contractors,Hassan,2025-05-26T12:51:59.159Z
Vijay Hardware and Electrical,+,5.0,17 Ratings,"Station Road Birur Chikmagalur, Chikmagalur",,,Exterior Paint,true,true,false,false,false,Painting Contractors,Hassan,2025-05-26T12:51:59.159Z
Gangu Arts,G,4.3,3 Ratings,"Chikkanayakanahalli Tumkur, Tumkur",,,Painting Contractors For Bungalow; Painting Contractors,true,true,false,false,false,Painting Contractors,Hassan,2025-05-26T12:51:59.159Z
Shreya Traders,+,4.3,3 Ratings,"B M Road Periyapatna, Mysore",,,Wood Coatings; Exterior Paint,true,true,false,false,true,Painting Contractors,Hassan,2025-05-26T12:51:59.159Z
Hn Groups Hn Home Interior Artfull,+,5.0,13 Ratings,"Nagara to Mysore Road Madikeri, Coorg",,,,true,true,false,false,true,Painting Contractors,Hassan,2025-05-26T12:51:59.159Z
Kaveri Engineer's and Contractor's,+,4.8,2 Ratings,"Convent Junction Madikeri, Coorg",,,Textured Wall Painting,true,true,false,false,true,Painting Contractors,Hassan,2025-05-26T12:51:59.160Z
Sai Leela Builders & Developers,S,5.0,1 Rating,"Made Village Post Madikeri, Coorg",,,Builders; Borewell Drilling Services,true,true,false,false,true,Painting Contractors,Hassan,2025-05-26T12:51:59.160Z
ABF Steel International Pvt. Ltd.,+,4.8,2 Ratings,"Koyinor Road Madikeri, Coorg",,,Interior paint; Plywood Door Dealers,true,true,false,false,true,Painting Contractors,Hassan,2025-05-26T12:51:59.160Z
Vinayaka B S,V,5.0,1 Rating,"Main Road, Coorg",,,Architects; Civil Contractors,true,true,false,false,true,Painting Contractors,Hassan,2025-05-26T12:51:59.161Z
Sonal Construction Kedambadi Group,S,4.7,13 Ratings,"Race Course Road Madikeri, Coorg",,09980202697,,true,true,false,false,true,Painting Contractors,Hassan,2025-05-26T12:51:59.161Z
Dhanush Water Proofing,D,5.0,2 Ratings,"Neharu Road Ajjampur, Chikmagalur",,,Cement Based Waterproofing Contractors; Waterproofing Contractors,true,true,false,false,true,Painting Contractors,Hassan,2025-05-26T12:51:59.161Z
Hassan Packers and Movers,<,3.9,624 Ratings,"Agrahara Street Mg Road Hassan, Hassan",,08401939185,Packers And Movers; All India,true,true,false,false,true,Packers & Movers,Hassan,2025-05-26T12:53:12.144Z
Ramesh Packers and Movers,<,4.4,39 Ratings,"Ward-10 Jaya Nagar, Hassan",,07487924583,,true,true,true,true,true,Packers & Movers,Hassan,2025-05-26T12:53:12.144Z
Ck Packers and Movers,<,4.8,65 Ratings,"Hanumanthapura, Hassan",,08485930879,Pets Transportation; Packers And Movers; All India,true,true,false,true,true,Packers & Movers,Hassan,2025-05-26T12:53:12.144Z
Om Sai Ram Packers And Movers,<,4.2,19 Ratings,"H N Pura Road Hassan Ho, Hassan",,08401937128,Pets Transportation; Packers And Movers; All India,true,true,false,true,true,Packers & Movers,Hassan,2025-05-26T12:53:12.145Z
Mahesh Relocation Packers and Movers,<,4.6,9 Ratings,"No 123 Hassan City Market, Hassan",,08867897621,Pets Transportation; Packers And Movers; All India,true,true,false,true,true,Packers & Movers,Hassan,2025-05-26T12:53:12.145Z
Shree Renukha Devi Transport,<,3.8,17 Ratings,"Extension Ring Road, Hassan",,08792261100,Commercial Courier; Corporate Courier; Ecommerce Courier,true,true,false,false,true,Packers & Movers,Hassan,2025-05-26T12:53:12.146Z
Easy Packers and Movers,<,4.6,30 Ratings,"Circle Chikmagalur HO, Chikmagalur",,08460430743,Packers And Movers; All India,true,true,false,false,true,Packers & Movers,Hassan,2025-05-26T12:53:12.146Z
Surya Facility Service,<,4.2,53 Ratings,"Police Chowki Vinoba Nagar, Shimoga",,09731644360,Packers And Movers,true,true,true,true,true,Packers & Movers,Hassan,2025-05-26T12:53:12.146Z
Arshiya Transport,<,4.2,13 Ratings,"ROAD Basavanahalli Chikmagalur, Chikmagalur",,09035044917,Tempos On Hire; Packers And Movers; Within City,true,true,false,true,true,Packers & Movers,Hassan,2025-05-26T12:53:12.147Z
Care Packers And Movers,<,4.3,6 Ratings,"Street Vijayapuram Chikmagalur, Chikmagalur",,08511643831,Packers And Movers,true,true,false,false,true,Packers & Movers,Hassan,2025-05-26T12:53:12.147Z
Perfect Packers and Warehouse,+,4.4,50 Ratings,"3rd Stage Hinkal Signal Hinkal, Mysore",,08511845263,All India; Packers And Movers; Within City,true,true,false,true,true,Packers & Movers,Hassan,2025-05-26T12:53:12.147Z
Safe India Movers & Packers,+,4.6,576 Ratings,"Saiswara Temple Wilson Garden, Bangalore",,09035025567,Packers And Movers; All India; International,true,true,true,true,true,Packers & Movers,Hassan,2025-05-26T12:53:12.147Z
Tirumala Packers and Movers,+,4.7,21 Ratings,"Bhagya Nagar Bhagya Nagar, Guntakal",,08460221154,Packers And Movers; Electronic,true,true,false,false,true,Packers & Movers,Hassan,2025-05-26T12:53:12.147Z
Go Up Logistics,+,4.0,93 Ratings,"Near Human Temple Nayandahalli, Bangalore",,09980218296,International Courier; Cargo Service; Domestic Courier,true,true,false,true,true,Packers & Movers,Hassan,2025-05-26T12:53:12.147Z
Sinu Roadlines,S,5.0,27 Ratings,"Menonpara Road Kanjikode, Palakkad",,08460484417,Packers And Movers,true,true,false,false,true,Packers & Movers,Hassan,2025-05-26T12:53:12.147Z
BEST Relocations Packers And Moovers,+,5.0,52 Ratings,"Vidyanagar Hubli, Hubli",,08460452321,Packers And Movers,true,true,false,false,true,Packers & Movers,Hassan,2025-05-26T12:53:12.147Z
Anr Transport,+,5.0,9 Ratings,"Main Road Udamalpet Bazaar, Udumalpet",,08460205843,GPS Tracking Available; Cargo Service; Domestic Courier,true,true,false,false,false,Packers & Movers,Hassan,2025-05-26T12:53:12.147Z
Good Luck Transport,G,4.2,33 Ratings,"Narayana Nagar Kanakapura Road, Bangalore",,08401668875,Cargo Service; Domestic Courier; Packers And Movers,true,true,false,true,true,Packers & Movers,Hassan,2025-05-26T12:53:12.147Z
Suraksha Packers and Movers,+,4.5,68 Ratings,"Shirur Park Vidyanagar Hubli, Hubli",,08401259807,Packers And Movers; All India; Within City,true,true,false,false,true,Packers & Movers,Hassan,2025-05-26T12:53:12.147Z
Vishwas Packers and Movers,+,4.6,48 Ratings,"Near Gokul Road Anand Nagar, Hubli",,08460506201,Pets Transportation; Car Transportation; Commercial And Office Relocation Services,true,true,true,true,true,Packers & Movers,Hassan,2025-05-26T12:53:12.148Z
Sky Land Xpress Cargo,+,4.0,44 Ratings,"KPN Colony Union Mill Road, Tirupur",,,,true,true,true,true,true,Packers & Movers,Hassan,2025-05-26T12:53:12.148Z
Royal Cargo Packers & Movers,+,4.8,172 Ratings,"Near BRTS Bus Stand Vidyagiri, Dharwad",,08401217512,,true,true,false,false,true,Packers & Movers,Hassan,2025-05-26T12:53:12.148Z
Lata Packers and Movers,L,4.4,20 Ratings,"Mj Nagar, Hospet",,07487906639,Packers And Movers; All India; Within City,true,true,false,false,true,Packers & Movers,Hassan,2025-05-26T12:53:12.148Z
Blessingstar Packers And Movers,+,3.9,21 Ratings,"Bhavani Nagar Bijapur City, Bijapur-Karnataka",,07383423106,,true,true,false,true,false,Packers & Movers,Hassan,2025-05-26T12:53:12.148Z
Urbx Worldwide,+,4.7,73 Ratings,"Cochin Special Economic Zone, Ernakulam",,08401097476,International Courier; Cargo Service; Domestic Courier,true,true,false,false,true,Packers & Movers,Hassan,2025-05-26T12:53:12.148Z
Yestee Agency,+,4.1,320 Ratings,"Wall Tax Road Park Town, Chennai",,08197305459,Industrial Machinery Relocation; Cargo Service; Domestic Courier,true,true,false,true,true,Packers & Movers,Hassan,2025-05-26T12:53:12.148Z
KGN Transport & Logistics,+,4.2,31 Ratings,"Gandiguda Village Shadnagar, Mahabubnagar",,09054784995,International Courier; Trucks On Rent; Domestic Courier,true,true,false,false,true,Packers & Movers,Hassan,2025-05-26T12:53:12.148Z
Balaji Packers and Movers,B,3.5,2 Ratings,"Link Road Wakad, Pune",,08460237516,Cargo Service; Packers And Movers,true,true,false,false,false,Packers & Movers,Hassan,2025-05-26T12:53:12.148Z
Diamondsafety Lorry Transport Packers and Movers,+,4.1,49 Ratings,"Bypass Road Khammam Bypass Road, Khammam",,09724438448,Pets Transportation; Packers And Movers; All India,true,true,false,false,true,Packers & Movers,Hassan,2025-05-26T12:53:12.148Z
Shyam Transport,S,4.0,71 Ratings,"Mahavir Nagar Kandivali West, Mumbai",,07405412431,Animal Transportation; Packers And Movers,true,true,false,true,true,Packers & Movers,Hassan,2025-05-26T12:53:12.148Z
Falnest Relocations,F,4.0,3 Ratings,"Kapurbawdi-Thane West, Thane",,08460221627,Packers And Movers,true,true,false,false,false,Packers & Movers,Hassan,2025-05-26T12:53:12.148Z
Sun Transport,+,3.8,36 Ratings,"Highway Road Mehsana Nagar Road, Vadodara",,09054604193,Pets Transportation; Packers And Movers; All India,true,true,false,false,false,Packers & Movers,Hassan,2025-05-26T12:53:12.148Z
Suryavansham Transport,+,3.5,93 Ratings,"Bilaspur Highway Gudhiyari, Raipur-Chhattisgarh",,08460211093,Animal Transportation; Packers And Movers; Electronic,true,true,false,false,false,Packers & Movers,Hassan,2025-05-26T12:53:12.148Z
GURUNANAK GOLDEN ROADWAYS,G,5.0,2 Ratings,"Transport Nagar Pithampur, Dhar",,08460501188,Packers And Movers,true,true,false,false,true,Packers & Movers,Hassan,2025-05-26T12:53:12.148Z
Mirai Logistics India Private Limited,+,3.5,279 Ratings,"Kesarwani College Garha Phatak, Jabalpur",,08511256279,International Courier; All India; Cargo Service,true,true,false,false,true,Packers & Movers,Hassan,2025-05-26T12:53:12.148Z
Suyash Road Lines,+,4.1,103 Ratings,"Neemuch Road Ratlam Station Road, Ratlam",,08128143529,Domestic Courier; All India; Packers And Movers,true,true,false,false,true,Packers & Movers,Hassan,2025-05-26T12:53:12.149Z
Mahalaxmi Transport,+,4.4,36 Ratings,"Shop No 37 Morbi Bypass Road, Morbi",,09725352726,Trucks On Rent; Packers And Movers,true,true,false,false,true,Packers & Movers,Hassan,2025-05-26T12:53:12.149Z
Shree Devnarayan Transport Company,+,4.5,62 Ratings,"Transport  Nagar Transport Nagar, Kota-Rajasthan",,07411856402,Packers And Movers,true,true,false,false,true,Packers & Movers,Hassan,2025-05-26T12:53:12.149Z
Reliable Packer & Movers Courier Service,+,4.7,3 Ratings,"Adinathnagar Odhav, Ahmedabad",,08904998358,Packers And Movers; All India; International,true,true,false,false,true,Packers & Movers,Hassan,2025-05-26T12:53:12.149Z
Shri Krishna Transport Service,+,3.9,64 Ratings,"Coplex Block City Centre, Gwalior",,07048137126,Packers And Movers,true,true,false,false,false,Packers & Movers,Hassan,2025-05-26T12:53:12.149Z
Omm Logistic Transport Service,+,4.2,79 Ratings,"Kanpur Road Transport Nagar, Lucknow",,09724729580,Trucks On Rent; Domestic Courier; Packers And Movers,true,true,true,true,true,Packers & Movers,Hassan,2025-05-26T12:53:12.149Z
Engineers Parcel,+,4.2,21 Ratings,"I2H Building IIT ISM Hirapur, Dhanbad",,08971740245,Packers And Movers,true,true,false,false,true,Packers & Movers,Hassan,2025-05-26T12:53:12.149Z
New Mahakal Transport,+,4.2,100 Ratings,"Valipur Yaqutganj, Farrukhabad",,08128042414,Animal Transportation; Pets Transportation; Packers And Movers,true,true,true,true,true,Packers & Movers,Hassan,2025-05-26T12:53:12.149Z
Om Shakti Associates,+,4.2,102 Ratings,"Plot No-60 Sitapur Rd, Lucknow",,08401521816,Residential Relocation Services; Packers And Movers,true,true,false,true,true,Packers & Movers,Hassan,2025-05-26T12:53:12.149Z
Chandan Transport Company,+,4.0,318 Ratings,"Kamruddinpur, Begusarai",,07801848348,Industrial Machinery Relocation; Superior Quality; Budget Friendly,true,true,true,true,true,Packers & Movers,Hassan,2025-05-26T12:53:12.149Z
Shri Khatu Shyam Roadlines,+,4.2,64 Ratings,"Sanjay Gandhi Transport Nagar, Delhi",,09054682129,Packers And Movers,true,true,false,false,true,Packers & Movers,Hassan,2025-05-26T12:53:12.149Z
All India Tailor Transport,+,4.1,72 Ratings,"Ganesh Chandra Ave Bowbazar, Kolkata",,08128588617,Cargo Service; Tempos On Hire; Animal Transportation,true,true,false,false,true,Packers & Movers,Hassan,2025-05-26T12:53:12.149Z
New Gaurav Transport Service,N,4.3,32 Ratings,"Nagar Gate No. 1 Pahari, Patna",,08460418079,Packers And Movers,true,true,false,false,true,Packers & Movers,Hassan,2025-05-26T12:53:12.149Z
Gati Cargo Packer and Mover,+,4.8,4 Ratings,"Najafgarh, Delhi",,09008921591,Domestic Courier; Packers And Movers; Air Cargo,true,true,false,false,true,Packers & Movers,Hassan,2025-05-26T12:53:12.149Z
Jmd Tourism And Logistics Corporation,+,4.6,742 Ratings,"Market Rabindrapally Keshtopur, Kolkata",,08904967937,Pets Transportation; International Courier; Packers And Movers,true,true,false,false,true,Packers & Movers,Hassan,2025-05-26T12:53:12.149Z
Bihta Transportation & Packer and Mover Services,B,4.0,4 Ratings,"Amhara Bihta Patna Bihta, Patna",,06364874878,Packers And Movers,true,true,false,false,true,Packers & Movers,Hassan,2025-05-26T12:53:12.149Z
Shree Balaji Transport,+,4.2,122 Ratings,"New Delhi Sangam Vihar, Delhi",,08460439021,Packers And Movers; All India; Within City,true,true,false,false,true,Packers & Movers,Hassan,2025-05-26T12:53:12.149Z
Shakti Transport Company,S,4.4,8 Ratings,"Gorakhpur Road Deoria Sadar, Deoria",,08460434045,Packers And Movers; All India; Within City,true,true,false,false,true,Packers & Movers,Hassan,2025-05-26T12:53:12.149Z
Chiranjeevi Transport,+,4.0,22 Ratings,"B M Road Nr Circle, Hassan",,,Trucks On Rent; Tempos On Hire; Packers And Movers,true,true,false,false,true,Packers & Movers,Hassan,2025-05-26T12:53:12.150Z
Easy Packers And Movers,+,5.0,1 Rating,"Court Road Vidya Nagar Hassan, Hassan",,,Residential Relocation Services; Packers And Movers,true,true,false,false,true,Packers & Movers,Hassan,2025-05-26T12:53:12.150Z
Hasanamba Transportation,+,5.0,3 Ratings,"Madhu H K Kr Puram Hassan, Hassan",,,Packers And Movers,true,true,false,false,true,Packers & Movers,Hassan,2025-05-26T12:53:12.150Z
Vkm Packers And Movers,+,4.5,53 Ratings,"Road Vidya Nagar Hassan, Hassan",,,,true,true,false,true,true,Packers & Movers,Hassan,2025-05-26T12:53:12.150Z
Gati Kwe Ltd,G,3.3,37 Ratings,"13th Cross Channapatna Extension, Hassan",,,Cargo Service; Domestic Courier; International Courier,true,true,false,false,false,Packers & Movers,Hassan,2025-05-26T12:53:12.150Z
Agarwal Fastways Packers And Movers,A,4.9,15 Ratings,"TEMPLE ROAD Kadanur, Hassan",,,Packers And Movers; All India; Within City,true,true,false,false,true,Packers & Movers,Hassan,2025-05-26T12:53:12.150Z
Perfect Packers And Movers,+,5.0,8 Ratings,"Vallabhai Road Hassan HO, Hassan",,,,true,true,false,false,true,Packers & Movers,Hassan,2025-05-26T12:53:12.150Z
Sri Manjunatha Earth Movers,S,5.0,6 Ratings,"Bm Road, Hassan",,,Packers And Movers,true,true,false,false,false,Packers & Movers,Hassan,2025-05-26T12:53:12.150Z
Shree Padmanabha Transport,S,3.8,6 Ratings,"Bm Road, Hassan",,,All India; Packers And Movers; Within City,true,true,false,false,false,Packers & Movers,Hassan,2025-05-26T12:53:12.150Z
Nikon Express Packers And Movers,N,4.5,4 Ratings,"2nd Cross Road Krishnaraja Pura, Hassan",,,Packers And Movers,true,true,false,false,false,Packers & Movers,Hassan,2025-05-26T12:53:12.150Z
Deviramma Transport,D,4.0,4 Ratings,"Holenarsipura Road Holenarsipur, Hassan",,,Packers And Movers,true,true,false,false,false,Packers & Movers,Hassan,2025-05-26T12:53:12.150Z
farooq khan,f,5.0,3 Ratings,"Vallabhai Road Hassan HO, Hassan",,,Packers And Movers,true,true,false,false,true,Packers & Movers,Hassan,2025-05-26T12:53:12.150Z
Sri Bhaskar Roadlines,S,3.0,3 Ratings,"Road Hemavathinagar, Hassan",,,Packers And Movers,true,true,false,false,false,Packers & Movers,Hassan,2025-05-26T12:53:12.150Z
Shri Hasananmba Transport,+,3.0,2 Ratings,"Gorror Road Santhepet, Hassan",,,Packers And Movers; Within City,true,true,false,false,false,Packers & Movers,Hassan,2025-05-26T12:53:12.150Z
Gati Ltd,+,5.0,1 Rating,"Fushitur Bussi Arsikere, Hassan",,,Commercial Courier; International Courier; Corporate Courier,false,true,false,false,true,Packers & Movers,Hassan,2025-05-26T12:53:12.150Z
Yogesh Goods Transports,Y,4.0,1 Rating,"Krishna Raj Pete Taluq Kikkeri, Mandya",,,Packers And Movers; All India; Within City,true,true,false,false,false,Packers & Movers,Hassan,2025-05-26T12:53:12.150Z
Blue Dart Express Ltd,B,2.9,174 Ratings,"Pass Road Belur Road Chikmagalur, Chikmagalur",,,Domestic Courier; International Courier; Packers And Movers,true,true,false,false,false,Packers & Movers,Hassan,2025-05-26T12:53:12.150Z
R M S Packers and Movers,+,3.8,16 Ratings,"Mallandur Road Mallandur Road, Chikmagalur",,,Packers And Movers; All India; Within City,true,true,false,false,false,Packers & Movers,Hassan,2025-05-26T12:53:12.150Z
Chikmagalur Packers and Movers,+,5.0,13 Ratings,"Tamil Colony Chikmagalur HO, Chikmagalur",,08734982466,Car Transportation; Commercial And Office Relocation Services; Residential Relocation Services,true,true,false,false,true,Packers & Movers,Hassan,2025-05-26T12:53:12.150Z
Accord Movers And Packers,A,5.0,1 Rating,"I G Road Ig Road, Chikmagalur",,,Packers And Movers; All India; Within City,true,true,false,false,true,Packers & Movers,Hassan,2025-05-26T12:53:12.150Z
Easy Packers And Movers,+,4.6,30 Ratings,"Circle Dantaramakki, Chikmagalur",,09725969244,Residential Relocation Services; Packers And Movers; All India,true,true,false,true,true,Packers & Movers,Hassan,2025-05-26T12:53:12.151Z
Shakthi Packers and Movers,+,4.9,4 Ratings,"Bus Stand Chikmagalur City, Chikmagalur",,,Pets Transportation; Packers And Movers; All India,true,true,false,false,true,Packers & Movers,Hassan,2025-05-26T12:53:12.151Z
Royalcare Packers and Movers,+,4.8,82 Ratings,"Road Market Road Chikmagalur, Chikmagalur",,09054869532,Packers And Movers; All India; Within City,true,true,false,true,true,Packers & Movers,Hassan,2025-05-26T12:53:12.151Z
Chikamagalur Packers and Movers,+,4.9,11 Ratings,"Market Road Adarsha Nagara, Chikmagalur",,,Pets Transportation; Packers And Movers; All India,true,true,false,false,true,Packers & Movers,Hassan,2025-05-26T12:53:12.151Z
Ths Packers And Movers,+,4.4,6 Ratings,"Market Road Chikmagalur, Chikmagalur",,,Packers And Movers,true,true,false,false,true,Packers & Movers,Hassan,2025-05-26T12:53:12.151Z
Green City Packers and Movers,+,5.0,7 Ratings,"Dantaramakki Adarsha Nagara, Chikmagalur",,08460526579,Packers And Movers; All India; Within City,true,true,false,true,true,Packers & Movers,Hassan,2025-05-26T12:53:12.151Z
Djmz Packers and Movers Chikmanglore,+,5.0,3 Ratings,"VIJIPURA Vijayapura, Chikmagalur",,,Packers And Movers,true,true,false,false,false,Packers & Movers,Hassan,2025-05-26T12:53:12.151Z
Perfect Packers and Movers,P,3.5,3 Ratings,"BH Road Adarsha Nagara, Chikmagalur",,,Pets Transportation; Packers And Movers; All India,true,true,false,false,false,Packers & Movers,Hassan,2025-05-26T12:53:12.151Z
Chickmagalur Packers And Movers,C,4.8,2 Ratings,"Road Market Road Chikmagalur, Chikmagalur",,,Packers And Movers; All India; Within City,true,true,false,false,false,Packers & Movers,Hassan,2025-05-26T12:53:12.151Z
Jai Maruthi Earth Movers,J,5.0,1 Rating,"Bhoomica Complex Krishnarajapete, Mandya",,,Packers And Movers,true,true,false,false,false,Packers & Movers,Hassan,2025-05-26T12:53:12.151Z
Gaanav Packers and Movers,G,4.1,5 Ratings,"Housing Bord Chikmangalur, Chikmagalur",,,Packers And Movers; All India; Within City,true,true,false,false,true,Packers & Movers,Hassan,2025-05-26T12:53:12.151Z
SRS Packers & Movers,+,4.4,16 Ratings,"Near Railway Station Heggere, Tumkur",,07041785901,Residential Relocation Services; Packers And Movers; Within City,true,true,false,true,true,Packers & Movers,Hassan,2025-05-26T12:53:12.151Z
Agarwal Fastway Packers And Movers,A,5.0,11 Ratings,"2ND C CROSS Daswak Road, Coorg",,,Pets Transportation; Packers And Movers; All India,true,true,false,false,true,Packers & Movers,Hassan,2025-05-26T12:53:12.151Z
Perfect Packers & Movers,P,5.0,1 Rating,"Madikeri Market Road Madikeri, Coorg",,,Packers And Movers,true,true,false,false,false,Packers & Movers,Hassan,2025-05-26T12:53:12.151Z
Vkm Packers and Movers,+,4.9,11 Ratings,"Main Road Coorg Madikeri, Coorg",,08123542748,Pets Transportation; Packers And Movers; All India,true,true,false,true,true,Packers & Movers,Hassan,2025-05-26T12:53:12.151Z
V Locate Packers and Movers,V,4.8,16 Ratings,"Pension Lane Madikeri, Coorg",,,Packers And Movers; All India; Within City,true,true,false,false,true,Packers & Movers,Hassan,2025-05-26T12:53:12.151Z
Coorg Logistics,C,4.2,3 Ratings,"Pension Lane Madikeri, Coorg",,,Packers And Movers; All India; Within City,false,true,false,false,true,Packers & Movers,Hassan,2025-05-26T12:53:12.151Z
Pioneer Logistics And Packers (Regd),P,5.0,9 Ratings,"2ND C MAIN K Chettalli Madikeri, Coorg",,,Pets Transportation; Packers And Movers; All India,true,true,false,false,true,Packers & Movers,Hassan,2025-05-26T12:53:12.151Z
Sri Ganesha Road Lines,S,4.8,3 Ratings,"Pourakarmikara Beedi Pandavapura, Mandya",,,Packers And Movers; All India; Within City,true,true,false,false,false,Packers & Movers,Hassan,2025-05-26T12:53:12.151Z
Shree Sai Baba Packers and Movers,S,4.7,90 Ratings,"Krs Road Koorgalli, Mysore",,,Packers And Movers; All India; Within City,true,true,false,true,true,Packers & Movers,Hassan,2025-05-26T12:53:12.151Z
Sri Laxmi Narashima Transport,+,4.3,3 Ratings,"Belavadi Post Hootagalli, Mysore",,,Packers And Movers,true,true,false,false,false,Packers & Movers,Hassan,2025-05-26T12:53:12.151Z
Gati Ltd,+,3.1,8 Ratings,"Hebbal Industrial Estate, Mysore",,,Commercial Courier; International Courier; Corporate Courier,false,true,false,true,false,Packers & Movers,Hassan,2025-05-26T12:53:12.152Z
SPS Roadlines & Logistics,S,4.2,35 Ratings,"Industrial Area Hootagalli, Mysore",,08511278232,Domestic Courier; Packers And Movers; Electronic,true,true,false,true,true,Packers & Movers,Hassan,2025-05-26T12:53:12.152Z
Sri Maruthi Cargo Packers & Movers,+,4.6,50 Ratings,"Hudco 1st Stage Hebbal, Mysore",,,Packers And Movers; All India; Within City,true,true,false,true,true,Packers & Movers,Hassan,2025-05-26T12:53:12.152Z
Vajreshwari Cargo Movers,+,5.0,1 Rating,"Infosys Main Road Hebbal, Mysore",,,Packers And Movers; All India; Within City,true,true,false,false,false,Packers & Movers,Hassan,2025-05-26T12:53:12.152Z
V Locate Packers And Movers,V,5.0,2 Ratings,"Poornaiah Road Srirangapatna, Srirangapatna",,,Packers And Movers; All India; Within City,true,true,false,false,false,Packers & Movers,Hassan,2025-05-26T12:53:12.152Z
Kumar Transport,K,4.2,10 Ratings,"# 2757 1st Stage Hebbal, Mysore",,,Packers And Movers; Within City,true,true,false,false,false,Packers & Movers,Hassan,2025-05-26T12:53:12.152Z
S A Enterprises,<,4.1,14 Ratings,"Bypass Road Hassan City, Hassan",,09054506825,Battery Scrap,true,false,false,false,true,Scrap Dealers,Hassan,2025-05-26T12:54:21.371Z
Thoufeeq Enterprise,<,4.8,3 Ratings,"B M Road Bm Road, Hassan",,09054064174,Battery Scrap; Company Authorised Dealer,true,false,false,true,true,Scrap Dealers,Hassan,2025-05-26T12:54:21.372Z
Indian Steels,<,4.0,21 Ratings,"Kiadb Industrial Area Hirehali, Tumkur",,07383802862,Steel Scrap Buyers; Scrap Dealers,true,false,false,false,false,Scrap Dealers,Hassan,2025-05-26T12:54:21.372Z
Rihan Enterprises,<,3.8,48 Ratings,"1st A Main Road Peenya, Bangalore",,09980027993,Battery Scrap,true,false,false,true,true,Scrap Dealers,Hassan,2025-05-26T12:54:21.372Z
K P P Alloys,<,4.1,31 Ratings,"Laggere Road Peenya, Bangalore",,07048501049,Battery Scrap,true,false,false,true,true,Scrap Dealers,Hassan,2025-05-26T12:54:21.373Z
Aisha Enterprises,<,3.7,3 Ratings,"Mangalya Choutry Doddaballapur, Bangalore",,08734946962,Battery Scrap,true,false,false,false,false,Scrap Dealers,Hassan,2025-05-26T12:54:21.376Z
S K Enterprises,<,4.3,14 Ratings,"B Road Hubli Gavi Oni, Hubli",,09725463865,Battery Scrap,true,false,false,false,true,Scrap Dealers,Hassan,2025-05-26T12:54:21.377Z
Hindustan Traders,<,4.3,34 Ratings,"Taluk Pj Extension Davangere, Davangere",,,Battery Scrap,true,false,false,false,true,Scrap Dealers,Hassan,2025-05-26T12:54:21.379Z
Prime Steels & Paints,<,3.6,14 Ratings,"Temple Street Bellary HO, Bellary",,,Cement Dealers-ACC; Cement Dealers,true,false,false,true,false,Scrap Dealers,Hassan,2025-05-26T12:54:21.379Z
Sri Murugan Traders,<,4.3,18 Ratings,"Aandan Koil Road Karur West, Karur",,08401748423,Battery Scrap,true,false,false,true,true,Scrap Dealers,Hassan,2025-05-26T12:54:21.380Z
Genuine Enterprises,+,2.0,4 Ratings,"Kamarajar Street Sriperumbudur, Kanchipuram",,09972361269,Battery Scrap,true,false,false,false,false,Scrap Dealers,Hassan,2025-05-26T12:54:21.380Z
Shakti Sales Corporation,+,4.1,348 Ratings,"Bethora Bypass Road Ponda, Goa",,,Plastic Scrap Dealers; Scrap Dealers,true,false,false,true,true,Scrap Dealers,Hassan,2025-05-26T12:54:21.380Z
South Indian Scrap Traders,S,4.1,99 Ratings,"Palarivattom, Ernakulam",,,Aluminium Scrap Buyers; Scrap Buyers,true,false,false,true,true,Scrap Dealers,Hassan,2025-05-26T12:54:21.380Z
A G Enterprises,A,4.0,189 Ratings,"Kudalwadi Chikhali, Pune",,,Waste Management Services; Scrap Dealers,true,false,false,true,true,Scrap Dealers,Hassan,2025-05-26T12:54:21.380Z
Shivdatta Traders,S,4.0,5 Ratings,"Bandra East, Mumbai",,09980664981,Scrap Buyers; Scrap Dealers,true,false,false,false,false,Scrap Dealers,Hassan,2025-05-26T12:54:21.380Z
Bilal Scrap,B,3.5,2 Ratings,"Kadarsha Ni Nal Nanpura, Surat",,09054398117,Battery Scrap,true,false,false,false,false,Scrap Dealers,Hassan,2025-05-26T12:54:21.381Z
Gulshan Steels Pvt.Ltd.,+,4.5,20 Ratings,"Bilaspur Road Birgaon, Raipur-Chhattisgarh",,08511109837,Scrap Dealers; Tmt Bar Dealers,true,false,true,true,true,Scrap Dealers,Hassan,2025-05-26T12:54:21.381Z
POONAM SCRAP BHANDAR,P,4.3,15 Ratings,"SANWER ROAD INDORE Sanwer Road, Indore",,08296835720,Furniture Scrap Buyers; Scrap Dealers,true,false,false,false,true,Scrap Dealers,Hassan,2025-05-26T12:54:21.381Z
SNA India Corporation,+,4.1,374 Ratings,"Talkies Road Shastri Nagar, Bhilwara",,,Scrap Dealers; Plastic Scrap Dealers,true,false,false,true,true,Scrap Dealers,Hassan,2025-05-26T12:54:21.381Z
Mishthi Steels,+,4.1,161 Ratings,"D No 332 Koyla Nagar, Kanpur",,08128849361,Battery Scrap,true,false,true,true,true,Scrap Dealers,Hassan,2025-05-26T12:54:21.381Z
Tst Enterprises,+,4.1,110 Ratings,"Ram Vihar Road Rawatpur, Kanpur",,08128172422,Brass Scrap Buyers; Scrap Dealers,true,false,true,true,true,Scrap Dealers,Hassan,2025-05-26T12:54:21.381Z
Attero Recycling Pvt Ltd,A,4.1,260 Ratings,"Sector 64 Noida Sector 64, Noida",,08904980455,Battery Scrap,true,false,false,false,true,Scrap Dealers,Hassan,2025-05-26T12:54:21.381Z
Syed Mujeeb Scrap Shop,+,4.1,7 Ratings,"AZAD Road Azad Road, Hassan",,,Battery Scrap,true,false,false,false,true,Scrap Dealers,Hassan,2025-05-26T12:54:21.381Z
Scrap Point,+,5.0,8 Ratings,"Hosaline Road Bm Road, Hassan",,,Scrap Dealers; Scrap Buyers,true,false,false,false,true,Scrap Dealers,Hassan,2025-05-26T12:54:21.381Z
Sk Scrap Shop,S,5.0,2 Ratings,"Channarayapattana Bagur Circle, Hassan",,,Scrap Dealers; Scrap Buyers,true,false,false,false,true,Scrap Dealers,Hassan,2025-05-26T12:54:21.381Z
Shakeel Scrap Metel,+,4.7,2 Ratings,"Javagal, Hassan",,,Scrap Dealers; Paper Scrap Merchants,true,false,false,false,true,Scrap Dealers,Hassan,2025-05-26T12:54:21.382Z
Umreaz Khan Scrap Marchent,U,5.0,1 Rating,"Salagam Road Rangoli Halla, Hassan",,,Battery Scrap,false,false,false,false,true,Scrap Dealers,Hassan,2025-05-26T12:54:21.382Z
H K G N Steels,H,5.0,1 Rating,"Kote Main Road Holenarsipur, Hassan",,,Battery Scrap,true,false,false,false,true,Scrap Dealers,Hassan,2025-05-26T12:54:21.382Z
Bilal Enterprises,B,5.0,2 Ratings,"Pampa Naagar, Chikmagalur",,,Battery Scrap,true,false,false,false,true,Scrap Dealers,Hassan,2025-05-26T12:54:21.382Z
Ft Scrap Shop,F,3.4,5 Ratings,"Gandhi Nagar Tiptur, Tumkur",,,Scrap Dealers,true,false,false,false,false,Scrap Dealers,Hassan,2025-05-26T12:54:21.382Z
Sri Sai Batteries,S,4.3,7 Ratings,"Kadur Chikmagalur HO, Chikmagalur",,,Battery Scrap,true,false,false,false,true,Scrap Dealers,Hassan,2025-05-26T12:54:21.382Z
Mansur Scrap And Buyers,+,5.0,1 Rating,"BM Road Kushalnagar, Coorg",,,Battery Scrap,true,false,false,false,false,Scrap Dealers,Hassan,2025-05-26T12:54:21.382Z
M S Scrap Merchant,+,5.0,2 Ratings,"B M Road Kushalnagar, Coorg",,,Scrap Buyers; Scrap Dealers,true,false,false,false,true,Scrap Dealers,Hassan,2025-05-26T12:54:21.382Z
C.M. Scrap,C,4.3,3 Ratings,"Bellare Sullia Road Ivarnadu, Dakshina Kannada",,,Scrap Dealers,false,false,false,false,false,Scrap Dealers,Hassan,2025-05-26T12:54:21.382Z
Veena Metals,+,3.3,3 Ratings,"Hebbal Main Road Hebbal, Mysore",,,Stainless Steel Dealers; Steel Dealers,true,false,false,false,false,Scrap Dealers,Hassan,2025-05-26T12:54:21.382Z
N k ENTERPRISES,+,5.0,1 Rating,"No. 83 Metagalli, Mysore",,,Battery Scrap,true,false,false,false,true,Scrap Dealers,Hassan,2025-05-26T12:54:21.382Z
ITC Ltd,+,4.6,5 Ratings,"7th Mn Jl Prm Jayalakshmipuram, Mysore",,,Bakery; Quick Bite Outlet,false,false,false,false,true,Scrap Dealers,Hassan,2025-05-26T12:54:21.382Z
Manu Scrap Enterprise,+,5.0,1 Rating,"Gaddige Road Bogadi, Mysore",,,Battery Scrap,true,false,false,false,true,Scrap Dealers,Hassan,2025-05-26T12:54:21.382Z
A G And Company,A,4.0,1 Rating,"Industrial A Layout Banni Mantap, Mysore",,,Battery Scrap,true,false,false,false,false,Scrap Dealers,Hassan,2025-05-26T12:54:21.382Z
A N Enterprises,+,4.8,9 Ratings,"CV Road Bannimantap, Mysore",,07411559121,Battery Scrap,true,false,false,false,true,Scrap Dealers,Hassan,2025-05-26T12:54:21.382Z
Old Paper and Scrap Matel Junkyard,O,5.0,1 Rating,"Next to Ganapathy Temple Bogadi, Mysore",,,Battery Scrap,true,false,false,false,true,Scrap Dealers,Hassan,2025-05-26T12:54:21.382Z
Nk Enterprises,+,4.3,3 Ratings,"Devaraja Mohalla, Mysore",,,Battery Scrap,true,false,false,false,true,Scrap Dealers,Hassan,2025-05-26T12:54:21.382Z
Universal Enterprises,+,4.8,21 Ratings,"BB Mills Road Bannimantap, Mysore",,,Battery Scrap; Car Scrap,true,false,false,false,true,Scrap Dealers,Hassan,2025-05-26T12:54:21.382Z
Minsa Traders,M,4.0,2 Ratings,"Chennaiah Road Janatha Nagar, Mysore",,,Scrap Dealers; Metal Scrap Dealers,true,false,false,false,false,Scrap Dealers,Hassan,2025-05-26T12:54:21.382Z
New Gujri Bazaar,+,5.0,1 Rating,"Geeta Mandir Road Subhashnagar, Mysore",,,Scrap Dealers; Car Scrap Dealers,true,false,false,false,true,Scrap Dealers,Hassan,2025-05-26T12:54:21.382Z
Gk Steels and Scrap,G,4.6,3 Ratings,"Vb and Sons Road Banni Mantap, Mysore",,,Plastic Scrap Dealers; Scrap Dealers,true,false,false,false,false,Scrap Dealers,Hassan,2025-05-26T12:54:21.382Z
Five Star Paper House,+,5.0,2 Ratings,"Bhandar Road Janatha Nagar, Mysore",,,Battery Scrap,true,false,false,false,true,Scrap Dealers,Hassan,2025-05-26T12:54:21.382Z
Sri Ganapathi Traders,+,5.0,2 Ratings,"ROAD New Bannimantap Extension, Mysore",,,Aluminium Scrap Buyers; Scrap Dealers,true,false,false,false,true,Scrap Dealers,Hassan,2025-05-26T12:54:21.382Z
Mpb Enterprises,+,3.7,12 Ratings,"C.V Road Bannimantap, Mysore",,,Battery Scrap,true,false,false,true,false,Scrap Dealers,Hassan,2025-05-26T12:54:21.383Z
Shariff's Trading Corporation,+,5.0,35 Ratings,"Omar Khayyam Road Bannimantap, Mysore",,,Battery Scrap,true,false,false,false,true,Scrap Dealers,Hassan,2025-05-26T12:54:21.383Z
R S Traders,R,4.0,2 Ratings,"Banni Mantap, Mysore",,,Scrap Buyers; Scrap Dealers,true,false,false,false,false,Scrap Dealers,Hassan,2025-05-26T12:54:21.383Z
Mr Ahmed Razzaq,M,4.3,2 Ratings,"Mill New Bannimantap Extension, Mysore",,,Battery Scrap,true,false,false,true,true,Scrap Dealers,Hassan,2025-05-26T12:54:21.383Z
Z Scrap Merchant,+,4.8,9 Ratings,"Main Road Narasimharaja Mohalla, Mysore",,08050951472,Battery Scrap,true,false,false,false,true,Scrap Dealers,Hassan,2025-05-26T12:54:21.383Z
Shariffs Steel Traders,+,5.0,30 Ratings,"Road New Banimantap Extension, Mysore",,,Scrap Buyers; Scrap Dealers,true,false,false,false,true,Scrap Dealers,Hassan,2025-05-26T12:54:21.383Z
Shabnam Electricals,S,3.6,6 Ratings,"Road New Bannimantap Extension, Mysore",,,Aluminium Scrap Buyers; Scrap Dealers,true,false,false,false,false,Scrap Dealers,Hassan,2025-05-26T12:54:21.383Z
Alia Steel Enterprises,+,4.6,6 Ratings,"Manandavadi Road Srirampura, Mysore",,,Battery Scrap,true,false,false,false,true,Scrap Dealers,Hassan,2025-05-26T12:54:21.383Z
R S Metal Stores,R,4.7,7 Ratings,"Road Abdul Kalam Azad Circle, Mysore",,,Scrap Dealers; Metal Scrap Dealers,true,false,false,false,false,Scrap Dealers,Hassan,2025-05-26T12:54:21.383Z
Gunny & Scrapion Merchant,G,5.0,1 Rating,"Lashkar Mohalla Mandi Mohalla, Mysore",,,Scrap Dealers; Paper Scrap Merchants,false,false,false,false,false,Scrap Dealers,Hassan,2025-05-26T12:54:21.383Z
R K Traders,R,5.0,1 Rating,"M.h. Road Mandi Mohalla, Mysore",,,Iron Scrap Merchants; Scrap Dealers,true,false,false,false,false,Scrap Dealers,Hassan,2025-05-26T12:54:21.383Z
Irk Enterprises,+,4.7,25 Ratings,"Rajivnagar, Mysore",,,Plastic Scrap Dealers; Scrap Buyers,false,false,false,false,true,Scrap Dealers,Hassan,2025-05-26T12:54:21.383Z
Shariff Steel Traders,+,4.6,4 Ratings,"2nd Stage Rajivnagar, Mysore",,,Battery Scrap,true,false,false,true,true,Scrap Dealers,Hassan,2025-05-26T12:54:21.383Z
A Shams Warsi Scrap Traders,+,4.7,62 Ratings,"Geeta Mandir Lashkar Mohalla, Mysore",,,Battery Scrap,true,false,false,true,true,Scrap Dealers,Hassan,2025-05-26T12:54:21.383Z
Bharath Traders,+,4.0,12 Ratings,"C V Road Mandi Mohalla, Mysore",,08511315169,Battery Scrap,true,false,false,false,true,Scrap Dealers,Hassan,2025-05-26T12:54:21.383Z
Old 2 New Shop,+,3.9,32 Ratings,"Ashoka Road Ashoka Road, Mysore",,08488967877,Battery Scrap,true,false,false,false,false,Scrap Dealers,Hassan,2025-05-26T12:54:21.383Z
Bangalore Steel Centre,B,5.0,1 Rating,"Mandir Road Lashkar Mohalla, Mysore",,,Scrap Dealers; Scrap Buyers,true,false,false,true,true,Scrap Dealers,Hassan,2025-05-26T12:54:21.383Z
Baig Demolishers,+,5.0,2 Ratings,"Siddiqa Mohalla Banni Mantap, Mysore",,,Battery Scrap,true,false,false,false,true,Scrap Dealers,Hassan,2025-05-26T12:54:21.383Z
Lollipop Zero To Teen,L,3.8,186 Ratings,"Lakshmi Bai Road Lakshmipuram, Mysore",,,Tin Dealers; Scrap Dealers,false,false,false,false,false,Scrap Dealers,Hassan,2025-05-26T12:54:21.383Z
Classic Enterprises,+,4.8,186 Ratings,"Convent Road Lashkar Mohalla, Mysore",,08511155141,Battery Scrap,true,false,false,true,true,Scrap Dealers,Hassan,2025-05-26T12:54:21.383Z
The BEST Polymers,+,3.9,6 Ratings,"Industrial Area Santhepet, Mysore",,08511514021,Industrial Scrap Buyers; Scrap Dealers,true,false,false,true,false,Scrap Dealers,Hassan,2025-05-26T12:54:21.384Z
Aliya Steel Enterprises,+,4.4,35 Ratings,"Hd Kote Road Srirampura, Mysore",,,Battery Scrap,true,false,false,false,true,Scrap Dealers,Hassan,2025-05-26T12:54:21.384Z
Battery pick up,+,5.0,1 Rating,"#agarahara Kr Mohalla, Mysore",,,Battery Scrap,true,false,false,false,true,Scrap Dealers,Hassan,2025-05-26T12:54:21.384Z
Aishwarya Metals,A,4.3,6 Ratings,"Subbaiah Road Chamaraja Mohalla, Mysore",,,Battery Scrap,true,false,false,false,true,Scrap Dealers,Hassan,2025-05-26T12:54:21.384Z
Asian Steels,A,5.0,1 Rating,"Shivaji Road Mysore HO, Mysore",,,Scrap Dealers; Paper Scrap Merchants,true,false,false,false,false,Scrap Dealers,Hassan,2025-05-26T12:54:21.384Z
We Buy Old Furniture,W,3.5,5 Ratings,"Ballal Circle Lakshmipuram, Mysore",,,Second Hand Furniture Buyers; Scrap Dealers,true,false,false,false,false,Scrap Dealers,Hassan,2025-05-26T12:54:21.384Z
M d mateen traders NI,+,5.0,1 Rating,"Main Road Udayagiri, Mysore",,,Company Authorised Dealer,true,false,false,false,true,Scrap Dealers,Hassan,2025-05-26T12:54:21.384Z
H.S Syed Scrap,H,,,"Basava Circli Santhepet, Hassan",,,Scrap Dealers,true,false,false,false,false,Scrap Dealers,Hassan,2025-05-26T12:54:21.384Z
Hkgn Iron Works,+,,,"Azad Road Azad Road, Hassan",,,Battery Scrap,true,false,false,false,false,Scrap Dealers,Hassan,2025-05-26T12:54:21.384Z
Chowdeshwari traders scrap merchant,C,,,"Channarayapatna Fort, Hassan",,,Scrap Dealers; Scrap Buyers,true,false,false,false,false,Scrap Dealers,Hassan,2025-05-26T12:54:21.384Z
Syed Mujeeb Engineering Works,S,,,"Azad Road Azad Road, Hassan",,,Scrap Dealers; Scrap Buyers,true,false,false,false,false,Scrap Dealers,Hassan,2025-05-26T12:54:21.384Z
Ms Traders,+,,,"Nyra Petrol Bunk Bm Road, Hassan",,,Scrap Dealers; Scrap Buyers,true,false,false,false,false,Scrap Dealers,Hassan,2025-05-26T12:54:21.384Z
asma scrap,a,,,"Belagodu, Hassan",,,Scrap Dealers; Scrap Buyers,true,false,false,false,false,Scrap Dealers,Hassan,2025-05-26T12:54:21.384Z
Ark papers,A,,,"Jodi Thattekere Road Bm Road, Hassan",,,Scrap Dealers; Scrap Buyers,true,false,false,false,false,Scrap Dealers,Hassan,2025-05-26T12:54:21.384Z
Hk Steels,+,,,"Hosaline Road. Hosaline Road, Hassan",,,Battery Scrap,true,false,false,false,false,Scrap Dealers,Hassan,2025-05-26T12:54:21.384Z
SS Trading,S,,,"Valabai Road Gandhi Bazaar, Hassan",,,Scrap Dealers; Iron Scrap Buyers,true,false,false,false,false,Scrap Dealers,Hassan,2025-05-26T12:54:21.384Z
Saik Metal Scrap,S,,,"Javagal, Hassan",,,Scrap Dealers; Metal Dealers,true,false,false,false,false,Scrap Dealers,Hassan,2025-05-26T12:54:21.384Z
Sln Scrap And Crude Oil,S,,,"Belur Road Thanniruhalla, Hassan",,,Scrap Dealers; Paper Scrap Merchants,true,false,false,false,false,Scrap Dealers,Hassan,2025-05-26T12:54:21.385Z
S M Hard Ware And Trader,S,,,"Ramanathapura, Hassan",,,Iron Scrap Buyers; Steel Dealers,true,false,false,false,false,Scrap Dealers,Hassan,2025-05-26T12:54:21.385Z
Sri Vrushabhadri Enterprises,S,,,"Gaarudangiri Raod Arsikere, Hassan",,,Scrap Dealers; Scrap Buyers,true,false,false,false,false,Scrap Dealers,Hassan,2025-05-26T12:54:21.385Z
Madina Scrap Holders,M,,,"Jp Nagar Jp Nagar, Belur",,,Battery Scrap,true,false,false,false,false,Scrap Dealers,Hassan,2025-05-26T12:54:21.385Z
AF Scrap Traders,A,,,"Jail Mydana, Hassan",,,Iron Scrap Dealers; Scrap Dealers,true,false,false,false,false,Scrap Dealers,Hassan,2025-05-26T12:54:21.385Z
M S Scrap Merchant,M,,,"B M Road Thanniruhalla, Hassan",,,Battery Scrap,true,false,false,false,false,Scrap Dealers,Hassan,2025-05-26T12:54:21.385Z
SK scrap shop,S,,,"Kiabd Circle Channapattana, Hassan",,,Scrap Dealers,true,false,false,false,false,Scrap Dealers,Hassan,2025-05-26T12:54:21.385Z
Hkgn Scrap Dealer And Towing Service,H,,,"No.528/A Channarayapatna, Hassan",,,Battery Scrap,true,false,false,false,false,Scrap Dealers,Hassan,2025-05-26T12:54:21.385Z
Bashid Enterprises,B,,,"Arkalagudu Road Holenarsipur, Hassan",,,Scrap Dealers; Scrap Buyers,true,false,false,false,false,Scrap Dealers,Hassan,2025-05-26T12:54:21.385Z
Irfan scrap dealers,I,,,"Jail Ground Bm Road, Hassan",,,Scrap Dealers; Scrap Buyers,true,false,false,false,false,Scrap Dealers,Hassan,2025-05-26T12:54:21.385Z
H K Traders,H,,,"Shankarmutt Road Kr Puram Hassan, Hassan",,,Scrap Dealers; Scrap Buyers,true,false,false,false,false,Scrap Dealers,Hassan,2025-05-26T12:54:21.385Z
S S Steel,+,,,"Ring Road Salagame Road, Hassan",,,Scrap Dealers; Scrap Buyers,true,false,false,false,false,Scrap Dealers,Hassan,2025-05-26T12:54:21.385Z
Arbaz Scrap Dealer,A,,,"Ring Road Salagame Road, Hassan",,,Scrap Dealers; Scrap Buyers,true,false,false,false,false,Scrap Dealers,Hassan,2025-05-26T12:54:21.385Z
Ss Steel,S,,,"Ss Steel Ring Road, Hassan",,,Scrap Dealers; Scrap Buyers,true,false,false,false,false,Scrap Dealers,Hassan,2025-05-26T12:54:21.385Z
An Etherprises,A,,,"Channarayapatna, Hassan",,,Scrap Dealers; Scrap Buyers,true,false,false,false,false,Scrap Dealers,Hassan,2025-05-26T12:54:21.386Z
Thoufeeq Enterprise,<,4.8,3 Ratings,"B M Road Bm Road, Hassan",,09054064174,Battery Scrap; Company Authorised Dealer,true,false,false,true,true,Scrap Buyers,Hassan,2025-05-26T12:55:04.483Z
S A Enterprises,<,4.1,14 Ratings,"Bypass Road Hassan City, Hassan",,09054506825,Battery Scrap,true,false,false,false,true,Scrap Buyers,Hassan,2025-05-26T12:55:04.483Z
Bhoomika Demolition Work,<,5.0,1 Rating,"Doddavakalageri KT Street, Mysore",,09725853540,,true,false,false,false,true,Scrap Buyers,Hassan,2025-05-26T12:55:04.483Z
The BEST Polymers,<,3.9,6 Ratings,"Industrial Area Santhepet, Mysore",,08511514021,Industrial Scrap Buyers; Scrap Dealers,true,false,false,true,false,Scrap Buyers,Hassan,2025-05-26T12:55:04.483Z
Indian Steels,<,4.0,21 Ratings,"Kiadb Industrial Area Hirehali, Tumkur",,07383802862,Steel Scrap Buyers; Scrap Dealers,true,false,false,false,false,Scrap Buyers,Hassan,2025-05-26T12:55:04.483Z
Ar Car Scrap,<,3.9,18 Ratings,"Gangondanahalli Nayandahalli, Bangalore",,07041232513,Battery Scrap,true,false,false,true,true,Scrap Buyers,Hassan,2025-05-26T12:55:04.483Z
K P P Alloys,<,4.1,31 Ratings,"Laggere Road Peenya, Bangalore",,07048501049,Battery Scrap,true,false,false,true,true,Scrap Buyers,Hassan,2025-05-26T12:55:04.483Z
Aisha Enterprises,<,3.7,3 Ratings,"Mangalya Choutry Doddaballapur, Bangalore",,08734946962,Battery Scrap,true,false,false,false,false,Scrap Buyers,Hassan,2025-05-26T12:55:04.483Z
S K Enterprises,<,4.3,14 Ratings,"B Road Hubli Gavi Oni, Hubli",,09725463865,Battery Scrap,true,false,false,false,true,Scrap Buyers,Hassan,2025-05-26T12:55:04.484Z
Hindustan Traders,<,4.3,34 Ratings,"Taluk Pj Extension Davangere, Davangere",,,Battery Scrap,true,false,false,false,true,Scrap Buyers,Hassan,2025-05-26T12:55:04.484Z
Kh Enterprises,K,4.2,42 Ratings,"Mkn Road Guindy, Chennai",,08123681753,Battery Scrap,true,false,false,false,true,Scrap Buyers,Hassan,2025-05-26T12:55:04.484Z
Sri Murugan Traders,+,4.3,18 Ratings,"Aandan Koil Road Karur West, Karur",,08401748423,Battery Scrap,true,false,false,true,true,Scrap Buyers,Hassan,2025-05-26T12:55:04.484Z
Genuine Enterprises,+,2.0,4 Ratings,"Kamarajar Street Sriperumbudur, Kanchipuram",,09972361269,Battery Scrap,true,false,false,false,false,Scrap Buyers,Hassan,2025-05-26T12:55:04.484Z
Shakti Sales Corporation,+,4.1,348 Ratings,"Bethora Bypass Road Ponda, Goa",,,Plastic Scrap Dealers; Scrap Dealers,true,false,false,true,true,Scrap Buyers,Hassan,2025-05-26T12:55:04.484Z
South Indian Scrap Traders,S,4.1,99 Ratings,"Palarivattom, Ernakulam",,,Aluminium Scrap Buyers; Scrap Buyers,true,false,false,true,true,Scrap Buyers,Hassan,2025-05-26T12:55:04.484Z
A G Enterprises,A,4.0,189 Ratings,"Kudalwadi Chikhali, Pune",,,Waste Management Services; Scrap Dealers,true,false,false,true,true,Scrap Buyers,Hassan,2025-05-26T12:55:04.484Z
Shivdatta Traders,S,4.0,5 Ratings,"Bandra East, Mumbai",,09980664981,Scrap Buyers; Scrap Dealers,true,false,false,false,false,Scrap Buyers,Hassan,2025-05-26T12:55:04.484Z
Bilal Scrap,B,3.5,2 Ratings,"Kadarsha Ni Nal Nanpura, Surat",,09054398117,Battery Scrap,true,false,false,false,false,Scrap Buyers,Hassan,2025-05-26T12:55:04.484Z
Gulshan Steels Pvt.Ltd.,+,4.5,20 Ratings,"Bilaspur Road Birgaon, Raipur-Chhattisgarh",,08511109837,Scrap Dealers; Tmt Bar Dealers,true,false,true,true,true,Scrap Buyers,Hassan,2025-05-26T12:55:04.484Z
POONAM SCRAP BHANDAR,P,4.3,15 Ratings,"SANWER ROAD INDORE Sanwer Road, Indore",,08296835720,Furniture Scrap Buyers; Scrap Dealers,true,false,false,false,true,Scrap Buyers,Hassan,2025-05-26T12:55:04.484Z
SNA India Corporation,+,4.1,374 Ratings,"Talkies Road Shastri Nagar, Bhilwara",,,Scrap Dealers; Plastic Scrap Dealers,true,false,false,true,true,Scrap Buyers,Hassan,2025-05-26T12:55:04.484Z
Salvagekaro,+,5.0,20 Ratings,"Near Jagatpura Fatak Model Town, Jaipur",,08971253074,Scrap Buyers; Iron Scrap Buyers,true,false,false,false,true,Scrap Buyers,Hassan,2025-05-26T12:55:04.485Z
Mishthi Steels,+,4.1,161 Ratings,"D No 332 Koyla Nagar, Kanpur",,08128849361,Battery Scrap,true,false,true,true,true,Scrap Buyers,Hassan,2025-05-26T12:55:04.485Z
Tst Enterprises,+,4.1,110 Ratings,"Ram Vihar Road Rawatpur, Kanpur",,08128172422,Brass Scrap Buyers; Scrap Dealers,true,false,true,true,true,Scrap Buyers,Hassan,2025-05-26T12:55:04.485Z
Attero Recycling Pvt Ltd,A,4.1,260 Ratings,"Sector 64 Noida Sector 64, Noida",,08904980455,Battery Scrap,true,false,false,false,true,Scrap Buyers,Hassan,2025-05-26T12:55:04.485Z
Jumbo Waste Solutions Pvt Ltd,J,3.9,32 Ratings,"Nanak Pura-Hari Nagar, Delhi",,08147011681,Battery Scrap,true,false,false,false,false,Scrap Buyers,Hassan,2025-05-26T12:55:04.485Z
Syed Mujeeb Scrap Shop,+,4.1,7 Ratings,"AZAD Road Azad Road, Hassan",,,Battery Scrap,true,false,false,false,true,Scrap Buyers,Hassan,2025-05-26T12:55:04.485Z
Al Ameer Home Services,+,4.3,22 Ratings,"Bm Road, Hassan",,,LPG Gas Pipe Line Installation Services; Electricians,true,false,false,false,true,Scrap Buyers,Hassan,2025-05-26T12:55:04.485Z
Scrap Point,+,5.0,8 Ratings,"Hosaline Road Bm Road, Hassan",,,Scrap Dealers; Scrap Buyers,true,false,false,false,true,Scrap Buyers,Hassan,2025-05-26T12:55:04.485Z
Sk Scrap Shop,S,5.0,2 Ratings,"Channarayapattana Bagur Circle, Hassan",,,Scrap Dealers; Scrap Buyers,true,false,false,false,true,Scrap Buyers,Hassan,2025-05-26T12:55:04.485Z
Umreaz Khan Scrap Marchent,U,5.0,1 Rating,"Salagam Road Rangoli Halla, Hassan",,,Battery Scrap,false,false,false,false,true,Scrap Buyers,Hassan,2025-05-26T12:55:04.485Z
H K G N Steels,H,5.0,1 Rating,"Kote Main Road Holenarsipur, Hassan",,,Battery Scrap,true,false,false,false,true,Scrap Buyers,Hassan,2025-05-26T12:55:04.485Z
Old Iron & Plastic Shop,O,5.0,1 Rating,"VB Rd, Hassan",,,Metal Scrap Buyers; Scrap Buyers,false,false,false,false,false,Scrap Buyers,Hassan,2025-05-26T12:55:04.485Z
Scrap Point,S,5.0,1 Rating,"Hassan HO, Hassan",,,Battery Scrap,true,false,false,false,false,Scrap Buyers,Hassan,2025-05-26T12:55:04.485Z
Bilal Enterprises,B,5.0,2 Ratings,"Pampa Naagar, Chikmagalur",,,Battery Scrap,true,false,false,false,true,Scrap Buyers,Hassan,2025-05-26T12:55:04.485Z
Sri Sai Batteries,S,4.3,7 Ratings,"Kadur Chikmagalur HO, Chikmagalur",,,Battery Scrap,true,false,false,false,true,Scrap Buyers,Hassan,2025-05-26T12:55:04.485Z
Mansur Scrap And Buyers,+,5.0,1 Rating,"BM Road Kushalnagar, Coorg",,,Battery Scrap,true,false,false,false,false,Scrap Buyers,Hassan,2025-05-26T12:55:04.485Z
M S Scrap Merchant,+,5.0,2 Ratings,"B M Road Kushalnagar, Coorg",,,Scrap Buyers; Scrap Dealers,true,false,false,false,true,Scrap Buyers,Hassan,2025-05-26T12:55:04.485Z
Sapna Plastics,S,4.0,2 Ratings,"2nd Cross Yelwal, Mysore",,,Battery Scrap,true,false,false,false,true,Scrap Buyers,Hassan,2025-05-26T12:55:04.485Z
R.K.METALS,+,4.2,2 Ratings,"Industrial Area Koorgalli, Mysore",,,Scrap Buyers; Aluminium Manufacturers,true,false,false,false,true,Scrap Buyers,Hassan,2025-05-26T12:55:04.486Z
City Scrap,C,4.0,2 Ratings,"P B Road Gonikoppa, Coorg",,,Scrap Buyers,true,false,false,false,false,Scrap Buyers,Hassan,2025-05-26T12:55:04.486Z
Veena Metals,+,3.3,3 Ratings,"Hebbal Main Road Hebbal, Mysore",,,Stainless Steel Dealers; Steel Dealers,true,false,false,false,false,Scrap Buyers,Hassan,2025-05-26T12:55:04.486Z
N k ENTERPRISES,+,5.0,1 Rating,"No. 83 Metagalli, Mysore",,,Battery Scrap,true,false,false,false,true,Scrap Buyers,Hassan,2025-05-26T12:55:04.486Z
Manu Scrap Enterprise,+,5.0,1 Rating,"Gaddige Road Bogadi, Mysore",,,Battery Scrap,true,false,false,false,true,Scrap Buyers,Hassan,2025-05-26T12:55:04.486Z
Hayath Scraps,+,5.0,2 Ratings,"Telugu StBeedi Virajpet, Coorg",,,Scrap Buyers,false,false,false,false,true,Scrap Buyers,Hassan,2025-05-26T12:55:04.486Z
A G And Company,A,4.0,1 Rating,"Industrial A Layout Banni Mantap, Mysore",,,Battery Scrap,true,false,false,false,false,Scrap Buyers,Hassan,2025-05-26T12:55:04.486Z
A N Enterprises,+,4.8,9 Ratings,"CV Road Bannimantap, Mysore",,07411559121,Battery Scrap,true,false,false,false,true,Scrap Buyers,Hassan,2025-05-26T12:55:04.486Z
AGK Enterprises,A,4.0,2 Ratings,"Industrial A Layout Bannimantap, Mysore",,,Battery Scrap,true,false,false,false,false,Scrap Buyers,Hassan,2025-05-26T12:55:04.486Z
National Traders,N,4.5,1 Rating,"Cercle New Bannimantap Extension, Mysore",,,Scrap Buyers; Iron Scrap Buyers,true,false,false,false,false,Scrap Buyers,Hassan,2025-05-26T12:55:04.486Z
Old Paper and Scrap Matel Junkyard,O,5.0,1 Rating,"Next to Ganapathy Temple Bogadi, Mysore",,,Battery Scrap,true,false,false,false,true,Scrap Buyers,Hassan,2025-05-26T12:55:04.486Z
Wealth Fincorp,<,4.3,24 Ratings,"Old Bustand Road Hassan City, Hassan",,09054007051,Advisory; Investment Advisory; Portfolio Advisory,false,false,false,true,true,Registration Consultants,Hassan,2025-05-26T12:56:25.096Z
Hr Minds3,<,5.0,92 Ratings,"3rd Stage Rajarajeshwari Nagar, Bangalore",,07041827844,,true,false,true,true,true,Registration Consultants,Hassan,2025-05-26T12:56:25.097Z
Nithya Gokul Company Secretary,<,4.4,11 Ratings,"Poondurai Road Moolapalayam, Erode",,09724691632,Proprietory Firm Registration; ITR Filing,true,false,true,true,false,Registration Consultants,Hassan,2025-05-26T12:56:25.097Z
Varticles Labour Law Compliance and Management Consultancy,<,,,"St. Xavier Colony Old Goa, Goa",,08401186468,Licence,true,false,false,false,false,Registration Consultants,Hassan,2025-05-26T12:56:25.097Z
CBS STRACON PRIVATE LTD.,<,4.8,84 Ratings,"T B Junction Angamaly, Ernakulam",,,GST Return; TDS Return; Integrated Financial Accounting,true,false,false,false,true,Registration Consultants,Hassan,2025-05-26T12:56:25.097Z
M K Jain Consultant,<,,,"Vinayaga Maisty Street Sowcarpet, Chennai",,,Licence; Accounting; GST Return,true,false,false,false,false,Registration Consultants,Hassan,2025-05-26T12:56:25.097Z
Infinity Certification Services Bhopal,<,4.2,42 Ratings,"Shahpura Shahapura, Bhopal",,08401425740,GST Return; TDS Return; Income Tax Return,true,false,true,true,false,Registration Consultants,Hassan,2025-05-26T12:56:25.097Z
Estabizz Fintech Private Limited,<,,,"PDPU ROAD Gift City, Gandhinagar-Gujarat",,09035151499,Advisory; GST Return; TDS Return,true,false,false,false,false,Registration Consultants,Hassan,2025-05-26T12:56:25.097Z
Shree Balaji Associates,<,,,"Parivar Cross Road Waghodia Road, Vadodara",,07383804663,Licence; GST Return; TDS Return,true,false,false,false,false,Registration Consultants,Hassan,2025-05-26T12:56:25.098Z
Gk Consultancy,<,,,"Drive In Drive In Road, Ahmedabad",,09606404244,PAN Card; Accounting; GST Return,true,false,false,false,false,Registration Consultants,Hassan,2025-05-26T12:56:25.098Z
Sainik Suvidha Kendra,+,5.0,30 Ratings,"Rewa Road Satna Semaria Chowk, Satna",,07487086867,,true,false,false,false,true,Registration Consultants,Hassan,2025-05-26T12:56:25.098Z
TRUVISER SERVICES,+,4.5,163 Ratings,"Hazira Road Tansen Nagar, Gwalior",,,GST Return; TDS Return; Income Tax Return,true,false,false,false,false,Registration Consultants,Hassan,2025-05-26T12:56:25.098Z
Arpit Gupta & Co,+,4.1,156 Ratings,"Westend Marg Saket, Delhi",,,,true,false,false,false,true,Registration Consultants,Hassan,2025-05-26T12:56:25.098Z
Bhabhya & Bhairavi Associates Private Limited,+,,,"Futta Road Meet Nagar, Delhi",,06366951673,Personal Security Guard; Public Limited Company Registration; Licence,true,false,false,false,false,Registration Consultants,Hassan,2025-05-26T12:56:25.098Z
Advaitha Financial Services,+,4.9,44 Ratings,"Northern Extension Rangoli Halla, Hassan",,,Business Loans; Personal Loans,true,false,false,true,true,Registration Consultants,Hassan,2025-05-26T12:56:25.098Z
SS Nagesh Autolinks & Consultant,S,5.0,2 Ratings,"Bm Road Channarayapatna, Hassan",,,Motor Training,false,false,false,false,true,Registration Consultants,Hassan,2025-05-26T12:56:25.098Z
Gk Enterprises,G,5.0,2 Ratings,"Bm Road Kuvempu Nagar, Hassan",,,Property Registration Consultants; Company Registration Consultants,true,false,false,false,false,Registration Consultants,Hassan,2025-05-26T12:56:25.098Z
Sri Keishna Chaya Enterprises,S,4.5,2 Ratings,"Sri Krishna Nagar, Hassan",,,Typing Services; Registration Consultants,true,false,false,false,false,Registration Consultants,Hassan,2025-05-26T12:56:25.098Z
Adv. Devaraj. K. B.,+,,,"to Hdfc Bank Adarsha Nagara, Chikmagalur",,09980241468,Lawyers For Accident Claims; Lawyers,true,false,false,false,false,Registration Consultants,Hassan,2025-05-26T12:56:25.098Z
Pars Traders & Consultants,P,3.8,14 Ratings,"Harangi Road Kushalnagar, Coorg",,,Earthmovers On Rent-JCB; Villas On Rent,true,false,false,false,false,Registration Consultants,Hassan,2025-05-26T12:56:25.098Z
Mahadeva Swamy T N,+,,,"Srirama Extension Tarikere, Chikmagalur",,,Lawyers; Civil Lawyers,true,false,false,false,false,Registration Consultants,Hassan,2025-05-26T12:56:25.099Z
AJR Associates,A,3.6,8 Ratings,"KRS Road Hootagalli, Mysore",,,GST Return; TDS Return; Income Tax Return,true,false,false,false,false,Registration Consultants,Hassan,2025-05-26T12:56:25.099Z
Hombale Real Estate And Construction,+,4.4,58 Ratings,"2nd Phase Vijaynagar 4th Stage, Mysore",,08511371686,Estate Agents For Bungalow; Estate Agents For Residential Rental,true,false,false,true,false,Registration Consultants,Hassan,2025-05-26T12:56:25.099Z
SHREE LAKSHMI CONSTRUCTIONS & CONSULTANTS,+,4.6,31 Ratings,"2nd Phase Vijaynagar 4th Stage, Mysore",,07041311294,Residential; Building,true,false,true,true,true,Registration Consultants,Hassan,2025-05-26T12:56:25.099Z
Ashok Samrat Real Estate (Ni),+,4.4,8 Ratings,"Cross 2nd Vijaynagar 4th Stage, Mysore",,,Estate Agents For Bungalow; Estate Agents For Residential Rental,true,false,false,false,false,Registration Consultants,Hassan,2025-05-26T12:56:25.099Z
Perfect Professionals,P,3.5,11 Ratings,"9th Cross Gokulam 3rd Stage, Mysore",,,Accounting,false,false,false,false,false,Registration Consultants,Hassan,2025-05-26T12:56:25.099Z
Mr Raj,+,4.8,4 Ratings,"Street Vijaynagar Mysore, Mysore",,,Estate Agents For Commercial Rental; Estate Agents For Residential Rental,true,false,false,false,false,Registration Consultants,Hassan,2025-05-26T12:56:25.099Z
SRI Eshwari Associates,S,4.0,3 Ratings,"ROAD Vijaynagar 3rd Stage, Mysore",,,GST Return; NRI ITR Filing; TDS Return,true,false,false,false,false,Registration Consultants,Hassan,2025-05-26T12:56:25.099Z
Dinesh & Co,D,5.0,1 Rating,"KRS Main Road Gokulam 3rd Stage, Mysore",,,ITR Filing; Income Tax Return; TDS Return,true,false,false,false,false,Registration Consultants,Hassan,2025-05-26T12:56:25.099Z
Sree Mookambika Project and Financial Consultants Pvt Ltd,+,,,"7th Main Jayalakshmipuram, Mysore",,08511950280,Licence; GST Return; TDS Return,true,false,false,false,false,Registration Consultants,Hassan,2025-05-26T12:56:25.099Z
NJS Tax And HR Consultants,N,4.0,3 Ratings,"Kalidasa Road Vv Mohalla, Mysore",,08511830455,GST Return; TDS Return; Income Tax Return,true,false,false,false,false,Registration Consultants,Hassan,2025-05-26T12:56:25.099Z
NJS Tax And HR Consultants,N,4.5,12 Ratings,"Kalidasa Road Jayalakshmipuram, Mysore",,,GST Return; TDS Return; Income Tax Return,true,false,false,false,true,Registration Consultants,Hassan,2025-05-26T12:56:25.099Z
E Y & Associates,+,3.9,8 Ratings,"Valmiki Road Vv Mohalla, Mysore",,,GST Return; TDS Return; Income Tax Return,true,false,false,false,false,Registration Consultants,Hassan,2025-05-26T12:56:25.099Z
Food License Fssai Registration Consultants,F,4.2,5 Ratings,,,,Food Safety License Consultants; Fssai Registration Consultants,true,false,false,false,true,Registration Consultants,Hassan,2025-05-26T12:56:25.099Z
Sri Krishna Associates,+,3.3,10 Ratings,"5th Cross Saraswathipuram, Mysore",,,Accounting; GST Return; TDS Return,true,false,false,false,false,Registration Consultants,Hassan,2025-05-26T12:56:25.099Z
Sri Mahalakshmi Real Estate and Construction,S,4.8,6 Ratings,"Ring Road Rajarajeshwari Nagar, Mysore",,,Estate Agents For Residential Rental; Real Estate Agents,true,false,false,false,false,Registration Consultants,Hassan,2025-05-26T12:56:25.099Z
Shiva Das And Co.(N.I),S,5.0,2 Ratings,"Rammanna Street Devaraja Mohalla, Mysore",,,GST Return; TDS Return; Income Tax Return,false,false,false,false,false,Registration Consultants,Hassan,2025-05-26T12:56:25.100Z
Stamp Vender,S,5.0,2 Ratings,"Margroad Gubbi, Tumkur",,,Registration Consultants,true,false,false,false,false,Registration Consultants,Hassan,2025-05-26T12:56:25.100Z
Chandra Associates,+,3.3,6 Ratings,"Subbaiah Road Chamaraja Mohalla, Mysore",,,Industrial; Building,true,false,false,false,false,Registration Consultants,Hassan,2025-05-26T12:56:25.100Z
Akshaya Properties,A,4.0,1 Rating,"Bullet Showroom Kuvempunagar, Mysore",,,Estate Agents For Residential Rental; Real Estate Agents,true,false,false,false,false,Registration Consultants,Hassan,2025-05-26T12:56:25.100Z
Trin Trin Registration Centre,T,4.1,65 Ratings,"Dr Br Ambedkar Road Lakshmipuram, Mysore",,,Registration Consultants,false,false,false,false,true,Registration Consultants,Hassan,2025-05-26T12:56:25.100Z
S S Properties,S,,,"Patil Complex Agrahara, Mysore",,,Car Loans; Personal Loans,true,false,false,false,false,Registration Consultants,Hassan,2025-05-26T12:56:25.100Z
Vidyaranya Consultancy Services Pvt Ltd,V,4.0,2 Ratings,"Mysore Ramanuja Road, Mysore",,,GST Return; TDS Return; Income Tax Return,true,false,false,true,false,Registration Consultants,Hassan,2025-05-26T12:56:25.100Z
C& C Associates Auditor and Tax Consultants,C,4.9,40 Ratings,"Chamundeshwari Nagar Mandya, Mandya",,,GST Return; TDS Return; Income Tax Return,true,false,false,false,true,Registration Consultants,Hassan,2025-05-26T12:56:25.100Z
Brunda Associates Mysore & Banglore,B,,,"No 212 Ground Floor J P Nagar, Mysore",,,GST Return; TDS Return; Income Tax Return,true,false,false,false,false,Registration Consultants,Hassan,2025-05-26T12:56:25.100Z
BTB & CO.,+,4.3,7 Ratings,"Railway Station Road SS Puram, Tumkur",,,Licence; GST Return; TDS Return,true,false,false,false,false,Registration Consultants,Hassan,2025-05-26T12:56:25.100Z
Narasimha Developers,+,4.1,24 Ratings,"Puram Main Road SS Puram, Tumkur",,08128946074,,true,false,false,false,true,Registration Consultants,Hassan,2025-05-26T12:56:25.100Z
Sri Balaji Properties,S,4.0,2 Ratings,"Matru Chaya Rajendra Nagar, Shimoga",,,Real Estate Agents; Estate Agents For Residential Rental,true,false,false,false,false,Registration Consultants,Hassan,2025-05-26T12:56:25.100Z
Biju K V & Biji N V,B,3.4,7 Ratings,"Mattannur Iritty Road Mattannur, Kannur",,,Registration Consultants; CST Registration Consultants,true,false,false,false,false,Registration Consultants,Hassan,2025-05-26T12:56:25.100Z
M2 ASSOCIATES,+,4.8,14 Ratings,"Mathamangalam, Kannur",,,Advisory; GST Return; TDS Return,true,false,false,false,true,Registration Consultants,Hassan,2025-05-26T12:56:25.100Z
Brahmari Associates,B,5.0,4 Ratings,"Jarigekatte Circle Mundkur, Udupi",,,GST Return; TDS Return; Income Tax Return,true,false,false,false,false,Registration Consultants,Hassan,2025-05-26T12:56:25.100Z
Taxxmate Tax & Management Consultant,T,4.8,13 Ratings,"Chervathur, Kasaragod",,,Tax Consultants; Accounting Services,true,false,false,false,false,Registration Consultants,Hassan,2025-05-26T12:56:25.100Z
Happy To Helps You,H,5.0,1 Rating,"Pazhassi Raja Nagar Mattannur, Kannur",,,Registration Consultants; Tutorials,true,false,false,false,true,Registration Consultants,Hassan,2025-05-26T12:56:25.100Z
Kndc and Associates LLP,K,4.7,37 Ratings,"GHS Road Hampankatta, Mangalore",,,Licence; GST Return; TDS Return,true,false,false,true,false,Registration Consultants,Hassan,2025-05-26T12:56:25.100Z
SKYWINGS TRAVELS AND SERVICES,+,,,"-Old Bunder State Bank Road, Mangalore",,09035037144,Name Change; Licence; PAN Card,true,false,false,false,false,Registration Consultants,Hassan,2025-05-26T12:56:25.101Z
Gendesk Solutions LLP,G,5.0,1 Rating,"Trikaripur Trikarpur, Kasaragod",,,Affidavit Consultants; Online Passport Agents,true,false,false,false,false,Registration Consultants,Hassan,2025-05-26T12:56:25.101Z
Muhammad And Associates Chartered Accountants,M,4.9,48 Ratings,"Near Keloth Juma Masjid payyanur, Kannur",,,GST Return; TDS Return; Income Tax Return,true,false,false,false,true,Registration Consultants,Hassan,2025-05-26T12:56:25.101Z
Shreeshaila Mallikarjuna Computers,S,3.6,35 Ratings,"Nyamthi, Davangere",,,Typing Services; Real Estate Agents,true,false,false,false,false,Registration Consultants,Hassan,2025-05-26T12:56:25.101Z
Manju Consultancy,+,3.5,12 Ratings,"Road Chitradurga Fort, Chitradurga",,,Licence; GST Return; TDS Return,true,false,false,false,false,Registration Consultants,Hassan,2025-05-26T12:56:25.101Z
Nature's Temple Homes,N,5.0,1 Rating,"Bappanadu Mulky, Mangalore",,,Estate Agents For Residential Rental; Real Estate Agents,true,false,false,false,false,Registration Consultants,Hassan,2025-05-26T12:56:25.101Z
Benchmark Business Solutions,+,,,"Road Civil Station Kannur, Kannur",,,Licence,true,false,false,false,false,Registration Consultants,Hassan,2025-05-26T12:56:25.102Z
Vanaja Services,V,5.0,4 Ratings,"Kengeri Kumbalgodu, Bangalore",,,GST Return; TDS Return; Income Tax Return,true,false,false,false,false,Registration Consultants,Hassan,2025-05-26T12:56:25.103Z
Sri Devi Durga Links,S,4.5,4 Ratings,"Amasebail Road Siddapura, Udupi",,,Corporate Companies; Registration Consultants,true,false,false,false,false,Registration Consultants,Hassan,2025-05-26T12:56:25.103Z
Woodrock Projects,+,5.0,2 Ratings,"Sannidhan Road Kannur HO, Kannur",,,Property Consultants; Real Estate Agents,true,false,false,false,false,Registration Consultants,Hassan,2025-05-26T12:56:25.103Z
Dattatreya Consultancy,D,3.5,2 Ratings,"Nagar Vishweshwaraiah Layout, Bangalore",,,Verification For Documents,true,false,false,false,false,Registration Consultants,Hassan,2025-05-26T12:56:25.103Z
Sri Ranga Enterprises,S,5.0,4 Ratings,"No.6/2 Sln Complex Kengeri, Bangalore",,,Property Registration Consultants; Registration Consultants,true,false,false,false,false,Registration Consultants,Hassan,2025-05-26T12:56:25.103Z
Sumukha Management Consultants,S,4.3,3 Ratings,"18th Cross Road Gnanabharathi, Bangalore",,,GST Registration Consultants; Tax Consultants,true,false,false,false,false,Registration Consultants,Hassan,2025-05-26T12:56:25.104Z
Startwala,S,4.7,3 Ratings,"3rd Main Road Global Village, Bangalore",,,Accounting; GST Return; TDS Return,true,false,false,false,false,Registration Consultants,Hassan,2025-05-26T12:56:25.104Z
Cs Lukman Sadhik,C,4.6,8 Ratings,"KARINCHERY Madakkimala, Wayanad",,,Llp Registration Consultants; Business Management Consultants,true,false,false,false,false,Registration Consultants,Hassan,2025-05-26T12:56:25.104Z
Expeditious Associates,+,5.0,6 Ratings,"College Main Road Chikbanavara, Bangalore",,,Licence; Advisory; Investment Advisory,true,false,false,false,false,Registration Consultants,Hassan,2025-05-26T12:56:25.104Z
Sampreeth Associates,S,5.0,1 Rating,"Gundibail Ambagilu, Udupi",,,GST Return; NRI ITR Filing; TDS Return,true,false,false,false,false,Registration Consultants,Hassan,2025-05-26T12:56:25.104Z
Rajaram And Company,R,3.4,8 Ratings,"11th Block Nagarbhavi 2nd Stage, Bangalore",,,Licence; Accounting; GST Return,true,false,false,false,false,Registration Consultants,Hassan,2025-05-26T12:56:25.104Z
Mr Bettegowda,+,3.7,19 Ratings,"BDA Complex . Nagarbhavi, Bangalore",,,Public Notary,true,false,false,false,false,Registration Consultants,Hassan,2025-05-26T12:56:25.104Z
Rajiv Vinayak And Co,R,5.0,1 Rating,"Main Road Sunkadakatte, Bangalore",,,GST Return; TDS Return; Income Tax Return,true,false,false,false,false,Registration Consultants,Hassan,2025-05-26T12:56:25.104Z
SK Enterprises,S,4.5,1 Rating,"T Dasarahalli, Bangalore",,,ITR Filing,false,false,false,false,false,Registration Consultants,Hassan,2025-05-26T12:56:25.104Z
Nithya Hs & Co,+,4.8,43 Ratings,"560058 Peenya 3rd Stage, Bangalore",,,Accounting; GST Return; TDS For NRI,true,false,false,false,false,Registration Consultants,Hassan,2025-05-26T12:56:25.104Z
Rrg and Associates,R,4.7,7 Ratings,"S Ramesh Road T Dasarahalli, Bangalore",,,Wheel Chair Accessible Entrance And Exit; Accounting; GST Return,true,false,false,false,false,Registration Consultants,Hassan,2025-05-26T12:56:25.104Z
Taxcube Auditors And Tax Practitioners,T,4.8,10 Ratings,"No.40A Hill Tower Kalpetta, Wayanad",,,Accounting; GST Return; NRI ITR Filing,true,false,false,false,true,Registration Consultants,Hassan,2025-05-26T12:56:25.104Z
Nutan C K and Associates,+,4.7,6 Ratings,"Prashant Nagar, Bangalore",,,Accounting; GST Return; NRI ITR Filing,true,false,false,false,true,Registration Consultants,Hassan,2025-05-26T12:56:25.104Z
Yeusher Business Consultants,Y,4.0,2 Ratings,"Mahalakshmi Layout Chord Road, Bangalore",,,GST Return; TDS Return; Income Tax Return,false,false,false,false,false,Registration Consultants,Hassan,2025-05-26T12:56:25.104Z
Prasanna Kumar C And Co,P,5.0,4 Ratings,"RPC Layout Vijayanagar, Bangalore",,,Tax Consultants; GST Registration Consultants,true,false,false,false,false,Registration Consultants,Hassan,2025-05-26T12:56:25.104Z
Sankya Associates Pvt Ltd,+,5.0,1 Rating,"7th Block Banashankari 3rd Stage, Bangalore",,,Accounting,true,false,false,false,true,Registration Consultants,Hassan,2025-05-26T12:56:25.104Z
Bvs Real Estate And Land Developers And Builders,+,,,"2nd Stage Bm Road, Hassan",,,Estate Agents For Land; Real Estate Agents,true,false,false,false,false,Registration Consultants,Hassan,2025-05-26T12:56:25.104Z
Goyal & Associates,G,,,"14 Main Market Hagare, Hassan",,,Registration Consultants,true,false,false,false,false,Registration Consultants,Hassan,2025-05-26T12:56:25.104Z
Shivanna Real Estes,+,,,"Near Matha College Vivekanagara, Hassan",,,Real Estate Agents; Estate Agents For Residential Rental,true,false,false,false,false,Registration Consultants,Hassan,2025-05-26T12:56:25.105Z
Auditor & Tax Consultants,A,,,"Road Jyothinagar Chikmagalur, Chikmagalur",,,GST Return; TDS Return; Income Tax Return,true,false,false,false,false,Registration Consultants,Hassan,2025-05-26T12:56:25.105Z
Ashraya Consultancy,A,,,"Jyothi Nagar Chikmagalur, Chikmagalur",,,Business Consultants; Registration Consultants,false,false,false,false,false,Registration Consultants,Hassan,2025-05-26T12:56:25.105Z
Vijay & Associates,V,,,"1 Main Market, Chikmagalur",,,Registration Consultants,true,false,false,false,false,Registration Consultants,Hassan,2025-05-26T12:56:25.105Z
Mohan & Mohan Legal & Tax Consultant,M,,,"IB Road Kushalnagar, Coorg",,,Tax Consultants; Lawyers,true,false,false,false,false,Registration Consultants,Hassan,2025-05-26T12:56:25.105Z
Goyal & Associates,G,,,"8 Main Market, Chikmagalur",,,Registration Consultants,true,false,false,false,false,Registration Consultants,Hassan,2025-05-26T12:56:25.105Z
Goyal & Associates,G,,,"23 Main Market, Tumkur",,,Registration Consultants,true,false,false,false,false,Registration Consultants,Hassan,2025-05-26T12:56:25.105Z
Padmanabha V & Associates,P,,,"Main Road Lokanayakanagara, Mysore",,,GST Return; TDS Return; Income Tax Return,true,false,false,false,false,Registration Consultants,Hassan,2025-05-26T12:56:25.105Z
Perfect Perfessionals,P,,,"9th Cross Gokulam 3rd Stage, Mysore",,,Accounting,true,false,false,false,false,Registration Consultants,Hassan,2025-05-26T12:56:25.105Z
Benaka Groups,+,,,"Chennaiah Road Janatha Nagar, Mysore",,,Estate Agents For Residential Rental; Real Estate Agents,true,false,false,false,false,Registration Consultants,Hassan,2025-05-26T12:56:25.105Z
MS Legal Associates,M,,,"Bava Road Mysore Ho, Mysore",,,Licence,false,false,false,false,false,Registration Consultants,Hassan,2025-05-26T12:56:25.105Z
Yellow Books,Y,,,"16th Main Saraswathipuram, Mysore",,,NOC; Licence; Accounting,true,false,false,false,false,Registration Consultants,Hassan,2025-05-26T12:56:25.105Z
Mithra Law Associates,M,,,"Nrupatunga Road Kuvempunagar, Mysore",,,Lawyers; Registration Consultants,true,false,false,false,false,Registration Consultants,Hassan,2025-05-26T12:56:25.105Z
M N Dharnivenkatesh,M,,,"KT Street, Mysore",,,Property Registration Consultants; Registration Consultants,true,false,false,false,false,Registration Consultants,Hassan,2025-05-26T12:56:25.105Z
Unique Property Management Services,+,,,"Ali Miyan Road Rajivnagar, Mysore",,,Property Consultants; Lawyers,true,false,false,false,false,Registration Consultants,Hassan,2025-05-26T12:56:25.105Z
pruthvi law associate,p,,,"Chamaraja Double Road Kr Mohalla, Mysore",,,Public Notary,true,false,false,false,false,Registration Consultants,Hassan,2025-05-26T12:56:25.105Z
Lakshya Coaching Center,<,4.6,14 Ratings,"Near Mazjid Kr Puram Hassan, Hassan",,08460411701,Language Classes For English; Tutorials,true,true,false,true,true,Tutorials,Hassan,2025-05-26T12:58:27.821Z
Malnad Coaching Centre Mcc,<,4.8,474 Ratings,"Channapatna Housing Board Colony, Hassan",,08401060336,Tally Training Institutes; Correspondence Education,true,true,true,true,true,Tutorials,Hassan,2025-05-26T12:58:27.822Z
Akshara Academy,<,4.7,84 Ratings,"Ring Road Vidyanagar Hassan, Hassan",,09724214171,Counselling Sessions; Support Classes; CCTV Camera,true,true,false,true,true,Tutorials,Hassan,2025-05-26T12:58:27.822Z
Kalike Montessori School,<,4.7,6 Ratings,"11th Cross Kuvempu Nagar, Hassan",,08460492331,,true,true,false,true,true,Tutorials,Hassan,2025-05-26T12:58:27.822Z
Simhasana Ias Training Institute,<,4.8,49 Ratings,"SALAGAME Road Salagame Road, Hassan",,08460397287,Tutorials; Language Classes For English,true,true,false,false,true,Tutorials,Hassan,2025-05-26T12:58:27.822Z
Param V Academy P U College,<,3.5,2 Ratings,"Param V Academy Salagame Road, Hassan",,08128730639,Colleges; PU Colleges,true,true,false,false,false,Tutorials,Hassan,2025-05-26T12:58:27.822Z
Saraswathi English Coaching Centre & Samkrutha Bhavan,<,3.8,10 Ratings,"Arale Katte Circle Aralepet, Hassan",,,Tutorials For Class XII; Tutorials,true,true,false,false,true,Tutorials,Hassan,2025-05-26T12:58:27.822Z
Vidhyakashi Jee and Neet Academy,<,5.0,399 Ratings,"Channapatna Extension, Hassan",,09035217433,Tutorials; CET Tutorials,true,true,true,true,true,Tutorials,Hassan,2025-05-26T12:58:27.822Z
C K Academy And C K Book House,<,5.0,4 Ratings,"Race Course Road Rangoli Halla, Hassan",,,Tutorials; Language Classes For English Conversation,true,true,false,false,true,Tutorials,Hassan,2025-05-26T12:58:27.822Z
Power Indian Academy,<,4.8,27 Ratings,"Prathime Gowri Koppalu, Hassan",,,Tutorials; Institutes,true,true,false,false,true,Tutorials,Hassan,2025-05-26T12:58:27.822Z
Akshar Study Center,A,5.0,11 Ratings,"Laxmipura Arsikere, Hassan",,,Tutorials; CET Tutorials,true,true,false,false,true,Tutorials,Hassan,2025-05-26T12:58:27.822Z
Akshara Book House,+,4.3,586 Ratings,"Shankarmatt Road Kr Puram Hassan, Hassan",,,Home Delivery,true,true,false,false,true,Tutorials,Hassan,2025-05-26T12:58:27.822Z
Malnad Computer Education,M,4.7,401 Ratings,"Bm Road, Hassan",,,Tutorials,true,true,false,false,true,Tutorials,Hassan,2025-05-26T12:58:27.822Z
Achievers Academy,+,4.8,391 Ratings,"Bhagadare Kopalu Hemavathinagar, Hassan",,,Mock Tests,true,true,false,false,true,Tutorials,Hassan,2025-05-26T12:58:27.822Z
Aakash Institute,+,4.5,241 Ratings,"Ring Road Hassan City, Hassan",,,Tutorials; Institutes,true,true,false,false,true,Tutorials,Hassan,2025-05-26T12:58:27.822Z
Daksha Coaching Centre,+,5.0,204 Ratings,"Rp Road Avk College Road, Hassan",,,Educational Institutes; Tutorials,true,true,false,false,true,Tutorials,Hassan,2025-05-26T12:58:27.822Z
Paatshala Neet Academy Hassan,+,4.8,193 Ratings,"Hoysalanagar Main Road Bm Road, Hassan",,,AC Classrooms,true,true,false,false,true,Tutorials,Hassan,2025-05-26T12:58:27.822Z
Ignus,+,4.6,129 Ratings,"Mutt Road Kr Puram Hassan, Hassan",,,Tutorials For Biology; Tutorials,true,true,false,false,true,Tutorials,Hassan,2025-05-26T12:58:27.822Z
Hassanamba Coaching Academy,+,4.6,66 Ratings,"Chanpatna Road Bm Road, Hassan",,,Tutorials; CET Tutorials,true,true,false,false,true,Tutorials,Hassan,2025-05-26T12:58:27.823Z
Quark Academy,+,4.7,61 Ratings,"K.R Puram Kr Puram Hassan, Hassan",,,Tutorials For Class X; Tutorials,true,true,false,false,true,Tutorials,Hassan,2025-05-26T12:58:27.823Z
Pcon Cadd Center,P,4.9,46 Ratings,"Dr Lohia Road Vidhya Nagar, Hassan",,,Education Consultants; Computer Training Institutes,true,true,false,false,true,Tutorials,Hassan,2025-05-26T12:58:27.823Z
Bhagat Coaching Center,B,4.9,40 Ratings,"Road Harshamahal Road, Hassan",,,Education Consultants; Tutorials,true,true,false,false,true,Tutorials,Hassan,2025-05-26T12:58:27.823Z
Viveka Bureau For Competitive Exams,V,4.4,44 Ratings,"Hassan HO, Hassan",,,Tutorials; Competitive Exam Tutorials,true,true,false,false,true,Tutorials,Hassan,2025-05-26T12:58:27.823Z
Ecad Eduvin Tech Solution,+,4.6,30 Ratings,"Salagame Road, Hassan",,,3D Animation Training Institutes; Tutorials,true,true,false,false,true,Tutorials,Hassan,2025-05-26T12:58:27.823Z
Venus Cricket Club,V,4.2,27 Ratings,"Race Race Course Road Hassan, Hassan",,,Tutorials,false,true,false,false,false,Tutorials,Hassan,2025-05-26T12:58:27.823Z
Vistaara Academy,+,4.8,19 Ratings,"Vidhya Nagar Vidyanagar Hassan, Hassan",,,Tutorials,true,true,false,false,false,Tutorials,Hassan,2025-05-26T12:58:27.823Z
Jai Jawan Defence Training Academy,+,4.8,18 Ratings,"Thattekere Northern Extension, Hassan",,,Tutorials; Online Tutorials,true,true,false,false,true,Tutorials,Hassan,2025-05-26T12:58:27.823Z
Adityaa Coaching Academy,+,4.8,15 Ratings,"Pura Krishnaraja Pura, Hassan",,,Tutorials; CET Tutorials,true,true,false,false,true,Tutorials,Hassan,2025-05-26T12:58:27.823Z
Sujala Pre-University College,+,4.2,17 Ratings,"Apoorva Hotel Road Rangoli Halla, Hassan",,,Colleges; PU Colleges,true,true,false,false,true,Tutorials,Hassan,2025-05-26T12:58:27.823Z
Bright Coaching Centre,+,4.8,12 Ratings,"Aralikatte Road Salagame Road, Hassan",,,Tutorials; Competitive Exam Tutorials,true,true,false,false,true,Tutorials,Hassan,2025-05-26T12:58:27.823Z
Parthiv Enterprises Skill Development Free Traing Center Arasikere,P,4.8,11 Ratings,"Rudragudi Road Arsikere, Hassan",,,Tutorials,false,true,false,false,true,Tutorials,Hassan,2025-05-26T12:58:27.823Z
Topper'S Neet Coaching Academy,T,4.7,7 Ratings,"Salagame Road Pwd Colony, Hassan",,,Tutorials,false,true,false,false,false,Tutorials,Hassan,2025-05-26T12:58:27.823Z
Navodaya Coaching Center By Navodaya Mohan Sir,+,5.0,6 Ratings,"Station Road Holenarasipur, Hassan",,,Tutorials; Educational Institutes,true,true,false,false,true,Tutorials,Hassan,2025-05-26T12:58:27.823Z
Sufii Coaching Academy,S,4.0,7 Ratings,"Mosque Road Hosaline Road, Hassan",,,Tutorials,false,true,false,false,false,Tutorials,Hassan,2025-05-26T12:58:27.823Z
Plus One Maths & Science Academy,+,4.8,4 Ratings,"Lakshmi Nilaya, Hassan",,,Tutorials,true,true,false,false,false,Tutorials,Hassan,2025-05-26T12:58:27.823Z
Paatshala neet Academy,+,4.5,4 Ratings,"Shankarmutt Road Kr Puram Hassan, Hassan",,,Online Tutorials; Tutorials,true,true,false,false,true,Tutorials,Hassan,2025-05-26T12:58:27.823Z
My Gurukul By Shruti V Pandey,M,4.5,4 Ratings,"Extension Arsikere, Hassan",,,Educational Institutes; Tutorials,true,true,false,false,true,Tutorials,Hassan,2025-05-26T12:58:27.823Z
Vidyavardhini Tutorial,V,4.5,4 Ratings,"Megalakeri Channarayapatna, Hassan",,,Home Tutors; Tutorials,true,true,false,false,true,Tutorials,Hassan,2025-05-26T12:58:27.823Z
Profound Tutors,P,4.5,4 Ratings,"Mg Road, Hassan",,,Tutorials,false,true,false,false,false,Tutorials,Hassan,2025-05-26T12:58:27.823Z
Vidyarth Neet Accademy,+,4.3,4 Ratings,"Hosaline Road Saraswathi Puram, Hassan",,,Tutorials; Tutorials For Class X,true,true,false,false,true,Tutorials,Hassan,2025-05-26T12:58:27.823Z
Team Leader,+,3.9,4 Ratings,"Bulding 2nd Floor Salagame Road, Hassan",,,Computer Training Institutes; Tutorials,true,true,false,false,false,Tutorials,Hassan,2025-05-26T12:58:27.823Z
Krishik Sarvodaya Foundation,K,4.6,3 Ratings,"Salagame Road, Hassan",,,Tutorials; Tutorials For Civil Service Exam,true,true,false,false,false,Tutorials,Hassan,2025-05-26T12:58:27.823Z
S S Smart Study Centre,S,4.3,3 Ratings,"Race Course Road Rangoli Halla, Hassan",,,Tutorials,true,true,false,false,false,Tutorials,Hassan,2025-05-26T12:58:27.823Z
Snmn Academy,S,4.3,3 Ratings,"Ammeer Mohalla Ammeer Mohalla, Hassan",,,Education Consultants; Tutorials,true,true,false,false,false,Tutorials,Hassan,2025-05-26T12:58:27.823Z
Pooja G M,P,4.3,3 Ratings,"Beekanahalli, Hassan",,,Tutorials,false,true,false,false,false,Tutorials,Hassan,2025-05-26T12:58:27.823Z
Raghu H N,R,4.0,3 Ratings,"Pete Uppar Street Holenarsipur, Hassan",,,Tutorials,true,true,false,false,false,Tutorials,Hassan,2025-05-26T12:58:27.823Z
Adityaa coaching Academy,+,3.7,3 Ratings,"Gokul Hotel Road Hassan City, Hassan",,,Tutorials; CET Tutorials,true,true,false,false,false,Tutorials,Hassan,2025-05-26T12:58:27.823Z
V2 Simhaasana Ias Coaching Centre,+,5.0,2 Ratings,"Road Circle Salagame Road, Hassan",,,Language Classes For English Conversation; Tutorials,true,true,false,false,true,Tutorials,Hassan,2025-05-26T12:58:27.823Z
Gnana bindhu coaching center,G,4.5,2 Ratings,"Hassan City, Hassan",,,Tutorials,true,true,false,false,false,Tutorials,Hassan,2025-05-26T12:58:27.824Z
New Inspiro Computer Training Education Academy,+,4.0,2 Ratings,"Avk College Road, Hassan",,,Tally Training Institutes; Tutorials,true,true,false,false,false,Tutorials,Hassan,2025-05-26T12:58:27.824Z
Power Indian Tutorial,+,4.0,2 Ratings,"Gowri Koppalu, Hassan",,,Tutorials,false,true,false,false,false,Tutorials,Hassan,2025-05-26T12:58:27.824Z
V G Tuitions,V,4.0,2 Ratings,"Rangoli Halla Kr Puram Hassan, Hassan",,,Tutorials,true,true,false,false,false,Tutorials,Hassan,2025-05-26T12:58:27.824Z
Kadir Coaching Centre,K,4.0,2 Ratings,"B Katihalli, Hassan",,,Tutorials,true,true,false,false,false,Tutorials,Hassan,2025-05-26T12:58:27.824Z
Genius Academy,G,4.0,2 Ratings,"Jaya Nagar Ring Road, Hassan",,,Tutorials,false,true,false,false,false,Tutorials,Hassan,2025-05-26T12:58:27.824Z
Jai Jawan Defense Training & Coaching Academy,J,4.0,2 Ratings,"Haluvaggilu Road, Hassan",,,Tutorials,false,true,false,false,false,Tutorials,Hassan,2025-05-26T12:58:27.824Z
Infinite Learning System,I,4.0,2 Ratings,"Mata Road Eastern Extension, Hassan",,,Tutorials; Institutes,false,true,false,false,false,Tutorials,Hassan,2025-05-26T12:58:27.824Z
Bgs Study Centre,+,3.0,2 Ratings,"Mg Road Hassan, Hassan",,,Tutorials; Competitive Exam Tutorials,true,true,false,false,false,Tutorials,Hassan,2025-05-26T12:58:27.824Z
Yashaswi Coaching Classes,+,5.0,1 Rating,"Salgame Road Salagame Road, Hassan",,,Tutorials For Jnvst; Colleges,true,true,false,false,true,Tutorials,Hassan,2025-05-26T12:58:27.824Z
Harithsa Tutorials,H,5.0,1 Rating,"Bm Road, Hassan",,,Tutorials,true,true,false,false,false,Tutorials,Hassan,2025-05-26T12:58:27.824Z
genius academy,+,5.0,1 Rating,"Hassan City, Hassan",,,Tutorials,true,true,false,false,false,Tutorials,Hassan,2025-05-26T12:58:27.824Z
Sri Nandan Academy,S,4.5,1 Rating,"AVK Bus Stand Road Hassan, Hassan",,,Tutorials; Tutorials For Jnvst,true,true,false,false,true,Tutorials,Hassan,2025-05-26T12:58:27.824Z
Deeksha correspondence college,D,4.0,1 Rating,"Pete Main Road Holenarsipur, Hassan",,,Tutorials,true,true,false,false,false,Tutorials,Hassan,2025-05-26T12:58:27.824Z
Adokshaja Coaching Centre ( ISEA ),+,3.0,1 Rating,"5 Th Cross Kuvempu Nagar, Hassan",,,Tutorials; Competitive Exam Tutorials,true,true,false,false,false,Tutorials,Hassan,2025-05-26T12:58:27.824Z
Bds Neet Coaching,+,4.0,2 Ratings,"Neelambika Roadbye Pass Road, Chikmagalur",,,Tutorials,true,true,false,false,false,Tutorials,Hassan,2025-05-26T12:58:27.824Z
Sai Angels Education Institutions,+,4.5,212 Ratings,"Sirgapura, Chikmagalur",,,Hostel Facility,true,true,false,false,true,Tutorials,Hassan,2025-05-26T12:58:27.824Z
Asrama Foundation,A,4.5,4 Ratings,"Hassan Road Tiptur, Tumkur",,,Tutorials; Tutorials For HRD,true,true,false,false,false,Tutorials,Hassan,2025-05-26T12:58:27.824Z
Sri Sai Academy,+,4.6,5 Ratings,"K M Road Chikmagalur City, Chikmagalur",,07041454087,Tutorials; Competitive Exam Tutorials,true,true,false,true,true,Tutorials,Hassan,2025-05-26T12:58:27.824Z
Yuva An Svgh Education Trust Initiative,Y,4.5,41 Ratings,"Gavanahalli Village Gavanahalli, Chikmagalur",,,Tutorials; Tutorials For Hotel Management Entrance Examination,true,true,false,false,true,Tutorials,Hassan,2025-05-26T12:58:27.824Z
SVP Aakash College,+,3.3,5 Ratings,"BH Road Tiptur, Tumkur",,,Junior Colleges; Colleges,true,true,false,false,false,Tutorials,Hassan,2025-05-26T12:58:27.824Z
Sri sai academy,S,5.0,1 Rating,"Mg  Road MG Road Chikmagalur, Chikmagalur",,,Tutorials For Sslc English; Tutorials,true,true,false,false,true,Tutorials,Hassan,2025-05-26T12:58:27.824Z
Tally Institute & Training Centre,T,4.7,7 Ratings,"Basavanahalli Main Road, Chikmagalur",,,Tutorials; Institutes,true,true,false,false,true,Tutorials,Hassan,2025-05-26T12:58:27.825Z
Ss Pre University College,S,4.4,46 Ratings,"Tiptur, Tumkur",,,Educational Institutes; Colleges,true,true,false,false,true,Tutorials,Hassan,2025-05-26T12:58:27.825Z
Sathya Institution,S,4.7,7 Ratings,"Road MG Road Chikmagalur, Chikmagalur",,,Tutorials For BE; Colleges,true,true,false,true,true,Tutorials,Hassan,2025-05-26T12:58:27.825Z
Sk Computer Education and It Service Centre,+,4.7,42 Ratings,"Coronation Road Tiptur, Tumkur",,,Tally Training Institutes; Colleges,true,true,false,false,true,Tutorials,Hassan,2025-05-26T12:58:27.825Z
Comet Career Solutions,+,4.7,31 Ratings,"PCARD Bank Building Joythinagar, Chikmagalur",,,Tutorials; CET Tutorials,true,true,false,false,true,Tutorials,Hassan,2025-05-26T12:58:27.825Z
Himalayaa Academy,+,4.0,2 Ratings,"MG Road Chikmagalur, Chikmagalur",,,Educational Institutes; Tutorials,true,true,false,false,false,Tutorials,Hassan,2025-05-26T12:58:27.825Z
Dn Tuition Centre,D,4.8,13 Ratings,"Tiptur, Tumkur",,,Tutorials; CBSE Tutorials,false,true,false,false,true,Tutorials,Hassan,2025-05-26T12:58:27.825Z
Comet Career Solutions,C,4.7,31 Ratings,"MG Road Vijayapuram Chikmagalur, Chikmagalur",,,Tutorials; Competitive Exam Tutorials,true,true,false,false,true,Tutorials,Hassan,2025-05-26T12:58:27.825Z
Shreyas Tutorials,S,4.0,2 Ratings,"Vijayapura, Chikmagalur",,,Tutorials,false,true,false,false,false,Tutorials,Hassan,2025-05-26T12:58:27.825Z
Harish Pu College,H,3.5,2 Ratings,"Mudigere Road Mudigere, Chikmagalur",,08460400115,Tutorials; CET Tutorials,true,true,false,false,false,Tutorials,Hassan,2025-05-26T12:58:27.825Z
Aruni Tuition Centre,A,4.6,5 Ratings,,,,Tutorials,true,true,false,false,false,Tutorials,Hassan,2025-05-26T12:58:27.825Z
Nalanda English Medium CBSE School and Residential Pu College,+,4.5,75 Ratings,"Vidyanagar Mudigere, Chikmagalur",,08460388332,Hostel Facility; CCTV Camera; First Aid Kit,true,true,false,false,true,Tutorials,Hassan,2025-05-26T12:58:27.825Z
Suhail Sir,S,4.5,4 Ratings,"Halaganahalli Halaganahalli, Mysore",,,Tutorials,false,true,false,false,false,Tutorials,Hassan,2025-05-26T12:58:27.825Z
Premavani Villa,+,4.8,16 Ratings,"Honnavara, Mandya",,,Tutorials,false,true,false,false,false,Tutorials,Hassan,2025-05-26T12:58:27.825Z
S R Service Centre,S,4.0,2 Ratings,"No 15 K M Road, Chikmagalur",,,Tutorials,true,true,false,false,false,Tutorials,Hassan,2025-05-26T12:58:27.825Z
Sri Sai Tutorials,S,5.0,2 Ratings,"N H 206 Kadur, Chikmagalur",,,Tutorials; Tutorials For Class XII,true,true,false,false,true,Tutorials,Hassan,2025-05-26T12:58:27.825Z
Preetham Tuitions,P,5.0,1 Rating,"Garvale Road Madapur Madikeri, Coorg",,,Home Tutors; Tutorials,false,true,false,false,true,Tutorials,Hassan,2025-05-26T12:58:27.825Z
Sahyadri Tutorials,S,4.0,2 Ratings,"Doddapete Kadur, Chikmagalur",,,Tutorials; Maths Tutorials,true,true,false,false,true,Tutorials,Hassan,2025-05-26T12:58:27.825Z
Merchant Navy Selection Academy,M,4.9,7 Ratings,"Turuvekere, Tumkur",,,Tutorials; Training Centres,false,true,false,false,true,Tutorials,Hassan,2025-05-26T12:58:27.825Z
Talent Tuition Center,T,4.5,4 Ratings,"2nd Cross Road Krishnarajanagara, Mysore",,,Tutorials,false,true,false,false,false,Tutorials,Hassan,2025-05-26T12:58:27.825Z
Excel Pre University College - Guruvayanakere Mangalore,+,4.5,19 Ratings,"Guruvayanakere Belthangady Ujire, Dharmasthala",,08460402284,Tutorials; Neet Tutorials,true,true,false,true,true,Tutorials,Hassan,2025-05-26T12:58:27.825Z
Wisdom Tutorials,+,4.9,32 Ratings,"Sh 21 Piriyapatna Piriyapatna, Mysore",,,Education Consultants; Tutorials,false,true,false,false,false,Tutorials,Hassan,2025-05-26T12:58:27.825Z
Chinthana Ganga Tutorials,C,4.0,2 Ratings,"Gowli Street Madikeri, Coorg",,,Tutorials; Commerce Tutorials,true,true,false,false,false,Tutorials,Hassan,2025-05-26T12:58:27.825Z
Swamy Tutorials,S,5.0,2 Ratings,"Gowli Street Madikeri, Coorg",,,Tutorials,false,true,false,false,true,Tutorials,Hassan,2025-05-26T12:58:27.825Z
Karnataka Tutorials and Coaching Center,+,5.0,11 Ratings,"Kohinoor Road Madikeri, Coorg",,,Tutorials; CET Tutorials,true,true,false,false,true,Tutorials,Hassan,2025-05-26T12:58:27.825Z
Sri Cauvery Ias Coaching Academy,+,3.8,10 Ratings,"Brahmins Valley Madikeri, Coorg",,,Institutes; NDA Institutes,true,true,false,false,true,Tutorials,Hassan,2025-05-26T12:58:27.825Z
Atithi Vriksha Shiksha,+,5.0,17 Ratings,"Webs Road Madikeri, Coorg",,,Tutorials For Hotel Management Entrance Examination; Education Consultants,true,true,false,false,true,Tutorials,Hassan,2025-05-26T12:58:27.825Z
United Kadaba,U,4.0,2 Ratings,"Kadabasubrahmanya Road Kutrupady, Mangalore",,,Tutorials,true,true,false,false,false,Tutorials,Hassan,2025-05-26T12:58:27.825Z
Chintanaganga Tutorials,C,4.0,2 Ratings,"Gowli Street Madikeri, Coorg",,,Tutorials; Commerce Tutorials,true,true,false,false,false,Tutorials,Hassan,2025-05-26T12:58:27.825Z
Excel Coaching Centre,E,4.8,4 Ratings,"Ujire, Dharmasthala",,,Tutorials; Correspondence Education,true,true,false,false,true,Tutorials,Hassan,2025-05-26T12:58:27.825Z